# Export from Prisma3D 3.1.0
mtllib Cube.mtl
o Cube
v -0.07656518 0.1704094 0.1706432
v -0.07656519 0.1289756 0.1706432
v -0.1401919 0.1988866 0.1706432
v -0.1401919 0.230226 0.1706432
v -0.5811579 0.230226 0.1706432
v -0.5811579 0.1988866 0.1706432
v -0.5814462 0.2659721 0.1706432
v -0.5814462 0.287625 0.1706432
v -0.5814461 0.287625 -0.06200653
v -0.5814461 0.2659721 -0.06200653
v -0.5811578 0.1988866 -0.06200653
v -0.5811578 0.230226 -0.06200653
v -0.1401918 0.230226 -0.06200653
v -0.1401918 0.1988866 -0.06200653
v -0.0765651 0.1289756 -0.06200653
v -0.0765651 0.1704094 -0.06200653
v -0.07656515 0.2374544 0.1706432
v -0.07656518 0.1704094 0.1706432
v -0.1401919 0.230226 0.1706432
v -0.1401918 0.2809369 0.1706432
v -0.1401918 0.2809369 0.1706432
v -0.1401918 0.3236713 0.1706432
v -0.07656513 0.2939535 0.1706432
v -0.07656515 0.2374544 0.1706432
v -0.5811579 0.2809369 0.1706432
v -0.5811579 0.230226 0.1706432
v -0.5814462 0.287625 0.1706432
v -0.5814462 0.3226621 0.1706432
v -0.5814462 0.3226621 0.1706432
v -0.5814461 0.352188 0.1706432
v -0.5811579 0.3236713 0.1706432
v -0.5811579 0.2809369 0.1706432
v -0.5814461 0.3226621 -0.06200653
v -0.5814461 0.287625 -0.06200653
v -0.5811578 0.230226 -0.06200653
v -0.5811578 0.2809369 -0.06200653
v -0.5811578 0.2809369 -0.06200653
v -0.5811578 0.3236713 -0.06200653
v -0.5814461 0.352188 -0.06200653
v -0.5814461 0.3226621 -0.06200653
v -0.1401918 0.2809369 -0.06200653
v -0.1401918 0.230226 -0.06200653
v -0.0765651 0.1704094 -0.06200653
v -0.0765651 0.2374544 -0.06200653
v -0.0765651 0.2374544 -0.06200653
v -0.0765651 0.2939535 -0.06200653
v -0.1401918 0.3236713 -0.06200653
v -0.1401918 0.2809369 -0.06200653
v -0.07656512 0.3522816 0.1706432
v -0.07656513 0.2939535 0.1706432
v -0.1401918 0.3236713 0.1706432
v -0.1401918 0.367789 0.1706432
v -0.1401918 0.367789 0.1706432
v -0.1401918 0.4159336 0.1706432
v -0.0765651 0.4159336 0.1706432
v -0.07656512 0.3522816 0.1706432
v -0.5811579 0.367789 0.1706432
v -0.5811579 0.3236713 0.1706432
v -0.5814461 0.352188 0.1706432
v -0.5814461 0.3826697 0.1706432
v -0.5814461 0.3826697 0.1706432
v -0.5814461 0.4159337 0.1706432
v -0.5811578 0.4159337 0.1706432
v -0.5811579 0.367789 0.1706432
v -0.5814461 0.3826697 -0.06200653
v -0.5814461 0.352188 -0.06200653
v -0.5811578 0.3236713 -0.06200653
v -0.5811578 0.367789 -0.06200653
v -0.5811578 0.367789 -0.06200653
v -0.5811578 0.4159337 -0.06200653
v -0.5814461 0.4159337 -0.06200653
v -0.5814461 0.3826697 -0.06200653
v -0.1401918 0.367789 -0.06200653
v -0.1401918 0.3236713 -0.06200653
v -0.0765651 0.2939535 -0.06200653
v -0.0765651 0.3522816 -0.06200653
v -0.0765651 0.3522816 -0.06200653
v -0.0765651 0.4159336 -0.06200653
v -0.1401918 0.4159336 -0.06200653
v -0.1401918 0.367789 -0.06200653
v 0.5649195 0.1289756 -0.06200653
v 0.5655617 0.1289756 -0.06200653
v 0.6801956 0.1704094 -0.06200653
v 0.6794389 0.1704094 -0.06200653
v 0.6794389 0.1704094 -0.06200653
v 0.6801956 0.1704094 -0.06200653
v 0.6488928 0.2374543 -0.06200653
v 0.6481673 0.2374543 -0.06200653
v 0.6481673 0.2374543 -0.06200653
v 0.6488928 0.2374543 -0.06200653
v 0.6177248 0.2917177 -0.06200653
v 0.6170306 0.2917199 -0.06200653
v 0.6170306 0.2917199 -0.06200653
v 0.6177248 0.2917177 -0.06200653
v 0.5926825 0.3511958 -0.06200653
v 0.5920133 0.3511969 -0.06200653
v 0.5920133 0.3511969 -0.06200653
v 0.5926825 0.3511958 -0.06200653
v 0.5655617 0.4159336 -0.06200653
v 0.5649195 0.4159336 -0.06200653
v 0.5649195 0.4159336 0.1706432
v 0.5655617 0.4159336 0.1706432
v 0.5926825 0.3511958 0.1706432
v 0.5920133 0.3511969 0.1706432
v 0.5920133 0.3511969 0.1706432
v 0.5926825 0.3511958 0.1706432
v 0.6177248 0.2917177 0.1706432
v 0.6170306 0.2917199 0.1706432
v 0.6170306 0.2917199 0.1706432
v 0.6177248 0.2917177 0.1706432
v 0.6488928 0.2374544 0.1706432
v 0.6481673 0.2374544 0.1706432
v 0.6481673 0.2374544 0.1706432
v 0.6488928 0.2374544 0.1706432
v 0.6801956 0.1704095 0.1706432
v 0.6794389 0.1704095 0.1706432
v 0.6794389 0.1704095 0.1706432
v 0.6801956 0.1704095 0.1706432
v 0.5655617 0.1289756 0.1706432
v 0.5649195 0.1289756 0.1706432
v -0.1401918 0.1988866 0.1202101
v -0.1401919 0.1988866 0.1706432
v -0.07656519 0.1289756 0.1706432
v -0.07656518 0.1289756 0.1202101
v 0.2122287 0.1289756 0.1202101
v 0.2122287 0.1289756 0.1706432
v 0.3202702 -0.4870863 0.1706432
v 0.3202702 -0.4870863 0.1202101
v 0.6729605 -0.4870863 0.1202101
v 0.6729605 -0.4870863 0.1706432
v 0.5649195 0.1289756 0.1706432
v 0.5649195 0.1289756 0.1202101
v 0.5649195 0.1289756 0.1202101
v 0.5649195 0.1289756 0.1706432
v 0.5655617 0.1289756 0.1706432
v 0.5655617 0.1289756 0.1202101
v 0.5655617 0.1289756 0.1202101
v 0.5655617 0.1289756 0.1706432
v 0.6801956 0.1704095 0.1706432
v 0.6801956 0.1704095 0.1202101
v 0.6801956 0.1704095 0.1202101
v 0.6801956 0.1704095 0.1706432
v 0.6488928 0.2374544 0.1706432
v 0.6488928 0.2374544 0.1202101
v 0.6488928 0.2374544 0.1202101
v 0.6488928 0.2374544 0.1706432
v 0.6177248 0.2917177 0.1706432
v 0.6177248 0.2917177 0.1202101
v 0.6177248 0.2917177 0.1202101
v 0.6177248 0.2917177 0.1706432
v 0.5926825 0.3511958 0.1706432
v 0.5926825 0.3511958 0.1202101
v 0.5926825 0.3511958 0.1202101
v 0.5926825 0.3511958 0.1706432
v 0.5655617 0.4159336 0.1706432
v 0.5655617 0.4159336 0.1202101
v 0.5655617 0.4159336 0.1202101
v 0.5655617 0.4159336 0.1706432
v 0.5649195 0.4159336 0.1706432
v 0.5649195 0.4159336 0.1202101
v -0.0765651 0.4159336 0.1202101
v -0.0765651 0.4159336 0.1706432
v -0.1401918 0.4159336 0.1706432
v -0.1401918 0.4159336 0.1202101
v -0.5811578 0.4159337 0.1202101
v -0.5811578 0.4159337 0.1706432
v -0.5814461 0.4159337 0.1706432
v -0.5814461 0.4159337 0.1202101
v -0.7492301 0.4159337 0.1202101
v -0.7492301 0.4159337 0.1706432
v -0.7492301 0.3826697 0.1706432
v -0.7492301 0.3826697 0.1202101
v -0.7492301 0.3826697 0.1202101
v -0.7492301 0.3826697 0.1706432
v -0.7492301 0.352188 0.1706432
v -0.7492301 0.352188 0.1202101
v -0.7492301 0.352188 0.1202101
v -0.7492301 0.352188 0.1706432
v -0.7492301 0.3226621 0.1706432
v -0.7492301 0.3226621 0.1202101
v -0.7492301 0.3226621 0.1202101
v -0.7492301 0.3226621 0.1706432
v -0.7492301 0.287625 0.1706432
v -0.7492301 0.287625 0.1202101
v -0.7492301 0.287625 0.1202101
v -0.7492301 0.287625 0.1706432
v -0.7492301 0.2659721 0.1706432
v -0.7492301 0.2659721 0.1202101
v -0.5814462 0.2659721 0.1202101
v -0.5814462 0.2659721 0.1706432
v -0.5811579 0.1988866 0.1706432
v -0.5811579 0.1988866 0.1202101
v -0.5811579 0.1988866 -0.01257955
v -0.5811578 0.1988866 -0.06200653
v -0.5814461 0.2659721 -0.06200653
v -0.5814461 0.2659721 -0.01257955
v -0.7492301 0.2659721 -0.01257955
v -0.7492301 0.2659721 -0.06200653
v -0.7492301 0.287625 -0.06200653
v -0.7492301 0.287625 -0.01257955
v -0.7492301 0.287625 -0.01257955
v -0.7492301 0.287625 -0.06200653
v -0.7492301 0.3226621 -0.06200653
v -0.7492301 0.3226621 -0.01257955
v -0.7492301 0.3226621 -0.01257955
v -0.7492301 0.3226621 -0.06200653
v -0.7492301 0.352188 -0.06200653
v -0.7492301 0.352188 -0.01257955
v -0.7492301 0.352188 -0.01257955
v -0.7492301 0.352188 -0.06200653
v -0.7492301 0.3826697 -0.06200653
v -0.7492301 0.3826697 -0.01257955
v -0.7492301 0.3826697 -0.01257955
v -0.7492301 0.3826697 -0.06200653
v -0.7492301 0.4159337 -0.06200653
v -0.7492301 0.4159337 -0.01257955
v -0.5814461 0.4159337 -0.01257955
v -0.5814461 0.4159337 -0.06200653
v -0.5811578 0.4159337 -0.06200653
v -0.5811578 0.4159337 -0.01257955
v -0.1401918 0.4159336 -0.01257955
v -0.1401918 0.4159336 -0.06200653
v -0.0765651 0.4159336 -0.06200653
v -0.0765651 0.4159336 -0.01257955
v 0.5649195 0.4159336 -0.01257955
v 0.5649195 0.4159336 -0.06200653
v 0.5655617 0.4159336 -0.06200653
v 0.5655617 0.4159336 -0.01257955
v 0.5655617 0.4159336 -0.01257955
v 0.5655617 0.4159336 -0.06200653
v 0.5926825 0.3511958 -0.06200653
v 0.5926825 0.3511958 -0.01257955
v 0.5926825 0.3511958 -0.01257955
v 0.5926825 0.3511958 -0.06200653
v 0.6177248 0.2917177 -0.06200653
v 0.6177248 0.2917177 -0.01257955
v 0.6177248 0.2917177 -0.01257955
v 0.6177248 0.2917177 -0.06200653
v 0.6488928 0.2374543 -0.06200653
v 0.6488928 0.2374543 -0.01257955
v 0.6488928 0.2374543 -0.01257955
v 0.6488928 0.2374543 -0.06200653
v 0.6801956 0.1704094 -0.06200653
v 0.6801956 0.1704094 -0.01257955
v 0.6801956 0.1704094 -0.01257955
v 0.6801956 0.1704094 -0.06200653
v 0.5655617 0.1289756 -0.06200653
v 0.5655617 0.1289756 -0.01257955
v 0.5655617 0.1289756 -0.01257955
v 0.5655617 0.1289756 -0.06200653
v 0.5649195 0.1289756 -0.06200653
v 0.5649195 0.1289756 -0.01257955
v 0.5649195 0.1289756 -0.01257955
v 0.5649195 0.1289756 -0.06200653
v 0.6729605 -0.4870863 -0.06200653
v 0.6729605 -0.4870863 -0.01257955
v 0.3202702 -0.4870863 -0.01257955
v 0.3202702 -0.4870863 -0.06200653
v 0.2122287 0.1289756 -0.06200653
v 0.2122287 0.1289756 -0.01257955
v -0.07656512 0.1289756 -0.01257955
v -0.0765651 0.1289756 -0.06200653
v -0.1401918 0.1988866 -0.06200653
v -0.1401918 0.1988866 -0.01257955
v -0.5814462 0.1912165 0.119958
v -0.5814462 0.2659721 0.1202101
v -0.5811579 0.1988866 0.1202101
v -0.5762597 0.1272407 0.119958
v -0.7492301 0.287625 0.119958
v -0.7492301 0.287625 0.1202101
v -0.7492301 0.2659721 0.1202101
v -0.7492301 0.1912165 0.119958
v -0.7492301 0.3226621 0.119958
v -0.7492301 0.3226621 0.1202101
v -0.7492301 0.287625 0.1202101
v -0.7492301 0.287625 0.119958
v -0.7492301 0.352188 0.119958
v -0.7492301 0.352188 0.1202101
v -0.7492301 0.3226621 0.1202101
v -0.7492301 0.3226621 0.119958
v -0.7492301 0.3826697 0.119958
v -0.7492301 0.3826697 0.1202101
v -0.7492301 0.352188 0.1202101
v -0.7492301 0.352188 0.119958
v -0.7492301 0.4159337 0.119958
v -0.7492301 0.4159337 0.1202101
v -0.7492301 0.3826697 0.1202101
v -0.7492301 0.3826697 0.119958
v -0.5811578 0.4159337 0.119958
v -0.5811578 0.4159337 0.1202101
v -0.5814461 0.4159337 0.1202101
v -0.5814461 0.4159337 0.119958
v -0.0765651 0.4159336 0.119958
v -0.0765651 0.4159336 0.1202101
v -0.1401918 0.4159336 0.1202101
v -0.1401918 0.4159336 0.119958
v 0.5655617 0.4159336 0.119958
v 0.5655617 0.4159336 0.1202101
v 0.5649195 0.4159336 0.1202101
v 0.5649195 0.4159336 0.119958
v 0.5926825 0.3511958 0.119958
v 0.5926825 0.3511958 0.1202101
v 0.5655617 0.4159336 0.1202101
v 0.5655617 0.4159336 0.119958
v 0.6177248 0.2917177 0.119958
v 0.6177248 0.2917177 0.1202101
v 0.5926825 0.3511958 0.1202101
v 0.5926825 0.3511958 0.119958
v 0.6488928 0.2374544 0.119958
v 0.6488928 0.2374544 0.1202101
v 0.6177248 0.2917177 0.1202101
v 0.6177248 0.2917177 0.119958
v 0.6945271 0.1724932 0.119958
v 0.6801956 0.1704095 0.1202101
v 0.6488928 0.2374544 0.1202101
v 0.6488928 0.2374544 0.119958
v 0.5655617 0.1289756 0.119958
v 0.5655617 0.1289756 0.1202101
v 0.6801956 0.1704095 0.1202101
v 0.6945271 0.1724932 0.119958
v 0.5649195 0.1289756 0.119958
v 0.5649195 0.1289756 0.1202101
v 0.5655617 0.1289756 0.1202101
v 0.5655617 0.1289756 0.119958
v 0.6729605 -0.4870863 0.119958
v 0.6729605 -0.4870863 0.1202101
v 0.5649195 0.1289756 0.1202101
v 0.5649195 0.1289756 0.119958
v 0.2122287 0.1289756 0.119958
v 0.2122287 0.1289756 0.1202101
v 0.3202702 -0.4870863 0.1202101
v 0.3202702 -0.4870863 0.119958
v -0.1399313 0.1226994 0.119958
v -0.1401918 0.1988866 0.1202101
v -0.07656518 0.1289756 0.1202101
v -0.07656518 0.1289756 0.119958
v -0.5762596 0.1272407 -0.01138806
v -0.5811579 0.1988866 -0.01257955
v -0.5814461 0.2659721 -0.01257955
v -0.5814461 0.1912165 -0.01138806
v -0.7492301 0.1912165 -0.01138806
v -0.7492301 0.2659721 -0.01257955
v -0.7492301 0.287625 -0.01257955
v -0.7492301 0.287625 -0.01138806
v -0.7492301 0.287625 -0.01138806
v -0.7492301 0.287625 -0.01257955
v -0.7492301 0.3226621 -0.01257955
v -0.7492301 0.3226621 -0.01138806
v -0.7492301 0.3226621 -0.01138806
v -0.7492301 0.3226621 -0.01257955
v -0.7492301 0.352188 -0.01257955
v -0.7492301 0.352188 -0.01138806
v -0.7492301 0.352188 -0.01138806
v -0.7492301 0.352188 -0.01257955
v -0.7492301 0.3826697 -0.01257955
v -0.7492301 0.3826697 -0.01138806
v -0.7492301 0.3826697 -0.01138806
v -0.7492301 0.3826697 -0.01257955
v -0.7492301 0.4159337 -0.01257955
v -0.7492301 0.4159337 -0.01138806
v -0.5814461 0.4159337 -0.01138806
v -0.5814461 0.4159337 -0.01257955
v -0.5811578 0.4159337 -0.01257955
v -0.5811578 0.4159337 -0.01138806
v -0.1401918 0.4159336 -0.01138806
v -0.1401918 0.4159336 -0.01257955
v -0.0765651 0.4159336 -0.01257955
v -0.0765651 0.4159336 -0.01138806
v 0.5649195 0.4159336 -0.01138806
v 0.5649195 0.4159336 -0.01257955
v 0.5655617 0.4159336 -0.01257955
v 0.5655617 0.4159336 -0.01138806
v 0.5655617 0.4159336 -0.01138806
v 0.5655617 0.4159336 -0.01257955
v 0.5926825 0.3511958 -0.01257955
v 0.5926825 0.3511958 -0.01138806
v 0.5926825 0.3511958 -0.01138806
v 0.5926825 0.3511958 -0.01257955
v 0.6177248 0.2917177 -0.01257955
v 0.6177248 0.2917177 -0.01138806
v 0.6177248 0.2917177 -0.01138806
v 0.6177248 0.2917177 -0.01257955
v 0.6488928 0.2374543 -0.01257955
v 0.6488928 0.2374543 -0.01138806
v 0.6488928 0.2374543 -0.01138806
v 0.6488928 0.2374543 -0.01257955
v 0.6801956 0.1704094 -0.01257955
v 0.6945271 0.1724932 -0.01138806
v 0.6945271 0.1724932 -0.01138806
v 0.6801956 0.1704094 -0.01257955
v 0.5655617 0.1289756 -0.01257955
v 0.5655617 0.1289756 -0.01138806
v 0.5655617 0.1289756 -0.01138806
v 0.5655617 0.1289756 -0.01257955
v 0.5649195 0.1289756 -0.01257955
v 0.5649195 0.1289756 -0.01138806
v 0.5649195 0.1289756 -0.01138806
v 0.5649195 0.1289756 -0.01257955
v 0.6729605 -0.4870863 -0.01257955
v 0.6729605 -0.4870863 -0.01138806
v 0.3202702 -0.4870863 -0.01138806
v 0.3202702 -0.4870863 -0.01257955
v 0.2122287 0.1289756 -0.01257955
v 0.2122287 0.1289756 -0.01138806
v -0.07656512 0.1289756 -0.01138806
v -0.07656512 0.1289756 -0.01257955
v -0.1401918 0.1988866 -0.01257955
v -0.1399312 0.1226994 -0.01138806
v -0.1928413 0.12325 -0.01138806
v -0.1399312 0.1226994 -0.01138806
v -0.1401918 0.1988866 -0.01257955
v -0.1936643 0.1988866 -0.01257955
v -0.1936643 0.1988866 -0.01257955
v -0.1401918 0.1988866 -0.01257955
v -0.1401918 0.1988866 -0.06200653
v -0.1936643 0.1988866 -0.06200653
v -0.1936643 0.1988866 -0.06200653
v -0.1401918 0.1988866 -0.06200653
v -0.1401918 0.230226 -0.06200653
v -0.1936643 0.230226 -0.06200653
v -0.1936643 0.230226 -0.06200653
v -0.1401918 0.230226 -0.06200653
v -0.1401918 0.2809369 -0.06200653
v -0.1936643 0.2809369 -0.06200653
v -0.1936643 0.2809369 -0.06200653
v -0.1401918 0.2809369 -0.06200653
v -0.1401918 0.3236713 -0.06200653
v -0.1936643 0.3236713 -0.06200653
v -0.1936643 0.3236713 -0.06200653
v -0.1401918 0.3236713 -0.06200653
v -0.1401918 0.367789 -0.06200653
v -0.1936643 0.367789 -0.06200653
v -0.1936643 0.367789 -0.06200653
v -0.1401918 0.367789 -0.06200653
v -0.1401918 0.4159336 -0.06200653
v -0.1936643 0.4159336 -0.06200653
v -0.1936643 0.4159336 -0.06200653
v -0.1401918 0.4159336 -0.06200653
v -0.1401918 0.4159336 -0.01257955
v -0.1936643 0.4159336 -0.01257955
v -0.1936643 0.4159336 -0.01257955
v -0.1401918 0.4159336 -0.01257955
v -0.1401918 0.4159336 -0.01138806
v -0.1936643 0.4159336 -0.01138806
v -0.1936643 0.4159336 0.119958
v -0.1401918 0.4159336 0.119958
v -0.1401918 0.4159336 0.1202101
v -0.1936643 0.4159336 0.1202101
v -0.1936643 0.4159336 0.1202101
v -0.1401918 0.4159336 0.1202101
v -0.1401918 0.4159336 0.1706432
v -0.1936643 0.4159336 0.1706432
v -0.1936643 0.4159336 0.1706432
v -0.1401918 0.4159336 0.1706432
v -0.1401918 0.367789 0.1706432
v -0.1936643 0.367789 0.1706432
v -0.1936643 0.367789 0.1706432
v -0.1401918 0.367789 0.1706432
v -0.1401918 0.3236713 0.1706432
v -0.1936643 0.3236713 0.1706432
v -0.1936643 0.3236713 0.1706432
v -0.1401918 0.3236713 0.1706432
v -0.1401918 0.2809369 0.1706432
v -0.1936643 0.2809369 0.1706432
v -0.1936643 0.2809369 0.1706432
v -0.1401918 0.2809369 0.1706432
v -0.1401919 0.230226 0.1706432
v -0.1936643 0.230226 0.1706432
v -0.1936643 0.230226 0.1706432
v -0.1401919 0.230226 0.1706432
v -0.1401919 0.1988866 0.1706432
v -0.1936643 0.1988866 0.1706432
v -0.1936643 0.1988866 0.1706432
v -0.1401919 0.1988866 0.1706432
v -0.1401918 0.1988866 0.1202101
v -0.1936643 0.1988866 0.1202101
v -0.1936643 0.1988866 0.1202101
v -0.1401918 0.1988866 0.1202101
v -0.1399313 0.1226994 0.119958
v -0.1928414 0.12325 0.119958
v -0.1081616 -0.02521235 -0.01138806
v -0.1399312 0.1226994 -0.01138806
v -0.1928413 0.12325 -0.01138806
v -0.1610717 -0.02466166 -0.01138806
v -0.1610717 -0.02466166 -0.01138806
v -0.1539885 -0.05763969 -0.01138806
v -0.1010783 -0.05819038 -0.01138806
v -0.1081616 -0.02521235 -0.01138806
v -0.1610718 -0.02466166 0.119958
v -0.1928414 0.12325 0.119958
v -0.1399313 0.1226994 0.119958
v -0.1081617 -0.02521235 0.119958
v -0.1081617 -0.02521235 0.119958
v -0.1010784 -0.05819038 0.119958
v -0.1539885 -0.05763969 0.119958
v -0.1610718 -0.02466166 0.119958
v 0.201764 -0.02621371 -0.01138805
v -0.1081616 -0.02521235 -0.01138806
v -0.1010783 -0.05819038 -0.01138806
v 0.2088473 -0.05919173 -0.01138805
v 0.2088473 -0.05919173 0.119958
v -0.1010784 -0.05819038 0.119958
v -0.1081617 -0.02521235 0.119958
v 0.201764 -0.02621371 0.119958
v 0.201764 -0.02621371 0.119958
v 0.2618713 -0.0264079 0.119958
v 0.2689546 -0.05938593 0.119958
v 0.2088473 -0.05919173 0.119958
v 0.2088473 -0.05919173 -0.01138805
v 0.2689546 -0.05938593 -0.01138805
v 0.2618713 -0.0264079 -0.01138805
v 0.201764 -0.02621371 -0.01138805
v 0.201764 -0.02621371 -0.01138805
v 0.2618713 -0.0264079 -0.01138805
v 0.2973073 0.01794073 -0.01138805
v 0.2371997 0.01813492 -0.01138805
v 0.2618713 -0.0264079 0.119958
v 0.201764 -0.02621371 0.119958
v 0.2371997 0.01813492 0.119958
v 0.2973073 0.01794073 0.119958
v -0.5814461 0.4159337 0.06977171
v -0.5814461 0.4159337 0.04159319
v -0.5811578 0.4159337 0.04159319
v -0.5811578 0.4159337 0.06977171
v -0.1936643 0.4159336 0.06977171
v -0.1936643 0.4159336 0.04159319
v -0.1401918 0.4159336 0.04159319
v -0.1401918 0.4159336 0.06977171
v -0.1401918 0.4159336 0.06977171
v -0.1401918 0.4159336 0.04159319
v -0.0765651 0.4159336 0.04159319
v -0.0765651 0.4159336 0.06977171
v 0.5649195 0.4159336 0.06977171
v 0.5649195 0.4159336 0.04159319
v 0.5655617 0.4159336 0.04159319
v 0.5655617 0.4159336 0.06977171
v 0.5655617 0.4159336 0.06977171
v 0.5655617 0.4159336 0.04159319
v 0.5926825 0.3511958 0.04159319
v 0.5926825 0.3511958 0.06977171
v 0.5926825 0.3511958 0.06977171
v 0.5926825 0.3511958 0.04159319
v 0.6177248 0.2917177 0.04159319
v 0.6177248 0.2917177 0.06977171
v 0.6177248 0.2917177 0.06977171
v 0.6177248 0.2917177 0.04159319
v 0.6488928 0.2374543 0.04159319
v 0.6488928 0.2374543 0.06977171
v 0.6488928 0.2374543 0.06977171
v 0.6488928 0.2374543 0.04159319
v 0.6945271 0.1724932 0.04159319
v 0.6945271 0.1724932 0.06977171
v 0.6945271 0.1724932 0.06977171
v 0.6945271 0.1724932 0.04159319
v 0.5655617 0.1289756 0.04159319
v 0.5655617 0.1289756 0.06977171
v 0.5655617 0.1289756 0.06977171
v 0.5655617 0.1289756 0.04159319
v 0.5649195 0.1289756 0.04159319
v 0.5649195 0.1289756 0.06977171
v 0.5649195 0.1289756 0.06977171
v 0.5649195 0.1289756 0.04159319
v 0.6729605 -0.4870863 0.04159319
v 0.6729605 -0.4870863 0.06977171
v 0.3202702 -0.4870863 0.06977171
v 0.3202702 -0.4870863 0.04159319
v 0.2122287 0.1289756 0.04159319
v 0.2122287 0.1289756 0.06977171
v -0.07656516 0.1289756 0.06977171
v -0.07656515 0.1289756 0.04159319
v -0.1399312 0.1226994 0.04159319
v -0.1399313 0.1226994 0.06977171
v -0.1399313 0.1226994 0.06977171
v -0.1399312 0.1226994 0.04159319
v -0.1081616 -0.02521235 0.04159319
v -0.1081616 -0.02521235 0.06977171
v -0.1081616 -0.02521235 0.06977171
v -0.1081616 -0.02521235 0.04159319
v 0.201764 -0.02621371 0.04159321
v 0.201764 -0.02621371 0.06977172
v 0.201764 -0.02621371 0.06977172
v 0.201764 -0.02621371 0.04159321
v 0.2371997 0.01813492 0.04159321
v 0.2371997 0.01813492 0.06977172
v 0.2371997 0.01813492 0.06977172
v 0.2371997 0.01813492 0.04159321
v 0.2973073 0.01794073 0.04159321
v 0.2973073 0.01794073 0.06977172
v 0.2973073 0.01794073 0.06977172
v 0.2973073 0.01794073 0.04159321
v 0.2618713 -0.0264079 0.04159321
v 0.2618713 -0.0264079 0.06977172
v 0.2618713 -0.0264079 0.06977172
v 0.2618713 -0.0264079 0.04159321
v 0.2689546 -0.05938593 0.04159321
v 0.2689546 -0.05938593 0.06977172
v 0.2689546 -0.05938593 0.06977172
v 0.2689546 -0.05938593 0.04159321
v 0.2088473 -0.05919173 0.04159321
v 0.2088473 -0.05919173 0.06977172
v 0.2088473 -0.05919173 0.06977172
v 0.2088473 -0.05919173 0.04159321
v -0.1010783 -0.05819038 0.04159319
v -0.1010784 -0.05819038 0.06977171
v -0.1010784 -0.05819038 0.06977171
v -0.1010783 -0.05819038 0.04159319
v -0.1539885 -0.05763969 0.04159319
v -0.1539885 -0.05763969 0.06977171
v -0.1539885 -0.05763969 0.06977171
v -0.1539885 -0.05763969 0.04159319
v -0.1610717 -0.02466166 0.04159319
v -0.1610717 -0.02466166 0.06977171
v -0.1610717 -0.02466166 0.06977171
v -0.1610717 -0.02466166 0.04159319
v -0.1928414 0.12325 0.04159319
v -0.1928414 0.12325 0.06977171
v -0.5762597 0.1272407 0.06977171
v -0.5762597 0.1272407 0.0415932
v -0.5814461 0.1912165 0.04159319
v -0.5814461 0.1912165 0.06977171
v -0.7492301 0.1912165 0.06977171
v -0.7492301 0.1912165 0.04159319
v -0.7492301 0.287625 0.04159319
v -0.7492301 0.287625 0.06977171
v -0.7492301 0.287625 0.06977171
v -0.7492301 0.287625 0.04159319
v -0.7492301 0.3226621 0.04159319
v -0.7492301 0.3226621 0.06977171
v -0.7492301 0.3226621 0.06977171
v -0.7492301 0.3226621 0.04159319
v -0.7492301 0.352188 0.04159319
v -0.7492301 0.352188 0.06977171
v -0.7492301 0.352188 0.06977171
v -0.7492301 0.352188 0.04159319
v -0.7492301 0.3826697 0.04159319
v -0.7492301 0.3826697 0.06977171
v -0.7492301 0.3826697 0.06977171
v -0.7492301 0.3826697 0.04159319
v -0.7492301 0.4159337 0.04159319
v -0.7492301 0.4159337 0.06977171
v -0.6816648 0.4159337 0.06977171
v -0.7492301 0.4159337 0.06977171
v -0.7492301 0.4159337 0.04159319
v -0.6816648 0.4159337 0.04159319
v -0.6816648 0.4159337 -0.01138806
v -0.7492301 0.4159337 -0.01138806
v -0.7492301 0.4159337 -0.01257955
v -0.6816648 0.4159337 -0.01257955
v -0.6816648 0.4159337 -0.01257955
v -0.7492301 0.4159337 -0.01257955
v -0.7492301 0.4159337 -0.06200653
v -0.6816648 0.4159337 -0.06200653
v -0.6816648 0.4159337 -0.06200653
v -0.7492301 0.4159337 -0.06200653
v -0.7492301 0.3826697 -0.06200653
v -0.6816648 0.3826697 -0.06200653
v -0.6816648 0.3826697 -0.06200653
v -0.7492301 0.3826697 -0.06200653
v -0.7492301 0.352188 -0.06200653
v -0.6816648 0.352188 -0.06200653
v -0.6816648 0.352188 -0.06200653
v -0.7492301 0.352188 -0.06200653
v -0.7492301 0.3226621 -0.06200653
v -0.6816648 0.3226621 -0.06200653
v -0.6816648 0.3226621 -0.06200653
v -0.7492301 0.3226621 -0.06200653
v -0.7492301 0.287625 -0.06200653
v -0.6816648 0.287625 -0.06200653
v -0.6816648 0.287625 -0.06200653
v -0.7492301 0.287625 -0.06200653
v -0.7492301 0.2659721 -0.06200653
v -0.6816648 0.2659721 -0.06200653
v -0.6816648 0.2659721 -0.06200653
v -0.7492301 0.2659721 -0.06200653
v -0.7492301 0.2659721 -0.01257955
v -0.6816648 0.2659721 -0.01257955
v -0.6816648 0.2659721 -0.01257955
v -0.7492301 0.2659721 -0.01257955
v -0.7492301 0.1912165 -0.01138806
v -0.6816648 0.1912165 -0.01138806
v -0.6816648 0.1912165 0.04159319
v -0.7492301 0.1912165 0.04159319
v -0.7492301 0.1912165 0.06977171
v -0.6816648 0.1912165 0.06977171
v -0.6816648 0.1912165 0.119958
v -0.7492301 0.1912165 0.119958
v -0.7492301 0.2659721 0.1202101
v -0.6816648 0.2659721 0.1202101
v -0.6816648 0.2659721 0.1202101
v -0.7492301 0.2659721 0.1202101
v -0.7492301 0.2659721 0.1706432
v -0.6816648 0.2659721 0.1706432
v -0.6816648 0.2659721 0.1706432
v -0.7492301 0.2659721 0.1706432
v -0.7492301 0.287625 0.1706432
v -0.6816648 0.287625 0.1706432
v -0.6816648 0.287625 0.1706432
v -0.7492301 0.287625 0.1706432
v -0.7492301 0.3226621 0.1706432
v -0.6816648 0.3226621 0.1706432
v -0.6816648 0.3226621 0.1706432
v -0.7492301 0.3226621 0.1706432
v -0.7492301 0.352188 0.1706432
v -0.6816648 0.352188 0.1706432
v -0.6816648 0.352188 0.1706432
v -0.7492301 0.352188 0.1706432
v -0.7492301 0.3826697 0.1706432
v -0.6816648 0.3826697 0.1706432
v -0.6816648 0.3826697 0.1706432
v -0.7492301 0.3826697 0.1706432
v -0.7492301 0.4159337 0.1706432
v -0.6816648 0.4159337 0.1706432
v -0.6816648 0.4159337 0.1706432
v -0.7492301 0.4159337 0.1706432
v -0.7492301 0.4159337 0.1202101
v -0.6816648 0.4159337 0.1202101
v -0.6816648 0.4159337 0.1202101
v -0.7492301 0.4159337 0.1202101
v -0.7492301 0.4159337 0.119958
v -0.6816648 0.4159337 0.119958
v -0.5811578 0.4159337 0.06977171
v -0.5811578 0.4159337 0.04159319
v -0.1936643 0.4159336 0.04159319
v -0.1936643 0.4159336 0.06977171
v -0.1936643 0.4159336 -0.01138806
v -0.5811578 0.4159337 -0.01138806
v -0.5811578 0.4159337 -0.01257955
v -0.1936643 0.4159336 -0.01257955
v -0.1936643 0.4159336 -0.01257955
v -0.5811578 0.4159337 -0.01257955
v -0.5811578 0.4159337 -0.06200653
v -0.1936643 0.4159336 -0.06200653
v -0.1936643 0.4159336 -0.06200653
v -0.5811578 0.4159337 -0.06200653
v -0.5811578 0.367789 -0.06200653
v -0.1936643 0.367789 -0.06200653
v -0.1936643 0.367789 -0.06200653
v -0.5811578 0.367789 -0.06200653
v -0.5811578 0.3236713 -0.06200653
v -0.1936643 0.3236713 -0.06200653
v -0.1936643 0.3236713 -0.06200653
v -0.5811578 0.3236713 -0.06200653
v -0.5811578 0.2809369 -0.06200653
v -0.1936643 0.2809369 -0.06200653
v -0.1936643 0.2809369 -0.06200653
v -0.5811578 0.2809369 -0.06200653
v -0.5811578 0.230226 -0.06200653
v -0.1936643 0.230226 -0.06200653
v -0.1936643 0.230226 -0.06200653
v -0.5811578 0.230226 -0.06200653
v -0.5811578 0.1988866 -0.06200653
v -0.1936643 0.1988866 -0.06200653
v -0.1936643 0.1988866 -0.06200653
v -0.5811578 0.1988866 -0.06200653
v -0.5811579 0.1988866 -0.01257955
v -0.1936643 0.1988866 -0.01257955
v -0.1936643 0.1988866 -0.01257955
v -0.5811579 0.1988866 -0.01257955
v -0.5762596 0.1272407 -0.01138806
v -0.1928413 0.12325 -0.01138806
v -0.1928414 0.12325 0.06977171
v -0.1928414 0.12325 0.04159319
v -0.5762597 0.1272407 0.0415932
v -0.5762597 0.1272407 0.06977171
v -0.1928414 0.12325 0.119958
v -0.5762597 0.1272407 0.119958
v -0.5811579 0.1988866 0.1202101
v -0.1936643 0.1988866 0.1202101
v -0.1936643 0.1988866 0.1202101
v -0.5811579 0.1988866 0.1202101
v -0.5811579 0.1988866 0.1706432
v -0.1936643 0.1988866 0.1706432
v -0.1936643 0.1988866 0.1706432
v -0.5811579 0.1988866 0.1706432
v -0.5811579 0.230226 0.1706432
v -0.1936643 0.230226 0.1706432
v -0.1936643 0.230226 0.1706432
v -0.5811579 0.230226 0.1706432
v -0.5811579 0.2809369 0.1706432
v -0.1936643 0.2809369 0.1706432
v -0.1936643 0.2809369 0.1706432
v -0.5811579 0.2809369 0.1706432
v -0.5811579 0.3236713 0.1706432
v -0.1936643 0.3236713 0.1706432
v -0.1936643 0.3236713 0.1706432
v -0.5811579 0.3236713 0.1706432
v -0.5811579 0.367789 0.1706432
v -0.1936643 0.367789 0.1706432
v -0.1936643 0.367789 0.1706432
v -0.5811579 0.367789 0.1706432
v -0.5811578 0.4159337 0.1706432
v -0.1936643 0.4159336 0.1706432
v -0.1936643 0.4159336 0.1706432
v -0.5811578 0.4159337 0.1706432
v -0.5811578 0.4159337 0.1202101
v -0.1936643 0.4159336 0.1202101
v -0.1936643 0.4159336 0.1202101
v -0.5811578 0.4159337 0.1202101
v -0.5811578 0.4159337 0.119958
v -0.1936643 0.4159336 0.119958
v -0.6816648 0.4159337 0.0958209
v -0.6816648 0.4159337 0.119958
v -0.7492301 0.4159337 0.119958
v -0.7492301 0.4159337 0.0958209
v -0.7492301 0.4159337 0.0958209
v -0.7492301 0.4159337 0.06977171
v -0.6816648 0.4159337 0.06977171
v -0.6816648 0.4159337 0.0958209
v -0.7492301 0.4159337 0.0958209
v -0.7492301 0.4159337 0.119958
v -0.7492301 0.3826697 0.119958
v -0.7492301 0.3826697 0.0958209
v -0.7492301 0.3826697 0.0958209
v -0.7492301 0.3826697 0.06977171
v -0.7492301 0.4159337 0.06977171
v -0.7492301 0.4159337 0.0958209
v -0.7492301 0.3826697 0.0958209
v -0.7492301 0.3826697 0.119958
v -0.7492301 0.352188 0.119958
v -0.7492301 0.352188 0.0958209
v -0.7492301 0.352188 0.0958209
v -0.7492301 0.352188 0.06977171
v -0.7492301 0.3826697 0.06977171
v -0.7492301 0.3826697 0.0958209
v -0.7492301 0.352188 0.0958209
v -0.7492301 0.352188 0.119958
v -0.7492301 0.3226621 0.119958
v -0.7492301 0.3226621 0.0958209
v -0.7492301 0.3226621 0.0958209
v -0.7492301 0.3226621 0.06977171
v -0.7492301 0.352188 0.06977171
v -0.7492301 0.352188 0.0958209
v -0.7492301 0.3226621 0.0958209
v -0.7492301 0.3226621 0.119958
v -0.7492301 0.287625 0.119958
v -0.7492301 0.287625 0.0958209
v -0.7492301 0.287625 0.0958209
v -0.7492301 0.287625 0.06977171
v -0.7492301 0.3226621 0.06977171
v -0.7492301 0.3226621 0.0958209
v -0.7492301 0.287625 0.0958209
v -0.7492301 0.287625 0.119958
v -0.7492301 0.1912165 0.119958
v -0.7492301 0.1912165 0.0958209
v -0.7492301 0.1912165 0.0958209
v -0.7492301 0.1912165 0.06977171
v -0.7492301 0.287625 0.06977171
v -0.7492301 0.287625 0.0958209
v -0.7492301 0.1912165 0.0958209
v -0.7492301 0.1912165 0.119958
v -0.6816648 0.1912165 0.119958
v -0.6816648 0.1912165 0.0958209
v -0.6816648 0.1912165 0.0958209
v -0.6816648 0.1912165 0.06977171
v -0.7492301 0.1912165 0.06977171
v -0.7492301 0.1912165 0.0958209
v -0.5814462 0.1912165 0.0958209
v -0.5814462 0.1912165 0.119958
v -0.5762597 0.1272407 0.119958
v -0.5762597 0.1272407 0.09582091
v -0.5762597 0.1272407 0.09582091
v -0.5762597 0.1272407 0.06977171
v -0.5814461 0.1912165 0.06977171
v -0.5814462 0.1912165 0.0958209
v -0.5762597 0.1272407 0.09582091
v -0.5762597 0.1272407 0.119958
v -0.1928414 0.12325 0.119958
v -0.1928414 0.12325 0.0958209
v -0.1928414 0.12325 0.0958209
v -0.1928414 0.12325 0.06977171
v -0.5762597 0.1272407 0.06977171
v -0.5762597 0.1272407 0.09582091
v -0.1928414 0.12325 0.0958209
v -0.1928414 0.12325 0.119958
v -0.1610718 -0.02466166 0.119958
v -0.1610717 -0.02466166 0.0958209
v -0.1610717 -0.02466166 0.0958209
v -0.1610717 -0.02466166 0.06977171
v -0.1928414 0.12325 0.06977171
v -0.1928414 0.12325 0.0958209
v -0.1610717 -0.02466166 0.0958209
v -0.1610718 -0.02466166 0.119958
v -0.1539885 -0.05763969 0.119958
v -0.1539885 -0.05763969 0.0958209
v -0.1539885 -0.05763969 0.0958209
v -0.1539885 -0.05763969 0.06977171
v -0.1610717 -0.02466166 0.06977171
v -0.1610717 -0.02466166 0.0958209
v -0.1539885 -0.05763969 0.0958209
v -0.1539885 -0.05763969 0.119958
v -0.1010784 -0.05819038 0.119958
v -0.1010784 -0.05819038 0.0958209
v -0.1010784 -0.05819038 0.0958209
v -0.1010784 -0.05819038 0.06977171
v -0.1539885 -0.05763969 0.06977171
v -0.1539885 -0.05763969 0.0958209
v -0.1010784 -0.05819038 0.0958209
v -0.1010784 -0.05819038 0.119958
v 0.2088473 -0.05919173 0.119958
v 0.2088473 -0.05919173 0.09582092
v 0.2088473 -0.05919173 0.09582092
v 0.2088473 -0.05919173 0.06977172
v -0.1010784 -0.05819038 0.06977171
v -0.1010784 -0.05819038 0.0958209
v 0.2088473 -0.05919173 0.09582092
v 0.2088473 -0.05919173 0.119958
v 0.2689546 -0.05938593 0.119958
v 0.2689546 -0.05938593 0.09582092
v 0.2689546 -0.05938593 0.09582092
v 0.2689546 -0.05938593 0.06977172
v 0.2088473 -0.05919173 0.06977172
v 0.2088473 -0.05919173 0.09582092
v 0.2689546 -0.05938593 0.09582092
v 0.2689546 -0.05938593 0.119958
v 0.2618713 -0.0264079 0.119958
v 0.2618713 -0.0264079 0.09582092
v 0.2618713 -0.0264079 0.09582092
v 0.2618713 -0.0264079 0.06977172
v 0.2689546 -0.05938593 0.06977172
v 0.2689546 -0.05938593 0.09582092
v 0.2618713 -0.0264079 0.09582092
v 0.2618713 -0.0264079 0.119958
v 0.2973073 0.01794073 0.119958
v 0.2973073 0.01794073 0.09582092
v 0.2973073 0.01794073 0.09582092
v 0.2973073 0.01794073 0.06977172
v 0.2618713 -0.0264079 0.06977172
v 0.2618713 -0.0264079 0.09582092
v 0.2973073 0.01794073 0.09582092
v 0.2973073 0.01794073 0.119958
v 0.2371997 0.01813492 0.119958
v 0.2371997 0.01813492 0.09582092
v 0.2371997 0.01813492 0.09582092
v 0.2371997 0.01813492 0.06977172
v 0.2973073 0.01794073 0.06977172
v 0.2973073 0.01794073 0.09582092
v 0.2371997 0.01813492 0.09582092
v 0.2371997 0.01813492 0.119958
v 0.201764 -0.02621371 0.119958
v 0.201764 -0.02621371 0.09582092
v 0.201764 -0.02621371 0.09582092
v 0.201764 -0.02621371 0.06977172
v 0.2371997 0.01813492 0.06977172
v 0.2371997 0.01813492 0.09582092
v 0.201764 -0.02621371 0.09582092
v 0.201764 -0.02621371 0.119958
v -0.1081617 -0.02521235 0.119958
v -0.1081617 -0.02521235 0.0958209
v -0.1081617 -0.02521235 0.0958209
v -0.1081616 -0.02521235 0.06977171
v 0.201764 -0.02621371 0.06977172
v 0.201764 -0.02621371 0.09582092
v -0.1081617 -0.02521235 0.0958209
v -0.1081617 -0.02521235 0.119958
v -0.1399313 0.1226994 0.119958
v -0.1399313 0.1226994 0.0958209
v -0.1399313 0.1226994 0.0958209
v -0.1399313 0.1226994 0.06977171
v -0.1081616 -0.02521235 0.06977171
v -0.1081617 -0.02521235 0.0958209
v -0.1399313 0.1226994 0.0958209
v -0.1399313 0.1226994 0.119958
v -0.07656518 0.1289756 0.119958
v -0.07656518 0.1289756 0.0958209
v -0.07656518 0.1289756 0.0958209
v -0.07656516 0.1289756 0.06977171
v -0.1399313 0.1226994 0.06977171
v -0.1399313 0.1226994 0.0958209
v 0.2122287 0.1289756 0.0958209
v 0.2122287 0.1289756 0.119958
v 0.3202702 -0.4870863 0.119958
v 0.3202702 -0.4870863 0.0958209
v 0.3202702 -0.4870863 0.0958209
v 0.3202702 -0.4870863 0.06977171
v 0.2122287 0.1289756 0.06977171
v 0.2122287 0.1289756 0.0958209
v 0.6729605 -0.4870863 0.0958209
v 0.6729605 -0.4870863 0.119958
v 0.5649195 0.1289756 0.119958
v 0.5649195 0.1289756 0.0958209
v 0.5649195 0.1289756 0.0958209
v 0.5649195 0.1289756 0.06977171
v 0.6729605 -0.4870863 0.06977171
v 0.6729605 -0.4870863 0.0958209
v 0.5649195 0.1289756 0.0958209
v 0.5649195 0.1289756 0.119958
v 0.5655617 0.1289756 0.119958
v 0.5655617 0.1289756 0.0958209
v 0.5655617 0.1289756 0.0958209
v 0.5655617 0.1289756 0.06977171
v 0.5649195 0.1289756 0.06977171
v 0.5649195 0.1289756 0.0958209
v 0.5655617 0.1289756 0.0958209
v 0.5655617 0.1289756 0.119958
v 0.6945271 0.1724932 0.119958
v 0.6945271 0.1724932 0.0958209
v 0.6945271 0.1724932 0.0958209
v 0.6945271 0.1724932 0.06977171
v 0.5655617 0.1289756 0.06977171
v 0.5655617 0.1289756 0.0958209
v 0.6945271 0.1724932 0.0958209
v 0.6945271 0.1724932 0.119958
v 0.6488928 0.2374544 0.119958
v 0.6488928 0.2374544 0.0958209
v 0.6488928 0.2374544 0.0958209
v 0.6488928 0.2374543 0.06977171
v 0.6945271 0.1724932 0.06977171
v 0.6945271 0.1724932 0.0958209
v 0.6488928 0.2374544 0.0958209
v 0.6488928 0.2374544 0.119958
v 0.6177248 0.2917177 0.119958
v 0.6177248 0.2917177 0.0958209
v 0.6177248 0.2917177 0.0958209
v 0.6177248 0.2917177 0.06977171
v 0.6488928 0.2374543 0.06977171
v 0.6488928 0.2374544 0.0958209
v 0.6177248 0.2917177 0.0958209
v 0.6177248 0.2917177 0.119958
v 0.5926825 0.3511958 0.119958
v 0.5926825 0.3511958 0.0958209
v 0.5926825 0.3511958 0.0958209
v 0.5926825 0.3511958 0.06977171
v 0.6177248 0.2917177 0.06977171
v 0.6177248 0.2917177 0.0958209
v 0.5926825 0.3511958 0.0958209
v 0.5926825 0.3511958 0.119958
v 0.5655617 0.4159336 0.119958
v 0.5655617 0.4159336 0.0958209
v 0.5655617 0.4159336 0.0958209
v 0.5655617 0.4159336 0.06977171
v 0.5926825 0.3511958 0.06977171
v 0.5926825 0.3511958 0.0958209
v 0.5655617 0.4159336 0.0958209
v 0.5655617 0.4159336 0.119958
v 0.5649195 0.4159336 0.119958
v 0.5649195 0.4159336 0.0958209
v 0.5649195 0.4159336 0.0958209
v 0.5649195 0.4159336 0.06977171
v 0.5655617 0.4159336 0.06977171
v 0.5655617 0.4159336 0.0958209
v -0.0765651 0.4159336 0.0958209
v -0.0765651 0.4159336 0.119958
v -0.1401918 0.4159336 0.119958
v -0.1401918 0.4159336 0.0958209
v -0.1401918 0.4159336 0.0958209
v -0.1401918 0.4159336 0.06977171
v -0.0765651 0.4159336 0.06977171
v -0.0765651 0.4159336 0.0958209
v -0.1401918 0.4159336 0.0958209
v -0.1401918 0.4159336 0.119958
v -0.1936643 0.4159336 0.119958
v -0.1936643 0.4159336 0.0958209
v -0.1936643 0.4159336 0.0958209
v -0.1936643 0.4159336 0.06977171
v -0.1401918 0.4159336 0.06977171
v -0.1401918 0.4159336 0.0958209
v -0.1936643 0.4159336 0.0958209
v -0.1936643 0.4159336 0.119958
v -0.5811578 0.4159337 0.119958
v -0.5811578 0.4159337 0.0958209
v -0.5811578 0.4159337 0.0958209
v -0.5811578 0.4159337 0.06977171
v -0.1936643 0.4159336 0.06977171
v -0.1936643 0.4159336 0.0958209
v -0.5811578 0.4159337 0.0958209
v -0.5811578 0.4159337 0.119958
v -0.5814461 0.4159337 0.119958
v -0.5814461 0.4159337 0.0958209
v -0.5814461 0.4159337 0.0958209
v -0.5814461 0.4159337 0.06977171
v -0.5811578 0.4159337 0.06977171
v -0.5811578 0.4159337 0.0958209
v -0.6816648 0.4159337 0.007071029
v -0.6816648 0.4159337 0.04159319
v -0.7492301 0.4159337 0.04159319
v -0.7492301 0.4159337 0.007071029
v -0.7492301 0.4159337 0.007071029
v -0.7492301 0.4159337 -0.01138806
v -0.6816648 0.4159337 -0.01138806
v -0.6816648 0.4159337 0.007071029
v -0.7492301 0.4159337 0.007071029
v -0.7492301 0.4159337 0.04159319
v -0.7492301 0.3826697 0.04159319
v -0.7492301 0.3826697 0.007071029
v -0.7492301 0.3826697 0.007071029
v -0.7492301 0.3826697 -0.01138806
v -0.7492301 0.4159337 -0.01138806
v -0.7492301 0.4159337 0.007071029
v -0.7492301 0.3826697 0.007071029
v -0.7492301 0.3826697 0.04159319
v -0.7492301 0.352188 0.04159319
v -0.7492301 0.352188 0.007071029
v -0.7492301 0.352188 0.007071029
v -0.7492301 0.352188 -0.01138806
v -0.7492301 0.3826697 -0.01138806
v -0.7492301 0.3826697 0.007071029
v -0.7492301 0.352188 0.007071029
v -0.7492301 0.352188 0.04159319
v -0.7492301 0.3226621 0.04159319
v -0.7492301 0.3226621 0.007071029
v -0.7492301 0.3226621 0.007071029
v -0.7492301 0.3226621 -0.01138806
v -0.7492301 0.352188 -0.01138806
v -0.7492301 0.352188 0.007071029
v -0.7492301 0.3226621 0.007071029
v -0.7492301 0.3226621 0.04159319
v -0.7492301 0.287625 0.04159319
v -0.7492301 0.287625 0.007071029
v -0.7492301 0.287625 0.007071029
v -0.7492301 0.287625 -0.01138806
v -0.7492301 0.3226621 -0.01138806
v -0.7492301 0.3226621 0.007071029
v -0.7492301 0.287625 0.007071029
v -0.7492301 0.287625 0.04159319
v -0.7492301 0.1912165 0.04159319
v -0.7492301 0.1912165 0.007071029
v -0.7492301 0.1912165 0.007071029
v -0.7492301 0.1912165 -0.01138806
v -0.7492301 0.287625 -0.01138806
v -0.7492301 0.287625 0.007071029
v -0.7492301 0.1912165 0.007071029
v -0.7492301 0.1912165 0.04159319
v -0.6816648 0.1912165 0.04159319
v -0.6816648 0.1912165 0.007071029
v -0.6816648 0.1912165 0.007071029
v -0.6816648 0.1912165 -0.01138806
v -0.7492301 0.1912165 -0.01138806
v -0.7492301 0.1912165 0.007071029
v -0.5814461 0.1912165 0.007071029
v -0.5814461 0.1912165 0.04159319
v -0.5762597 0.1272407 0.0415932
v -0.5762596 0.1272407 0.007071029
v -0.5762596 0.1272407 0.007071029
v -0.5762596 0.1272407 -0.01138806
v -0.5814461 0.1912165 -0.01138806
v -0.5814461 0.1912165 0.007071029
v -0.5762596 0.1272407 0.007071029
v -0.5762597 0.1272407 0.0415932
v -0.1928414 0.12325 0.04159319
v -0.1928413 0.12325 0.007071029
v -0.1928413 0.12325 0.007071029
v -0.1928413 0.12325 -0.01138806
v -0.5762596 0.1272407 -0.01138806
v -0.5762596 0.1272407 0.007071029
v -0.1928413 0.12325 0.007071029
v -0.1928414 0.12325 0.04159319
v -0.1610717 -0.02466166 0.04159319
v -0.1610717 -0.02466166 0.007071029
v -0.1610717 -0.02466166 0.007071029
v -0.1610717 -0.02466166 -0.01138806
v -0.1928413 0.12325 -0.01138806
v -0.1928413 0.12325 0.007071029
v -0.1610717 -0.02466166 0.007071029
v -0.1610717 -0.02466166 0.04159319
v -0.1539885 -0.05763969 0.04159319
v -0.1539885 -0.05763969 0.007071029
v -0.1539885 -0.05763969 0.007071029
v -0.1539885 -0.05763969 -0.01138806
v -0.1610717 -0.02466166 -0.01138806
v -0.1610717 -0.02466166 0.007071029
v -0.1539885 -0.05763969 0.007071029
v -0.1539885 -0.05763969 0.04159319
v -0.1010783 -0.05819038 0.04159319
v -0.1010783 -0.05819038 0.007071029
v -0.1010783 -0.05819038 0.007071029
v -0.1010783 -0.05819038 -0.01138806
v -0.1539885 -0.05763969 -0.01138806
v -0.1539885 -0.05763969 0.007071029
v -0.1010783 -0.05819038 0.007071029
v -0.1010783 -0.05819038 0.04159319
v 0.2088473 -0.05919173 0.04159321
v 0.2088473 -0.05919173 0.007071041
v 0.2088473 -0.05919173 0.007071041
v 0.2088473 -0.05919173 -0.01138805
v -0.1010783 -0.05819038 -0.01138806
v -0.1010783 -0.05819038 0.007071029
v 0.2088473 -0.05919173 0.007071041
v 0.2088473 -0.05919173 0.04159321
v 0.2689546 -0.05938593 0.04159321
v 0.2689546 -0.05938593 0.007071041
v 0.2689546 -0.05938593 0.007071041
v 0.2689546 -0.05938593 -0.01138805
v 0.2088473 -0.05919173 -0.01138805
v 0.2088473 -0.05919173 0.007071041
v 0.2689546 -0.05938593 0.007071041
v 0.2689546 -0.05938593 0.04159321
v 0.2618713 -0.0264079 0.04159321
v 0.2618713 -0.0264079 0.007071041
v 0.2618713 -0.0264079 0.007071041
v 0.2618713 -0.0264079 -0.01138805
v 0.2689546 -0.05938593 -0.01138805
v 0.2689546 -0.05938593 0.007071041
v 0.2618713 -0.0264079 0.007071041
v 0.2618713 -0.0264079 0.04159321
v 0.2973073 0.01794073 0.04159321
v 0.2973073 0.01794073 0.007071041
v 0.2973073 0.01794073 0.007071041
v 0.2973073 0.01794073 -0.01138805
v 0.2618713 -0.0264079 -0.01138805
v 0.2618713 -0.0264079 0.007071041
v 0.2973073 0.01794073 0.007071041
v 0.2973073 0.01794073 0.04159321
v 0.2371997 0.01813492 0.04159321
v 0.2371997 0.01813492 0.007071041
v 0.2371997 0.01813492 0.007071041
v 0.2371997 0.01813492 -0.01138805
v 0.2973073 0.01794073 -0.01138805
v 0.2973073 0.01794073 0.007071041
v 0.2371997 0.01813492 0.007071041
v 0.2371997 0.01813492 0.04159321
v 0.201764 -0.02621371 0.04159321
v 0.201764 -0.02621371 0.007071041
v 0.201764 -0.02621371 0.007071041
v 0.201764 -0.02621371 -0.01138805
v 0.2371997 0.01813492 -0.01138805
v 0.2371997 0.01813492 0.007071041
v 0.201764 -0.02621371 0.007071041
v 0.201764 -0.02621371 0.04159321
v -0.1081616 -0.02521235 0.04159319
v -0.1081616 -0.02521235 0.007071029
v -0.1081616 -0.02521235 0.007071029
v -0.1081616 -0.02521235 -0.01138806
v 0.201764 -0.02621371 -0.01138805
v 0.201764 -0.02621371 0.007071041
v -0.1081616 -0.02521235 0.007071029
v -0.1081616 -0.02521235 0.04159319
v -0.1399312 0.1226994 0.04159319
v -0.1399312 0.1226994 0.007071029
v -0.1399312 0.1226994 0.007071029
v -0.1399312 0.1226994 -0.01138806
v -0.1081616 -0.02521235 -0.01138806
v -0.1081616 -0.02521235 0.007071029
v -0.1399312 0.1226994 0.007071029
v -0.1399312 0.1226994 0.04159319
v -0.07656515 0.1289756 0.04159319
v -0.07656513 0.1289756 0.007071029
v -0.07656513 0.1289756 0.007071029
v -0.07656512 0.1289756 -0.01138806
v -0.1399312 0.1226994 -0.01138806
v -0.1399312 0.1226994 0.007071029
v 0.2122287 0.1289756 0.007071029
v 0.2122287 0.1289756 0.04159319
v 0.3202702 -0.4870863 0.04159319
v 0.3202702 -0.4870863 0.007071029
v 0.3202702 -0.4870863 0.007071029
v 0.3202702 -0.4870863 -0.01138806
v 0.2122287 0.1289756 -0.01138806
v 0.2122287 0.1289756 0.007071029
v 0.6729605 -0.4870863 0.007071029
v 0.6729605 -0.4870863 0.04159319
v 0.5649195 0.1289756 0.04159319
v 0.5649195 0.1289756 0.007071029
v 0.5649195 0.1289756 0.007071029
v 0.5649195 0.1289756 -0.01138806
v 0.6729605 -0.4870863 -0.01138806
v 0.6729605 -0.4870863 0.007071029
v 0.5649195 0.1289756 0.007071029
v 0.5649195 0.1289756 0.04159319
v 0.5655617 0.1289756 0.04159319
v 0.5655617 0.1289756 0.007071029
v 0.5655617 0.1289756 0.007071029
v 0.5655617 0.1289756 -0.01138806
v 0.5649195 0.1289756 -0.01138806
v 0.5649195 0.1289756 0.007071029
v 0.5655617 0.1289756 0.007071029
v 0.5655617 0.1289756 0.04159319
v 0.6945271 0.1724932 0.04159319
v 0.6945271 0.1724932 0.007071029
v 0.6945271 0.1724932 0.007071029
v 0.6945271 0.1724932 -0.01138806
v 0.5655617 0.1289756 -0.01138806
v 0.5655617 0.1289756 0.007071029
v 0.6945271 0.1724932 0.007071029
v 0.6945271 0.1724932 0.04159319
v 0.6488928 0.2374543 0.04159319
v 0.6488928 0.2374543 0.007071029
v 0.6488928 0.2374543 0.007071029
v 0.6488928 0.2374543 -0.01138806
v 0.6945271 0.1724932 -0.01138806
v 0.6945271 0.1724932 0.007071029
v 0.6488928 0.2374543 0.007071029
v 0.6488928 0.2374543 0.04159319
v 0.6177248 0.2917177 0.04159319
v 0.6177248 0.2917177 0.007071029
v 0.6177248 0.2917177 0.007071029
v 0.6177248 0.2917177 -0.01138806
v 0.6488928 0.2374543 -0.01138806
v 0.6488928 0.2374543 0.007071029
v 0.6177248 0.2917177 0.007071029
v 0.6177248 0.2917177 0.04159319
v 0.5926825 0.3511958 0.04159319
v 0.5926825 0.3511958 0.007071029
v 0.5926825 0.3511958 0.007071029
v 0.5926825 0.3511958 -0.01138806
v 0.6177248 0.2917177 -0.01138806
v 0.6177248 0.2917177 0.007071029
v 0.5926825 0.3511958 0.007071029
v 0.5926825 0.3511958 0.04159319
v 0.5655617 0.4159336 0.04159319
v 0.5655617 0.4159336 0.007071029
v 0.5655617 0.4159336 0.007071029
v 0.5655617 0.4159336 -0.01138806
v 0.5926825 0.3511958 -0.01138806
v 0.5926825 0.3511958 0.007071029
v 0.5655617 0.4159336 0.007071029
v 0.5655617 0.4159336 0.04159319
v 0.5649195 0.4159336 0.04159319
v 0.5649195 0.4159336 0.007071029
v 0.5649195 0.4159336 0.007071029
v 0.5649195 0.4159336 -0.01138806
v 0.5655617 0.4159336 -0.01138806
v 0.5655617 0.4159336 0.007071029
v -0.0765651 0.4159336 0.007071029
v -0.0765651 0.4159336 0.04159319
v -0.1401918 0.4159336 0.04159319
v -0.1401918 0.4159336 0.007071029
v -0.1401918 0.4159336 0.007071029
v -0.1401918 0.4159336 -0.01138806
v -0.0765651 0.4159336 -0.01138806
v -0.0765651 0.4159336 0.007071029
v -0.1401918 0.4159336 0.007071029
v -0.1401918 0.4159336 0.04159319
v -0.1936643 0.4159336 0.04159319
v -0.1936643 0.4159336 0.007071029
v -0.1936643 0.4159336 0.007071029
v -0.1936643 0.4159336 -0.01138806
v -0.1401918 0.4159336 -0.01138806
v -0.1401918 0.4159336 0.007071029
v -0.1936643 0.4159336 0.007071029
v -0.1936643 0.4159336 0.04159319
v -0.5811578 0.4159337 0.04159319
v -0.5811578 0.4159337 0.007071029
v -0.5811578 0.4159337 0.007071029
v -0.5811578 0.4159337 -0.01138806
v -0.1936643 0.4159336 -0.01138806
v -0.1936643 0.4159336 0.007071029
v -0.5811578 0.4159337 0.007071029
v -0.5811578 0.4159337 0.04159319
v -0.5814461 0.4159337 0.04159319
v -0.5814461 0.4159337 0.007071029
v -0.5814461 0.4159337 0.007071029
v -0.5814461 0.4159337 -0.01138806
v -0.5811578 0.4159337 -0.01138806
v -0.5811578 0.4159337 0.007071029
v -0.5814461 0.4159337 0.007071029
v -0.5814461 0.4159337 0.04159319
v -0.6816648 0.4159337 0.04159319
v -0.6816648 0.4159337 0.007071029
v -0.6816648 0.4159337 0.007071029
v -0.6816648 0.4159337 -0.01138806
v -0.5814461 0.4159337 -0.01138806
v -0.5814461 0.4159337 0.007071029
v -0.6816648 0.4159337 -0.01257955
v -0.5814461 0.4159337 -0.01257955
v -0.5814461 0.4159337 -0.01138806
v -0.6816648 0.4159337 -0.01138806
v -0.6816648 0.4159337 -0.06200653
v -0.5814461 0.4159337 -0.06200653
v -0.5814461 0.4159337 -0.01257955
v -0.6816648 0.4159337 -0.01257955
v -0.6816648 0.3826697 -0.06200653
v -0.5814461 0.3826697 -0.06200653
v -0.5814461 0.4159337 -0.06200653
v -0.6816648 0.4159337 -0.06200653
v -0.6816648 0.352188 -0.06200653
v -0.5814461 0.352188 -0.06200653
v -0.5814461 0.3826697 -0.06200653
v -0.6816648 0.3826697 -0.06200653
v -0.6816648 0.3226621 -0.06200653
v -0.5814461 0.3226621 -0.06200653
v -0.5814461 0.352188 -0.06200653
v -0.6816648 0.352188 -0.06200653
v -0.6816648 0.287625 -0.06200653
v -0.5814461 0.287625 -0.06200653
v -0.5814461 0.3226621 -0.06200653
v -0.6816648 0.3226621 -0.06200653
v -0.6816648 0.2659721 -0.06200653
v -0.5814461 0.2659721 -0.06200653
v -0.5814461 0.287625 -0.06200653
v -0.6816648 0.287625 -0.06200653
v -0.6816648 0.2659721 -0.01257955
v -0.5814461 0.2659721 -0.01257955
v -0.5814461 0.2659721 -0.06200653
v -0.6816648 0.2659721 -0.06200653
v -0.6816648 0.1912165 -0.01138806
v -0.5814461 0.1912165 -0.01138806
v -0.5814461 0.2659721 -0.01257955
v -0.6816648 0.2659721 -0.01257955
v -0.5814461 0.1912165 0.007071029
v -0.5814461 0.1912165 -0.01138806
v -0.6816648 0.1912165 -0.01138806
v -0.6816648 0.1912165 0.007071029
v -0.6816648 0.1912165 0.007071029
v -0.6816648 0.1912165 0.04159319
v -0.5814461 0.1912165 0.04159319
v -0.5814461 0.1912165 0.007071029
v -0.6816648 0.1912165 0.06977171
v -0.5814461 0.1912165 0.06977171
v -0.5814461 0.1912165 0.04159319
v -0.6816648 0.1912165 0.04159319
v -0.5814462 0.1912165 0.0958209
v -0.5814461 0.1912165 0.06977171
v -0.6816648 0.1912165 0.06977171
v -0.6816648 0.1912165 0.0958209
v -0.6816648 0.1912165 0.0958209
v -0.6816648 0.1912165 0.119958
v -0.5814462 0.1912165 0.119958
v -0.5814462 0.1912165 0.0958209
v -0.6816648 0.2659721 0.1202101
v -0.5814462 0.2659721 0.1202101
v -0.5814462 0.1912165 0.119958
v -0.6816648 0.1912165 0.119958
v -0.6816648 0.2659721 0.1706432
v -0.5814462 0.2659721 0.1706432
v -0.5814462 0.2659721 0.1202101
v -0.6816648 0.2659721 0.1202101
v -0.6816648 0.287625 0.1706432
v -0.5814462 0.287625 0.1706432
v -0.5814462 0.2659721 0.1706432
v -0.6816648 0.2659721 0.1706432
v -0.6816648 0.3226621 0.1706432
v -0.5814462 0.3226621 0.1706432
v -0.5814462 0.287625 0.1706432
v -0.6816648 0.287625 0.1706432
v -0.6816648 0.352188 0.1706432
v -0.5814461 0.352188 0.1706432
v -0.5814462 0.3226621 0.1706432
v -0.6816648 0.3226621 0.1706432
v -0.6816648 0.3826697 0.1706432
v -0.5814461 0.3826697 0.1706432
v -0.5814461 0.352188 0.1706432
v -0.6816648 0.352188 0.1706432
v -0.6816648 0.4159337 0.1706432
v -0.5814461 0.4159337 0.1706432
v -0.5814461 0.3826697 0.1706432
v -0.6816648 0.3826697 0.1706432
v -0.6816648 0.4159337 0.1202101
v -0.5814461 0.4159337 0.1202101
v -0.5814461 0.4159337 0.1706432
v -0.6816648 0.4159337 0.1706432
v -0.6816648 0.4159337 0.119958
v -0.5814461 0.4159337 0.119958
v -0.5814461 0.4159337 0.1202101
v -0.6816648 0.4159337 0.1202101
v -0.5814461 0.4159337 0.0958209
v -0.5814461 0.4159337 0.119958
v -0.6816648 0.4159337 0.119958
v -0.6816648 0.4159337 0.0958209
v -0.6816648 0.4159337 0.0958209
v -0.6816648 0.4159337 0.06977171
v -0.5814461 0.4159337 0.06977171
v -0.5814461 0.4159337 0.0958209
v -0.6816648 0.4159337 0.04159319
v -0.5814461 0.4159337 0.04159319
v -0.5983464 0.4891493 0.04501076
v -0.6848688 0.4891493 0.04501076
v -0.5814461 0.4159337 0.04159319
v -0.5814461 0.4159337 0.06977171
v -0.5983464 0.4891493 0.06635414
v -0.5983464 0.4891493 0.04501076
v -0.5814461 0.4159337 0.06977171
v -0.6816648 0.4159337 0.06977171
v -0.6848688 0.4891493 0.06635414
v -0.5983464 0.4891493 0.06635414
v -0.6816648 0.4159337 0.06977171
v -0.6816648 0.4159337 0.04159319
v -0.6848688 0.4891493 0.04501076
v -0.6848688 0.4891493 0.06635414
v -0.6848688 0.4891493 0.04501076
v -0.5983464 0.4891493 0.04501076
v -0.5983464 0.4891493 0.06635414
v -0.6848688 0.4891493 0.06635414
v 0.3795467 0.4159336 0.1706432
v 0.2122287 0.4159336 0.1706432
v 0.2122287 0.4159336 0.1202101
v 0.3795467 0.4159336 0.1202101
v 0.3795467 0.4159336 0.1202101
v 0.5649195 0.4159336 0.1202101
v 0.5649195 0.4159336 0.1706432
v 0.3795467 0.4159336 0.1706432
v 0.3795467 0.4159336 0.1202101
v 0.2122287 0.4159336 0.1202101
v 0.2122287 0.4159336 0.119958
v 0.3795467 0.4159336 0.119958
v 0.3795467 0.4159336 0.119958
v 0.5649195 0.4159336 0.119958
v 0.5649195 0.4159336 0.1202101
v 0.3795467 0.4159336 0.1202101
v 0.3795467 0.4159336 0.119958
v 0.2122287 0.4159336 0.119958
v 0.2122287 0.4159336 0.0958209
v 0.3795467 0.4159336 0.0958209
v 0.3795467 0.4159336 0.0958209
v 0.5649195 0.4159336 0.0958209
v 0.5649195 0.4159336 0.119958
v 0.3795467 0.4159336 0.119958
v 0.3795467 0.4159336 0.06977171
v 0.5649195 0.4159336 0.06977171
v 0.5649195 0.4159336 0.0958209
v 0.3795467 0.4159336 0.0958209
v 0.3795467 0.4159336 0.06977171
v 0.2122287 0.4159336 0.06977171
v 0.2122287 0.4159336 0.04159319
v 0.3795467 0.4159336 0.04159319
v 0.3795467 0.4159336 0.04159319
v 0.5649195 0.4159336 0.04159319
v 0.5649195 0.4159336 0.06977171
v 0.3795467 0.4159336 0.06977171
v 0.3795467 0.4159336 0.007071029
v 0.5649195 0.4159336 0.007071029
v 0.5649195 0.4159336 0.04159319
v 0.3795467 0.4159336 0.04159319
v 0.3795467 0.4159336 0.007071029
v 0.2122287 0.4159336 0.007071029
v 0.2122287 0.4159336 -0.01138806
v 0.3795467 0.4159336 -0.01138806
v 0.3795467 0.4159336 -0.01138806
v 0.5649195 0.4159336 -0.01138806
v 0.5649195 0.4159336 0.007071029
v 0.3795467 0.4159336 0.007071029
v 0.3795467 0.4159336 -0.01138806
v 0.2122287 0.4159336 -0.01138806
v 0.2122287 0.4159336 -0.01257955
v 0.3795467 0.4159336 -0.01257955
v 0.3795467 0.4159336 -0.01257955
v 0.5649195 0.4159336 -0.01257955
v 0.5649195 0.4159336 -0.01138806
v 0.3795467 0.4159336 -0.01138806
v 0.3795467 0.4159336 -0.01257955
v 0.2122287 0.4159336 -0.01257955
v 0.2122287 0.4159336 -0.06200653
v 0.3795467 0.4159336 -0.06200653
v 0.3795467 0.4159336 -0.06200653
v 0.5649195 0.4159336 -0.06200653
v 0.5649195 0.4159336 -0.01257955
v 0.3795467 0.4159336 -0.01257955
v 0.3795467 0.4159336 -0.06200653
v 0.2122287 0.4159336 -0.06200653
v 0.2244262 0.3517933 -0.06200653
v 0.398811 0.3515103 -0.06200653
v 0.398811 0.3515103 -0.06200653
v 0.5920133 0.3511969 -0.06200653
v 0.5649195 0.4159336 -0.06200653
v 0.3795467 0.4159336 -0.06200653
v 0.398811 0.3515103 -0.06200653
v 0.2244262 0.3517933 -0.06200653
v 0.2356889 0.292948 -0.06200653
v 0.4165989 0.2923654 -0.06200653
v 0.4165989 0.2923654 -0.06200653
v 0.6170306 0.2917199 -0.06200653
v 0.5920133 0.3511969 -0.06200653
v 0.398811 0.3515103 -0.06200653
v 0.4165989 0.2923654 -0.06200653
v 0.2356889 0.292948 -0.06200653
v 0.2497065 0.2374544 -0.06200653
v 0.4387379 0.2374544 -0.06200653
v 0.4387379 0.2374544 -0.06200653
v 0.6481673 0.2374543 -0.06200653
v 0.6170306 0.2917199 -0.06200653
v 0.4165989 0.2923654 -0.06200653
v 0.4387379 0.2374544 -0.06200653
v 0.2497065 0.2374544 -0.06200653
v 0.2637849 0.1704094 -0.06200653
v 0.4609728 0.1704094 -0.06200653
v 0.4609728 0.1704094 -0.06200653
v 0.6794389 0.1704094 -0.06200653
v 0.6481673 0.2374543 -0.06200653
v 0.4387379 0.2374544 -0.06200653
v 0.4609728 0.1704094 -0.06200653
v 0.2637849 0.1704094 -0.06200653
v 0.2122287 0.1289756 -0.06200653
v 0.3795467 0.1289756 -0.06200653
v 0.3795467 0.1289756 -0.06200653
v 0.5649195 0.1289756 -0.06200653
v 0.6794389 0.1704094 -0.06200653
v 0.4609728 0.1704094 -0.06200653
v 0.3795467 0.1289756 -0.06200653
v 0.2122287 0.1289756 -0.06200653
v 0.3202702 -0.4870863 -0.06200653
v 0.4875879 -0.4870863 -0.06200653
v 0.4875879 -0.4870863 -0.06200653
v 0.6729605 -0.4870863 -0.06200653
v 0.5649195 0.1289756 -0.06200653
v 0.3795467 0.1289756 -0.06200653
v 0.4875879 -0.4870863 -0.06200653
v 0.3202702 -0.4870863 -0.06200653
v 0.3202702 -0.4870863 -0.01257955
v 0.4875879 -0.4870863 -0.01257955
v 0.4875879 -0.4870863 -0.01257955
v 0.6729605 -0.4870863 -0.01257955
v 0.6729605 -0.4870863 -0.06200653
v 0.4875879 -0.4870863 -0.06200653
v 0.4875879 -0.4870863 -0.01257955
v 0.3202702 -0.4870863 -0.01257955
v 0.3202702 -0.4870863 -0.01138806
v 0.4875879 -0.4870863 -0.01138806
v 0.4875879 -0.4870863 -0.01138806
v 0.6729605 -0.4870863 -0.01138806
v 0.6729605 -0.4870863 -0.01257955
v 0.4875879 -0.4870863 -0.01257955
v 0.4875879 -0.4870863 -0.01138806
v 0.3202702 -0.4870863 -0.01138806
v 0.3202702 -0.4870863 0.007071029
v 0.4875879 -0.4870863 0.007071029
v 0.4875879 -0.4870863 0.007071029
v 0.6729605 -0.4870863 0.007071029
v 0.6729605 -0.4870863 -0.01138806
v 0.4875879 -0.4870863 -0.01138806
v 0.4875879 -0.4870863 0.007071029
v 0.3202702 -0.4870863 0.007071029
v 0.3202702 -0.4870863 0.04159319
v 0.4875879 -0.4870863 0.04159319
v 0.4875879 -0.4870863 0.04159319
v 0.6729605 -0.4870863 0.04159319
v 0.6729605 -0.4870863 0.007071029
v 0.4875879 -0.4870863 0.007071029
v 0.4875879 -0.4870863 0.04159319
v 0.3202702 -0.4870863 0.04159319
v 0.3202702 -0.4870863 0.06977171
v 0.4875879 -0.4870863 0.06977171
v 0.4875879 -0.4870863 0.06977171
v 0.6729605 -0.4870863 0.06977171
v 0.6729605 -0.4870863 0.04159319
v 0.4875879 -0.4870863 0.04159319
v 0.4875879 -0.4870863 0.06977171
v 0.3202702 -0.4870863 0.06977171
v 0.3202702 -0.4870863 0.0958209
v 0.4875879 -0.4870863 0.0958209
v 0.4875879 -0.4870863 0.0958209
v 0.6729605 -0.4870863 0.0958209
v 0.6729605 -0.4870863 0.06977171
v 0.4875879 -0.4870863 0.06977171
v 0.4875879 -0.4870863 0.0958209
v 0.3202702 -0.4870863 0.0958209
v 0.3202702 -0.4870863 0.119958
v 0.4875879 -0.4870863 0.119958
v 0.4875879 -0.4870863 0.119958
v 0.6729605 -0.4870863 0.119958
v 0.6729605 -0.4870863 0.0958209
v 0.4875879 -0.4870863 0.0958209
v 0.4875879 -0.4870863 0.119958
v 0.3202702 -0.4870863 0.119958
v 0.3202702 -0.4870863 0.1202101
v 0.4875879 -0.4870863 0.1202101
v 0.4875879 -0.4870863 0.1202101
v 0.6729605 -0.4870863 0.1202101
v 0.6729605 -0.4870863 0.119958
v 0.4875879 -0.4870863 0.119958
v 0.4875879 -0.4870863 0.1202101
v 0.3202702 -0.4870863 0.1202101
v 0.3202702 -0.4870863 0.1706432
v 0.4875879 -0.4870863 0.1706432
v 0.4875879 -0.4870863 0.1706432
v 0.6729605 -0.4870863 0.1706432
v 0.6729605 -0.4870863 0.1202101
v 0.4875879 -0.4870863 0.1202101
v 0.4875879 -0.4870863 0.1706432
v 0.3202702 -0.4870863 0.1706432
v 0.2122287 0.1289756 0.1706432
v 0.3795466 0.1289756 0.1706432
v 0.3795466 0.1289756 0.1706432
v 0.5649195 0.1289756 0.1706432
v 0.6729605 -0.4870863 0.1706432
v 0.4875879 -0.4870863 0.1706432
v 0.3795466 0.1289756 0.1706432
v 0.2122287 0.1289756 0.1706432
v 0.2637849 0.1704094 0.1706432
v 0.4609728 0.1704094 0.1706432
v 0.4609728 0.1704094 0.1706432
v 0.6794389 0.1704095 0.1706432
v 0.5649195 0.1289756 0.1706432
v 0.3795466 0.1289756 0.1706432
v 0.4609728 0.1704094 0.1706432
v 0.2637849 0.1704094 0.1706432
v 0.2497065 0.2374544 0.1706432
v 0.4387379 0.2374544 0.1706432
v 0.4387379 0.2374544 0.1706432
v 0.6481673 0.2374544 0.1706432
v 0.6794389 0.1704095 0.1706432
v 0.4609728 0.1704094 0.1706432
v 0.4387379 0.2374544 0.1706432
v 0.2497065 0.2374544 0.1706432
v 0.2356889 0.292948 0.1706432
v 0.4165989 0.2923654 0.1706432
v 0.4165989 0.2923654 0.1706432
v 0.6170306 0.2917199 0.1706432
v 0.6481673 0.2374544 0.1706432
v 0.4387379 0.2374544 0.1706432
v 0.4165989 0.2923654 0.1706432
v 0.2356889 0.292948 0.1706432
v 0.2244262 0.3517933 0.1706432
v 0.398811 0.3515103 0.1706432
v 0.398811 0.3515103 0.1706432
v 0.5920133 0.3511969 0.1706432
v 0.6170306 0.2917199 0.1706432
v 0.4165989 0.2923654 0.1706432
v 0.398811 0.3515103 0.1706432
v 0.2244262 0.3517933 0.1706432
v 0.2122287 0.4159336 0.1706432
v 0.3795467 0.4159336 0.1706432
v 0.3795467 0.4159336 0.1706432
v 0.5649195 0.4159336 0.1706432
v 0.5920133 0.3511969 0.1706432
v 0.398811 0.3515103 0.1706432
v 0.3795467 0.4159336 0.04159319
v 0.2122287 0.4159336 0.04159319
v 0.2189802 0.4878049 0.04159319
v 0.336246 0.4878049 0.04159319
v 0.2122287 0.4159336 0.04159319
v 0.2122287 0.4159336 0.007071029
v 0.2189802 0.4878049 0.007071029
v 0.2189802 0.4878049 0.04159319
v 0.2122287 0.4159336 0.007071029
v 0.3795467 0.4159336 0.007071029
v 0.336246 0.4878049 0.007071029
v 0.2189802 0.4878049 0.007071029
v 0.3795467 0.4159336 0.007071029
v 0.3795467 0.4159336 0.04159319
v 0.336246 0.4878049 0.04159319
v 0.336246 0.4878049 0.007071029
v 0.336246 0.4878049 0.04159319
v 0.2189802 0.4878049 0.04159319
v 0.2189802 0.4878049 0.007071029
v 0.336246 0.4878049 0.007071029
v 0.3795467 0.4159336 0.0958209
v 0.2122287 0.4159336 0.0958209
v 0.2189802 0.4878049 0.0958209
v 0.336246 0.4878049 0.0958209
v 0.2122287 0.4159336 0.0958209
v 0.2122287 0.4159336 0.06977171
v 0.2189802 0.4878049 0.06977171
v 0.2189802 0.4878049 0.0958209
v 0.2122287 0.4159336 0.06977171
v 0.3795467 0.4159336 0.06977171
v 0.336246 0.4878049 0.06977171
v 0.2189802 0.4878049 0.06977171
v 0.3795467 0.4159336 0.06977171
v 0.3795467 0.4159336 0.0958209
v 0.336246 0.4878049 0.0958209
v 0.336246 0.4878049 0.06977171
v 0.336246 0.4878049 0.0958209
v 0.2189802 0.4878049 0.0958209
v 0.2189802 0.4878049 0.06977171
v 0.336246 0.4878049 0.06977171
v 0.1101712 0.1289756 0.06977171
v 0.2122287 0.1289756 0.06977171
v 0.2122287 0.1289756 0.04159319
v 0.1101712 0.1289756 0.04159319
v 0.1101712 0.1289756 0.04159319
v 0.2122287 0.1289756 0.04159319
v 0.2122287 0.1289756 0.007071029
v 0.1101712 0.1289756 0.007071029
v 0.1101712 0.1289756 0.007071029
v 0.2122287 0.1289756 0.007071029
v 0.2122287 0.1289756 -0.01138806
v 0.1101712 0.1289756 -0.01138806
v 0.1101712 0.1289756 -0.01138806
v 0.2122287 0.1289756 -0.01138806
v 0.2122287 0.1289756 -0.01257955
v 0.1101712 0.1289756 -0.01257955
v 0.1101712 0.1289756 -0.01257955
v 0.2122287 0.1289756 -0.01257955
v 0.2122287 0.1289756 -0.06200653
v 0.1101713 0.1289756 -0.06200653
v 0.1101713 0.1289756 -0.06200653
v 0.2122287 0.1289756 -0.06200653
v 0.2637849 0.1704094 -0.06200653
v 0.1435079 0.1704094 -0.06200653
v 0.1435079 0.1704094 -0.06200653
v 0.2637849 0.1704094 -0.06200653
v 0.2497065 0.2374544 -0.06200653
v 0.1344047 0.2374544 -0.06200653
v 0.1344047 0.2374544 -0.06200653
v 0.2497065 0.2374544 -0.06200653
v 0.2356889 0.292948 -0.06200653
v 0.1253408 0.2933033 -0.06200653
v 0.1253408 0.2933033 -0.06200653
v 0.2356889 0.292948 -0.06200653
v 0.2244262 0.3517933 -0.06200653
v 0.1180582 0.3519658 -0.06200653
v 0.1180582 0.3519658 -0.06200653
v 0.2244262 0.3517933 -0.06200653
v 0.2122287 0.4159336 -0.06200653
v 0.1101713 0.4159336 -0.06200653
v 0.1101713 0.4159336 -0.06200653
v 0.2122287 0.4159336 -0.06200653
v 0.2122287 0.4159336 -0.01257955
v 0.1101713 0.4159336 -0.01257955
v 0.1101713 0.4159336 -0.01257955
v 0.2122287 0.4159336 -0.01257955
v 0.2122287 0.4159336 -0.01138806
v 0.1101713 0.4159336 -0.01138806
v 0.1101713 0.4159336 -0.01138806
v 0.2122287 0.4159336 -0.01138806
v 0.2122287 0.4159336 0.007071029
v 0.1101713 0.4159336 0.007071029
v 0.1101713 0.4159336 0.007071029
v 0.2122287 0.4159336 0.007071029
v 0.2122287 0.4159336 0.04159319
v 0.1101713 0.4159336 0.04159319
v 0.1101713 0.4159336 0.04159319
v 0.2122287 0.4159336 0.04159319
v 0.2122287 0.4159336 0.06977171
v 0.1101713 0.4159336 0.06977171
v 0.1101713 0.4159336 0.06977171
v 0.2122287 0.4159336 0.06977171
v 0.2122287 0.4159336 0.0958209
v 0.1101713 0.4159336 0.0958209
v 0.1101713 0.4159336 0.0958209
v 0.2122287 0.4159336 0.0958209
v 0.2122287 0.4159336 0.119958
v 0.1101713 0.4159336 0.119958
v 0.1101713 0.4159336 0.119958
v 0.2122287 0.4159336 0.119958
v 0.2122287 0.4159336 0.1202101
v 0.1101713 0.4159336 0.1202101
v 0.1101713 0.4159336 0.1202101
v 0.2122287 0.4159336 0.1202101
v 0.2122287 0.4159336 0.1706432
v 0.1101713 0.4159336 0.1706432
v 0.1101713 0.4159336 0.1706432
v 0.2122287 0.4159336 0.1706432
v 0.2244262 0.3517933 0.1706432
v 0.1180582 0.3519658 0.1706432
v 0.1180582 0.3519658 0.1706432
v 0.2244262 0.3517933 0.1706432
v 0.2356889 0.292948 0.1706432
v 0.1253408 0.2933033 0.1706432
v 0.1253408 0.2933033 0.1706432
v 0.2356889 0.292948 0.1706432
v 0.2497065 0.2374544 0.1706432
v 0.1344046 0.2374544 0.1706432
v 0.1344046 0.2374544 0.1706432
v 0.2497065 0.2374544 0.1706432
v 0.2637849 0.1704094 0.1706432
v 0.1435078 0.1704094 0.1706432
v 0.1435078 0.1704094 0.1706432
v 0.2637849 0.1704094 0.1706432
v 0.2122287 0.1289756 0.1706432
v 0.1101712 0.1289756 0.1706432
v 0.1101712 0.1289756 0.1706432
v 0.2122287 0.1289756 0.1706432
v 0.2122287 0.1289756 0.1202101
v 0.1101712 0.1289756 0.1202101
v 0.1101712 0.1289756 0.1202101
v 0.2122287 0.1289756 0.1202101
v 0.2122287 0.1289756 0.119958
v 0.1101712 0.1289756 0.119958
v 0.1101712 0.1289756 0.119958
v 0.2122287 0.1289756 0.119958
v 0.2122287 0.1289756 0.0958209
v 0.1101712 0.1289756 0.0958209
v 0.1101712 0.1289756 0.0958209
v 0.2122287 0.1289756 0.0958209
v 0.2122287 0.1289756 0.06977171
v 0.1101712 0.1289756 0.06977171
v 0.05976254 0.1270241 0.04159319
v -0.07656515 0.1289756 0.04159319
v -0.07656516 0.1289756 0.06977171
v 0.05976254 0.1270241 0.06977171
v 0.05976254 0.1270241 0.06977171
v -0.07656516 0.1289756 0.06977171
v -0.07656518 0.1289756 0.0958209
v 0.02334097 0.1289756 0.0958209
v 0.02334097 0.1289756 0.0958209
v 0.1101712 0.1289756 0.0958209
v 0.1101712 0.1289756 0.06977171
v 0.05976254 0.1270241 0.06977171
v 0.02334097 0.1289756 0.0958209
v -0.07656518 0.1289756 0.0958209
v -0.07656518 0.1289756 0.119958
v 0.02334097 0.1289756 0.119958
v 0.02334097 0.1289756 0.119958
v 0.1101712 0.1289756 0.119958
v 0.1101712 0.1289756 0.0958209
v 0.02334097 0.1289756 0.0958209
v 0.02334097 0.1289756 0.119958
v -0.07656518 0.1289756 0.119958
v -0.07656518 0.1289756 0.1202101
v 0.02334097 0.1289756 0.1202101
v 0.02334097 0.1289756 0.1202101
v 0.1101712 0.1289756 0.1202101
v 0.1101712 0.1289756 0.119958
v 0.02334097 0.1289756 0.119958
v 0.02334097 0.1289756 0.1202101
v -0.07656518 0.1289756 0.1202101
v -0.07656519 0.1289756 0.1706432
v 0.02334094 0.1289756 0.1706432
v 0.02334094 0.1289756 0.1706432
v 0.1101712 0.1289756 0.1706432
v 0.1101712 0.1289756 0.1202101
v 0.02334097 0.1289756 0.1202101
v 0.02334094 0.1289756 0.1706432
v -0.07656519 0.1289756 0.1706432
v -0.07656518 0.1704094 0.1706432
v 0.04117644 0.1704094 0.1706432
v 0.04117644 0.1704094 0.1706432
v 0.1435078 0.1704094 0.1706432
v 0.1101712 0.1289756 0.1706432
v 0.02334094 0.1289756 0.1706432
v 0.04117644 0.1704094 0.1706432
v -0.07656518 0.1704094 0.1706432
v -0.07656515 0.2374544 0.1706432
v 0.03630614 0.2374544 0.1706432
v 0.03630614 0.2374544 0.1706432
v 0.1344046 0.2374544 0.1706432
v 0.1435078 0.1704094 0.1706432
v 0.04117644 0.1704094 0.1706432
v 0.03630614 0.2374544 0.1706432
v -0.07656515 0.2374544 0.1706432
v -0.07656513 0.2939535 0.1706432
v 0.03145689 0.2936057 0.1706432
v 0.03145689 0.2936057 0.1706432
v 0.1253408 0.2933033 0.1706432
v 0.1344046 0.2374544 0.1706432
v 0.03630614 0.2374544 0.1706432
v 0.03145689 0.2936057 0.1706432
v -0.07656513 0.2939535 0.1706432
v -0.07656512 0.3522816 0.1706432
v 0.02756065 0.3521127 0.1706432
v 0.02756065 0.3521127 0.1706432
v 0.1180582 0.3519658 0.1706432
v 0.1253408 0.2933033 0.1706432
v 0.03145689 0.2936057 0.1706432
v 0.02756065 0.3521127 0.1706432
v -0.07656512 0.3522816 0.1706432
v -0.0765651 0.4159336 0.1706432
v 0.023341 0.4159336 0.1706432
v 0.023341 0.4159336 0.1706432
v 0.1101713 0.4159336 0.1706432
v 0.1180582 0.3519658 0.1706432
v 0.02756065 0.3521127 0.1706432
v 0.023341 0.4159336 0.1706432
v -0.0765651 0.4159336 0.1706432
v -0.0765651 0.4159336 0.1202101
v 0.023341 0.4159336 0.1202101
v 0.023341 0.4159336 0.1202101
v 0.1101713 0.4159336 0.1202101
v 0.1101713 0.4159336 0.1706432
v 0.023341 0.4159336 0.1706432
v 0.023341 0.4159336 0.1202101
v -0.0765651 0.4159336 0.1202101
v -0.0765651 0.4159336 0.119958
v 0.023341 0.4159336 0.119958
v 0.023341 0.4159336 0.119958
v 0.1101713 0.4159336 0.119958
v 0.1101713 0.4159336 0.1202101
v 0.023341 0.4159336 0.1202101
v 0.023341 0.4159336 0.119958
v -0.0765651 0.4159336 0.119958
v -0.0765651 0.4159336 0.0958209
v 0.023341 0.4159336 0.0958209
v 0.023341 0.4159336 0.0958209
v 0.1101713 0.4159336 0.0958209
v 0.1101713 0.4159336 0.119958
v 0.023341 0.4159336 0.119958
v 0.023341 0.4159336 0.0958209
v -0.0765651 0.4159336 0.0958209
v -0.0765651 0.4159336 0.06977171
v 0.023341 0.4159336 0.06977171
v 0.023341 0.4159336 0.06977171
v 0.1101713 0.4159336 0.06977171
v 0.1101713 0.4159336 0.0958209
v 0.023341 0.4159336 0.0958209
v 0.023341 0.4159336 0.06977171
v -0.0765651 0.4159336 0.06977171
v -0.0765651 0.4159336 0.04159319
v 0.023341 0.4159336 0.04159319
v 0.023341 0.4159336 0.04159319
v 0.1101713 0.4159336 0.04159319
v 0.1101713 0.4159336 0.06977171
v 0.023341 0.4159336 0.06977171
v 0.023341 0.4159336 0.04159319
v -0.0765651 0.4159336 0.04159319
v -0.0765651 0.4159336 0.007071029
v 0.023341 0.4159336 0.007071029
v 0.023341 0.4159336 0.007071029
v 0.1101713 0.4159336 0.007071029
v 0.1101713 0.4159336 0.04159319
v 0.023341 0.4159336 0.04159319
v 0.023341 0.4159336 0.007071029
v -0.0765651 0.4159336 0.007071029
v -0.0765651 0.4159336 -0.01138806
v 0.023341 0.4159336 -0.01138806
v 0.023341 0.4159336 -0.01138806
v 0.1101713 0.4159336 -0.01138806
v 0.1101713 0.4159336 0.007071029
v 0.023341 0.4159336 0.007071029
v 0.023341 0.4159336 -0.01138806
v -0.0765651 0.4159336 -0.01138806
v -0.0765651 0.4159336 -0.01257955
v 0.023341 0.4159336 -0.01257955
v 0.023341 0.4159336 -0.01257955
v 0.1101713 0.4159336 -0.01257955
v 0.1101713 0.4159336 -0.01138806
v 0.023341 0.4159336 -0.01138806
v 0.023341 0.4159336 -0.01257955
v -0.0765651 0.4159336 -0.01257955
v -0.0765651 0.4159336 -0.06200653
v 0.023341 0.4159336 -0.06200653
v 0.023341 0.4159336 -0.06200653
v 0.1101713 0.4159336 -0.06200653
v 0.1101713 0.4159336 -0.01257955
v 0.023341 0.4159336 -0.01257955
v 0.023341 0.4159336 -0.06200653
v -0.0765651 0.4159336 -0.06200653
v -0.0765651 0.3522816 -0.06200653
v 0.02756065 0.3521127 -0.06200653
v 0.02756065 0.3521127 -0.06200653
v 0.1180582 0.3519658 -0.06200653
v 0.1101713 0.4159336 -0.06200653
v 0.023341 0.4159336 -0.06200653
v 0.02756065 0.3521127 -0.06200653
v -0.0765651 0.3522816 -0.06200653
v -0.0765651 0.2939535 -0.06200653
v 0.03145689 0.2936057 -0.06200653
v 0.03145689 0.2936057 -0.06200653
v 0.1253408 0.2933033 -0.06200653
v 0.1180582 0.3519658 -0.06200653
v 0.02756065 0.3521127 -0.06200653
v 0.03145689 0.2936057 -0.06200653
v -0.0765651 0.2939535 -0.06200653
v -0.0765651 0.2374544 -0.06200653
v 0.0363062 0.2374544 -0.06200653
v 0.0363062 0.2374544 -0.06200653
v 0.1344047 0.2374544 -0.06200653
v 0.1253408 0.2933033 -0.06200653
v 0.03145689 0.2936057 -0.06200653
v 0.0363062 0.2374544 -0.06200653
v -0.0765651 0.2374544 -0.06200653
v -0.0765651 0.1704094 -0.06200653
v 0.0411765 0.1704094 -0.06200653
v 0.0411765 0.1704094 -0.06200653
v 0.1435079 0.1704094 -0.06200653
v 0.1344047 0.2374544 -0.06200653
v 0.0363062 0.2374544 -0.06200653
v 0.0411765 0.1704094 -0.06200653
v -0.0765651 0.1704094 -0.06200653
v -0.0765651 0.1289756 -0.06200653
v 0.023341 0.1289756 -0.06200653
v 0.023341 0.1289756 -0.06200653
v 0.1101713 0.1289756 -0.06200653
v 0.1435079 0.1704094 -0.06200653
v 0.0411765 0.1704094 -0.06200653
v 0.023341 0.1289756 -0.06200653
v -0.0765651 0.1289756 -0.06200653
v -0.07656512 0.1289756 -0.01257955
v 0.023341 0.1289756 -0.01257955
v 0.023341 0.1289756 -0.01257955
v 0.1101712 0.1289756 -0.01257955
v 0.1101713 0.1289756 -0.06200653
v 0.023341 0.1289756 -0.06200653
v 0.023341 0.1289756 -0.01257955
v -0.07656512 0.1289756 -0.01257955
v -0.07656512 0.1289756 -0.01138806
v 0.023341 0.1289756 -0.01138806
v 0.023341 0.1289756 -0.01138806
v 0.1101712 0.1289756 -0.01138806
v 0.1101712 0.1289756 -0.01257955
v 0.023341 0.1289756 -0.01257955
v 0.023341 0.1289756 -0.01138806
v -0.07656512 0.1289756 -0.01138806
v -0.07656513 0.1289756 0.007071029
v 0.023341 0.1289756 0.007071029
v 0.023341 0.1289756 0.007071029
v 0.1101712 0.1289756 0.007071029
v 0.1101712 0.1289756 -0.01138806
v 0.023341 0.1289756 -0.01138806
v 0.023341 0.1289756 0.007071029
v -0.07656513 0.1289756 0.007071029
v -0.07656515 0.1289756 0.04159319
v 0.05976254 0.1270241 0.04159319
v 0.05976254 0.1270241 0.04159319
v 0.1101712 0.1289756 0.04159319
v 0.1101712 0.1289756 0.007071029
v 0.023341 0.1289756 0.007071029
v 0.03084317 -0.002622813 0.06977171
v 0.08125186 -0.0006712377 0.06977171
v 0.08125186 -0.0006712377 0.04159319
v 0.03084317 -0.002622813 0.04159319
v 0.0757412 0.08235294 0.06977171
v 0.05976254 0.1270241 0.06977171
v 0.1101712 0.1289756 0.06977171
v 0.1261499 0.08430451 0.06977171
v 0.0757412 0.08235294 0.04159319
v 0.05976254 0.1270241 0.04159319
v 0.05976254 0.1270241 0.06977171
v 0.0757412 0.08235294 0.06977171
v 0.1261499 0.08430451 0.04159319
v 0.1101712 0.1289756 0.04159319
v 0.05976254 0.1270241 0.04159319
v 0.0757412 0.08235294 0.04159319
v 0.1261499 0.08430451 0.06977171
v 0.1101712 0.1289756 0.06977171
v 0.1101712 0.1289756 0.04159319
v 0.1261499 0.08430451 0.04159319
v 0.1173078 0.04435116 0.06977171
v 0.08125186 -0.0006712377 0.06977171
v 0.03084317 -0.002622813 0.06977171
v 0.06689915 0.04239959 0.06977171
v 0.06689915 0.04239959 0.06977171
v 0.0757412 0.08235294 0.06977171
v 0.1261499 0.08430451 0.06977171
v 0.1173078 0.04435116 0.06977171
v 0.06689915 0.04239959 0.06977171
v 0.03084317 -0.002622813 0.06977171
v 0.03084317 -0.002622813 0.04159319
v 0.06689915 0.04239959 0.04159319
v 0.06689915 0.04239959 0.04159319
v 0.0757412 0.08235294 0.04159319
v 0.0757412 0.08235294 0.06977171
v 0.06689915 0.04239959 0.06977171
v 0.06689915 0.04239959 0.04159319
v 0.03084317 -0.002622813 0.04159319
v 0.08125186 -0.0006712377 0.04159319
v 0.1173078 0.04435116 0.04159319
v 0.1173078 0.04435116 0.04159319
v 0.1261499 0.08430451 0.04159319
v 0.0757412 0.08235294 0.04159319
v 0.06689915 0.04239959 0.04159319
v 0.1173078 0.04435116 0.04159319
v 0.08125186 -0.0006712377 0.04159319
v 0.08125186 -0.0006712377 0.06977171
v 0.1173078 0.04435116 0.06977171
v 0.1173078 0.04435116 0.06977171
v 0.1261499 0.08430451 0.06977171
v 0.1261499 0.08430451 0.04159319
v 0.1173078 0.04435116 0.04159319
vn 0 0 1
vn 0 0 1
vn 0 0 1
vn 0 0 1
vn 0 0 1
vn 0 0 1
vn 0 0 1
vn 0 0 1
vn 0 0 -1
vn 0 0 -1
vn 0 0 -1
vn 0 0 -1
vn 0 0 -1
vn 0 0 -1
vn 0 0 -1
vn 0 0 -1
vn 0 0 1
vn 0 0 1
vn 0 0 1
vn 0 0 1
vn 0 0 1
vn 0 0 1
vn 0 0 1
vn 0 0 1
vn 0 0 1
vn 0 0 1
vn 0 0 1
vn 0 0 1
vn 0 0 1
vn 0 0 1
vn 0 0 1
vn 0 0 1
vn 0 0 -1
vn 0 0 -1
vn 0 0 -1
vn 0 0 -1
vn 0 0 -1
vn 0 0 -1
vn 0 0 -1
vn 0 0 -1
vn 0 0 -1
vn 0 0 -1
vn 0 0 -1
vn 0 0 -1
vn 0 0 -1
vn 0 0 -1
vn 0 0 -1
vn 0 0 -1
vn 0 0 1
vn 0 0 1
vn 0 0 1
vn 0 0 1
vn 0 0 1
vn 0 0 1
vn 0 0 1
vn 0 0 1
vn 0 0 1
vn 0 0 1
vn 0 0 1
vn 0 0 1
vn 0 0 1
vn 0 0 1
vn 0 0 1
vn 0 0 1
vn 0 0 -1
vn 0 0 -1
vn 0 0 -1
vn 0 0 -1
vn 0 0 -1
vn 0 0 -1
vn 0 0 -1
vn 0 0 -1
vn 0 0 -1
vn 0 0 -1
vn 0 0 -1
vn 0 0 -1
vn 0 0 -1
vn 0 0 -1
vn 0 0 -1
vn 0 0 -1
vn 0 0 -1
vn 0 0 -1
vn 0 0 -1
vn 0 0 -1
vn 0 0 -1
vn 0 0 -1
vn 0 0 -1
vn 0 0 -1
vn 0 0 -1
vn 0 0 -1
vn 0 0 -1
vn 0 0 -1
vn 0 0 -1
vn 0 0 -1
vn 0 0 -1
vn 0 0 -1
vn 0 0 -1
vn 0 0 -1
vn 0 0 -1
vn 0 0 -1
vn 0 0 1
vn 0 0 1
vn 0 0 1
vn 0 0 1
vn 0 0 1
vn 0 0 1
vn 0 0 1
vn 0 0 1
vn 0 0 1
vn 0 0 1
vn 0 0 1
vn 0 0 1
vn 0 0 1
vn 0 0 1
vn 0 0 1
vn 0 0 1
vn 0 0 1
vn 0 0 1
vn 0 0 1
vn 0 0 1
vn -0.7395648 -0.6730855 -1.886536E-07
vn -0.7395647 -0.6730855 -1.886536E-07
vn -0.7395648 -0.6730855 -1.886536E-07
vn -0.7395647 -0.6730855 -1.886536E-07
vn -0.9849678 -0.1727381 0
vn -0.9849678 -0.1727381 0
vn -0.9849678 -0.1727381 0
vn -0.9849678 -0.1727381 0
vn 0.9849679 0.1727373 0
vn 0.9849679 0.1727373 0
vn 0.9849679 0.1727373 0
vn 0.9849679 0.1727373 0
vn 0 -1 0
vn 0 -1 0
vn 0.1725491 -0.985001 0
vn 0.1148371 -0.9933844 0
vn 0.1148371 -0.9933844 0
vn 0.1725491 -0.985001 0
vn 0.339922 -0.9404536 0
vn 0.339922 -0.9404536 0
vn 0.9061041 0.4230548 0
vn 0.9061041 0.4230548 0
vn 0.887414 0.4609734 0
vn 0.8808262 0.4734397 0
vn 0.8808262 0.4734397 0
vn 0.887414 0.4609734 0
vn 0.8960801 0.4438925 0
vn 0.8960801 0.4438925 0
vn 0.8960801 0.4438925 0
vn 0.8960801 0.4438925 0
vn 0.9219875 0.3872198 0
vn 0.9219875 0.3872198 0
vn 0.9219875 0.3872198 0
vn 0.9219875 0.3872198 0
vn 0.9223326 0.386397 0
vn 0.9223326 0.386397 0
vn 9.064907E-08 1 0
vn 9.064907E-08 1 0
vn 7.892288E-08 1 0
vn 7.892288E-08 1 0
vn 5.75778E-08 1 0
vn 5.75778E-08 1 0
vn 4.77338E-08 1 0
vn 4.77338E-08 1 0
vn 2.388432E-08 1 0
vn 2.388432E-08 1 0
vn 2.381306E-08 1 0
vn 2.381306E-08 1 0
vn -1 0 0
vn -1 0 0
vn -1 0 0
vn -1 0 0
vn -1 0 0
vn -1 0 0
vn -1 0 0
vn -1 0 0
vn -1 0 0
vn -1 0 0
vn -1 0 0
vn -1 0 0
vn -1 0 0
vn -1 0 0
vn -1 0 0
vn -1 0 0
vn -1 0 0
vn -1 0 0
vn -1 0 0
vn -1 0 0
vn -0.9999908 -0.004296241 -4.08136E-07
vn -0.9999908 -0.004296241 -4.08136E-07
vn -0.9999908 -0.004296241 -4.08136E-07
vn -0.9999908 -0.004296241 -4.08136E-07
vn -0.984356 -0.02715341 -0.1740857
vn -0.9999908 -0.004296685 -4.164436E-07
vn -0.9999908 -0.004296685 -4.164436E-07
vn -0.9999811 -0.004802793 -0.003844137
vn -1 0 0
vn -1 0 0
vn -1 0 0
vn -1 0 0
vn -1 0 0
vn -1 0 0
vn -1 0 0
vn -1 0 0
vn -1 0 0
vn -1 0 0
vn -1 0 0
vn -1 0 0
vn -1 0 0
vn -1 0 0
vn -1 0 0
vn -1 0 0
vn -1 0 0
vn -1 0 0
vn -1 0 0
vn -1 0 0
vn 2.381306E-08 1 0
vn 2.381306E-08 1 0
vn 2.388432E-08 1 0
vn 2.388432E-08 1 0
vn 4.77338E-08 1 0
vn 4.77338E-08 1 0
vn 5.75778E-08 1 0
vn 5.75778E-08 1 0
vn 7.892288E-08 1 0
vn 7.892288E-08 1 0
vn 9.064907E-08 1 0
vn 9.064907E-08 1 0
vn 0.9223326 0.3863969 0
vn 0.9223326 0.3863969 0
vn 0.9219875 0.3872198 -1.009996E-08
vn 0.9219875 0.3872198 -5.049978E-09
vn 0.9219875 0.3872198 -5.049978E-09
vn 0.9219875 0.3872198 -1.009996E-08
vn 0.8960801 0.4438925 -2.310724E-08
vn 0.8960801 0.4438925 -1.155362E-08
vn 0.8960801 0.4438925 -1.155362E-08
vn 0.8960801 0.4438925 -2.310724E-08
vn 0.887414 0.4609734 -1.297529E-08
vn 0.8808263 0.4734397 -8.649336E-09
vn 0.8808263 0.4734397 -8.649336E-09
vn 0.887414 0.4609734 -1.297529E-08
vn 0.9061041 0.4230548 0
vn 0.9061041 0.4230548 0
vn 0.3156408 -0.8919367 -0.3237589
vn 0.3399219 -0.9404536 0
vn 0.172549 -0.985001 0
vn 0.1632556 -0.9785291 -0.1258112
vn 0.1632556 -0.9785291 -0.1258112
vn 0.172549 -0.985001 0
vn 0 -1 0
vn 0 -1 0
vn 0.9849679 0.1727373 0
vn 0.9849679 0.1727373 0
vn 0.9849679 0.1727373 0
vn 0.9849679 0.1727373 0
vn -0.9849678 -0.1727381 0
vn -0.9849678 -0.1727381 0
vn -0.9849678 -0.1727381 0
vn -0.9849678 -0.1727381 0
vn -0.7395647 -0.6730855 -1.539949E-07
vn -0.7395647 -0.6730855 -1.539949E-07
vn -0.7395647 -0.6730855 -1.539949E-07
vn -0.7395647 -0.6730855 -1.539949E-07
vn -0.6218365 -0.01902007 0.7829161
vn -0.6218365 -0.01902006 0.782916
vn -0.6218365 -0.01902007 0.782916
vn -0.6218365 -0.01902007 0.7829161
vn -1 0 0
vn -1 0 0
vn -1 0 0
vn -1 0 0
vn -1 0 0
vn -1 0 0
vn -1 0 0
vn -1 0 0
vn -1 0 0
vn -1 0 0
vn -1 0 0
vn -1 0 0
vn -1 0 0
vn -1 0 0
vn -1 0 0
vn -1 0 0
vn -1 0 0
vn -1 0 0
vn -1 0 0
vn -1 0 0
vn 2.388432E-08 1 0
vn 2.388432E-08 1 0
vn 2.381306E-08 1 0
vn 2.381306E-08 1 0
vn 5.75778E-08 1 0
vn 5.75778E-08 1 0
vn 4.77338E-08 1 0
vn 4.77338E-08 1 0
vn 9.064907E-08 1 0
vn 9.064907E-08 1 0
vn 7.892288E-08 1 0
vn 7.892288E-08 1 0
vn 0.9219875 0.3872198 0
vn 0.9219875 0.3872198 0
vn 0.9223326 0.386397 0
vn 0.9223326 0.386397 0
vn 0.8960801 0.4438925 0
vn 0.8960801 0.4438925 0
vn 0.9219875 0.3872198 0
vn 0.9219875 0.3872198 0
vn 0.851634 0.5241368 0
vn 0.8808262 0.4734397 0
vn 0.8960801 0.4438925 0
vn 0.8960801 0.4438925 0
vn 0.6191136 0.3583431 0.6987765
vn 0.6191136 0.3583431 0.6987765
vn 0.6191136 0.3583431 0.6987764
vn 0.6191136 0.3583431 0.6987764
vn 0.2480476 -0.7100873 0.6589752
vn 0.2480476 -0.7100873 0.6589752
vn 0.2480477 -0.7100874 0.6589753
vn 0.2480476 -0.7100873 0.6589752
vn 0 -1 0
vn 0 -1 0
vn 0.1148371 -0.9933844 0
vn 0.1078401 -0.9941683 0
vn 0.9849679 0.1727373 0
vn 0.9849679 0.1727373 0
vn 0.9849679 0.1727373 0
vn 0.9849679 0.1727373 0
vn -0.9849678 -0.1727381 0
vn -0.9849678 -0.1727381 0
vn -0.9849678 -0.1727381 0
vn -0.9849678 -0.1727381 0
vn -0.2401462 -0.6239009 0.7436919
vn -0.2401462 -0.6239008 0.7436918
vn -0.2401462 -0.6239009 0.7436918
vn -0.2401462 -0.6239009 0.7436918
vn -0.9967743 -0.0801333 -0.004434309
vn -0.984356 -0.02715341 -0.1740857
vn -0.9999811 -0.004802793 -0.003844137
vn -0.9833395 -0.05329009 -0.1737922
vn -1 0 0
vn -1 0 0
vn -1 0 0
vn -1 0 0
vn -1 0 0
vn -1 0 0
vn -1 0 0
vn -1 0 0
vn -1 0 0
vn -1 0 0
vn -1 0 0
vn -1 0 0
vn -1 0 0
vn -1 0 0
vn -1 0 0
vn -1 0 0
vn -1 0 0
vn -1 0 0
vn -1 0 0
vn -1 0 0
vn 2.381306E-08 1 0
vn 2.381306E-08 1 0
vn 2.388432E-08 1 0
vn 2.388432E-08 1 0
vn 4.77338E-08 1 0
vn 4.77338E-08 1 0
vn 5.75778E-08 1 0
vn 5.75778E-08 1 0
vn 7.892288E-08 1 0
vn 7.892288E-08 1 0
vn 9.064907E-08 1 0
vn 9.064907E-08 1 0
vn 0.9223326 0.3863969 0
vn 0.9223326 0.3863969 0
vn 0.9219875 0.3872198 -5.049978E-09
vn 0.9219875 0.3872198 0
vn 0.9219875 0.3872198 0
vn 0.9219875 0.3872198 -5.049978E-09
vn 0.8960801 0.4438925 -1.155362E-08
vn 0.8960801 0.4438925 0
vn 0.8960801 0.4438925 0
vn 0.8960801 0.4438925 -1.155362E-08
vn 0.8808263 0.4734397 -8.649336E-09
vn 0.851634 0.5241368 0
vn 0.6487487 0.375724 -0.6617829
vn 0.6487487 0.375724 -0.6617829
vn 0.6487487 0.375724 -0.661783
vn 0.6487487 0.3757239 -0.6617829
vn 0.3202325 -0.945478 -0.05935002
vn 0.3156408 -0.8919367 -0.3237589
vn 0.1632556 -0.9785291 -0.1258112
vn 0.1578579 -0.9794297 -0.1256915
vn 0.1578579 -0.9794297 -0.1256915
vn 0.1632556 -0.9785291 -0.1258112
vn 0 -1 0
vn 0 -1 0
vn 0.9849679 0.1727373 0
vn 0.9849679 0.1727373 0
vn 0.9849679 0.1727373 0
vn 0.9849679 0.1727373 0
vn -0.9849678 -0.1727381 0
vn -0.9849678 -0.1727381 0
vn -0.9849678 -0.1727381 0
vn -0.9849678 -0.1727381 0
vn -0.2444252 -0.6310486 -0.7362296
vn -0.2444252 -0.6310486 -0.7362296
vn -0.2444252 -0.6310485 -0.7362296
vn -0.2444252 -0.6310486 -0.7362297
vn -8.403484E-05 -0.01614549 -0.9998696
vn -5.496238E-05 -0.01056119 -0.9999443
vn -0.0001182413 -0.02272042 -0.9997419
vn -0.0001201465 -0.0230835 -0.9997335
vn 0 -1 0
vn 0 -1 0
vn 0 -1 0
vn 0 -1 0
vn 0 0 -1
vn 0 0 -1
vn 0 0 -1
vn 0 0 -1
vn 0 0 -1
vn 0 0 -1
vn 0 0 -1
vn 0 0 -1
vn 0 0 -1
vn 0 0 -1
vn 0 0 -1
vn 0 0 -1
vn 0 0 -1
vn 0 0 -1
vn 0 0 -1
vn 0 0 -1
vn 0 0 -1
vn 0 0 -1
vn 0 0 -1
vn 0 0 -1
vn 4.78325E-08 1 0
vn 4.77338E-08 1 0
vn 4.77338E-08 1 0
vn 4.78325E-08 1 0
vn 4.78325E-08 1 0
vn 4.77338E-08 1 0
vn 4.77338E-08 1 0
vn 4.78325E-08 1 0
vn 4.78325E-08 1 0
vn 4.77338E-08 1 0
vn 4.77338E-08 1 0
vn 4.78325E-08 1 0
vn 4.78325E-08 1 0
vn 4.77338E-08 1 0
vn 4.77338E-08 1 0
vn 4.78325E-08 1 0
vn 0 0 1
vn 0 0 1
vn 0 0 1
vn 0 0 1
vn 0 0 1
vn 0 0 1
vn 0 0 1
vn 0 0 1
vn 0 0 1
vn 0 0 1
vn 0 0 1
vn 0 0 1
vn 0 0 1
vn 0 0 1
vn 0 0 1
vn 0 0 1
vn 0 0 1
vn 0 0 1
vn 0 0 1
vn 0 0 1
vn 0 -1 0
vn 0 -1 0
vn 0 -1 0
vn 0 -1 0
vn -2.542865E-05 -0.004886693 0.999988
vn -2.50312E-05 -0.004809821 0.9999884
vn -1.163459E-05 -0.002235621 0.9999976
vn -1.778486E-05 -0.003417758 0.9999942
vn 2.175871E-08 4.673513E-09 -1
vn -5.496238E-05 -0.01056119 -0.9999443
vn -8.403484E-05 -0.01614549 -0.9998696
vn 0 0 -1
vn 0 0 -1
vn 0 0 -1
vn 4.111338E-08 8.830665E-09 -1
vn 2.175871E-08 4.673513E-09 -1
vn 0 0 1
vn -1.778486E-05 -0.003417758 0.9999942
vn -1.163459E-05 -0.002235621 0.9999976
vn -2.175871E-08 -4.673494E-09 1
vn -2.175871E-08 -4.673494E-09 1
vn -4.111337E-08 -8.830628E-09 1
vn 0 0 1
vn 0 0 1
vn 3.188601E-08 6.848737E-09 -1
vn 2.175871E-08 4.673513E-09 -1
vn 4.111338E-08 8.830665E-09 -1
vn 3.115032E-08 6.69072E-09 -1
vn -3.115036E-08 -6.6907E-09 1
vn -4.111337E-08 -8.830628E-09 1
vn -2.175871E-08 -4.673494E-09 1
vn -3.188598E-08 -6.848702E-09 1
vn -3.188598E-08 -6.848702E-09 1
vn 0 0 1
vn 0 0 1
vn -3.115036E-08 -6.6907E-09 1
vn 3.115032E-08 6.69072E-09 -1
vn 0 0 -1
vn 0 0 -1
vn 3.188601E-08 6.848737E-09 -1
vn 3.188601E-08 6.848737E-09 -1
vn 0 0 -1
vn 0 0 -1
vn 0 0 -1
vn 0 0 1
vn -3.188598E-08 -6.848702E-09 1
vn 0 0 1
vn 0 0 1
vn 1.587537E-08 1 0
vn 1.587537E-08 1 0
vn 2.388432E-08 1 0
vn 2.388432E-08 1 0
vn 4.78325E-08 1 0
vn 4.78325E-08 1 0
vn 4.77338E-08 1 0
vn 4.77338E-08 1 0
vn 4.77338E-08 1 0
vn 4.77338E-08 1 0
vn 5.75778E-08 1 0
vn 5.75778E-08 1 0
vn 7.892288E-08 1 0
vn 7.892288E-08 1 0
vn 9.064907E-08 1 0
vn 9.064907E-08 1 0
vn 0.9223326 0.3863969 -1.908287E-08
vn 0.9223326 0.3863969 0
vn 0.9219875 0.3872198 0
vn 0.9219875 0.3872198 -2.870557E-08
vn 0.9219875 0.3872198 -2.870557E-08
vn 0.9219875 0.3872198 0
vn 0.8960801 0.4438925 0
vn 0.89608 0.4438925 -5.616698E-08
vn 0.89608 0.4438925 -5.616698E-08
vn 0.8960801 0.4438925 0
vn 0.8435799 0.5370037 0
vn 0.8435799 0.5370038 -6.53534E-08
vn 0.8435799 0.5370038 -6.53534E-08
vn 0.8435799 0.5370037 0
vn 0.8182748 0.5748273 0
vn 0.8182748 0.5748273 -5.677763E-08
vn 0.3197243 -0.9475106 0
vn 0.3197243 -0.9475106 0
vn 0.1620021 -0.9867904 0
vn 0.1620021 -0.9867904 0
vn 0.1620021 -0.9867904 0
vn 0.1620021 -0.9867904 0
vn 0 -1 0
vn 0 -1 0
vn 0.9849679 0.1727373 0
vn 0.9849679 0.1727373 0
vn 0.9849679 0.1727373 0
vn 0.9849679 0.1727373 0
vn -0.9849678 -0.1727381 -1.945772E-07
vn -0.9849678 -0.1727381 0
vn -0.9849678 -0.1727381 0
vn -0.9849678 -0.1727381 -1.945772E-07
vn 0.04398331 -0.9990165 0.005608109
vn 0.04398234 -0.9990234 -0.004233047
vn 0.09856564 -0.9951306 2.819235E-08
vn 0.09856565 -0.9951306 3.29713E-08
vn 0.9777017 0.2099983 3.270521E-07
vn 0.9777017 0.2099983 2.796482E-07
vn 0.9777017 0.2099983 2.796482E-07
vn 0.9777017 0.2099983 3.270521E-07
vn 0.003230946 0.9999948 6.141477E-10
vn 0.003230946 0.9999948 5.358214E-10
vn 0.003230946 0.9999948 5.358214E-10
vn 0.003230946 0.9999948 6.141477E-10
vn -0.7812399 0.6242309 0
vn -0.7812399 0.6242309 0
vn -0.7812399 0.6242309 0
vn -0.7812399 0.6242309 0
vn 0.003230722 0.9999948 0
vn 0.003230722 0.9999948 0
vn 0.003230722 0.9999948 0
vn 0.003230722 0.9999948 0
vn 0.7812374 -0.6242341 0
vn 0.7812374 -0.6242341 0
vn 0.7812374 -0.6242341 0
vn 0.7812374 -0.6242341 0
vn 0.9777017 0.2099985 3.862837E-07
vn 0.9777015 0.2099989 0
vn 0.9777015 0.2099989 0
vn 0.9777017 0.2099985 3.862836E-07
vn -0.003230737 -0.9999948 -1.914664E-09
vn -0.003230737 -0.9999948 -4.815793E-10
vn -0.003230842 -0.9999948 -7.495057E-10
vn -0.003230842 -0.9999948 -1.583538E-09
vn -0.003230842 -0.9999948 -1.583538E-09
vn -0.003230842 -0.9999948 -7.495057E-10
vn -0.006819224 -0.9999768 -1.803205E-09
vn -0.006819225 -0.9999768 -2.109923E-09
vn -0.006819225 -0.9999768 -2.109923E-09
vn -0.006819224 -0.9999768 -1.803205E-09
vn -0.01040741 -0.9999458 -2.588955E-09
vn -0.01040742 -0.9999458 -2.967408E-09
vn -0.9777017 -0.2099983 -1.858444E-07
vn -0.9777017 -0.2099983 -1.621425E-07
vn -0.9777017 -0.2099983 -1.712511E-07
vn -0.9777017 -0.2099983 -1.858444E-07
vn -0.9777017 -0.2099983 -1.858444E-07
vn -0.9777017 -0.2099983 -1.712511E-07
vn -0.9777017 -0.2099983 -1.803597E-07
vn -0.9777017 -0.2099983 -1.858444E-07
vn -0.99673 -0.08080357 -3.938016E-07
vn -0.99673 -0.08080368 -1.485743E-07
vn -0.99673 -0.08080368 -1.485743E-07
vn -0.99673 -0.08080357 -3.938016E-07
vn -1 0 0
vn -1 0 0
vn -1 0 0
vn -1 0 0
vn -1 0 0
vn -1 0 0
vn -1 0 0
vn -1 0 0
vn -1 0 0
vn -1 0 0
vn -1 0 0
vn -1 0 0
vn -1 0 0
vn -1 0 0
vn -1 0 0
vn -1 0 0
vn -1 0 0
vn -1 0 0
vn -1 0 0
vn -1 0 0
vn 4.746378E-08 1 0
vn 4.738261E-08 1 0
vn 4.738261E-08 1 0
vn 4.746378E-08 1 0
vn 4.750436E-08 1 0
vn 4.738261E-08 1 0
vn 4.738261E-08 1 0
vn 4.750436E-08 1 0
vn 4.750436E-08 1 0
vn 4.738261E-08 1 0
vn 4.738261E-08 1 0
vn 4.750436E-08 1 0
vn 0 0 -1
vn 0 0 -1
vn 0 0 -1
vn 0 0 -1
vn 0 0 -1
vn 0 0 -1
vn 0 0 -1
vn 0 0 -1
vn 0 0 -1
vn 0 0 -1
vn 0 0 -1
vn 0 0 -1
vn 0 0 -1
vn 0 0 -1
vn 0 0 -1
vn 0 0 -1
vn 0 0 -1
vn 0 0 -1
vn 0 0 -1
vn 0 0 -1
vn 0 -1 0
vn 0 -1 0
vn 0 -1 0
vn 0 -1 0
vn 0 -0.0230705 -0.9997338
vn 0 -0.0230705 -0.9997338
vn 0 -0.0230705 -0.9997338
vn 0 -0.0230705 -0.9997338
vn 0 -1 0
vn 0 -1 0
vn 0 -1 0
vn 0 -1 0
vn 0 -0.004883971 0.999988
vn 0 -0.004883971 0.999988
vn 0 -0.004883971 0.999988
vn 0 -0.004883971 0.999988
vn 0 -1 0
vn 0 -1 0
vn 0 -1 0
vn 0 -1 0
vn 0 0 1
vn 0 0 1
vn 0 0 1
vn 0 0 1
vn 0 0 1
vn 0 0 1
vn 0 0 1
vn 0 0 1
vn 0 0 1
vn 0 0 1
vn 0 0 1
vn 0 0 1
vn 0 0 1
vn 0 0 1
vn 0 0 1
vn 0 0 1
vn 0 0 1
vn 0 0 1
vn 0 0 1
vn 0 0 1
vn 4.750436E-08 1 0
vn 4.738261E-08 1 0
vn 4.738261E-08 1 0
vn 4.750436E-08 1 0
vn 4.750436E-08 1 0
vn 4.738261E-08 1 0
vn 4.738261E-08 1 0
vn 4.750436E-08 1 0
vn 2.388432E-08 1 0
vn 2.388432E-08 1 0
vn 4.78325E-08 1 0
vn 4.78325E-08 1 0
vn 4.78325E-08 1 0
vn 2.388432E-08 1 0
vn 2.388432E-08 1 0
vn 4.78325E-08 1 0
vn 4.78325E-08 1 0
vn 2.388432E-08 1 0
vn 2.388432E-08 1 0
vn 4.78325E-08 1 0
vn 0 0 -1
vn 0 0 -1
vn 0 0 -1
vn 0 0 -1
vn 0 0 -1
vn 0 0 -1
vn 0 0 -1
vn 0 0 -1
vn 0 0 -1
vn 0 0 -1
vn 0 0 -1
vn 0 0 -1
vn 0 0 -1
vn 0 0 -1
vn 0 0 -1
vn 0 0 -1
vn 0 0 -1
vn 0 0 -1
vn 0 0 -1
vn 0 0 -1
vn 0 -1 0
vn 0 -1 0
vn 0 -1 0
vn 0 -1 0
vn -0.0001201465 -0.0230835 -0.9997335
vn -0.0001220255 -0.02344159 -0.9997252
vn -0.0001220255 -0.02344159 -0.9997252
vn -8.403484E-05 -0.01614549 -0.9998696
vn -0.01040745 -0.9999458 -3.045096E-09
vn -0.01040745 -0.9999458 -2.608259E-09
vn -0.01040745 -0.9999458 -2.608258E-09
vn -0.01040745 -0.9999458 -3.045097E-09
vn -1.778486E-05 -0.003417758 0.9999942
vn -2.582062E-05 -0.004962508 0.9999877
vn -2.582063E-05 -0.004962508 0.9999877
vn -2.542865E-05 -0.004886693 0.999988
vn 0 -1 0
vn 0 -1 0
vn 0 -1 0
vn 0 -1 0
vn 0 0 1
vn 0 0 1
vn 0 0 1
vn 0 0 1
vn 0 0 1
vn 0 0 1
vn 0 0 1
vn 0 0 1
vn 0 0 1
vn 0 0 1
vn 0 0 1
vn 0 0 1
vn 0 0 1
vn 0 0 1
vn 0 0 1
vn 0 0 1
vn 0 0 1
vn 0 0 1
vn 0 0 1
vn 0 0 1
vn 4.78325E-08 1 0
vn 2.388432E-08 1 0
vn 2.388432E-08 1 0
vn 4.78325E-08 1 0
vn 4.78325E-08 1 0
vn 2.388432E-08 1 0
vn 2.388432E-08 1 0
vn 4.78325E-08 1 0
vn 4.750436E-08 1 0
vn 4.750436E-08 1 0
vn 4.738261E-08 1 0
vn 4.738261E-08 1 0
vn 4.738261E-08 1 0
vn 4.738261E-08 1 0
vn 4.746378E-08 1 0
vn 4.750436E-08 1 0
vn -1 0 0
vn -1 0 0
vn -1 0 0
vn -1 0 0
vn -1 0 0
vn -1 0 0
vn -1 0 0
vn -1 0 0
vn -1 0 0
vn -1 0 0
vn -1 0 0
vn -1 0 0
vn -1 0 0
vn -1 0 0
vn -1 0 0
vn -1 0 0
vn -1 0 0
vn -1 0 0
vn -1 0 0
vn -1 0 0
vn -1 0 0
vn -1 0 0
vn -1 0 0
vn -1 0 0
vn -1 0 0
vn -1 0 0
vn -1 0 0
vn -1 0 0
vn -1 0 0
vn -1 0 0
vn -1 0 0
vn -1 0 0
vn -1 0 0
vn -1 0 0
vn -1 0 0
vn -1 0 0
vn -1 0 0
vn -1 0 0
vn -1 0 0
vn -1 0 0
vn 0 -1 0
vn 0 -1 0
vn 0 -1 0
vn 0 -1 0
vn 0 -1 0
vn 0 -1 0
vn 0 -1 0
vn 0 -1 0
vn -0.99673 -0.08080357 -3.938016E-07
vn -0.99673 -0.08080357 0
vn -0.99673 -0.08080357 0
vn -0.99673 -0.08080357 -3.938016E-07
vn -0.99673 -0.08080357 -3.938016E-07
vn -0.99673 -0.08080357 -3.938016E-07
vn -0.99673 -0.08080357 -3.938016E-07
vn -0.99673 -0.08080357 -3.938016E-07
vn -0.01040745 -0.9999458 -2.8473E-09
vn -0.01040745 -0.9999458 -5.547072E-10
vn -0.01040745 -0.9999458 -5.547072E-10
vn -0.01040745 -0.9999458 -2.8473E-09
vn -0.01040745 -0.9999458 -2.8473E-09
vn -0.01040745 -0.9999458 -3.045096E-09
vn -0.01040745 -0.9999458 -3.045097E-09
vn -0.01040745 -0.9999458 -2.8473E-09
vn -0.9777017 -0.2099983 -1.747368E-07
vn -0.9777017 -0.2099983 -1.563318E-07
vn -0.9777017 -0.2099983 -1.823871E-07
vn -0.9777017 -0.2099983 -1.877644E-07
vn -0.9777017 -0.2099983 -1.877644E-07
vn -0.9777017 -0.2099983 -1.858444E-07
vn -0.9777017 -0.2099983 -1.858444E-07
vn -0.9777017 -0.2099983 -1.747368E-07
vn -0.9777017 -0.2099983 -1.877644E-07
vn -0.9777017 -0.2099983 -1.823871E-07
vn -0.9777017 -0.2099983 -2.084424E-07
vn -0.9777017 -0.2099983 -2.007921E-07
vn -0.9777017 -0.2099983 -2.007921E-07
vn -0.9777017 -0.2099983 -1.858444E-07
vn -0.9777017 -0.2099983 -1.858444E-07
vn -0.9777017 -0.2099983 -1.877644E-07
vn -0.01040742 -0.9999458 -2.096669E-09
vn -0.01040742 -0.9999458 -1.109411E-09
vn -0.006819226 -0.9999768 -5.547093E-10
vn -0.006819225 -0.9999768 -1.527042E-09
vn -0.006819225 -0.9999768 -1.527042E-09
vn -0.006819225 -0.9999768 -2.109923E-09
vn -0.01040742 -0.9999458 -2.967408E-09
vn -0.01040742 -0.9999458 -2.096669E-09
vn -0.006819225 -0.9999768 -1.527042E-09
vn -0.006819226 -0.9999768 -5.547093E-10
vn -0.003230842 -0.9999948 0
vn -0.003230842 -0.9999948 -1.43603E-09
vn -0.003230842 -0.9999948 -1.43603E-09
vn -0.003230842 -0.9999948 -1.583538E-09
vn -0.006819225 -0.9999768 -2.109923E-09
vn -0.006819225 -0.9999768 -1.527042E-09
vn -0.003230842 -0.9999948 -1.43603E-09
vn -0.003230842 -0.9999948 0
vn -0.003230738 -0.9999948 0
vn -0.003230738 -0.9999948 -1.914666E-09
vn -0.003230738 -0.9999948 -1.914666E-09
vn -0.003230737 -0.9999948 -1.914664E-09
vn -0.003230842 -0.9999948 -1.583538E-09
vn -0.003230842 -0.9999948 -1.43603E-09
vn 0.9777019 0.2099977 3.862837E-07
vn 0.977702 0.2099973 0
vn 0.977702 0.2099973 0
vn 0.9777019 0.2099977 3.862837E-07
vn 0.9777019 0.2099977 3.862837E-07
vn 0.9777017 0.2099985 3.862837E-07
vn 0.9777017 0.2099985 3.862836E-07
vn 0.9777019 0.2099977 3.862837E-07
vn 0.7812374 -0.6242341 0
vn 0.7812374 -0.6242341 0
vn 0.7812374 -0.6242341 0
vn 0.7812374 -0.6242341 0
vn 0.7812374 -0.6242341 0
vn 0.7812374 -0.6242341 0
vn 0.7812374 -0.6242341 0
vn 0.7812374 -0.6242341 0
vn 0.003230722 0.9999948 0
vn 0.003230722 0.9999948 0
vn 0.003230722 0.9999948 0
vn 0.003230722 0.9999948 0
vn 0.003230722 0.9999948 0
vn 0.003230722 0.9999948 0
vn 0.003230722 0.9999948 0
vn 0.003230722 0.9999948 0
vn -0.7812399 0.6242309 0
vn -0.7812399 0.6242309 0
vn -0.7812399 0.6242309 0
vn -0.7812399 0.6242309 0
vn -0.7812399 0.6242309 0
vn -0.7812399 0.6242309 0
vn -0.7812399 0.6242309 0
vn -0.7812399 0.6242309 0
vn 0.003230946 0.9999948 3.191315E-10
vn 0.003230946 0.9999948 0
vn 0.003230946 0.9999948 0
vn 0.003230946 0.9999948 3.191314E-10
vn 0.003230946 0.9999948 3.191314E-10
vn 0.003230946 0.9999948 6.141477E-10
vn 0.003230946 0.9999948 6.141477E-10
vn 0.003230946 0.9999948 3.191315E-10
vn 0.9777017 0.2099983 2.452524E-07
vn 0.9777017 0.2099983 1.042212E-07
vn 0.9777017 0.2099983 1.042212E-07
vn 0.9777017 0.2099983 2.452524E-07
vn 0.9777017 0.2099983 2.452524E-07
vn 0.9777017 0.2099983 3.270521E-07
vn 0.9777017 0.2099983 3.270521E-07
vn 0.9777017 0.2099983 2.452524E-07
vn 0.09856565 -0.9951306 2.472478E-08
vn 0.09856564 -0.9951306 1.050691E-08
vn 0.03289082 -0.9994589 3.5061E-09
vn 0.04755831 -0.9988527 0.00560704
vn 0.04755831 -0.9988527 0.00560704
vn 0.04398331 -0.9990165 0.005608109
vn 0.09856565 -0.9951306 3.29713E-08
vn 0.09856565 -0.9951306 2.472478E-08
vn -0.9849678 -0.1727381 -1.945772E-07
vn -0.9849678 -0.1727381 0
vn -0.9849678 -0.1727381 0
vn -0.9849678 -0.1727381 -1.945772E-07
vn -0.9849678 -0.1727381 -1.945772E-07
vn -0.9849678 -0.1727381 -1.945772E-07
vn -0.9849678 -0.1727381 -1.945772E-07
vn -0.9849678 -0.1727381 -1.945772E-07
vn 0.9849679 0.1727373 0
vn 0.9849679 0.1727373 0
vn 0.9849679 0.1727373 0
vn 0.9849679 0.1727373 0
vn 0.9849679 0.1727373 0
vn 0.9849679 0.1727373 0
vn 0.9849679 0.1727373 0
vn 0.9849679 0.1727373 0
vn 0 -1 0
vn 0 -1 0
vn 0.1078401 -0.9941683 0
vn 0.1620021 -0.9867904 0
vn 0.1620021 -0.9867904 0
vn 0.1620021 -0.9867904 0
vn 0 -1 0
vn 0 -1 0
vn 0.1620021 -0.9867904 0
vn 0.1078401 -0.9941683 0
vn 0.3197243 -0.9475106 0
vn 0.3197243 -0.9475106 0
vn 0.3197243 -0.9475106 0
vn 0.3197243 -0.9475106 0
vn 0.1620021 -0.9867904 0
vn 0.1620021 -0.9867904 0
vn 0.8182749 0.5748271 -5.677763E-08
vn 0.8182749 0.5748271 0
vn 0.851634 0.5241368 0
vn 0.8435799 0.5370037 -6.53534E-08
vn 0.8435799 0.5370037 -6.53534E-08
vn 0.8435799 0.5370038 -6.53534E-08
vn 0.8182748 0.5748273 -5.677763E-08
vn 0.8182749 0.5748271 -5.677763E-08
vn 0.8435799 0.5370037 -6.53534E-08
vn 0.851634 0.5241368 0
vn 0.8960801 0.4438925 0
vn 0.8960801 0.4438925 -5.616699E-08
vn 0.8960801 0.4438925 -5.616699E-08
vn 0.89608 0.4438925 -5.616698E-08
vn 0.8435799 0.5370038 -6.53534E-08
vn 0.8435799 0.5370037 -6.53534E-08
vn 0.8960801 0.4438925 -5.616699E-08
vn 0.8960801 0.4438925 0
vn 0.9219875 0.3872198 0
vn 0.9219874 0.3872198 -2.870557E-08
vn 0.9219874 0.3872198 -2.870557E-08
vn 0.9219875 0.3872198 -2.870557E-08
vn 0.89608 0.4438925 -5.616698E-08
vn 0.8960801 0.4438925 -5.616699E-08
vn 0.9219874 0.3872198 -2.870557E-08
vn 0.9219875 0.3872198 0
vn 0.9223326 0.386397 0
vn 0.9223326 0.386397 -1.908287E-08
vn 0.9223326 0.386397 -1.908287E-08
vn 0.9223326 0.3863969 -1.908287E-08
vn 0.9219875 0.3872198 -2.870557E-08
vn 0.9219874 0.3872198 -2.870557E-08
vn 9.064907E-08 1 0
vn 9.064907E-08 1 0
vn 7.892288E-08 1 0
vn 7.892288E-08 1 0
vn 7.892288E-08 1 0
vn 7.892288E-08 1 0
vn 9.064907E-08 1 0
vn 9.064907E-08 1 0
vn 5.75778E-08 1 0
vn 5.75778E-08 1 0
vn 4.77338E-08 1 0
vn 4.77338E-08 1 0
vn 4.77338E-08 1 0
vn 4.77338E-08 1 0
vn 5.75778E-08 1 0
vn 5.75778E-08 1 0
vn 4.77338E-08 1 0
vn 4.77338E-08 1 0
vn 4.78325E-08 1 0
vn 4.78325E-08 1 0
vn 4.78325E-08 1 0
vn 4.78325E-08 1 0
vn 4.77338E-08 1 0
vn 4.77338E-08 1 0
vn 4.78325E-08 1 0
vn 4.78325E-08 1 0
vn 2.388432E-08 1 0
vn 2.388432E-08 1 0
vn 2.388432E-08 1 0
vn 2.388432E-08 1 0
vn 4.78325E-08 1 0
vn 4.78325E-08 1 0
vn 2.388432E-08 1 0
vn 2.388432E-08 1 0
vn 2.381306E-08 1 0
vn 2.381306E-08 1 0
vn 2.381306E-08 1 0
vn 1.587537E-08 1 0
vn 2.388432E-08 1 0
vn 2.388432E-08 1 0
vn 4.750436E-08 1 0
vn 4.746378E-08 1 0
vn 4.738261E-08 1 0
vn 4.738261E-08 1 0
vn 4.738261E-08 1 0
vn 4.738261E-08 1 0
vn 4.750436E-08 1 0
vn 4.750436E-08 1 0
vn -1 0 0
vn -1 0 0
vn -1 0 0
vn -1 0 0
vn -1 0 0
vn -1 0 0
vn -1 0 0
vn -1 0 0
vn -1 0 0
vn -1 0 0
vn -1 0 0
vn -1 0 0
vn -1 0 0
vn -1 0 0
vn -1 0 0
vn -1 0 0
vn -1 0 0
vn -1 0 0
vn -1 0 0
vn -1 0 0
vn -1 0 0
vn -1 0 0
vn -1 0 0
vn -1 0 0
vn -1 0 0
vn -1 0 0
vn -1 0 0
vn -1 0 0
vn -1 0 0
vn -1 0 0
vn -1 0 0
vn -1 0 0
vn -1 0 0
vn -1 0 0
vn -1 0 0
vn -1 0 0
vn -1 0 0
vn -1 0 0
vn -1 0 0
vn -1 0 0
vn 0 -1 0
vn 0 -1 0
vn 0 -1 0
vn 0 -1 0
vn 0 -1 0
vn 0 -1 0
vn 0 -1 0
vn 0 -1 0
vn -0.99673 -0.08080392 -1.485743E-07
vn -0.99673 -0.08080368 -1.485743E-07
vn -0.99673 -0.08080368 -1.485743E-07
vn -0.99673 -0.08080392 -1.485743E-07
vn -0.99673 -0.08080392 -1.485743E-07
vn -0.9967743 -0.0801333 -0.004434309
vn -0.9833395 -0.05329009 -0.1737922
vn -0.99673 -0.08080392 -1.485743E-07
vn -0.01040745 -0.9999458 -2.495776E-09
vn -0.01040745 -0.9999458 -2.608258E-09
vn -0.01040745 -0.9999458 -2.608259E-09
vn -0.01040745 -0.9999458 -2.495776E-09
vn -0.01040745 -0.9999458 -2.495776E-09
vn -0.01040745 -0.9999458 -7.25334E-10
vn -0.01040745 -0.9999458 -7.25334E-10
vn -0.01040745 -0.9999458 -2.495776E-09
vn -0.9777017 -0.2099983 -1.932958E-07
vn -0.9777017 -0.2099983 -1.803597E-07
vn -0.9777017 -0.2099983 -1.712511E-07
vn -0.9777017 -0.2099983 -2.012221E-07
vn -0.9777017 -0.2099983 -2.012221E-07
vn -0.9777017 -0.2099983 -2.38489E-07
vn -0.9777017 -0.2099983 -2.044191E-07
vn -0.9777017 -0.2099983 -1.932958E-07
vn -0.9777017 -0.2099983 -2.012221E-07
vn -0.9777017 -0.2099983 -1.712511E-07
vn -0.9777017 -0.2099983 -1.621425E-07
vn -0.9777017 -0.2099983 -2.091484E-07
vn -0.9777017 -0.2099983 -2.091484E-07
vn -0.9777017 -0.2099983 -2.725588E-07
vn -0.9777017 -0.2099983 -2.38489E-07
vn -0.9777017 -0.2099983 -2.012221E-07
vn -0.01040741 -0.9999458 -1.888842E-09
vn -0.01040741 -0.9999458 -2.588955E-09
vn -0.006819224 -0.9999768 -1.803205E-09
vn -0.006819223 -0.9999768 -1.305637E-09
vn -0.006819223 -0.9999768 -1.305637E-09
vn -0.006819224 -0.9999768 -7.253365E-10
vn -0.01040741 -0.9999458 -1.450663E-09
vn -0.01040741 -0.9999458 -1.888842E-09
vn -0.006819223 -0.9999768 -1.305637E-09
vn -0.006819224 -0.9999768 -1.803205E-09
vn -0.003230842 -0.9999948 -7.495057E-10
vn -0.003230842 -0.9999948 -6.019976E-10
vn -0.003230842 -0.9999948 -6.019976E-10
vn -0.003230842 -0.9999948 0
vn -0.006819224 -0.9999768 -7.253365E-10
vn -0.006819223 -0.9999768 -1.305637E-09
vn -0.003230842 -0.9999948 -6.019976E-10
vn -0.003230842 -0.9999948 -7.495057E-10
vn -0.003230737 -0.9999948 -4.815793E-10
vn -0.003230738 -0.9999948 -4.815793E-10
vn -0.003230738 -0.9999948 -4.815793E-10
vn -0.003230738 -0.9999948 0
vn -0.003230842 -0.9999948 0
vn -0.003230842 -0.9999948 -6.019976E-10
vn 0.9777015 0.2099989 0
vn 0.9777015 0.2099989 0
vn 0.9777015 0.2099989 0
vn 0.9777015 0.2099989 0
vn 0.9777015 0.2099989 0
vn 0.9777015 0.2099989 0
vn 0.9777015 0.2099989 0
vn 0.9777015 0.2099989 0
vn 0.7812374 -0.6242341 0
vn 0.7812374 -0.6242341 0
vn 0.7812374 -0.6242341 0
vn 0.7812374 -0.6242341 0
vn 0.7812374 -0.6242341 0
vn 0.7812374 -0.6242341 0
vn 0.7812374 -0.6242341 0
vn 0.7812374 -0.6242341 0
vn 0.003230722 0.9999948 0
vn 0.003230722 0.9999948 0
vn 0.003230722 0.9999948 0
vn 0.003230722 0.9999948 0
vn 0.003230722 0.9999948 0
vn 0.003230722 0.9999948 0
vn 0.003230722 0.9999948 0
vn 0.003230722 0.9999948 0
vn -0.7812399 0.6242309 0
vn -0.7812399 0.6242309 0
vn -0.7812399 0.6242309 0
vn -0.7812399 0.6242309 0
vn -0.7812399 0.6242309 0
vn -0.7812399 0.6242309 0
vn -0.7812399 0.6242309 0
vn -0.7812399 0.6242309 0
vn 0.003230946 0.9999948 2.408053E-10
vn 0.003230946 0.9999948 5.358214E-10
vn 0.003230946 0.9999948 5.358214E-10
vn 0.003230946 0.9999948 2.408053E-10
vn 0.003230946 0.9999948 2.408053E-10
vn 0.003230946 0.9999948 0
vn 0.003230946 0.9999948 0
vn 0.003230946 0.9999948 2.408053E-10
vn 0.9777017 0.2099983 2.138776E-07
vn 0.9777017 0.2099983 2.796482E-07
vn 0.9777017 0.2099983 2.796482E-07
vn 0.9777017 0.2099983 2.138776E-07
vn 0.9777017 0.2099983 2.138776E-07
vn 0.9777017 0.2099983 1.362794E-07
vn 0.9777017 0.2099983 1.362794E-07
vn 0.9777017 0.2099983 2.138776E-07
vn 0.09856563 -0.9951306 3.53006E-08
vn 0.09856564 -0.9951306 2.819235E-08
vn 0.04398234 -0.9990234 -0.004233047
vn 0.04755727 -0.9988596 -0.004232243
vn 0.04755727 -0.9988596 -0.004232243
vn 0.03289081 -0.9994589 1.37537E-08
vn 0.09856563 -0.9951306 4.121646E-08
vn 0.09856563 -0.9951306 3.53006E-08
vn -0.9849678 -0.1727381 0
vn -0.9849678 -0.1727381 0
vn -0.9849678 -0.1727381 0
vn -0.9849678 -0.1727381 0
vn -0.9849678 -0.1727381 0
vn -0.9849678 -0.1727381 0
vn -0.9849678 -0.1727381 0
vn -0.9849678 -0.1727381 0
vn 0.9849679 0.1727373 0
vn 0.9849679 0.1727373 0
vn 0.9849679 0.1727373 0
vn 0.9849679 0.1727373 0
vn 0.9849679 0.1727373 0
vn 0.9849679 0.1727373 0
vn 0.9849679 0.1727373 0
vn 0.9849679 0.1727373 0
vn 0 -1 0
vn 0 -1 0
vn 0.1620021 -0.9867904 0
vn 0.1620021 -0.9867904 0
vn 0.1620021 -0.9867904 0
vn 0.1578579 -0.9794297 -0.1256915
vn 0 -1 0
vn 0 -1 0
vn 0.1620021 -0.9867904 0
vn 0.1620021 -0.9867904 0
vn 0.3197243 -0.9475106 0
vn 0.3197243 -0.9475106 0
vn 0.3197243 -0.9475106 0
vn 0.3202325 -0.945478 -0.05935002
vn 0.1578579 -0.9794297 -0.1256915
vn 0.1620021 -0.9867904 0
vn 0.8182748 0.5748273 0
vn 0.8182748 0.5748273 0
vn 0.8435799 0.5370037 0
vn 0.8435799 0.5370037 0
vn 0.8435799 0.5370037 0
vn 0.851634 0.5241368 0
vn 0.8182748 0.5748273 0
vn 0.8182748 0.5748273 0
vn 0.8435799 0.5370037 0
vn 0.8435799 0.5370037 0
vn 0.8960801 0.4438925 0
vn 0.8960801 0.4438925 0
vn 0.8960801 0.4438925 0
vn 0.8960801 0.4438925 0
vn 0.851634 0.5241368 0
vn 0.8435799 0.5370037 0
vn 0.8960801 0.4438925 0
vn 0.8960801 0.4438925 0
vn 0.9219875 0.3872198 0
vn 0.9219875 0.3872198 0
vn 0.9219875 0.3872198 0
vn 0.9219875 0.3872198 0
vn 0.8960801 0.4438925 0
vn 0.8960801 0.4438925 0
vn 0.9219875 0.3872198 0
vn 0.9219875 0.3872198 0
vn 0.9223326 0.3863969 0
vn 0.9223326 0.3863969 0
vn 0.9223326 0.3863969 0
vn 0.9223326 0.3863969 0
vn 0.9219875 0.3872198 0
vn 0.9219875 0.3872198 0
vn 9.064907E-08 1 0
vn 9.064907E-08 1 0
vn 7.892288E-08 1 0
vn 7.892288E-08 1 0
vn 7.892288E-08 1 0
vn 7.892288E-08 1 0
vn 9.064907E-08 1 0
vn 9.064907E-08 1 0
vn 5.75778E-08 1 0
vn 5.75778E-08 1 0
vn 4.77338E-08 1 0
vn 4.77338E-08 1 0
vn 4.77338E-08 1 0
vn 4.77338E-08 1 0
vn 5.75778E-08 1 0
vn 5.75778E-08 1 0
vn 4.77338E-08 1 0
vn 4.77338E-08 1 0
vn 4.78325E-08 1 0
vn 4.78325E-08 1 0
vn 4.78325E-08 1 0
vn 4.78325E-08 1 0
vn 4.77338E-08 1 0
vn 4.77338E-08 1 0
vn 4.78325E-08 1 0
vn 4.78325E-08 1 0
vn 2.388432E-08 1 0
vn 2.388432E-08 1 0
vn 2.388432E-08 1 0
vn 2.388432E-08 1 0
vn 4.78325E-08 1 0
vn 4.78325E-08 1 0
vn 2.388432E-08 1 0
vn 2.388432E-08 1 0
vn 1.587537E-08 1 0
vn 2.381306E-08 1 0
vn 2.381306E-08 1 0
vn 2.381306E-08 1 0
vn 2.388432E-08 1 0
vn 2.388432E-08 1 0
vn 2.381306E-08 1 0
vn 1.587537E-08 1 0
vn 4.746378E-08 1 0
vn 4.750436E-08 1 0
vn 4.750436E-08 1 0
vn 4.750436E-08 1 0
vn 2.381306E-08 1 0
vn 2.381306E-08 1 0
vn 4.750436E-08 1 0
vn 2.381306E-08 1 0
vn 2.381306E-08 1 0
vn 4.750436E-08 1 0
vn 4.750436E-08 1 0
vn 2.381306E-08 1 0
vn 2.381306E-08 1 0
vn 4.750436E-08 1 0
vn 0 0 -1
vn 0 0 -1
vn 0 0 -1
vn 0 0 -1
vn 0 0 -1
vn 0 0 -1
vn 0 0 -1
vn 0 0 -1
vn 0 0 -1
vn 0 0 -1
vn 0 0 -1
vn 0 0 -1
vn 0 0 -1
vn 0 0 -1
vn 0 0 -1
vn 0 0 -1
vn 0 0 -1
vn 0 0 -1
vn 0 0 -1
vn 0 0 -1
vn 0 -1 0
vn 0 -1 0
vn 0 -1 0
vn 0 -1 0
vn 0 -0.0230705 -0.9997338
vn 0 -0.0230705 -0.9997338
vn 0 -0.0230705 -0.9997338
vn 0 -0.0230705 -0.9997338
vn 0 -1 0
vn 0 -1 0
vn 0 -1 0
vn 0 -1 0
vn 0 -1 0
vn 0 -1 0
vn 0 -1 0
vn 0 -1 0
vn 0 -1 0
vn 0 -1 0
vn 0 -1 0
vn 0 -1 0
vn 0 -1 0
vn 0 -1 0
vn 0 -1 0
vn 0 -1 0
vn 0 -1 0
vn 0 -1 0
vn 0 -1 0
vn 0 -1 0
vn 0 -0.004883971 0.999988
vn 0 -0.004883971 0.999988
vn 0 -0.004883971 0.999988
vn 0 -0.004883971 0.999988
vn 0 -1 0
vn 0 -1 0
vn 0 -1 0
vn 0 -1 0
vn 0 0 1
vn 0 0 1
vn 0 0 1
vn 0 0 1
vn 0 0 1
vn 0 0 1
vn 0 0 1
vn 0 0 1
vn 0 0 1
vn 0 0 1
vn 0 0 1
vn 0 0 1
vn 0 0 1
vn 0 0 1
vn 0 0 1
vn 0 0 1
vn 0 0 1
vn 0 0 1
vn 0 0 1
vn 0 0 1
vn 4.750436E-08 1 0
vn 2.381306E-08 1 0
vn 2.381306E-08 1 0
vn 4.750436E-08 1 0
vn 4.750436E-08 1 0
vn 2.381306E-08 1 0
vn 2.381306E-08 1 0
vn 4.750436E-08 1 0
vn 2.381306E-08 1 0
vn 2.381306E-08 1 0
vn 4.750436E-08 1 0
vn 4.750436E-08 1 0
vn 4.750436E-08 1 0
vn 4.746378E-08 1 0
vn 1.587537E-08 1 0
vn 2.381306E-08 1 0
vn 1.605704E-09 0.06742956 -0.9977241
vn 1.605704E-09 0.06742956 -0.9977241
vn 1.605704E-09 0.06742956 -0.9977241
vn 1.605704E-09 0.06742956 -0.9977241
vn 0.9743784 0.2249151 0
vn 0.9743784 0.2249151 0
vn 0.9743783 0.224915 0
vn 0.9743783 0.224915 0
vn 1.605703E-09 0.06742953 0.9977241
vn 1.605703E-09 0.06742953 0.9977241
vn 1.605703E-09 0.06742953 0.9977241
vn 1.605703E-09 0.06742953 0.9977241
vn -0.9990439 -0.04371918 0
vn -0.9990439 -0.04371918 0
vn -0.9990439 -0.04371918 0
vn -0.9990439 -0.04371918 0
vn 0 1 0
vn 0 1 0
vn 0 1 0
vn 0 1 0
vn 6.716941E-08 1 0
vn 6.722124E-08 1 0
vn 6.722124E-08 1 0
vn 6.716941E-08 1 0
vn 6.716941E-08 1 0
vn 7.892288E-08 1 0
vn 7.892288E-08 1 0
vn 6.716941E-08 1 0
vn 6.716941E-08 1 0
vn 6.722124E-08 1 0
vn 6.722124E-08 1 0
vn 6.716941E-08 1 0
vn 6.716941E-08 1 0
vn 7.892288E-08 1 0
vn 7.892288E-08 1 0
vn 6.716941E-08 1 0
vn 6.716941E-08 1 0
vn 6.722124E-08 1 0
vn 6.724762E-08 1 0
vn 6.71785E-08 1 0
vn 6.71785E-08 1 0
vn 7.892288E-08 1 0
vn 7.892288E-08 1 0
vn 6.716941E-08 1 0
vn 6.71785E-08 1 0
vn 7.892288E-08 1 0
vn 7.892288E-08 1 0
vn 6.71785E-08 1 0
vn 6.71785E-08 1 0
vn 6.724762E-08 1 0
vn 6.724762E-08 1 0
vn 6.71785E-08 1 0
vn 6.71785E-08 1 0
vn 7.892288E-08 1 0
vn 7.892288E-08 1 0
vn 6.71785E-08 1 0
vn 6.71785E-08 1 0
vn 7.892288E-08 1 0
vn 7.892288E-08 1 0
vn 6.71785E-08 1 0
vn 6.71785E-08 1 0
vn 6.724762E-08 1 0
vn 6.722124E-08 1 0
vn 6.716941E-08 1 0
vn 6.716941E-08 1 0
vn 7.892288E-08 1 0
vn 7.892288E-08 1 0
vn 6.71785E-08 1 0
vn 6.716941E-08 1 0
vn 6.722124E-08 1 0
vn 6.722124E-08 1 0
vn 6.716941E-08 1 0
vn 6.716941E-08 1 0
vn 7.892288E-08 1 0
vn 7.892288E-08 1 0
vn 6.716941E-08 1 0
vn 6.716941E-08 1 0
vn 6.722124E-08 1 0
vn 6.722124E-08 1 0
vn 6.716941E-08 1 0
vn 6.716941E-08 1 0
vn 7.892288E-08 1 0
vn 7.892288E-08 1 0
vn 6.716941E-08 1 0
vn 0 0 -1
vn 0 0 -1
vn 0 0 -1
vn 0 0 -1
vn 0 0 -1
vn 0 0 -1
vn 0 0 -1
vn 0 0 -1
vn 0 0 -1
vn 0 0 -1
vn 0 0 -1
vn 0 0 -1
vn 0 0 -1
vn 0 0 -1
vn 0 0 -1
vn 0 0 -1
vn 0 0 -1
vn 0 0 -1
vn 0 0 -1
vn 0 0 -1
vn 0 0 -1
vn 0 0 -1
vn 0 0 -1
vn 0 0 -1
vn 0 0 -1
vn 0 0 -1
vn 0 0 -1
vn 0 0 -1
vn 0 0 -1
vn 0 0 -1
vn 0 0 -1
vn 0 0 -1
vn 0 0 -1
vn 0 0 -1
vn 0 0 -1
vn 0 0 -1
vn 0 0 -1
vn 0 0 -1
vn 0 0 -1
vn 0 0 -1
vn 0 0 -1
vn 0 0 -1
vn 0 0 -1
vn 0 0 -1
vn 0 0 -1
vn 0 0 -1
vn 0 0 -1
vn 0 0 -1
vn 0 -1 0
vn 0 -1 0
vn 0 -1 0
vn 0 -1 0
vn 0 -1 0
vn 0 -1 0
vn 0 -1 0
vn 0 -1 0
vn 0 -1 0
vn 0 -1 0
vn 0 -1 0
vn 0 -1 0
vn 0 -1 0
vn 0 -1 0
vn 0 -1 0
vn 0 -1 0
vn 0 -1 0
vn 0 -1 0
vn 0 -1 0
vn 0 -1 0
vn 0 -1 0
vn 0 -1 0
vn 0 -1 0
vn 0 -1 0
vn 0 -1 0
vn 0 -1 0
vn 0 -1 0
vn 0 -1 0
vn 0 -1 0
vn 0 -1 0
vn 0 -1 0
vn 0 -1 0
vn 0 -1 0
vn 0 -1 0
vn 0 -1 0
vn 0 -1 0
vn 0 -1 0
vn 0 -1 0
vn 0 -1 0
vn 0 -1 0
vn 0 -1 0
vn 0 -1 0
vn 0 -1 0
vn 0 -1 0
vn 0 -1 0
vn 0 -1 0
vn 0 -1 0
vn 0 -1 0
vn 0 -1 0
vn 0 -1 0
vn 0 -1 0
vn 0 -1 0
vn 0 -1 0
vn 0 -1 0
vn 0 -1 0
vn 0 -1 0
vn 0 -1 0
vn 0 -1 0
vn 0 -1 0
vn 0 -1 0
vn 0 -1 0
vn 0 -1 0
vn 0 -1 0
vn 0 -1 0
vn 0 -1 0
vn 0 -1 0
vn 0 -1 0
vn 0 -1 0
vn 0 -1 0
vn 0 -1 0
vn 0 -1 0
vn 0 -1 0
vn 0 0 1
vn 0 0 1
vn 0 0 1
vn 0 0 1
vn 0 0 1
vn 0 0 1
vn 0 0 1
vn 0 0 1
vn 0 0 1
vn 0 0 1
vn 0 0 1
vn 0 0 1
vn 0 0 1
vn 0 0 1
vn 0 0 1
vn 0 0 1
vn 0 0 1
vn 0 0 1
vn 0 0 1
vn 0 0 1
vn 0 0 1
vn 0 0 1
vn 0 0 1
vn 0 0 1
vn 0 0 1
vn 0 0 1
vn 0 0 1
vn 0 0 1
vn 0 0 1
vn 0 0 1
vn 0 0 1
vn 0 0 1
vn 0 0 1
vn 0 0 1
vn 0 0 1
vn 0 0 1
vn 0 0 1
vn 0 0 1
vn 0 0 1
vn 0 0 1
vn 0 0 1
vn 0 0 1
vn 0 0 1
vn 0 0 1
vn 0 0 1
vn 0 0 1
vn 0 0 1
vn 0 0 1
vn 0 0 1
vn 0 0 1
vn 0 0 1
vn 0 0 1
vn -0.9956169 0.09352624 0
vn -0.9956169 0.09352624 0
vn -0.9956169 0.09352624 0
vn -0.9956169 0.09352624 0
vn 0 0 -1
vn 0 0 -1
vn 0 0 -1
vn 0 0 -1
vn 0.8565565 0.5160534 0
vn 0.8565565 0.5160534 0
vn 0.8565565 0.5160534 0
vn 0.8565565 0.5160534 0
vn 1.270716E-07 1 0
vn 1.270716E-07 1 0
vn 1.270716E-07 1 0
vn 1.270716E-07 1 0
vn 0 0 1
vn 0 0 1
vn 0 0 1
vn 0 0 1
vn -0.9956169 0.09352624 0
vn -0.9956169 0.09352624 0
vn -0.9956169 0.09352624 0
vn -0.9956169 0.09352624 0
vn 0 0 -1
vn 0 0 -1
vn 0 0 -1
vn 0 0 -1
vn 0.8565565 0.5160534 0
vn 0.8565565 0.5160534 0
vn 0.8565565 0.5160534 0
vn 0.8565565 0.5160534 0
vn 1.270716E-07 1 0
vn 1.270716E-07 1 0
vn 1.270716E-07 1 0
vn 1.270716E-07 1 0
vn 0.006441855 -0.9999107 0.0117116
vn 0 -1 0
vn 0 -1 0
vn 0.00644499 -0.9999401 -0.008845322
vn 0.00644499 -0.9999401 -0.008845322
vn 0 -1 0
vn 0 -1 0
vn 0.004833652 -0.9999663 -0.006633867
vn 0.004833652 -0.9999663 -0.006633867
vn 0 -1 0
vn 0 -1 0
vn 0 -1 0
vn 0 -1 0
vn 0 -1 0
vn 0 -1 0
vn 0 -1 0
vn 0 -1 0
vn 0 -1 0
vn 0 -1 0
vn 0 -1 0
vn 0 0 -1
vn 0 0 -1
vn 0 0 -1
vn 0 0 -1
vn 0 0 -1
vn 0 0 -1
vn 0 0 -1
vn 0 0 -1
vn 0 0 -1
vn 0 0 -1
vn 0 0 -1
vn 0 0 -1
vn 0 0 -1
vn 0 0 -1
vn 0 0 -1
vn 0 0 -1
vn 0 0 -1
vn 0 0 -1
vn 0 0 -1
vn 0 0 -1
vn 6.716827E-08 1 0
vn 6.722124E-08 1 0
vn 6.722124E-08 1 0
vn 6.716827E-08 1 0
vn 6.716827E-08 1 0
vn 6.722124E-08 1 0
vn 6.722124E-08 1 0
vn 6.716827E-08 1 0
vn 6.716827E-08 1 0
vn 6.722124E-08 1 0
vn 6.724762E-08 1 0
vn 6.716827E-08 1 0
vn 6.716827E-08 1 0
vn 6.724762E-08 1 0
vn 6.724762E-08 1 0
vn 6.716827E-08 1 0
vn 6.716827E-08 1 0
vn 6.724762E-08 1 0
vn 6.724762E-08 1 0
vn 6.716827E-08 1 0
vn 6.716827E-08 1 0
vn 6.724762E-08 1 0
vn 6.724762E-08 1 0
vn 6.716827E-08 1 0
vn 6.716827E-08 1 0
vn 6.724762E-08 1 0
vn 6.722124E-08 1 0
vn 6.716827E-08 1 0
vn 6.716827E-08 1 0
vn 6.722124E-08 1 0
vn 6.722124E-08 1 0
vn 6.716827E-08 1 0
vn 6.716827E-08 1 0
vn 6.722124E-08 1 0
vn 6.722124E-08 1 0
vn 6.716827E-08 1 0
vn 0 0 1
vn 0 0 1
vn 0 0 1
vn 0 0 1
vn 0 0 1
vn 0 0 1
vn 0 0 1
vn 0 0 1
vn 0 0 1
vn 0 0 1
vn 0 0 1
vn 0 0 1
vn 0 0 1
vn 0 0 1
vn 0 0 1
vn 0 0 1
vn 0 0 1
vn 0 0 1
vn 0 0 1
vn 0 0 1
vn 0 -1 0
vn 0 -1 0
vn 0 -1 0
vn 0 -1 0
vn 0 -1 0
vn 0 -1 0
vn 0 -1 0
vn 0 -1 0
vn 0 -1 0
vn 0 -1 0
vn 0 -1 0
vn 0.004831256 -0.9999498 0.008783455
vn 0.004831256 -0.9999498 0.008783455
vn 0 -1 0
vn 0 -1 0
vn 0.006441855 -0.9999107 0.0117116
vn 0.002819447 -0.9998719 -0.01576356
vn 0.04398234 -0.9990234 -0.004233047
vn 0.04398331 -0.9990165 0.005608109
vn 0.003588495 -0.9997678 0.02124535
vn 0.003588495 -0.9997678 0.02124535
vn 0.04398331 -0.9990165 0.005608109
vn 0.04755831 -0.9988527 0.00560704
vn -0.0001920584 -0.9999177 0.01282848
vn -0.0001920584 -0.9999177 0.01282848
vn 0.004831256 -0.9999498 0.008783455
vn 0.006441855 -0.9999107 0.0117116
vn 0.003588495 -0.9997678 0.02124535
vn -0.0001920584 -0.9999177 0.01282848
vn 0.04755831 -0.9988527 0.00560704
vn 0.03289082 -0.9994589 3.5061E-09
vn 0 -1 0
vn 0 -1 0
vn 0 -1 0
vn 0.004831256 -0.9999498 0.008783455
vn -0.0001920584 -0.9999177 0.01282848
vn 0 -1 0
vn 0.03289082 -0.9994589 3.5061E-09
vn 0 -1 0
vn 0 -1 0
vn 0 -1 0
vn 0 -1 0
vn 0 -1 0
vn 0 -1 0
vn 0 -1 0
vn 0 -1 0
vn 0 -1 0
vn 0 -1 0
vn 0 -1 0
vn 0 -1 0
vn 0 -1 0
vn 0 -1 0
vn 0 0 1
vn 0 0 1
vn 0 0 1
vn 0 0 1
vn 0 0 1
vn 0 0 1
vn 0 0 1
vn 0 0 1
vn 0 0 1
vn 0 0 1
vn 0 0 1
vn 0 0 1
vn 0 0 1
vn 0 0 1
vn 0 0 1
vn 0 0 1
vn 0 0 1
vn 0 0 1
vn 0 0 1
vn 0 0 1
vn 0 0 1
vn 0 0 1
vn 0 0 1
vn 0 0 1
vn 0 0 1
vn 0 0 1
vn 0 0 1
vn 0 0 1
vn 0 0 1
vn 0 0 1
vn 0 0 1
vn 0 0 1
vn 0 0 1
vn 0 0 1
vn 0 0 1
vn 0 0 1
vn 0 0 1
vn 0 0 1
vn 0 0 1
vn 0 0 1
vn 6.731026E-08 1 0
vn 5.75778E-08 1 0
vn 5.75778E-08 1 0
vn 6.731026E-08 1 0
vn 6.731026E-08 1 0
vn 6.716827E-08 1 0
vn 6.716827E-08 1 0
vn 6.731026E-08 1 0
vn 6.731026E-08 1 0
vn 5.75778E-08 1 0
vn 5.75778E-08 1 0
vn 6.731026E-08 1 0
vn 6.731026E-08 1 0
vn 6.716827E-08 1 0
vn 6.716827E-08 1 0
vn 6.731026E-08 1 0
vn 6.731026E-08 1 0
vn 5.75778E-08 1 0
vn 5.75778E-08 1 0
vn 6.731026E-08 1 0
vn 6.731026E-08 1 0
vn 6.716827E-08 1 0
vn 6.716827E-08 1 0
vn 6.731026E-08 1 0
vn 6.731026E-08 1 0
vn 5.75778E-08 1 0
vn 5.75778E-08 1 0
vn 6.731026E-08 1 0
vn 6.731026E-08 1 0
vn 6.716827E-08 1 0
vn 6.716827E-08 1 0
vn 6.731026E-08 1 0
vn 6.731026E-08 1 0
vn 5.75778E-08 1 0
vn 5.75778E-08 1 0
vn 6.731026E-08 1 0
vn 6.731026E-08 1 0
vn 6.716827E-08 1 0
vn 6.716827E-08 1 0
vn 6.731026E-08 1 0
vn 6.731026E-08 1 0
vn 5.75778E-08 1 0
vn 5.75778E-08 1 0
vn 6.731026E-08 1 0
vn 6.731026E-08 1 0
vn 6.716827E-08 1 0
vn 6.716827E-08 1 0
vn 6.731026E-08 1 0
vn 6.731026E-08 1 0
vn 5.75778E-08 1 0
vn 5.75778E-08 1 0
vn 6.731026E-08 1 0
vn 6.731026E-08 1 0
vn 6.716827E-08 1 0
vn 6.716827E-08 1 0
vn 6.731026E-08 1 0
vn 6.731026E-08 1 0
vn 5.75778E-08 1 0
vn 5.75778E-08 1 0
vn 6.731026E-08 1 0
vn 6.731026E-08 1 0
vn 6.716827E-08 1 0
vn 6.716827E-08 1 0
vn 6.731026E-08 1 0
vn 6.731026E-08 1 0
vn 5.75778E-08 1 0
vn 5.75778E-08 1 0
vn 6.731026E-08 1 0
vn 6.731026E-08 1 0
vn 6.716827E-08 1 0
vn 6.716827E-08 1 0
vn 6.731026E-08 1 0
vn 0 0 -1
vn 0 0 -1
vn 0 0 -1
vn 0 0 -1
vn 0 0 -1
vn 0 0 -1
vn 0 0 -1
vn 0 0 -1
vn 0 0 -1
vn 0 0 -1
vn 0 0 -1
vn 0 0 -1
vn 0 0 -1
vn 0 0 -1
vn 0 0 -1
vn 0 0 -1
vn 0 0 -1
vn 0 0 -1
vn 0 0 -1
vn 0 0 -1
vn 0 0 -1
vn 0 0 -1
vn 0 0 -1
vn 0 0 -1
vn 0 0 -1
vn 0 0 -1
vn 0 0 -1
vn 0 0 -1
vn 0 0 -1
vn 0 0 -1
vn 0 0 -1
vn 0 0 -1
vn 0 0 -1
vn 0 0 -1
vn 0 0 -1
vn 0 0 -1
vn 0 0 -1
vn 0 0 -1
vn 0 0 -1
vn 0 0 -1
vn 0 -1 0
vn 0 -1 0
vn 0 -1 0
vn 0 -1 0
vn 0 -1 0
vn 0 -1 0
vn 0 -1 0
vn 0 -1 0
vn 0 -1 0
vn 0 -1 0
vn 0.03289081 -0.9994589 1.37537E-08
vn 0 -1 0
vn 0 -1 0
vn 0 -1 0
vn 0 -1 0
vn 0 -1 0
vn 0 -1 0
vn 0.03289081 -0.9994589 1.37537E-08
vn 0.04755727 -0.9988596 -0.004232243
vn 0.0003907281 -0.999951 -0.009896469
vn 0.0003907281 -0.999951 -0.009896469
vn 0.004833652 -0.9999663 -0.006633867
vn 0 -1 0
vn 0 -1 0
vn 0.0003907281 -0.999951 -0.009896469
vn 0.04755727 -0.9988596 -0.004232243
vn 0.04398234 -0.9990234 -0.004233047
vn 0.002819447 -0.9998719 -0.01576356
vn 0.002819447 -0.9998719 -0.01576356
vn 0.00644499 -0.9999401 -0.008845322
vn 0.004833652 -0.9999663 -0.006633867
vn 0.0003907281 -0.999951 -0.009896469
vn 0.0386861 -0.9992514 0
vn 0.0386861 -0.9992514 0
vn 0.0386861 -0.9992514 0
vn 0.0386861 -0.9992514 0
vn 0 0 1
vn 0 0 1
vn 0 0 1
vn 0 0 1
vn -0.9415771 -0.3367976 0
vn -0.9415771 -0.3367976 0
vn -0.9415771 -0.3367976 0
vn -0.9415771 -0.3367976 0
vn 0 0 -1
vn 0 0 -1
vn 0 0 -1
vn 0 0 -1
vn 0.9415771 0.3367976 0
vn 0.9415771 0.3367976 0
vn 0.9415771 0.3367976 0
vn 0.9415771 0.3367976 0
vn 0 0 1
vn 0 0 1
vn 0 0 1
vn 0 0 1
vn 0 0 1
vn 0 0 1
vn 0 0 1
vn 0 0 1
vn -0.9019521 0.431836 0
vn -0.780547 0.625097 0
vn -0.780547 0.625097 0
vn -0.9019521 0.431836 0
vn -0.9019521 0.431836 0
vn -0.9763754 0.216081 0
vn -0.9763754 0.216081 0
vn -0.9019521 0.431836 0
vn 0 0 -1
vn 0 0 -1
vn 0 0 -1
vn 0 0 -1
vn 0 0 -1
vn 0 0 -1
vn 0 0 -1
vn 0 0 -1
vn 0.9019521 -0.431836 0
vn 0.780547 -0.625097 0
vn 0.780547 -0.625097 0
vn 0.9019521 -0.431836 0
vn 0.9019521 -0.431836 0
vn 0.9763754 -0.216081 0
vn 0.9763754 -0.216081 0
vn 0.9019521 -0.431836 0
vt 0.5383235 0.1443899
vt 0.5383235 0
vt 0.487404 0
vt 0.487404 0.1443899
vt 0.1345056 0.1443899
vt 0.1345056 0
vt 0.134275 0
vt 0.134275 0.1443899
vt 0.865725 0.1443899
vt 0.865725 0
vt 0.8654944 0
vt 0.8654944 0.1443899
vt 0.512596 0.1443899
vt 0.512596 0
vt 0.4616765 0
vt 0.4616765 0.1443899
vt 0.5383235 0.37803
vt 0.5383235 0.1443899
vt 0.487404 0.1443899
vt 0.487404 0.37803
vt 0.487404 0.37803
vt 0.487404 0.5749201
vt 0.5383235 0.5749201
vt 0.5383235 0.37803
vt 0.1345056 0.37803
vt 0.1345056 0.1443899
vt 0.134275 0.1443899
vt 0.134275 0.37803
vt 0.134275 0.37803
vt 0.134275 0.5749201
vt 0.1345056 0.5749201
vt 0.1345056 0.37803
vt 0.865725 0.37803
vt 0.865725 0.1443899
vt 0.8654944 0.1443899
vt 0.8654944 0.37803
vt 0.8654944 0.37803
vt 0.8654944 0.5749201
vt 0.865725 0.5749201
vt 0.865725 0.37803
vt 0.512596 0.37803
vt 0.512596 0.1443899
vt 0.4616765 0.1443899
vt 0.4616765 0.37803
vt 0.4616765 0.37803
vt 0.4616765 0.5749201
vt 0.512596 0.5749201
vt 0.512596 0.37803
vt 0.5383235 0.7781833
vt 0.5383235 0.5749201
vt 0.487404 0.5749201
vt 0.487404 0.7781833
vt 0.487404 0.7781833
vt 0.487404 1
vt 0.5383235 1
vt 0.5383235 0.7781833
vt 0.1345056 0.7781833
vt 0.1345056 0.5749201
vt 0.134275 0.5749201
vt 0.134275 0.7781833
vt 0.134275 0.7781833
vt 0.134275 1
vt 0.1345056 1
vt 0.1345056 0.7781833
vt 0.865725 0.7781833
vt 0.865725 0.5749201
vt 0.8654944 0.5749201
vt 0.8654944 0.7781833
vt 0.8654944 0.7781833
vt 0.8654944 1
vt 0.865725 1
vt 0.865725 0.7781833
vt 0.512596 0.7781833
vt 0.512596 0.5749201
vt 0.4616765 0.5749201
vt 0.4616765 0.7781833
vt 0.4616765 0.7781833
vt 0.4616765 1
vt 0.512596 1
vt 0.512596 0.7781833
vt 0.0004616678 0
vt 0 0
vt 0 0.1443899
vt 0.0004616706 0.1443899
vt 0.0004616678 0.1443899
vt 0 0.1443899
vt 0 0.37803
vt 0.0004616705 0.37803
vt 0.0004616678 0.37803
vt 0 0.37803
vt 0 0.5749201
vt 0.0004616705 0.5749201
vt 0.0004616678 0.5749201
vt 0 0.5749201
vt 0 0.7781833
vt 0.0004616705 0.7781833
vt 0.0004616678 0.7781833
vt 0 0.7781833
vt 0 1
vt 0.0004616705 1
vt 0.9995383 1
vt 1 1
vt 1 0.7781833
vt 0.9995383 0.7781833
vt 0.9995383 0.7781833
vt 1 0.7781833
vt 1 0.5749201
vt 0.9995383 0.5749201
vt 0.9995383 0.5749201
vt 1 0.5749201
vt 1 0.37803
vt 0.9995383 0.37803
vt 0.9995383 0.37803
vt 1 0.37803
vt 1 0.1443899
vt 0.9995383 0.1443899
vt 0.9995383 0.1443899
vt 1 0.1443899
vt 1 0
vt 0.9995383 0
vt 0.487404 0.7832232
vt 0.487404 1
vt 0.5383235 1
vt 0.5383235 0.7832232
vt 0.7459606 0.7832232
vt 0.7459606 1
vt 0.7459606 1
vt 0.7459606 0.7832232
vt 0.9995383 0.7832232
vt 0.9995383 1
vt 0.9995383 1
vt 0.9995383 0.7832232
vt 0.9995383 0.7832232
vt 0.9995383 1
vt 1 1
vt 1 0.7832232
vt 0.2167768 0
vt 0 0
vt 0 0.1443899
vt 0.2167768 0.1443899
vt 0.2167768 0.1443899
vt 0 0.1443899
vt 0 0.37803
vt 0.2167768 0.37803
vt 0.2167768 0.37803
vt 0 0.37803
vt 0 0.5749201
vt 0.2167768 0.5749201
vt 0.2167768 0.5749201
vt 0 0.5749201
vt 0 0.7781833
vt 0.2167768 0.7781833
vt 0.2167768 0.7781833
vt 0 0.7781833
vt 0 1
vt 0.2167768 1
vt 0 0.7832232
vt 0 1
vt 0.0004616705 1
vt 0.0004616699 0.7832232
vt 0.4616765 0.7832232
vt 0.4616765 1
vt 0.512596 1
vt 0.512596 0.7832232
vt 0.8654944 0.7832232
vt 0.8654944 1
vt 0.865725 1
vt 0.865725 0.7832232
vt 0.7832232 1
vt 1 1
vt 1 0.7781833
vt 0.7832232 0.7781833
vt 0.7832232 0.7781833
vt 1 0.7781833
vt 1 0.5749201
vt 0.7832232 0.5749201
vt 0.7832232 0.5749201
vt 1 0.5749201
vt 1 0.37803
vt 0.7832232 0.37803
vt 0.7832232 0.37803
vt 1 0.37803
vt 1 0.1443899
vt 0.7832232 0.1443899
vt 0.7832232 0.1443899
vt 1 0.1443899
vt 1 0
vt 0.7832232 0
vt 0.134275 0.7832232
vt 0.134275 1
vt 0.1345056 1
vt 0.1345056 0.7832232
vt 0.1345056 0.2124524
vt 0.1345056 0
vt 0.134275 0
vt 0.134275 0.2124523
vt 0.2124524 0
vt 0 0
vt 0 0.1443899
vt 0.2124523 0.1443899
vt 0.2124524 0.1443899
vt 0 0.1443899
vt 0 0.37803
vt 0.2124523 0.37803
vt 0.2124524 0.37803
vt 0 0.37803
vt 0 0.5749201
vt 0.2124523 0.5749201
vt 0.2124524 0.5749201
vt 0 0.5749201
vt 0 0.7781833
vt 0.2124523 0.7781833
vt 0.2124524 0.7781833
vt 0 0.7781833
vt 0 1
vt 0.2124523 1
vt 0.865725 0.2124524
vt 0.865725 0
vt 0.8654944 0
vt 0.8654944 0.2124523
vt 0.512596 0.2124524
vt 0.512596 0
vt 0.4616765 0
vt 0.4616765 0.2124523
vt 0.0004616684 0.2124524
vt 0.0004616678 0
vt 0 0
vt 0 0.2124523
vt 0.7875476 1
vt 1 1
vt 1 0.7781833
vt 0.7875476 0.7781833
vt 0.7875476 0.7781833
vt 1 0.7781833
vt 1 0.5749201
vt 0.7875476 0.5749201
vt 0.7875476 0.5749201
vt 1 0.5749201
vt 1 0.37803
vt 0.7875476 0.37803
vt 0.7875476 0.37803
vt 1 0.37803
vt 1 0.1443899
vt 0.7875476 0.1443899
vt 0.7875476 0.1443899
vt 1 0.1443899
vt 1 0
vt 0.7875476 0
vt 1 0.2124524
vt 1 0
vt 0.9995383 0
vt 0.9995383 0.2124523
vt 0.9995383 0.2124524
vt 0.9995383 0
vt 0.9995383 0
vt 0.9995383 0.2124523
vt 0.7459606 0.2124524
vt 0.7459606 0
vt 0.7459606 0
vt 0.7459606 0.2124523
vt 0.5383235 0.2124524
vt 0.5383235 0
vt 0.487404 0
vt 0.487404 0.2124523
vt 0.134275 0.7821393
vt 0.134275 0.7832232
vt 0.1345056 0.7832232
vt 0.1345056 0.7821393
vt 0.7821393 0.1443899
vt 0.7832232 0.1443899
vt 0.7832232 0
vt 0.7821393 0
vt 0.7821393 0.37803
vt 0.7832232 0.37803
vt 0.7832232 0.1443899
vt 0.7821393 0.1443899
vt 0.7821393 0.5749201
vt 0.7832232 0.5749201
vt 0.7832232 0.37803
vt 0.7821393 0.37803
vt 0.7821393 0.7781833
vt 0.7832232 0.7781833
vt 0.7832232 0.5749201
vt 0.7821393 0.5749201
vt 0.7821393 1
vt 0.7832232 1
vt 0.7832232 0.7781833
vt 0.7821393 0.7781833
vt 0.8654944 0.7821393
vt 0.8654944 0.7832232
vt 0.865725 0.7832232
vt 0.865725 0.7821393
vt 0.4616765 0.7821393
vt 0.4616765 0.7832232
vt 0.512596 0.7832232
vt 0.512596 0.7821393
vt 0 0.7821393
vt 0 0.7832232
vt 0.0004616699 0.7832232
vt 0.0004616699 0.7821393
vt 0.2178607 0.7781833
vt 0.2167768 0.7781833
vt 0.2167768 1
vt 0.2178607 1
vt 0.2178607 0.5749201
vt 0.2167768 0.5749201
vt 0.2167768 0.7781833
vt 0.2178607 0.7781833
vt 0.2178607 0.37803
vt 0.2167768 0.37803
vt 0.2167768 0.5749201
vt 0.2178607 0.5749201
vt 0.2178607 0.1443899
vt 0.2167768 0.1443899
vt 0.2167768 0.37803
vt 0.2178607 0.37803
vt 0.2178607 0
vt 0.2167768 0
vt 0.2167768 0.1443899
vt 0.2178607 0.1443899
vt 0.9995383 0.7821393
vt 0.9995383 0.7832232
vt 1 0.7832232
vt 1 0.7821393
vt 0.9995383 0.7821393
vt 0.9995383 0.7832232
vt 0.9995383 0.7832232
vt 0.9995383 0.7821393
vt 0.7459606 0.7821393
vt 0.7459606 0.7832232
vt 0.7459606 0.7832232
vt 0.7459606 0.7821393
vt 0.487404 0.7821393
vt 0.487404 0.7832232
vt 0.5383235 0.7832232
vt 0.5383235 0.7821393
vt 0.1345056 0.2175737
vt 0.1345056 0.2124524
vt 0.134275 0.2124523
vt 0.134275 0.2175737
vt 0.2175737 0
vt 0.2124524 0
vt 0.2124523 0.1443899
vt 0.2175737 0.1443899
vt 0.2175737 0.1443899
vt 0.2124524 0.1443899
vt 0.2124523 0.37803
vt 0.2175737 0.37803
vt 0.2175737 0.37803
vt 0.2124524 0.37803
vt 0.2124523 0.5749201
vt 0.2175737 0.5749201
vt 0.2175737 0.5749201
vt 0.2124524 0.5749201
vt 0.2124523 0.7781833
vt 0.2175737 0.7781833
vt 0.2175737 0.7781833
vt 0.2124524 0.7781833
vt 0.2124523 1
vt 0.2175737 1
vt 0.865725 0.2175737
vt 0.865725 0.2124524
vt 0.8654944 0.2124523
vt 0.8654944 0.2175737
vt 0.512596 0.2175737
vt 0.512596 0.2124524
vt 0.4616765 0.2124523
vt 0.4616765 0.2175737
vt 0.0004616684 0.2175737
vt 0.0004616684 0.2124524
vt 0 0.2124523
vt 0 0.2175737
vt 0.7824263 1
vt 0.7875476 1
vt 0.7875476 0.7781833
vt 0.7824263 0.7781833
vt 0.7824263 0.7781833
vt 0.7875476 0.7781833
vt 0.7875476 0.5749201
vt 0.7824263 0.5749201
vt 0.7824263 0.5749201
vt 0.7875476 0.5749201
vt 0.7875476 0.37803
vt 0.7824263 0.37803
vt 0.7824263 0.37803
vt 0.7875476 0.37803
vt 0.7875476 0.1443899
vt 0.7824263 0.1443899
vt 0.7824263 0.1443899
vt 0.7875476 0.1443899
vt 0.7875476 0
vt 0.7824263 0
vt 1 0.2175737
vt 1 0.2124524
vt 0.9995383 0.2124523
vt 0.9995383 0.2175737
vt 0.9995383 0.2175737
vt 0.9995383 0.2124524
vt 0.9995383 0.2124523
vt 0.9995383 0.2175737
vt 0.7459606 0.2175737
vt 0.7459606 0.2124524
vt 0.7459606 0.2124523
vt 0.7459606 0.2175737
vt 0.5383235 0.2175737
vt 0.5383235 0.2124524
vt 0.487404 0.2124523
vt 0.487404 0.2175737
vt 0.4446108 0.2175737
vt 0.487404 0.2175737
vt 0.487404 0.2124524
vt 0.4446108 0.2124524
vt 0.4446108 0.2124524
vt 0.487404 0.2124524
vt 0.487404 0
vt 0.4446108 0
vt 0.5553892 0
vt 0.512596 0
vt 0.512596 0.1443899
vt 0.5553892 0.1443899
vt 0.5553892 0.1443899
vt 0.512596 0.1443899
vt 0.512596 0.37803
vt 0.5553892 0.37803
vt 0.5553892 0.37803
vt 0.512596 0.37803
vt 0.512596 0.5749201
vt 0.5553892 0.5749201
vt 0.5553892 0.5749201
vt 0.512596 0.5749201
vt 0.512596 0.7781833
vt 0.5553892 0.7781833
vt 0.5553892 0.7781833
vt 0.512596 0.7781833
vt 0.512596 1
vt 0.5553892 1
vt 0.5553892 0
vt 0.512596 0
vt 0.512596 0.2124523
vt 0.5553892 0.2124523
vt 0.5553892 0.2124523
vt 0.512596 0.2124523
vt 0.512596 0.2175737
vt 0.5553892 0.2175737
vt 0.5553892 0.7821393
vt 0.512596 0.7821393
vt 0.512596 0.7832232
vt 0.5553892 0.7832232
vt 0.5553892 0.7832232
vt 0.512596 0.7832232
vt 0.512596 1
vt 0.5553892 1
vt 0.4446108 1
vt 0.487404 1
vt 0.487404 0.7781833
vt 0.4446108 0.7781833
vt 0.4446108 0.7781833
vt 0.487404 0.7781833
vt 0.487404 0.5749201
vt 0.4446108 0.5749201
vt 0.4446108 0.5749201
vt 0.487404 0.5749201
vt 0.487404 0.37803
vt 0.4446108 0.37803
vt 0.4446108 0.37803
vt 0.487404 0.37803
vt 0.487404 0.1443899
vt 0.4446108 0.1443899
vt 0.4446108 0.1443899
vt 0.487404 0.1443899
vt 0.487404 0
vt 0.4446108 0
vt 0.4446108 1
vt 0.487404 1
vt 0.487404 0.7832232
vt 0.4446108 0.7832232
vt 0.4446108 0.7832232
vt 0.487404 0.7832232
vt 0.487404 0.7821393
vt 0.4446108 0.7821393
vt 0.487404 0.2175737
vt 0.487404 0.2175737
vt 0.4446108 0.2175737
vt 0.4446108 0.2175737
vt 0.4446108 0.2175737
vt 0.4446108 0.2175737
vt 0.487404 0.2175737
vt 0.487404 0.2175737
vt 0.4446108 0.7821393
vt 0.4446108 0.7821393
vt 0.487404 0.7821393
vt 0.487404 0.7821393
vt 0.487404 0.7821393
vt 0.487404 0.7821393
vt 0.4446108 0.7821393
vt 0.4446108 0.7821393
vt 0.487404 0.2175737
vt 0.487404 0.2175737
vt 0.487404 0.2175737
vt 0.487404 0.2175737
vt 0.487404 0.7821393
vt 0.487404 0.7821393
vt 0.487404 0.7821393
vt 0.487404 0.7821393
vt 0.487404 0.7821393
vt 0.487404 0.7821393
vt 0.487404 0.7821393
vt 0.487404 0.7821393
vt 0.487404 0.2175737
vt 0.487404 0.2175737
vt 0.487404 0.2175737
vt 0.487404 0.2175737
vt 0.487404 0.2175737
vt 0.487404 0.2175737
vt 0.487404 0.2175737
vt 0.487404 0.2175737
vt 0.487404 0.7821393
vt 0.487404 0.7821393
vt 0.487404 0.7821393
vt 0.487404 0.7821393
vt 0.865725 0.5664233
vt 0.865725 0.4453034
vt 0.8654944 0.4453034
vt 0.8654944 0.5664233
vt 0.5553892 0.5664233
vt 0.5553892 0.4453034
vt 0.512596 0.4453034
vt 0.512596 0.5664233
vt 0.512596 0.5664233
vt 0.512596 0.4453034
vt 0.4616765 0.4453034
vt 0.4616765 0.5664233
vt 0.0004616693 0.5664233
vt 0.000461669 0.4453034
vt 0 0.4453034
vt 0 0.5664233
vt 0.4335766 1
vt 0.5546966 1
vt 0.5546966 0.7781833
vt 0.4335767 0.7781833
vt 0.4335766 0.7781833
vt 0.5546966 0.7781833
vt 0.5546966 0.5749201
vt 0.4335767 0.5749201
vt 0.4335766 0.5749201
vt 0.5546966 0.5749201
vt 0.5546966 0.37803
vt 0.4335767 0.37803
vt 0.4335766 0.37803
vt 0.5546966 0.37803
vt 0.5546966 0.1443899
vt 0.4335767 0.1443899
vt 0.4335766 0.1443899
vt 0.5546966 0.1443899
vt 0.5546966 0
vt 0.4335767 0
vt 1 0.5664233
vt 1 0.4453034
vt 0.9995383 0.4453034
vt 0.9995383 0.5664233
vt 0.9995383 0.5664233
vt 0.9995383 0.4453034
vt 0.9995383 0.4453034
vt 0.9995383 0.5664233
vt 0.7459606 0.5664233
vt 0.7459606 0.4453034
vt 0.7459606 0.4453034
vt 0.7459606 0.5664233
vt 0.5383235 0.5664233
vt 0.5383235 0.4453034
vt 0.487404 0.4453034
vt 0.487404 0.5664233
vt 0.487404 0.5664233
vt 0.487404 0.4453034
vt 0.487404 0.4453034
vt 0.487404 0.5664233
vt 0.487404 0.5664233
vt 0.487404 0.4453034
vt 0.487404 0.4453034
vt 0.487404 0.5664233
vt 0.487404 0.5664233
vt 0.487404 0.4453034
vt 0.487404 0.4453034
vt 0.487404 0.5664233
vt 0.487404 0.5664233
vt 0.487404 0.4453034
vt 0.487404 0.4453034
vt 0.487404 0.5664233
vt 0.487404 0.5664233
vt 0.487404 0.4453034
vt 0.487404 0.4453034
vt 0.487404 0.5664233
vt 0.487404 0.5664233
vt 0.487404 0.4453034
vt 0.487404 0.4453034
vt 0.487404 0.5664233
vt 0.487404 0.5664233
vt 0.487404 0.4453034
vt 0.487404 0.4453034
vt 0.487404 0.5664233
vt 0.487404 0.5664233
vt 0.487404 0.4453034
vt 0.487404 0.4453034
vt 0.487404 0.5664233
vt 0.487404 0.5664233
vt 0.487404 0.4453034
vt 0.4446108 0.4453034
vt 0.4446108 0.5664233
vt 0.4446108 0.5664233
vt 0.4446108 0.4453034
vt 0.4446108 0.4453034
vt 0.4446108 0.5664233
vt 0.4446108 0.5664233
vt 0.4446108 0.4453034
vt 0.4446108 0.4453034
vt 0.4446108 0.5664233
vt 0.1345056 0.5664233
vt 0.1345056 0.4453034
vt 0.134275 0.4453034
vt 0.134275 0.5664233
vt 0.5664233 0
vt 0.4453034 0
vt 0.4453034 0.1443899
vt 0.5664233 0.1443899
vt 0.5664233 0.1443899
vt 0.4453034 0.1443899
vt 0.4453034 0.37803
vt 0.5664233 0.37803
vt 0.5664233 0.37803
vt 0.4453034 0.37803
vt 0.4453034 0.5749201
vt 0.5664233 0.5749201
vt 0.5664233 0.5749201
vt 0.4453034 0.5749201
vt 0.4453034 0.7781833
vt 0.5664233 0.7781833
vt 0.5664233 0.7781833
vt 0.4453034 0.7781833
vt 0.4453034 1
vt 0.5664233 1
vt 0.9459285 0.5664233
vt 1 0.5664233
vt 1 0.4453034
vt 0.9459285 0.4453034
vt 0.9459285 0.2175737
vt 1 0.2175737
vt 1 0.2124524
vt 0.9459285 0.2124524
vt 0.9459285 0.2124524
vt 1 0.2124524
vt 1 0
vt 0.9459285 0
vt 0.9459285 1
vt 1 1
vt 1 0.7781833
vt 0.9459285 0.7781833
vt 0.9459285 0.7781833
vt 1 0.7781833
vt 1 0.5749201
vt 0.9459285 0.5749201
vt 0.9459285 0.5749201
vt 1 0.5749201
vt 1 0.37803
vt 0.9459285 0.37803
vt 0.9459285 0.37803
vt 1 0.37803
vt 1 0.1443899
vt 0.9459285 0.1443899
vt 0.9459285 0.1443899
vt 1 0.1443899
vt 1 0
vt 0.9459285 0
vt 0.05407148 0
vt 0 0
vt 0 0.2124523
vt 0.05407148 0.2124523
vt 0.05407148 0.2124523
vt 0 0.2124523
vt 0 0.2175737
vt 0.05407148 0.2175737
vt 0.05407148 0.4453034
vt 0 0.4453034
vt 0 0.5664233
vt 0.05407148 0.5664233
vt 0.05407149 0.7821393
vt 0 0.7821393
vt 0 0.7832232
vt 0.05407149 0.7832232
vt 0.05407149 0.7832232
vt 0 0.7832232
vt 0 1
vt 0.05407149 1
vt 0.05407148 0
vt 0 0
vt 0 0.1443899
vt 0.05407148 0.1443899
vt 0.05407148 0.1443899
vt 0 0.1443899
vt 0 0.37803
vt 0.05407149 0.37803
vt 0.05407149 0.37803
vt 0 0.37803
vt 0 0.5749201
vt 0.05407149 0.5749201
vt 0.05407149 0.5749201
vt 0 0.5749201
vt 0 0.7781833
vt 0.05407149 0.7781833
vt 0.05407149 0.7781833
vt 0 0.7781833
vt 0 1
vt 0.05407149 1
vt 0.9459285 1
vt 1 1
vt 1 0.7832232
vt 0.9459285 0.7832232
vt 0.9459285 0.7832232
vt 1 0.7832232
vt 1 0.7821393
vt 0.9459285 0.7821393
vt 0.8654944 0.5664233
vt 0.8654944 0.4453034
vt 0.5553892 0.4453034
vt 0.5553892 0.5664233
vt 0.5553892 0.2175737
vt 0.8654944 0.2175737
vt 0.8654944 0.2124524
vt 0.5553892 0.2124523
vt 0.5553892 0.2124523
vt 0.8654944 0.2124524
vt 0.8654944 0
vt 0.5553892 0
vt 0.5553892 1
vt 0.8654944 1
vt 0.8654944 0.7781833
vt 0.5553892 0.7781833
vt 0.5553892 0.7781833
vt 0.8654944 0.7781833
vt 0.8654944 0.5749201
vt 0.5553892 0.5749201
vt 0.5553892 0.5749201
vt 0.8654944 0.5749201
vt 0.8654944 0.37803
vt 0.5553892 0.37803
vt 0.5553892 0.37803
vt 0.8654944 0.37803
vt 0.8654944 0.1443899
vt 0.5553892 0.1443899
vt 0.5553892 0.1443899
vt 0.8654944 0.1443899
vt 0.8654944 0
vt 0.5553892 0
vt 0.4446108 0
vt 0.1345056 0
vt 0.1345056 0.2124523
vt 0.4446108 0.2124524
vt 0.4446108 0.2124524
vt 0.1345056 0.2124523
vt 0.1345056 0.2175737
vt 0.4446108 0.2175737
vt 0.4446108 0.5664233
vt 0.4446108 0.4453034
vt 0.1345056 0.4453034
vt 0.1345056 0.5664233
vt 0.4446108 0.7821393
vt 0.1345056 0.7821393
vt 0.1345056 0.7832232
vt 0.4446108 0.7832232
vt 0.4446108 0.7832232
vt 0.1345056 0.7832232
vt 0.1345056 1
vt 0.4446108 1
vt 0.4446108 0
vt 0.1345056 0
vt 0.1345056 0.1443899
vt 0.4446108 0.1443899
vt 0.4446108 0.1443899
vt 0.1345056 0.1443899
vt 0.1345056 0.37803
vt 0.4446108 0.37803
vt 0.4446108 0.37803
vt 0.1345056 0.37803
vt 0.1345056 0.5749201
vt 0.4446108 0.5749201
vt 0.4446108 0.5749201
vt 0.1345056 0.5749201
vt 0.1345056 0.7781833
vt 0.4446108 0.7781833
vt 0.4446108 0.7781833
vt 0.1345056 0.7781833
vt 0.1345056 1
vt 0.4446108 1
vt 0.5553892 1
vt 0.8654944 1
vt 0.8654944 0.7832232
vt 0.5553892 0.7832232
vt 0.5553892 0.7832232
vt 0.8654944 0.7832232
vt 0.8654944 0.7821393
vt 0.5553892 0.7821393
vt 0.9459285 0.6783907
vt 0.9459285 0.7821393
vt 1 0.7821393
vt 1 0.6783907
vt 1 0.6783907
vt 1 0.5664233
vt 0.9459285 0.5664233
vt 0.9459285 0.6783907
vt 0.6783907 1
vt 0.7821393 1
vt 0.7821393 0.7781833
vt 0.6783907 0.7781833
vt 0.6783907 0.7781833
vt 0.5664233 0.7781833
vt 0.5664233 1
vt 0.6783907 1
vt 0.6783907 0.7781833
vt 0.7821393 0.7781833
vt 0.7821393 0.5749201
vt 0.6783907 0.5749201
vt 0.6783907 0.5749201
vt 0.5664233 0.5749201
vt 0.5664233 0.7781833
vt 0.6783907 0.7781833
vt 0.6783907 0.5749201
vt 0.7821393 0.5749201
vt 0.7821393 0.37803
vt 0.6783907 0.37803
vt 0.6783907 0.37803
vt 0.5664233 0.37803
vt 0.5664233 0.5749201
vt 0.6783907 0.5749201
vt 0.6783907 0.37803
vt 0.7821393 0.37803
vt 0.7821393 0.1443899
vt 0.6783907 0.1443899
vt 0.6783907 0.1443899
vt 0.5664233 0.1443899
vt 0.5664233 0.37803
vt 0.6783907 0.37803
vt 0.6783907 0.1443899
vt 0.7821393 0.1443899
vt 0.7821393 0
vt 0.6783907 0
vt 0.6783907 0
vt 0.5664233 0
vt 0.5664233 0.1443899
vt 0.6783907 0.1443899
vt 0 0.6783907
vt 0 0.7821393
vt 0.05407149 0.7821393
vt 0.05407148 0.6783907
vt 0.05407148 0.6783907
vt 0.05407148 0.5664233
vt 0 0.5664233
vt 0 0.6783907
vt 0.134275 0.6783907
vt 0.134275 0.7821393
vt 0.1345056 0.7821393
vt 0.1345056 0.6783907
vt 0.1345056 0.6783907
vt 0.1345056 0.5664233
vt 0.134275 0.5664233
vt 0.134275 0.6783907
vt 0.1345056 0.6783907
vt 0.1345056 0.7821393
vt 0.4446108 0.7821393
vt 0.4446108 0.6783907
vt 0.4446108 0.6783907
vt 0.4446108 0.5664233
vt 0.1345056 0.5664233
vt 0.1345056 0.6783907
vt 0.4446108 0.6783907
vt 0.4446108 0.7821393
vt 0.4446108 0.7821393
vt 0.4446108 0.6783907
vt 0.4446108 0.6783907
vt 0.4446108 0.5664233
vt 0.4446108 0.5664233
vt 0.4446108 0.6783907
vt 0.4446108 0.6783907
vt 0.4446108 0.7821393
vt 0.4446108 0.7821393
vt 0.4446108 0.6783907
vt 0.4446108 0.6783907
vt 0.4446108 0.5664233
vt 0.4446108 0.5664233
vt 0.4446108 0.6783907
vt 0.4446108 0.6783907
vt 0.4446108 0.7821393
vt 0.487404 0.7821393
vt 0.487404 0.6783907
vt 0.487404 0.6783907
vt 0.487404 0.5664233
vt 0.4446108 0.5664233
vt 0.4446108 0.6783907
vt 0.487404 0.6783907
vt 0.487404 0.7821393
vt 0.487404 0.7821393
vt 0.487404 0.6783907
vt 0.487404 0.6783907
vt 0.487404 0.5664233
vt 0.487404 0.5664233
vt 0.487404 0.6783907
vt 0.487404 0.6783907
vt 0.487404 0.7821393
vt 0.487404 0.7821393
vt 0.487404 0.6783907
vt 0.487404 0.6783907
vt 0.487404 0.5664233
vt 0.487404 0.5664233
vt 0.487404 0.6783907
vt 0.487404 0.6783907
vt 0.487404 0.7821393
vt 0.487404 0.7821393
vt 0.487404 0.6783907
vt 0.487404 0.6783907
vt 0.487404 0.5664233
vt 0.487404 0.5664233
vt 0.487404 0.6783907
vt 0.487404 0.6783907
vt 0.487404 0.7821393
vt 0.487404 0.7821393
vt 0.487404 0.6783907
vt 0.487404 0.6783907
vt 0.487404 0.5664233
vt 0.487404 0.5664233
vt 0.487404 0.6783907
vt 0.487404 0.6783907
vt 0.487404 0.7821393
vt 0.487404 0.7821393
vt 0.487404 0.6783907
vt 0.487404 0.6783907
vt 0.487404 0.5664233
vt 0.487404 0.5664233
vt 0.487404 0.6783907
vt 0.487404 0.6783907
vt 0.487404 0.7821393
vt 0.487404 0.7821393
vt 0.487404 0.6783907
vt 0.487404 0.6783907
vt 0.487404 0.5664233
vt 0.487404 0.5664233
vt 0.487404 0.6783907
vt 0.487404 0.6783907
vt 0.487404 0.7821393
vt 0.487404 0.7821393
vt 0.487404 0.6783907
vt 0.487404 0.6783907
vt 0.487404 0.5664233
vt 0.487404 0.5664233
vt 0.487404 0.6783907
vt 0.487404 0.6783907
vt 0.487404 0.7821393
vt 0.487404 0.7821393
vt 0.487404 0.6783907
vt 0.487404 0.6783907
vt 0.487404 0.5664233
vt 0.487404 0.5664233
vt 0.487404 0.6783907
vt 0.487404 0.6783907
vt 0.487404 0.7821393
vt 0.5383235 0.7821393
vt 0.5383235 0.6783907
vt 0.5383235 0.6783907
vt 0.5383235 0.5664233
vt 0.487404 0.5664233
vt 0.487404 0.6783907
vt 0.7459606 0.6783907
vt 0.7459606 0.7821393
vt 0.7459606 0.7821393
vt 0.7459606 0.6783907
vt 0.7459606 0.6783907
vt 0.7459606 0.5664233
vt 0.7459606 0.5664233
vt 0.7459606 0.6783907
vt 0.9995383 0.6783907
vt 0.9995383 0.7821393
vt 0.9995383 0.7821393
vt 0.9995383 0.6783907
vt 0.9995383 0.6783907
vt 0.9995383 0.5664233
vt 0.9995383 0.5664233
vt 0.9995383 0.6783907
vt 0.9995383 0.6783907
vt 0.9995383 0.7821393
vt 1 0.7821393
vt 1 0.6783907
vt 1 0.6783907
vt 1 0.5664233
vt 0.9995383 0.5664233
vt 0.9995383 0.6783907
vt 0.3216093 0
vt 0.2178607 0
vt 0.2178607 0.1443899
vt 0.3216092 0.1443899
vt 0.3216092 0.1443899
vt 0.4335766 0.1443899
vt 0.4335767 0
vt 0.3216093 0
vt 0.3216093 0.1443899
vt 0.2178607 0.1443899
vt 0.2178607 0.37803
vt 0.3216092 0.37803
vt 0.3216092 0.37803
vt 0.4335766 0.37803
vt 0.4335767 0.1443899
vt 0.3216093 0.1443899
vt 0.3216093 0.37803
vt 0.2178607 0.37803
vt 0.2178607 0.5749201
vt 0.3216092 0.5749201
vt 0.3216092 0.5749201
vt 0.4335766 0.5749201
vt 0.4335767 0.37803
vt 0.3216093 0.37803
vt 0.3216093 0.5749201
vt 0.2178607 0.5749201
vt 0.2178607 0.7781833
vt 0.3216092 0.7781833
vt 0.3216092 0.7781833
vt 0.4335766 0.7781833
vt 0.4335767 0.5749201
vt 0.3216093 0.5749201
vt 0.3216093 0.7781833
vt 0.2178607 0.7781833
vt 0.2178607 1
vt 0.3216092 1
vt 0.3216092 1
vt 0.4335766 1
vt 0.4335767 0.7781833
vt 0.3216093 0.7781833
vt 0 0.6783907
vt 0 0.7821393
vt 0.0004616699 0.7821393
vt 0.0004616696 0.6783907
vt 0.0004616696 0.6783907
vt 0.0004616693 0.5664233
vt 0 0.5664233
vt 0 0.6783907
vt 0.4616765 0.6783907
vt 0.4616765 0.7821393
vt 0.512596 0.7821393
vt 0.512596 0.6783907
vt 0.512596 0.6783907
vt 0.512596 0.5664233
vt 0.4616765 0.5664233
vt 0.4616765 0.6783907
vt 0.512596 0.6783907
vt 0.512596 0.7821393
vt 0.5553892 0.7821393
vt 0.5553892 0.6783907
vt 0.5553892 0.6783907
vt 0.5553892 0.5664233
vt 0.512596 0.5664233
vt 0.512596 0.6783907
vt 0.5553892 0.6783907
vt 0.5553892 0.7821393
vt 0.8654944 0.7821393
vt 0.8654944 0.6783907
vt 0.8654944 0.6783907
vt 0.8654944 0.5664233
vt 0.5553892 0.5664233
vt 0.5553892 0.6783907
vt 0.8654944 0.6783907
vt 0.8654944 0.7821393
vt 0.865725 0.7821393
vt 0.865725 0.6783907
vt 0.865725 0.6783907
vt 0.865725 0.5664233
vt 0.8654944 0.5664233
vt 0.8654944 0.6783907
vt 0.9459285 0.2969165
vt 0.9459285 0.4453034
vt 1 0.4453034
vt 1 0.2969165
vt 1 0.2969165
vt 1 0.2175737
vt 0.9459285 0.2175737
vt 0.9459285 0.2969165
vt 0.2969165 1
vt 0.4453034 1
vt 0.4453034 0.7781833
vt 0.2969165 0.7781833
vt 0.2969165 0.7781833
vt 0.2175737 0.7781833
vt 0.2175737 1
vt 0.2969165 1
vt 0.2969165 0.7781833
vt 0.4453034 0.7781833
vt 0.4453034 0.5749201
vt 0.2969165 0.5749201
vt 0.2969165 0.5749201
vt 0.2175737 0.5749201
vt 0.2175737 0.7781833
vt 0.2969165 0.7781833
vt 0.2969165 0.5749201
vt 0.4453034 0.5749201
vt 0.4453034 0.37803
vt 0.2969165 0.37803
vt 0.2969165 0.37803
vt 0.2175737 0.37803
vt 0.2175737 0.5749201
vt 0.2969165 0.5749201
vt 0.2969165 0.37803
vt 0.4453034 0.37803
vt 0.4453034 0.1443899
vt 0.2969165 0.1443899
vt 0.2969165 0.1443899
vt 0.2175737 0.1443899
vt 0.2175737 0.37803
vt 0.2969165 0.37803
vt 0.2969165 0.1443899
vt 0.4453034 0.1443899
vt 0.4453034 0
vt 0.2969165 0
vt 0.2969165 0
vt 0.2175737 0
vt 0.2175737 0.1443899
vt 0.2969165 0.1443899
vt 0 0.2969165
vt 0 0.4453034
vt 0.05407148 0.4453034
vt 0.05407148 0.2969165
vt 0.05407148 0.2969165
vt 0.05407148 0.2175737
vt 0 0.2175737
vt 0 0.2969165
vt 0.134275 0.2969165
vt 0.134275 0.4453034
vt 0.1345056 0.4453034
vt 0.1345056 0.2969165
vt 0.1345056 0.2969165
vt 0.1345056 0.2175737
vt 0.134275 0.2175737
vt 0.134275 0.2969165
vt 0.1345056 0.2969165
vt 0.1345056 0.4453034
vt 0.4446108 0.4453034
vt 0.4446108 0.2969165
vt 0.4446108 0.2969165
vt 0.4446108 0.2175737
vt 0.1345056 0.2175737
vt 0.1345056 0.2969165
vt 0.4446108 0.2969165
vt 0.4446108 0.4453034
vt 0.4446108 0.4453034
vt 0.4446108 0.2969165
vt 0.4446108 0.2969165
vt 0.4446108 0.2175737
vt 0.4446108 0.2175737
vt 0.4446108 0.2969165
vt 0.4446108 0.2969165
vt 0.4446108 0.4453034
vt 0.4446108 0.4453034
vt 0.4446108 0.2969165
vt 0.4446108 0.2969165
vt 0.4446108 0.2175737
vt 0.4446108 0.2175737
vt 0.4446108 0.2969165
vt 0.4446108 0.2969165
vt 0.4446108 0.4453034
vt 0.487404 0.4453034
vt 0.487404 0.2969165
vt 0.487404 0.2969165
vt 0.487404 0.2175737
vt 0.4446108 0.2175737
vt 0.4446108 0.2969165
vt 0.487404 0.2969165
vt 0.487404 0.4453034
vt 0.487404 0.4453034
vt 0.487404 0.2969165
vt 0.487404 0.2969165
vt 0.487404 0.2175737
vt 0.487404 0.2175737
vt 0.487404 0.2969165
vt 0.487404 0.2969165
vt 0.487404 0.4453034
vt 0.487404 0.4453034
vt 0.487404 0.2969165
vt 0.487404 0.2969165
vt 0.487404 0.2175737
vt 0.487404 0.2175737
vt 0.487404 0.2969165
vt 0.487404 0.2969165
vt 0.487404 0.4453034
vt 0.487404 0.4453034
vt 0.487404 0.2969165
vt 0.487404 0.2969165
vt 0.487404 0.2175737
vt 0.487404 0.2175737
vt 0.487404 0.2969165
vt 0.487404 0.2969165
vt 0.487404 0.4453034
vt 0.487404 0.4453034
vt 0.487404 0.2969165
vt 0.487404 0.2969165
vt 0.487404 0.2175737
vt 0.487404 0.2175737
vt 0.487404 0.2969165
vt 0.487404 0.2969165
vt 0.487404 0.4453034
vt 0.487404 0.4453034
vt 0.487404 0.2969165
vt 0.487404 0.2969165
vt 0.487404 0.2175737
vt 0.487404 0.2175737
vt 0.487404 0.2969165
vt 0.487404 0.2969165
vt 0.487404 0.4453034
vt 0.487404 0.4453034
vt 0.487404 0.2969165
vt 0.487404 0.2969165
vt 0.487404 0.2175737
vt 0.487404 0.2175737
vt 0.487404 0.2969165
vt 0.487404 0.2969165
vt 0.487404 0.4453034
vt 0.487404 0.4453034
vt 0.487404 0.2969165
vt 0.487404 0.2969165
vt 0.487404 0.2175737
vt 0.487404 0.2175737
vt 0.487404 0.2969165
vt 0.487404 0.2969165
vt 0.487404 0.4453034
vt 0.487404 0.4453034
vt 0.487404 0.2969165
vt 0.487404 0.2969165
vt 0.487404 0.2175737
vt 0.487404 0.2175737
vt 0.487404 0.2969165
vt 0.487404 0.2969165
vt 0.487404 0.4453034
vt 0.5383235 0.4453034
vt 0.5383235 0.2969165
vt 0.5383235 0.2969165
vt 0.5383235 0.2175737
vt 0.487404 0.2175737
vt 0.487404 0.2969165
vt 0.7459606 0.2969165
vt 0.7459606 0.4453034
vt 0.7459606 0.4453034
vt 0.7459606 0.2969165
vt 0.7459606 0.2969165
vt 0.7459606 0.2175737
vt 0.7459606 0.2175737
vt 0.7459606 0.2969165
vt 0.9995383 0.2969165
vt 0.9995383 0.4453034
vt 0.9995383 0.4453034
vt 0.9995383 0.2969165
vt 0.9995383 0.2969165
vt 0.9995383 0.2175737
vt 0.9995383 0.2175737
vt 0.9995383 0.2969165
vt 0.9995383 0.2969165
vt 0.9995383 0.4453034
vt 1 0.4453034
vt 1 0.2969165
vt 1 0.2969165
vt 1 0.2175737
vt 0.9995383 0.2175737
vt 0.9995383 0.2969165
vt 0.7030835 0
vt 0.5546966 0
vt 0.5546966 0.1443899
vt 0.7030835 0.1443899
vt 0.7030835 0.1443899
vt 0.7824263 0.1443899
vt 0.7824263 0
vt 0.7030835 0
vt 0.7030835 0.1443899
vt 0.5546966 0.1443899
vt 0.5546966 0.37803
vt 0.7030835 0.37803
vt 0.7030835 0.37803
vt 0.7824263 0.37803
vt 0.7824263 0.1443899
vt 0.7030835 0.1443899
vt 0.7030835 0.37803
vt 0.5546966 0.37803
vt 0.5546966 0.5749201
vt 0.7030835 0.5749201
vt 0.7030835 0.5749201
vt 0.7824263 0.5749201
vt 0.7824263 0.37803
vt 0.7030835 0.37803
vt 0.7030835 0.5749201
vt 0.5546966 0.5749201
vt 0.5546966 0.7781833
vt 0.7030835 0.7781833
vt 0.7030835 0.7781833
vt 0.7824263 0.7781833
vt 0.7824263 0.5749201
vt 0.7030835 0.5749201
vt 0.7030835 0.7781833
vt 0.5546966 0.7781833
vt 0.5546966 1
vt 0.7030835 1
vt 0.7030835 1
vt 0.7824263 1
vt 0.7824263 0.7781833
vt 0.7030835 0.7781833
vt 0 0.2969165
vt 0 0.4453034
vt 0.000461669 0.4453034
vt 0.0004616686 0.2969165
vt 0.0004616686 0.2969165
vt 0.0004616684 0.2175737
vt 0 0.2175737
vt 0 0.2969165
vt 0.4616765 0.2969165
vt 0.4616765 0.4453034
vt 0.512596 0.4453034
vt 0.512596 0.2969165
vt 0.512596 0.2969165
vt 0.512596 0.2175737
vt 0.4616765 0.2175737
vt 0.4616765 0.2969165
vt 0.512596 0.2969165
vt 0.512596 0.4453034
vt 0.5553892 0.4453034
vt 0.5553892 0.2969165
vt 0.5553892 0.2969165
vt 0.5553892 0.2175737
vt 0.512596 0.2175737
vt 0.512596 0.2969165
vt 0.5553892 0.2969165
vt 0.5553892 0.4453034
vt 0.8654944 0.4453034
vt 0.8654944 0.2969165
vt 0.8654944 0.2969165
vt 0.8654944 0.2175737
vt 0.5553892 0.2175737
vt 0.5553892 0.2969165
vt 0.8654944 0.2969165
vt 0.8654944 0.4453034
vt 0.865725 0.4453034
vt 0.865725 0.2969165
vt 0.865725 0.2969165
vt 0.865725 0.2175737
vt 0.8654944 0.2175737
vt 0.8654944 0.2969165
vt 0.865725 0.2969165
vt 0.865725 0.4453034
vt 0.9459285 0.4453034
vt 0.9459285 0.2969165
vt 0.9459285 0.2969165
vt 0.9459285 0.2175737
vt 0.865725 0.2175737
vt 0.865725 0.2969165
vt 0.9459285 0.2124524
vt 0.865725 0.2124523
vt 0.865725 0.2175737
vt 0.9459285 0.2175737
vt 0.9459285 0
vt 0.865725 0
vt 0.865725 0.2124523
vt 0.9459285 0.2124524
vt 0.9459285 0.7781833
vt 0.865725 0.7781833
vt 0.865725 1
vt 0.9459285 1
vt 0.9459285 0.5749201
vt 0.865725 0.5749201
vt 0.865725 0.7781833
vt 0.9459285 0.7781833
vt 0.9459285 0.37803
vt 0.865725 0.37803
vt 0.865725 0.5749201
vt 0.9459285 0.5749201
vt 0.9459285 0.1443899
vt 0.865725 0.1443899
vt 0.865725 0.37803
vt 0.9459285 0.37803
vt 0.9459285 0
vt 0.865725 0
vt 0.865725 0.1443899
vt 0.9459285 0.1443899
vt 0.05407148 0.2124523
vt 0.134275 0.2124524
vt 0.134275 0
vt 0.05407148 0
vt 0.05407148 0.2175737
vt 0.134275 0.2175737
vt 0.134275 0.2124524
vt 0.05407148 0.2124523
vt 0.134275 0.2969165
vt 0.134275 0.2175737
vt 0.05407148 0.2175737
vt 0.05407148 0.2969165
vt 0.05407148 0.2969165
vt 0.05407148 0.4453034
vt 0.134275 0.4453034
vt 0.134275 0.2969165
vt 0.05407148 0.5664233
vt 0.134275 0.5664233
vt 0.134275 0.4453034
vt 0.05407148 0.4453034
vt 0.134275 0.6783907
vt 0.134275 0.5664233
vt 0.05407148 0.5664233
vt 0.05407148 0.6783907
vt 0.05407148 0.6783907
vt 0.05407149 0.7821393
vt 0.134275 0.7821393
vt 0.134275 0.6783907
vt 0.05407149 0.7832232
vt 0.134275 0.7832232
vt 0.134275 0.7821393
vt 0.05407149 0.7821393
vt 0.05407149 1
vt 0.134275 1
vt 0.134275 0.7832232
vt 0.05407149 0.7832232
vt 0.05407148 0.1443899
vt 0.134275 0.1443899
vt 0.134275 0
vt 0.05407148 0
vt 0.05407149 0.37803
vt 0.134275 0.37803
vt 0.134275 0.1443899
vt 0.05407148 0.1443899
vt 0.05407149 0.5749201
vt 0.134275 0.5749201
vt 0.134275 0.37803
vt 0.05407149 0.37803
vt 0.05407149 0.7781833
vt 0.134275 0.7781833
vt 0.134275 0.5749201
vt 0.05407149 0.5749201
vt 0.05407149 1
vt 0.134275 1
vt 0.134275 0.7781833
vt 0.05407149 0.7781833
vt 0.9459285 0.7832232
vt 0.865725 0.7832232
vt 0.865725 1
vt 0.9459285 1
vt 0.9459285 0.7821393
vt 0.865725 0.7821393
vt 0.865725 0.7832232
vt 0.9459285 0.7832232
vt 0.865725 0.6783907
vt 0.865725 0.7821393
vt 0.9459285 0.7821393
vt 0.9459285 0.6783907
vt 0.9459285 0.6783907
vt 0.9459285 0.5664233
vt 0.865725 0.5664233
vt 0.865725 0.6783907
vt 0.9459285 0.4453034
vt 0.865725 0.4453034
vt 0.865725 0.4453034
vt 0.9459285 0.4453034
vt 0.865725 0.4453034
vt 0.865725 0.5664233
vt 0.865725 0.5664233
vt 0.865725 0.4453034
vt 0.865725 0.5664233
vt 0.9459285 0.5664233
vt 0.9459285 0.5664233
vt 0.865725 0.5664233
vt 0.9459285 0.5664233
vt 0.9459285 0.4453034
vt 0.9459285 0.4453034
vt 0.9459285 0.5664233
vt 0.9459285 0.4453034
vt 0.865725 0.4453034
vt 0.865725 0.5664233
vt 0.9459285 0.5664233
vt 0.1337411 1
vt 0.2540394 1
vt 0.2540394 0.7832232
vt 0.1337411 0.7832232
vt 0.1337411 0.7832232
vt 0.0004616699 0.7832232
vt 0.0004616705 1
vt 0.1337411 1
vt 0.1337411 0.7832232
vt 0.2540394 0.7832232
vt 0.2540394 0.7821393
vt 0.1337411 0.7821393
vt 0.1337411 0.7821393
vt 0.0004616699 0.7821393
vt 0.0004616699 0.7832232
vt 0.1337411 0.7832232
vt 0.1337411 0.7821393
vt 0.2540394 0.7821393
vt 0.2540394 0.6783907
vt 0.1337411 0.6783907
vt 0.1337411 0.6783907
vt 0.0004616696 0.6783907
vt 0.0004616699 0.7821393
vt 0.1337411 0.7821393
vt 0.1337411 0.5664233
vt 0.0004616693 0.5664233
vt 0.0004616696 0.6783907
vt 0.1337411 0.6783907
vt 0.1337411 0.5664233
vt 0.2540394 0.5664233
vt 0.2540394 0.4453034
vt 0.1337411 0.4453034
vt 0.1337411 0.4453034
vt 0.000461669 0.4453034
vt 0.0004616693 0.5664233
vt 0.1337411 0.5664233
vt 0.1337411 0.2969165
vt 0.0004616686 0.2969165
vt 0.000461669 0.4453034
vt 0.1337411 0.4453034
vt 0.1337411 0.2969165
vt 0.2540394 0.2969165
vt 0.2540394 0.2175737
vt 0.1337411 0.2175737
vt 0.1337411 0.2175737
vt 0.0004616684 0.2175737
vt 0.0004616686 0.2969165
vt 0.1337411 0.2969165
vt 0.1337411 0.2175737
vt 0.2540394 0.2175737
vt 0.2540394 0.2124524
vt 0.1337411 0.2124524
vt 0.1337411 0.2124524
vt 0.0004616684 0.2124523
vt 0.0004616684 0.2175737
vt 0.1337411 0.2175737
vt 0.1337411 0.2124524
vt 0.2540394 0.2124524
vt 0.2540394 0
vt 0.1337411 0
vt 0.1337411 0
vt 0.0004616678 0
vt 0.0004616684 0.2124523
vt 0.1337411 0.2124524
vt 0.1337411 1
vt 0.2540394 1
vt 0.2540394 0.7781833
vt 0.1337411 0.7781833
vt 0.1337411 0.7781833
vt 0.0004616678 0.7781833
vt 0.0004616705 1
vt 0.1337411 1
vt 0.1337411 0.7781833
vt 0.2540394 0.7781833
vt 0.2540394 0.5749201
vt 0.1337411 0.5749201
vt 0.1337411 0.5749201
vt 0.0004616678 0.5749201
vt 0.0004616705 0.7781833
vt 0.1337411 0.7781833
vt 0.1337411 0.5749201
vt 0.2540394 0.5749201
vt 0.2540394 0.37803
vt 0.1337411 0.37803
vt 0.1337411 0.37803
vt 0.0004616678 0.37803
vt 0.0004616705 0.5749201
vt 0.1337411 0.5749201
vt 0.1337411 0.37803
vt 0.2540394 0.37803
vt 0.2540394 0.1443899
vt 0.1337411 0.1443899
vt 0.1337411 0.1443899
vt 0.0004616678 0.1443899
vt 0.0004616705 0.37803
vt 0.1337411 0.37803
vt 0.1337411 0.1443899
vt 0.2540394 0.1443899
vt 0.2540394 0
vt 0.1337411 0
vt 0.1337411 0
vt 0.0004616678 0
vt 0.0004616706 0.1443899
vt 0.1337411 0.1443899
vt 0.8662589 0
vt 0.7459606 0
vt 0.7459606 0
vt 0.8662589 0
vt 0.8662589 0
vt 0.9995383 0
vt 0.9995383 0
vt 0.8662589 0
vt 0.8662589 0
vt 0.7459606 0
vt 0.7459606 0.2124523
vt 0.8662589 0.2124523
vt 0.8662589 0.2124523
vt 0.9995383 0.2124524
vt 0.9995383 0
vt 0.8662589 0
vt 0.8662589 0.2124523
vt 0.7459606 0.2124523
vt 0.7459606 0.2175737
vt 0.8662589 0.2175737
vt 0.8662589 0.2175737
vt 0.9995383 0.2175737
vt 0.9995383 0.2124524
vt 0.8662589 0.2124523
vt 0.8662589 0.2175737
vt 0.7459606 0.2175737
vt 0.7459606 0.2969165
vt 0.8662589 0.2969165
vt 0.8662589 0.2969165
vt 0.9995383 0.2969165
vt 0.9995383 0.2175737
vt 0.8662589 0.2175737
vt 0.8662589 0.2969165
vt 0.7459606 0.2969165
vt 0.7459606 0.4453034
vt 0.8662589 0.4453034
vt 0.8662589 0.4453034
vt 0.9995383 0.4453034
vt 0.9995383 0.2969165
vt 0.8662589 0.2969165
vt 0.8662589 0.4453034
vt 0.7459606 0.4453034
vt 0.7459606 0.5664233
vt 0.8662589 0.5664233
vt 0.8662589 0.5664233
vt 0.9995383 0.5664233
vt 0.9995383 0.4453034
vt 0.8662589 0.4453034
vt 0.8662589 0.5664233
vt 0.7459606 0.5664233
vt 0.7459606 0.6783907
vt 0.8662589 0.6783907
vt 0.8662589 0.6783907
vt 0.9995383 0.6783907
vt 0.9995383 0.5664233
vt 0.8662589 0.5664233
vt 0.8662589 0.6783907
vt 0.7459606 0.6783907
vt 0.7459606 0.7821393
vt 0.8662589 0.7821393
vt 0.8662589 0.7821393
vt 0.9995383 0.7821393
vt 0.9995383 0.6783907
vt 0.8662589 0.6783907
vt 0.8662589 0.7821393
vt 0.7459606 0.7821393
vt 0.7459606 0.7832232
vt 0.8662589 0.7832232
vt 0.8662589 0.7832232
vt 0.9995383 0.7832232
vt 0.9995383 0.7821393
vt 0.8662589 0.7821393
vt 0.8662589 0.7832232
vt 0.7459606 0.7832232
vt 0.7459606 1
vt 0.8662589 1
vt 0.8662589 1
vt 0.9995383 1
vt 0.9995383 0.7832232
vt 0.8662589 0.7832232
vt 0.8662589 1
vt 0.7459606 1
vt 0.7459606 1
vt 0.8662589 1
vt 0.8662589 1
vt 0.9995383 1
vt 0.9995383 1
vt 0.8662589 1
vt 0.8662589 0
vt 0.7459606 0
vt 0.7459606 0.1443899
vt 0.8662589 0.1443899
vt 0.8662589 0.1443899
vt 0.9995383 0.1443899
vt 0.9995383 0
vt 0.8662589 0
vt 0.8662589 0.1443899
vt 0.7459606 0.1443899
vt 0.7459606 0.37803
vt 0.8662589 0.37803
vt 0.8662589 0.37803
vt 0.9995383 0.37803
vt 0.9995383 0.1443899
vt 0.8662589 0.1443899
vt 0.8662589 0.37803
vt 0.7459606 0.37803
vt 0.7459606 0.5749201
vt 0.8662589 0.5749201
vt 0.8662589 0.5749201
vt 0.9995383 0.5749201
vt 0.9995383 0.37803
vt 0.8662589 0.37803
vt 0.8662589 0.5749201
vt 0.7459606 0.5749201
vt 0.7459606 0.7781833
vt 0.8662589 0.7781833
vt 0.8662589 0.7781833
vt 0.9995383 0.7781833
vt 0.9995383 0.5749201
vt 0.8662589 0.5749201
vt 0.8662589 0.7781833
vt 0.7459606 0.7781833
vt 0.7459606 1
vt 0.8662589 1
vt 0.8662589 1
vt 0.9995383 1
vt 0.9995383 0.7781833
vt 0.8662589 0.7781833
vt 0.1337411 0.4453034
vt 0.2540394 0.4453034
vt 0.2540394 0.4453034
vt 0.1337411 0.4453034
vt 0.2540394 0.4453034
vt 0.2540394 0.2969165
vt 0.2540394 0.2969165
vt 0.2540394 0.4453034
vt 0.2540394 0.2969165
vt 0.1337411 0.2969165
vt 0.1337411 0.2969165
vt 0.2540394 0.2969165
vt 0.1337411 0.2969165
vt 0.1337411 0.4453034
vt 0.1337411 0.4453034
vt 0.1337411 0.2969165
vt 0.1337411 0.4453034
vt 0.2540394 0.4453034
vt 0.2540394 0.2969165
vt 0.1337411 0.2969165
vt 0.1337411 0.6783907
vt 0.2540394 0.6783907
vt 0.2540394 0.6783907
vt 0.1337411 0.6783907
vt 0.2540394 0.6783907
vt 0.2540394 0.5664233
vt 0.2540394 0.5664233
vt 0.2540394 0.6783907
vt 0.2540394 0.5664233
vt 0.1337411 0.5664233
vt 0.1337411 0.5664233
vt 0.2540394 0.5664233
vt 0.1337411 0.5664233
vt 0.1337411 0.6783907
vt 0.1337411 0.6783907
vt 0.1337411 0.5664233
vt 0.1337411 0.6783907
vt 0.2540394 0.6783907
vt 0.2540394 0.5664233
vt 0.1337411 0.5664233
vt 0.6725833 0.5664233
vt 0.7459606 0.5664233
vt 0.7459606 0.4453034
vt 0.6725833 0.4453034
vt 0.6725833 0.4453034
vt 0.7459606 0.4453034
vt 0.7459606 0.2969165
vt 0.6725833 0.2969165
vt 0.6725833 0.2969165
vt 0.7459606 0.2969165
vt 0.7459606 0.2175737
vt 0.6725833 0.2175737
vt 0.6725833 0.2175737
vt 0.7459606 0.2175737
vt 0.7459606 0.2124524
vt 0.6725833 0.2124524
vt 0.6725833 0.2124524
vt 0.7459606 0.2124524
vt 0.7459606 0
vt 0.6725833 0
vt 0.3274167 0
vt 0.2540394 0
vt 0.2540394 0.1443899
vt 0.3274167 0.1443899
vt 0.3274167 0.1443899
vt 0.2540394 0.1443899
vt 0.2540394 0.37803
vt 0.3274167 0.37803
vt 0.3274167 0.37803
vt 0.2540394 0.37803
vt 0.2540394 0.5749201
vt 0.3274167 0.5749201
vt 0.3274167 0.5749201
vt 0.2540394 0.5749201
vt 0.2540394 0.7781833
vt 0.3274167 0.7781833
vt 0.3274167 0.7781833
vt 0.2540394 0.7781833
vt 0.2540394 1
vt 0.3274167 1
vt 0.3274167 0
vt 0.2540394 0
vt 0.2540394 0.2124523
vt 0.3274167 0.2124523
vt 0.3274167 0.2124523
vt 0.2540394 0.2124523
vt 0.2540394 0.2175737
vt 0.3274167 0.2175737
vt 0.3274167 0.2175737
vt 0.2540394 0.2175737
vt 0.2540394 0.2969165
vt 0.3274167 0.2969165
vt 0.3274167 0.2969165
vt 0.2540394 0.2969165
vt 0.2540394 0.4453034
vt 0.3274167 0.4453034
vt 0.3274167 0.4453034
vt 0.2540394 0.4453034
vt 0.2540394 0.5664233
vt 0.3274167 0.5664233
vt 0.3274167 0.5664233
vt 0.2540394 0.5664233
vt 0.2540394 0.6783907
vt 0.3274167 0.6783907
vt 0.3274167 0.6783907
vt 0.2540394 0.6783907
vt 0.2540394 0.7821393
vt 0.3274167 0.7821393
vt 0.3274167 0.7821393
vt 0.2540394 0.7821393
vt 0.2540394 0.7832232
vt 0.3274167 0.7832232
vt 0.3274167 0.7832232
vt 0.2540394 0.7832232
vt 0.2540394 1
vt 0.3274167 1
vt 0.6725833 1
vt 0.7459606 1
vt 0.7459606 0.7781833
vt 0.6725833 0.7781833
vt 0.6725833 0.7781833
vt 0.7459606 0.7781833
vt 0.7459606 0.5749201
vt 0.6725833 0.5749201
vt 0.6725833 0.5749201
vt 0.7459606 0.5749201
vt 0.7459606 0.37803
vt 0.6725833 0.37803
vt 0.6725833 0.37803
vt 0.7459606 0.37803
vt 0.7459606 0.1443899
vt 0.6725833 0.1443899
vt 0.6725833 0.1443899
vt 0.7459606 0.1443899
vt 0.7459606 0
vt 0.6725833 0
vt 0.6725833 1
vt 0.7459606 1
vt 0.7459606 0.7832232
vt 0.6725833 0.7832232
vt 0.6725833 0.7832232
vt 0.7459606 0.7832232
vt 0.7459606 0.7821393
vt 0.6725833 0.7821393
vt 0.6725833 0.7821393
vt 0.7459606 0.7821393
vt 0.7459606 0.6783907
vt 0.6725833 0.6783907
vt 0.6725833 0.6783907
vt 0.7459606 0.6783907
vt 0.7459606 0.5664233
vt 0.6725833 0.5664233
vt 0.610154 0.4453034
vt 0.5383235 0.4453034
vt 0.5383235 0.5664233
vt 0.610154 0.5664233
vt 0.610154 0.5664233
vt 0.5383235 0.5664233
vt 0.5383235 0.6783907
vt 0.610154 0.6783907
vt 0.610154 0.6783907
vt 0.6725833 0.6783907
vt 0.6725833 0.5664233
vt 0.610154 0.5664233
vt 0.610154 0.6783907
vt 0.5383235 0.6783907
vt 0.5383235 0.7821393
vt 0.610154 0.7821393
vt 0.610154 0.7821393
vt 0.6725833 0.7821393
vt 0.6725833 0.6783907
vt 0.610154 0.6783907
vt 0.610154 0.7821393
vt 0.5383235 0.7821393
vt 0.5383235 0.7832232
vt 0.610154 0.7832232
vt 0.610154 0.7832232
vt 0.6725833 0.7832232
vt 0.6725833 0.7821393
vt 0.610154 0.7821393
vt 0.610154 0.7832232
vt 0.5383235 0.7832232
vt 0.5383235 1
vt 0.610154 1
vt 0.610154 1
vt 0.6725833 1
vt 0.6725833 0.7832232
vt 0.610154 0.7832232
vt 0.610154 0
vt 0.5383235 0
vt 0.5383235 0.1443899
vt 0.610154 0.1443899
vt 0.610154 0.1443899
vt 0.6725833 0.1443899
vt 0.6725833 0
vt 0.610154 0
vt 0.610154 0.1443899
vt 0.5383235 0.1443899
vt 0.5383235 0.37803
vt 0.610154 0.37803
vt 0.610154 0.37803
vt 0.6725833 0.37803
vt 0.6725833 0.1443899
vt 0.610154 0.1443899
vt 0.610154 0.37803
vt 0.5383235 0.37803
vt 0.5383235 0.5749201
vt 0.610154 0.5749201
vt 0.610154 0.5749201
vt 0.6725833 0.5749201
vt 0.6725833 0.37803
vt 0.610154 0.37803
vt 0.610154 0.5749201
vt 0.5383235 0.5749201
vt 0.5383235 0.7781833
vt 0.610154 0.7781833
vt 0.610154 0.7781833
vt 0.6725833 0.7781833
vt 0.6725833 0.5749201
vt 0.610154 0.5749201
vt 0.610154 0.7781833
vt 0.5383235 0.7781833
vt 0.5383235 1
vt 0.610154 1
vt 0.610154 1
vt 0.6725833 1
vt 0.6725833 0.7781833
vt 0.610154 0.7781833
vt 0.3898459 1
vt 0.4616765 1
vt 0.4616765 0.7832232
vt 0.3898459 0.7832232
vt 0.3898459 0.7832232
vt 0.3274167 0.7832232
vt 0.3274167 1
vt 0.3898459 1
vt 0.3898459 0.7832232
vt 0.4616765 0.7832232
vt 0.4616765 0.7821393
vt 0.3898459 0.7821393
vt 0.3898459 0.7821393
vt 0.3274167 0.7821393
vt 0.3274167 0.7832232
vt 0.3898459 0.7832232
vt 0.3898459 0.7821393
vt 0.4616765 0.7821393
vt 0.4616765 0.6783907
vt 0.3898459 0.6783907
vt 0.3898459 0.6783907
vt 0.3274167 0.6783907
vt 0.3274167 0.7821393
vt 0.3898459 0.7821393
vt 0.3898459 0.6783907
vt 0.4616765 0.6783907
vt 0.4616765 0.5664233
vt 0.389846 0.5664233
vt 0.389846 0.5664233
vt 0.3274167 0.5664233
vt 0.3274167 0.6783907
vt 0.3898459 0.6783907
vt 0.389846 0.5664233
vt 0.4616765 0.5664233
vt 0.4616765 0.4453034
vt 0.389846 0.4453034
vt 0.389846 0.4453034
vt 0.3274167 0.4453034
vt 0.3274167 0.5664233
vt 0.389846 0.5664233
vt 0.389846 0.4453034
vt 0.4616765 0.4453034
vt 0.4616765 0.2969165
vt 0.389846 0.2969165
vt 0.389846 0.2969165
vt 0.3274167 0.2969165
vt 0.3274167 0.4453034
vt 0.389846 0.4453034
vt 0.389846 0.2969165
vt 0.4616765 0.2969165
vt 0.4616765 0.2175737
vt 0.389846 0.2175737
vt 0.389846 0.2175737
vt 0.3274167 0.2175737
vt 0.3274167 0.2969165
vt 0.389846 0.2969165
vt 0.389846 0.2175737
vt 0.4616765 0.2175737
vt 0.4616765 0.2124524
vt 0.389846 0.2124523
vt 0.389846 0.2124523
vt 0.3274167 0.2124523
vt 0.3274167 0.2175737
vt 0.389846 0.2175737
vt 0.389846 0.2124523
vt 0.4616765 0.2124524
vt 0.4616765 0
vt 0.389846 0
vt 0.389846 0
vt 0.3274167 0
vt 0.3274167 0.2124523
vt 0.389846 0.2124523
vt 0.3898459 1
vt 0.4616765 1
vt 0.4616765 0.7781833
vt 0.3898459 0.7781833
vt 0.3898459 0.7781833
vt 0.3274167 0.7781833
vt 0.3274167 1
vt 0.3898459 1
vt 0.3898459 0.7781833
vt 0.4616765 0.7781833
vt 0.4616765 0.5749201
vt 0.3898459 0.5749201
vt 0.3898459 0.5749201
vt 0.3274167 0.5749201
vt 0.3274167 0.7781833
vt 0.3898459 0.7781833
vt 0.3898459 0.5749201
vt 0.4616765 0.5749201
vt 0.4616765 0.37803
vt 0.3898459 0.37803
vt 0.3898459 0.37803
vt 0.3274167 0.37803
vt 0.3274167 0.5749201
vt 0.3898459 0.5749201
vt 0.3898459 0.37803
vt 0.4616765 0.37803
vt 0.4616765 0.1443899
vt 0.389846 0.1443899
vt 0.389846 0.1443899
vt 0.3274167 0.1443899
vt 0.3274167 0.37803
vt 0.3898459 0.37803
vt 0.389846 0.1443899
vt 0.4616765 0.1443899
vt 0.4616765 0
vt 0.389846 0
vt 0.389846 0
vt 0.3274167 0
vt 0.3274167 0.1443899
vt 0.389846 0.1443899
vt 0.610154 0
vt 0.5383235 0
vt 0.5383235 0.2124523
vt 0.610154 0.2124524
vt 0.610154 0.2124524
vt 0.6725833 0.2124524
vt 0.6725833 0
vt 0.610154 0
vt 0.610154 0.2124524
vt 0.5383235 0.2124523
vt 0.5383235 0.2175737
vt 0.610154 0.2175737
vt 0.610154 0.2175737
vt 0.6725833 0.2175737
vt 0.6725833 0.2124524
vt 0.610154 0.2124524
vt 0.610154 0.2175737
vt 0.5383235 0.2175737
vt 0.5383235 0.2969165
vt 0.610154 0.2969165
vt 0.610154 0.2969165
vt 0.6725833 0.2969165
vt 0.6725833 0.2175737
vt 0.610154 0.2175737
vt 0.610154 0.2969165
vt 0.5383235 0.2969165
vt 0.5383235 0.4453034
vt 0.610154 0.4453034
vt 0.610154 0.4453034
vt 0.6725833 0.4453034
vt 0.6725833 0.2969165
vt 0.610154 0.2969165
vt 0.610154 0.5664233
vt 0.6725833 0.5664233
vt 0.6725833 0.4453034
vt 0.610154 0.4453034
vt 0.610154 0.5664233
vt 0.610154 0.5664233
vt 0.6725833 0.5664233
vt 0.6725833 0.5664233
vt 0.610154 0.4453034
vt 0.610154 0.4453034
vt 0.610154 0.5664233
vt 0.610154 0.5664233
vt 0.6725833 0.4453034
vt 0.6725833 0.4453034
vt 0.610154 0.4453034
vt 0.610154 0.4453034
vt 0.6725833 0.5664233
vt 0.6725833 0.5664233
vt 0.6725833 0.4453034
vt 0.6725833 0.4453034
vt 0.6725833 0.5664233
vt 0.6725833 0.5664233
vt 0.610154 0.5664233
vt 0.610154 0.5664233
vt 0.610154 0.5664233
vt 0.610154 0.5664233
vt 0.6725833 0.5664233
vt 0.6725833 0.5664233
vt 0.610154 0.5664233
vt 0.610154 0.5664233
vt 0.610154 0.4453034
vt 0.610154 0.4453034
vt 0.610154 0.4453034
vt 0.610154 0.4453034
vt 0.610154 0.5664233
vt 0.610154 0.5664233
vt 0.610154 0.4453034
vt 0.610154 0.4453034
vt 0.6725833 0.4453034
vt 0.6725833 0.4453034
vt 0.6725833 0.4453034
vt 0.6725833 0.4453034
vt 0.610154 0.4453034
vt 0.610154 0.4453034
vt 0.6725833 0.4453034
vt 0.6725833 0.4453034
vt 0.6725833 0.5664233
vt 0.6725833 0.5664233
vt 0.6725833 0.5664233
vt 0.6725833 0.5664233
vt 0.6725833 0.4453034
vt 0.6725833 0.4453034
usemtl Material
f 3/3/3 2/2/2 1/1/1
f 3/3/3 1/1/1 4/4/4
f 7/7/7 6/6/6 5/5/5
f 7/7/7 5/5/5 8/8/8
f 11/11/11 10/10/10 9/9/9
f 11/11/11 9/9/9 12/12/12
f 15/15/15 14/14/14 13/13/13
f 15/15/15 13/13/13 16/16/16
f 19/19/19 18/18/18 17/17/17
f 19/19/19 17/17/17 20/20/20
f 23/23/23 22/22/22 21/21/21
f 23/23/23 21/21/21 24/24/24
f 27/27/27 26/26/26 25/25/25
f 27/27/27 25/25/25 28/28/28
f 31/31/31 30/30/30 29/29/29
f 31/31/31 29/29/29 32/32/32
f 35/35/35 34/34/34 33/33/33
f 35/35/35 33/33/33 36/36/36
f 39/39/39 38/38/38 37/37/37
f 39/39/39 37/37/37 40/40/40
f 43/43/43 42/42/42 41/41/41
f 43/43/43 41/41/41 44/44/44
f 47/47/47 46/46/46 45/45/45
f 47/47/47 45/45/45 48/48/48
f 51/51/51 50/50/50 49/49/49
f 51/51/51 49/49/49 52/52/52
f 55/55/55 54/54/54 53/53/53
f 55/55/55 53/53/53 56/56/56
f 59/59/59 58/58/58 57/57/57
f 59/59/59 57/57/57 60/60/60
f 63/63/63 62/62/62 61/61/61
f 63/63/63 61/61/61 64/64/64
f 67/67/67 66/66/66 65/65/65
f 67/67/67 65/65/65 68/68/68
f 71/71/71 70/70/70 69/69/69
f 71/71/71 69/69/69 72/72/72
f 75/75/75 74/74/74 73/73/73
f 75/75/75 73/73/73 76/76/76
f 79/79/79 78/78/78 77/77/77
f 79/79/79 77/77/77 80/80/80
f 83/83/83 82/82/82 81/81/81
f 83/83/83 81/81/81 84/84/84
f 87/87/87 86/86/86 85/85/85
f 87/87/87 85/85/85 88/88/88
f 91/91/91 90/90/90 89/89/89
f 91/91/91 89/89/89 92/92/92
f 95/95/95 94/94/94 93/93/93
f 95/95/95 93/93/93 96/96/96
f 99/99/99 98/98/98 97/97/97
f 99/99/99 97/97/97 100/100/100
f 103/103/103 102/102/102 101/101/101
f 103/103/103 101/101/101 104/104/104
f 107/107/107 106/106/106 105/105/105
f 107/107/107 105/105/105 108/108/108
f 111/111/111 110/110/110 109/109/109
f 111/111/111 109/109/109 112/112/112
f 115/115/115 114/114/114 113/113/113
f 115/115/115 113/113/113 116/116/116
f 119/119/119 118/118/118 117/117/117
f 119/119/119 117/117/117 120/120/120
f 123/123/123 122/122/122 121/121/121
f 123/123/123 121/121/121 124/124/124
f 127/127/127 126/126/126 125/125/125
f 127/127/127 125/125/125 128/128/128
f 131/131/131 130/130/130 129/129/129
f 131/131/131 129/129/129 132/132/132
f 135/135/135 134/134/134 133/133/133
f 135/135/135 133/133/133 136/136/136
f 139/139/139 138/138/138 137/137/137
f 139/139/139 137/137/137 140/140/140
f 143/143/143 142/142/142 141/141/141
f 143/143/143 141/141/141 144/144/144
f 147/147/147 146/146/146 145/145/145
f 147/147/147 145/145/145 148/148/148
f 151/151/151 150/150/150 149/149/149
f 151/151/151 149/149/149 152/152/152
f 155/155/155 154/154/154 153/153/153
f 155/155/155 153/153/153 156/156/156
f 159/159/159 158/158/158 157/157/157
f 159/159/159 157/157/157 160/160/160
f 163/163/163 162/162/162 161/161/161
f 163/163/163 161/161/161 164/164/164
f 167/167/167 166/166/166 165/165/165
f 167/167/167 165/165/165 168/168/168
f 171/171/171 170/170/170 169/169/169
f 171/171/171 169/169/169 172/172/172
f 175/175/175 174/174/174 173/173/173
f 175/175/175 173/173/173 176/176/176
f 179/179/179 178/178/178 177/177/177
f 179/179/179 177/177/177 180/180/180
f 183/183/183 182/182/182 181/181/181
f 183/183/183 181/181/181 184/184/184
f 187/187/187 186/186/186 185/185/185
f 187/187/187 185/185/185 188/188/188
f 191/191/191 190/190/190 189/189/189
f 191/191/191 189/189/189 192/192/192
f 195/195/195 194/194/194 193/193/193
f 195/195/195 193/193/193 196/196/196
f 199/199/199 198/198/198 197/197/197
f 199/199/199 197/197/197 200/200/200
f 203/203/203 202/202/202 201/201/201
f 203/203/203 201/201/201 204/204/204
f 207/207/207 206/206/206 205/205/205
f 207/207/207 205/205/205 208/208/208
f 211/211/211 210/210/210 209/209/209
f 211/211/211 209/209/209 212/212/212
f 215/215/215 214/214/214 213/213/213
f 215/215/215 213/213/213 216/216/216
f 219/219/219 218/218/218 217/217/217
f 219/219/219 217/217/217 220/220/220
f 223/223/223 222/222/222 221/221/221
f 223/223/223 221/221/221 224/224/224
f 227/227/227 226/226/226 225/225/225
f 227/227/227 225/225/225 228/228/228
f 231/231/231 230/230/230 229/229/229
f 231/231/231 229/229/229 232/232/232
f 235/235/235 234/234/234 233/233/233
f 235/235/235 233/233/233 236/236/236
f 239/239/239 238/238/238 237/237/237
f 239/239/239 237/237/237 240/240/240
f 243/243/243 242/242/242 241/241/241
f 243/243/243 241/241/241 244/244/244
f 247/247/247 246/246/246 245/245/245
f 247/247/247 245/245/245 248/248/248
f 251/251/251 250/250/250 249/249/249
f 251/251/251 249/249/249 252/252/252
f 255/255/255 254/254/254 253/253/253
f 255/255/255 253/253/253 256/256/256
f 259/259/259 258/258/258 257/257/257
f 259/259/259 257/257/257 260/260/260
f 263/263/263 262/262/262 261/261/261
f 263/263/263 261/261/261 264/264/264
f 267/267/267 266/266/266 265/265/265
f 267/267/267 265/265/265 268/268/268
f 271/271/271 270/270/270 269/269/269
f 271/271/271 269/269/269 272/272/272
f 275/275/275 274/274/274 273/273/273
f 275/275/275 273/273/273 276/276/276
f 279/279/279 278/278/278 277/277/277
f 279/279/279 277/277/277 280/280/280
f 283/283/283 282/282/282 281/281/281
f 283/283/283 281/281/281 284/284/284
f 287/287/287 286/286/286 285/285/285
f 287/287/287 285/285/285 288/288/288
f 291/291/291 290/290/290 289/289/289
f 291/291/291 289/289/289 292/292/292
f 295/295/295 294/294/294 293/293/293
f 295/295/295 293/293/293 296/296/296
f 299/299/299 298/298/298 297/297/297
f 299/299/299 297/297/297 300/300/300
f 303/303/303 302/302/302 301/301/301
f 303/303/303 301/301/301 304/304/304
f 307/307/307 306/306/306 305/305/305
f 307/307/307 305/305/305 308/308/308
f 311/311/311 310/310/310 309/309/309
f 311/311/311 309/309/309 312/312/312
f 315/315/315 314/314/314 313/313/313
f 315/315/315 313/313/313 316/316/316
f 319/319/319 318/318/318 317/317/317
f 319/319/319 317/317/317 320/320/320
f 323/323/323 322/322/322 321/321/321
f 323/323/323 321/321/321 324/324/324
f 327/327/327 326/326/326 325/325/325
f 327/327/327 325/325/325 328/328/328
f 331/331/331 330/330/330 329/329/329
f 331/331/331 329/329/329 332/332/332
f 335/335/335 334/334/334 333/333/333
f 335/335/335 333/333/333 336/336/336
f 339/339/339 338/338/338 337/337/337
f 339/339/339 337/337/337 340/340/340
f 343/343/343 342/342/342 341/341/341
f 343/343/343 341/341/341 344/344/344
f 347/347/347 346/346/346 345/345/345
f 347/347/347 345/345/345 348/348/348
f 351/351/351 350/350/350 349/349/349
f 351/351/351 349/349/349 352/352/352
f 355/355/355 354/354/354 353/353/353
f 355/355/355 353/353/353 356/356/356
f 359/359/359 358/358/358 357/357/357
f 359/359/359 357/357/357 360/360/360
f 363/363/363 362/362/362 361/361/361
f 363/363/363 361/361/361 364/364/364
f 367/367/367 366/366/366 365/365/365
f 367/367/367 365/365/365 368/368/368
f 371/371/371 370/370/370 369/369/369
f 371/371/371 369/369/369 372/372/372
f 375/375/375 374/374/374 373/373/373
f 375/375/375 373/373/373 376/376/376
f 379/379/379 378/378/378 377/377/377
f 379/379/379 377/377/377 380/380/380
f 383/383/383 382/382/382 381/381/381
f 383/383/383 381/381/381 384/384/384
f 387/387/387 386/386/386 385/385/385
f 387/387/387 385/385/385 388/388/388
f 391/391/391 390/390/390 389/389/389
f 391/391/391 389/389/389 392/392/392
f 395/395/395 394/394/394 393/393/393
f 395/395/395 393/393/393 396/396/396
f 399/399/399 398/398/398 397/397/397
f 399/399/399 397/397/397 400/400/400
f 403/403/403 402/402/402 401/401/401
f 403/403/403 401/401/401 404/404/404
f 407/407/407 406/406/406 405/405/405
f 407/407/407 405/405/405 408/408/408
f 411/411/411 410/410/410 409/409/409
f 411/411/411 409/409/409 412/412/412
f 415/415/415 414/414/414 413/413/413
f 415/415/415 413/413/413 416/416/416
f 419/419/419 418/418/418 417/417/417
f 419/419/419 417/417/417 420/420/420
f 423/423/423 422/422/422 421/421/421
f 423/423/423 421/421/421 424/424/424
f 427/427/427 426/426/426 425/425/425
f 427/427/427 425/425/425 428/428/428
f 431/431/431 430/430/430 429/429/429
f 431/431/431 429/429/429 432/432/432
f 435/435/435 434/434/434 433/433/433
f 435/435/435 433/433/433 436/436/436
f 439/439/439 438/438/438 437/437/437
f 439/439/439 437/437/437 440/440/440
f 443/443/443 442/442/442 441/441/441
f 443/443/443 441/441/441 444/444/444
f 447/447/447 446/446/446 445/445/445
f 447/447/447 445/445/445 448/448/448
f 451/451/451 450/450/450 449/449/449
f 451/451/451 449/449/449 452/452/452
f 455/455/455 454/454/454 453/453/453
f 455/455/455 453/453/453 456/456/456
f 459/459/459 458/458/458 457/457/457
f 459/459/459 457/457/457 460/460/460
f 463/463/463 462/462/462 461/461/461
f 463/463/463 461/461/461 464/464/464
f 467/467/467 466/466/466 465/465/465
f 467/467/467 465/465/465 468/468/468
f 471/471/471 470/470/470 469/469/469
f 471/471/471 469/469/469 472/472/472
f 475/475/475 474/474/474 473/473/473
f 475/475/475 473/473/473 476/476/476
f 479/479/479 478/478/478 477/477/477
f 479/479/479 477/477/477 480/480/480
f 483/483/483 482/482/482 481/481/481
f 483/483/483 481/481/481 484/484/484
f 487/487/487 486/486/486 485/485/485
f 487/487/487 485/485/485 488/488/488
f 491/491/491 490/490/490 489/489/489
f 491/491/491 489/489/489 492/492/492
f 495/495/495 494/494/494 493/493/493
f 495/495/495 493/493/493 496/496/496
f 499/499/499 498/498/498 497/497/497
f 499/499/499 497/497/497 500/500/500
f 503/503/503 502/502/502 501/501/501
f 503/503/503 501/501/501 504/504/504
f 507/507/507 506/506/506 505/505/505
f 507/507/507 505/505/505 508/508/508
f 511/511/511 510/510/510 509/509/509
f 511/511/511 509/509/509 512/512/512
f 515/515/515 514/514/514 513/513/513
f 515/515/515 513/513/513 516/516/516
f 519/519/519 518/518/518 517/517/517
f 519/519/519 517/517/517 520/520/520
f 523/523/523 522/522/522 521/521/521
f 523/523/523 521/521/521 524/524/524
f 527/527/527 526/526/526 525/525/525
f 527/527/527 525/525/525 528/528/528
f 531/531/531 530/530/530 529/529/529
f 531/531/531 529/529/529 532/532/532
f 535/535/535 534/534/534 533/533/533
f 535/535/535 533/533/533 536/536/536
f 539/539/539 538/538/538 537/537/537
f 539/539/539 537/537/537 540/540/540
f 543/543/543 542/542/542 541/541/541
f 543/543/543 541/541/541 544/544/544
f 547/547/547 546/546/546 545/545/545
f 547/547/547 545/545/545 548/548/548
f 551/551/551 550/550/550 549/549/549
f 551/551/551 549/549/549 552/552/552
f 555/555/555 554/554/554 553/553/553
f 555/555/555 553/553/553 556/556/556
f 559/559/559 558/558/558 557/557/557
f 559/559/559 557/557/557 560/560/560
f 563/563/563 562/562/562 561/561/561
f 563/563/563 561/561/561 564/564/564
f 567/567/567 566/566/566 565/565/565
f 567/567/567 565/565/565 568/568/568
f 571/571/571 570/570/570 569/569/569
f 571/571/571 569/569/569 572/572/572
f 575/575/575 574/574/574 573/573/573
f 575/575/575 573/573/573 576/576/576
f 579/579/579 578/578/578 577/577/577
f 579/579/579 577/577/577 580/580/580
f 583/583/583 582/582/582 581/581/581
f 583/583/583 581/581/581 584/584/584
f 587/587/587 586/586/586 585/585/585
f 587/587/587 585/585/585 588/588/588
f 591/591/591 590/590/590 589/589/589
f 591/591/591 589/589/589 592/592/592
f 595/595/595 594/594/594 593/593/593
f 595/595/595 593/593/593 596/596/596
f 599/599/599 598/598/598 597/597/597
f 599/599/599 597/597/597 600/600/600
f 603/603/603 602/602/602 601/601/601
f 603/603/603 601/601/601 604/604/604
f 607/607/607 606/606/606 605/605/605
f 607/607/607 605/605/605 608/608/608
f 611/611/611 610/610/610 609/609/609
f 611/611/611 609/609/609 612/612/612
f 615/615/615 614/614/614 613/613/613
f 615/615/615 613/613/613 616/616/616
f 619/619/619 618/618/618 617/617/617
f 619/619/619 617/617/617 620/620/620
f 623/623/623 622/622/622 621/621/621
f 623/623/623 621/621/621 624/624/624
f 627/627/627 626/626/626 625/625/625
f 627/627/627 625/625/625 628/628/628
f 631/631/631 630/630/630 629/629/629
f 631/631/631 629/629/629 632/632/632
f 635/635/635 634/634/634 633/633/633
f 635/635/635 633/633/633 636/636/636
f 639/639/639 638/638/638 637/637/637
f 639/639/639 637/637/637 640/640/640
f 643/643/643 642/642/642 641/641/641
f 643/643/643 641/641/641 644/644/644
f 647/647/647 646/646/646 645/645/645
f 647/647/647 645/645/645 648/648/648
f 651/651/651 650/650/650 649/649/649
f 651/651/651 649/649/649 652/652/652
f 655/655/655 654/654/654 653/653/653
f 655/655/655 653/653/653 656/656/656
f 659/659/659 658/658/658 657/657/657
f 659/659/659 657/657/657 660/660/660
f 663/663/663 662/662/662 661/661/661
f 663/663/663 661/661/661 664/664/664
f 667/667/667 666/666/666 665/665/665
f 667/667/667 665/665/665 668/668/668
f 671/671/671 670/670/670 669/669/669
f 671/671/671 669/669/669 672/672/672
f 675/675/675 674/674/674 673/673/673
f 675/675/675 673/673/673 676/676/676
f 679/679/679 678/678/678 677/677/677
f 679/679/679 677/677/677 680/680/680
f 683/683/683 682/682/682 681/681/681
f 683/683/683 681/681/681 684/684/684
f 687/687/687 686/686/686 685/685/685
f 687/687/687 685/685/685 688/688/688
f 691/691/691 690/690/690 689/689/689
f 691/691/691 689/689/689 692/692/692
f 695/695/695 694/694/694 693/693/693
f 695/695/695 693/693/693 696/696/696
f 699/699/699 698/698/698 697/697/697
f 699/699/699 697/697/697 700/700/700
f 703/703/703 702/702/702 701/701/701
f 703/703/703 701/701/701 704/704/704
f 707/707/707 706/706/706 705/705/705
f 707/707/707 705/705/705 708/708/708
f 711/711/711 710/710/710 709/709/709
f 711/711/711 709/709/709 712/712/712
f 715/715/715 714/714/714 713/713/713
f 715/715/715 713/713/713 716/716/716
f 719/719/719 718/718/718 717/717/717
f 719/719/719 717/717/717 720/720/720
f 723/723/723 722/722/722 721/721/721
f 723/723/723 721/721/721 724/724/724
f 727/727/727 726/726/726 725/725/725
f 727/727/727 725/725/725 728/728/728
f 731/731/731 730/730/730 729/729/729
f 731/731/731 729/729/729 732/732/732
f 735/735/735 734/734/734 733/733/733
f 735/735/735 733/733/733 736/736/736
f 739/739/739 738/738/738 737/737/737
f 739/739/739 737/737/737 740/740/740
f 743/743/743 742/742/742 741/741/741
f 743/743/743 741/741/741 744/744/744
f 747/747/747 746/746/746 745/745/745
f 747/747/747 745/745/745 748/748/748
f 751/751/751 750/750/750 749/749/749
f 751/751/751 749/749/749 752/752/752
f 755/755/755 754/754/754 753/753/753
f 755/755/755 753/753/753 756/756/756
f 759/759/759 758/758/758 757/757/757
f 759/759/759 757/757/757 760/760/760
f 763/763/763 762/762/762 761/761/761
f 763/763/763 761/761/761 764/764/764
f 767/767/767 766/766/766 765/765/765
f 767/767/767 765/765/765 768/768/768
f 771/771/771 770/770/770 769/769/769
f 771/771/771 769/769/769 772/772/772
f 775/775/775 774/774/774 773/773/773
f 775/775/775 773/773/773 776/776/776
f 779/779/779 778/778/778 777/777/777
f 779/779/779 777/777/777 780/780/780
f 783/783/783 782/782/782 781/781/781
f 783/783/783 781/781/781 784/784/784
f 787/787/787 786/786/786 785/785/785
f 787/787/787 785/785/785 788/788/788
f 791/791/791 790/790/790 789/789/789
f 791/791/791 789/789/789 792/792/792
f 795/795/795 794/794/794 793/793/793
f 795/795/795 793/793/793 796/796/796
f 799/799/799 798/798/798 797/797/797
f 799/799/799 797/797/797 800/800/800
f 803/803/803 802/802/802 801/801/801
f 803/803/803 801/801/801 804/804/804
f 807/807/807 806/806/806 805/805/805
f 807/807/807 805/805/805 808/808/808
f 811/811/811 810/810/810 809/809/809
f 811/811/811 809/809/809 812/812/812
f 815/815/815 814/814/814 813/813/813
f 815/815/815 813/813/813 816/816/816
f 819/819/819 818/818/818 817/817/817
f 819/819/819 817/817/817 820/820/820
f 823/823/823 822/822/822 821/821/821
f 823/823/823 821/821/821 824/824/824
f 827/827/827 826/826/826 825/825/825
f 827/827/827 825/825/825 828/828/828
f 831/831/831 830/830/830 829/829/829
f 831/831/831 829/829/829 832/832/832
f 835/835/835 834/834/834 833/833/833
f 835/835/835 833/833/833 836/836/836
f 839/839/839 838/838/838 837/837/837
f 839/839/839 837/837/837 840/840/840
f 843/843/843 842/842/842 841/841/841
f 843/843/843 841/841/841 844/844/844
f 847/847/847 846/846/846 845/845/845
f 847/847/847 845/845/845 848/848/848
f 851/851/851 850/850/850 849/849/849
f 851/851/851 849/849/849 852/852/852
f 855/855/855 854/854/854 853/853/853
f 855/855/855 853/853/853 856/856/856
f 859/859/859 858/858/858 857/857/857
f 859/859/859 857/857/857 860/860/860
f 863/863/863 862/862/862 861/861/861
f 863/863/863 861/861/861 864/864/864
f 867/867/867 866/866/866 865/865/865
f 867/867/867 865/865/865 868/868/868
f 871/871/871 870/870/870 869/869/869
f 871/871/871 869/869/869 872/872/872
f 875/875/875 874/874/874 873/873/873
f 875/875/875 873/873/873 876/876/876
f 879/879/879 878/878/878 877/877/877
f 879/879/879 877/877/877 880/880/880
f 883/883/883 882/882/882 881/881/881
f 883/883/883 881/881/881 884/884/884
f 887/887/887 886/886/886 885/885/885
f 887/887/887 885/885/885 888/888/888
f 891/891/891 890/890/890 889/889/889
f 891/891/891 889/889/889 892/892/892
f 895/895/895 894/894/894 893/893/893
f 895/895/895 893/893/893 896/896/896
f 899/899/899 898/898/898 897/897/897
f 899/899/899 897/897/897 900/900/900
f 903/903/903 902/902/902 901/901/901
f 903/903/903 901/901/901 904/904/904
f 907/907/907 906/906/906 905/905/905
f 907/907/907 905/905/905 908/908/908
f 911/911/911 910/910/910 909/909/909
f 911/911/911 909/909/909 912/912/912
f 915/915/915 914/914/914 913/913/913
f 915/915/915 913/913/913 916/916/916
f 919/919/919 918/918/918 917/917/917
f 919/919/919 917/917/917 920/920/920
f 923/923/923 922/922/922 921/921/921
f 923/923/923 921/921/921 924/924/924
f 927/927/927 926/926/926 925/925/925
f 927/927/927 925/925/925 928/928/928
f 931/931/931 930/930/930 929/929/929
f 931/931/931 929/929/929 932/932/932
f 935/935/935 934/934/934 933/933/933
f 935/935/935 933/933/933 936/936/936
f 939/939/939 938/938/938 937/937/937
f 939/939/939 937/937/937 940/940/940
f 943/943/943 942/942/942 941/941/941
f 943/943/943 941/941/941 944/944/944
f 947/947/947 946/946/946 945/945/945
f 947/947/947 945/945/945 948/948/948
f 951/951/951 950/950/950 949/949/949
f 951/951/951 949/949/949 952/952/952
f 955/955/955 954/954/954 953/953/953
f 955/955/955 953/953/953 956/956/956
f 959/959/959 958/958/958 957/957/957
f 959/959/959 957/957/957 960/960/960
f 963/963/963 962/962/962 961/961/961
f 963/963/963 961/961/961 964/964/964
f 967/967/967 966/966/966 965/965/965
f 967/967/967 965/965/965 968/968/968
f 971/971/971 970/970/970 969/969/969
f 971/971/971 969/969/969 972/972/972
f 975/975/975 974/974/974 973/973/973
f 975/975/975 973/973/973 976/976/976
f 979/979/979 978/978/978 977/977/977
f 979/979/979 977/977/977 980/980/980
f 983/983/983 982/982/982 981/981/981
f 983/983/983 981/981/981 984/984/984
f 987/987/987 986/986/986 985/985/985
f 987/987/987 985/985/985 988/988/988
f 991/991/991 990/990/990 989/989/989
f 991/991/991 989/989/989 992/992/992
f 995/995/995 994/994/994 993/993/993
f 995/995/995 993/993/993 996/996/996
f 999/999/999 998/998/998 997/997/997
f 999/999/999 997/997/997 1000/1000/1000
f 1003/1003/1003 1002/1002/1002 1001/1001/1001
f 1003/1003/1003 1001/1001/1001 1004/1004/1004
f 1007/1007/1007 1006/1006/1006 1005/1005/1005
f 1007/1007/1007 1005/1005/1005 1008/1008/1008
f 1011/1011/1011 1010/1010/1010 1009/1009/1009
f 1011/1011/1011 1009/1009/1009 1012/1012/1012
f 1015/1015/1015 1014/1014/1014 1013/1013/1013
f 1015/1015/1015 1013/1013/1013 1016/1016/1016
f 1019/1019/1019 1018/1018/1018 1017/1017/1017
f 1019/1019/1019 1017/1017/1017 1020/1020/1020
f 1023/1023/1023 1022/1022/1022 1021/1021/1021
f 1023/1023/1023 1021/1021/1021 1024/1024/1024
f 1027/1027/1027 1026/1026/1026 1025/1025/1025
f 1027/1027/1027 1025/1025/1025 1028/1028/1028
f 1031/1031/1031 1030/1030/1030 1029/1029/1029
f 1031/1031/1031 1029/1029/1029 1032/1032/1032
f 1035/1035/1035 1034/1034/1034 1033/1033/1033
f 1035/1035/1035 1033/1033/1033 1036/1036/1036
f 1039/1039/1039 1038/1038/1038 1037/1037/1037
f 1039/1039/1039 1037/1037/1037 1040/1040/1040
f 1043/1043/1043 1042/1042/1042 1041/1041/1041
f 1043/1043/1043 1041/1041/1041 1044/1044/1044
f 1047/1047/1047 1046/1046/1046 1045/1045/1045
f 1047/1047/1047 1045/1045/1045 1048/1048/1048
f 1051/1051/1051 1050/1050/1050 1049/1049/1049
f 1051/1051/1051 1049/1049/1049 1052/1052/1052
f 1055/1055/1055 1054/1054/1054 1053/1053/1053
f 1055/1055/1055 1053/1053/1053 1056/1056/1056
f 1059/1059/1059 1058/1058/1058 1057/1057/1057
f 1059/1059/1059 1057/1057/1057 1060/1060/1060
f 1063/1063/1063 1062/1062/1062 1061/1061/1061
f 1063/1063/1063 1061/1061/1061 1064/1064/1064
f 1067/1067/1067 1066/1066/1066 1065/1065/1065
f 1067/1067/1067 1065/1065/1065 1068/1068/1068
f 1071/1071/1071 1070/1070/1070 1069/1069/1069
f 1071/1071/1071 1069/1069/1069 1072/1072/1072
f 1075/1075/1075 1074/1074/1074 1073/1073/1073
f 1075/1075/1075 1073/1073/1073 1076/1076/1076
f 1079/1079/1079 1078/1078/1078 1077/1077/1077
f 1079/1079/1079 1077/1077/1077 1080/1080/1080
f 1083/1083/1083 1082/1082/1082 1081/1081/1081
f 1083/1083/1083 1081/1081/1081 1084/1084/1084
f 1087/1087/1087 1086/1086/1086 1085/1085/1085
f 1087/1087/1087 1085/1085/1085 1088/1088/1088
f 1091/1091/1091 1090/1090/1090 1089/1089/1089
f 1091/1091/1091 1089/1089/1089 1092/1092/1092
f 1095/1095/1095 1094/1094/1094 1093/1093/1093
f 1095/1095/1095 1093/1093/1093 1096/1096/1096
f 1099/1099/1099 1098/1098/1098 1097/1097/1097
f 1099/1099/1099 1097/1097/1097 1100/1100/1100
f 1103/1103/1103 1102/1102/1102 1101/1101/1101
f 1103/1103/1103 1101/1101/1101 1104/1104/1104
f 1107/1107/1107 1106/1106/1106 1105/1105/1105
f 1107/1107/1107 1105/1105/1105 1108/1108/1108
f 1111/1111/1111 1110/1110/1110 1109/1109/1109
f 1111/1111/1111 1109/1109/1109 1112/1112/1112
f 1115/1115/1115 1114/1114/1114 1113/1113/1113
f 1115/1115/1115 1113/1113/1113 1116/1116/1116
f 1119/1119/1119 1118/1118/1118 1117/1117/1117
f 1119/1119/1119 1117/1117/1117 1120/1120/1120
f 1123/1123/1123 1122/1122/1122 1121/1121/1121
f 1123/1123/1123 1121/1121/1121 1124/1124/1124
f 1127/1127/1127 1126/1126/1126 1125/1125/1125
f 1127/1127/1127 1125/1125/1125 1128/1128/1128
f 1131/1131/1131 1130/1130/1130 1129/1129/1129
f 1131/1131/1131 1129/1129/1129 1132/1132/1132
f 1135/1135/1135 1134/1134/1134 1133/1133/1133
f 1135/1135/1135 1133/1133/1133 1136/1136/1136
f 1139/1139/1139 1138/1138/1138 1137/1137/1137
f 1139/1139/1139 1137/1137/1137 1140/1140/1140
f 1143/1143/1143 1142/1142/1142 1141/1141/1141
f 1143/1143/1143 1141/1141/1141 1144/1144/1144
f 1147/1147/1147 1146/1146/1146 1145/1145/1145
f 1147/1147/1147 1145/1145/1145 1148/1148/1148
f 1151/1151/1151 1150/1150/1150 1149/1149/1149
f 1151/1151/1151 1149/1149/1149 1152/1152/1152
f 1155/1155/1155 1154/1154/1154 1153/1153/1153
f 1155/1155/1155 1153/1153/1153 1156/1156/1156
f 1159/1159/1159 1158/1158/1158 1157/1157/1157
f 1159/1159/1159 1157/1157/1157 1160/1160/1160
f 1163/1163/1163 1162/1162/1162 1161/1161/1161
f 1163/1163/1163 1161/1161/1161 1164/1164/1164
f 1167/1167/1167 1166/1166/1166 1165/1165/1165
f 1167/1167/1167 1165/1165/1165 1168/1168/1168
f 1171/1171/1171 1170/1170/1170 1169/1169/1169
f 1171/1171/1171 1169/1169/1169 1172/1172/1172
f 1175/1175/1175 1174/1174/1174 1173/1173/1173
f 1175/1175/1175 1173/1173/1173 1176/1176/1176
f 1179/1179/1179 1178/1178/1178 1177/1177/1177
f 1179/1179/1179 1177/1177/1177 1180/1180/1180
f 1183/1183/1183 1182/1182/1182 1181/1181/1181
f 1183/1183/1183 1181/1181/1181 1184/1184/1184
f 1187/1187/1187 1186/1186/1186 1185/1185/1185
f 1187/1187/1187 1185/1185/1185 1188/1188/1188
f 1191/1191/1191 1190/1190/1190 1189/1189/1189
f 1191/1191/1191 1189/1189/1189 1192/1192/1192
f 1195/1195/1195 1194/1194/1194 1193/1193/1193
f 1195/1195/1195 1193/1193/1193 1196/1196/1196
f 1199/1199/1199 1198/1198/1198 1197/1197/1197
f 1199/1199/1199 1197/1197/1197 1200/1200/1200
f 1203/1203/1203 1202/1202/1202 1201/1201/1201
f 1203/1203/1203 1201/1201/1201 1204/1204/1204
f 1207/1207/1207 1206/1206/1206 1205/1205/1205
f 1207/1207/1207 1205/1205/1205 1208/1208/1208
f 1211/1211/1211 1210/1210/1210 1209/1209/1209
f 1211/1211/1211 1209/1209/1209 1212/1212/1212
f 1215/1215/1215 1214/1214/1214 1213/1213/1213
f 1215/1215/1215 1213/1213/1213 1216/1216/1216
f 1219/1219/1219 1218/1218/1218 1217/1217/1217
f 1219/1219/1219 1217/1217/1217 1220/1220/1220
f 1223/1223/1223 1222/1222/1222 1221/1221/1221
f 1223/1223/1223 1221/1221/1221 1224/1224/1224
f 1227/1227/1227 1226/1226/1226 1225/1225/1225
f 1227/1227/1227 1225/1225/1225 1228/1228/1228
f 1231/1231/1231 1230/1230/1230 1229/1229/1229
f 1231/1231/1231 1229/1229/1229 1232/1232/1232
f 1235/1235/1235 1234/1234/1234 1233/1233/1233
f 1235/1235/1235 1233/1233/1233 1236/1236/1236
f 1239/1239/1239 1238/1238/1238 1237/1237/1237
f 1239/1239/1239 1237/1237/1237 1240/1240/1240
f 1243/1243/1243 1242/1242/1242 1241/1241/1241
f 1243/1243/1243 1241/1241/1241 1244/1244/1244
f 1247/1247/1247 1246/1246/1246 1245/1245/1245
f 1247/1247/1247 1245/1245/1245 1248/1248/1248
f 1251/1251/1251 1250/1250/1250 1249/1249/1249
f 1251/1251/1251 1249/1249/1249 1252/1252/1252
f 1255/1255/1255 1254/1254/1254 1253/1253/1253
f 1255/1255/1255 1253/1253/1253 1256/1256/1256
f 1259/1259/1259 1258/1258/1258 1257/1257/1257
f 1259/1259/1259 1257/1257/1257 1260/1260/1260
f 1263/1263/1263 1262/1262/1262 1261/1261/1261
f 1263/1263/1263 1261/1261/1261 1264/1264/1264
f 1267/1267/1267 1266/1266/1266 1265/1265/1265
f 1267/1267/1267 1265/1265/1265 1268/1268/1268
f 1271/1271/1271 1270/1270/1270 1269/1269/1269
f 1271/1271/1271 1269/1269/1269 1272/1272/1272
f 1275/1275/1275 1274/1274/1274 1273/1273/1273
f 1275/1275/1275 1273/1273/1273 1276/1276/1276
f 1279/1279/1279 1278/1278/1278 1277/1277/1277
f 1279/1279/1279 1277/1277/1277 1280/1280/1280
f 1283/1283/1283 1282/1282/1282 1281/1281/1281
f 1283/1283/1283 1281/1281/1281 1284/1284/1284
f 1287/1287/1287 1286/1286/1286 1285/1285/1285
f 1287/1287/1287 1285/1285/1285 1288/1288/1288
f 1291/1291/1291 1290/1290/1290 1289/1289/1289
f 1291/1291/1291 1289/1289/1289 1292/1292/1292
f 1295/1295/1295 1294/1294/1294 1293/1293/1293
f 1295/1295/1295 1293/1293/1293 1296/1296/1296
f 1299/1299/1299 1298/1298/1298 1297/1297/1297
f 1299/1299/1299 1297/1297/1297 1300/1300/1300
f 1303/1303/1303 1302/1302/1302 1301/1301/1301
f 1303/1303/1303 1301/1301/1301 1304/1304/1304
f 1307/1307/1307 1306/1306/1306 1305/1305/1305
f 1307/1307/1307 1305/1305/1305 1308/1308/1308
f 1311/1311/1311 1310/1310/1310 1309/1309/1309
f 1311/1311/1311 1309/1309/1309 1312/1312/1312
f 1315/1315/1315 1314/1314/1314 1313/1313/1313
f 1315/1315/1315 1313/1313/1313 1316/1316/1316
f 1319/1319/1319 1318/1318/1318 1317/1317/1317
f 1319/1319/1319 1317/1317/1317 1320/1320/1320
f 1323/1323/1323 1322/1322/1322 1321/1321/1321
f 1323/1323/1323 1321/1321/1321 1324/1324/1324
f 1327/1327/1327 1326/1326/1326 1325/1325/1325
f 1327/1327/1327 1325/1325/1325 1328/1328/1328
f 1331/1331/1331 1330/1330/1330 1329/1329/1329
f 1331/1331/1331 1329/1329/1329 1332/1332/1332
f 1335/1335/1335 1334/1334/1334 1333/1333/1333
f 1335/1335/1335 1333/1333/1333 1336/1336/1336
f 1339/1339/1339 1338/1338/1338 1337/1337/1337
f 1339/1339/1339 1337/1337/1337 1340/1340/1340
f 1343/1343/1343 1342/1342/1342 1341/1341/1341
f 1343/1343/1343 1341/1341/1341 1344/1344/1344
f 1347/1347/1347 1346/1346/1346 1345/1345/1345
f 1347/1347/1347 1345/1345/1345 1348/1348/1348
f 1351/1351/1351 1350/1350/1350 1349/1349/1349
f 1351/1351/1351 1349/1349/1349 1352/1352/1352
f 1355/1355/1355 1354/1354/1354 1353/1353/1353
f 1355/1355/1355 1353/1353/1353 1356/1356/1356
f 1359/1359/1359 1358/1358/1358 1357/1357/1357
f 1359/1359/1359 1357/1357/1357 1360/1360/1360
f 1363/1363/1363 1362/1362/1362 1361/1361/1361
f 1363/1363/1363 1361/1361/1361 1364/1364/1364
f 1367/1367/1367 1366/1366/1366 1365/1365/1365
f 1367/1367/1367 1365/1365/1365 1368/1368/1368
f 1371/1371/1371 1370/1370/1370 1369/1369/1369
f 1371/1371/1371 1369/1369/1369 1372/1372/1372
f 1375/1375/1375 1374/1374/1374 1373/1373/1373
f 1375/1375/1375 1373/1373/1373 1376/1376/1376
f 1379/1379/1379 1378/1378/1378 1377/1377/1377
f 1379/1379/1379 1377/1377/1377 1380/1380/1380
f 1383/1383/1383 1382/1382/1382 1381/1381/1381
f 1383/1383/1383 1381/1381/1381 1384/1384/1384
f 1387/1387/1387 1386/1386/1386 1385/1385/1385
f 1387/1387/1387 1385/1385/1385 1388/1388/1388
f 1391/1391/1391 1390/1390/1390 1389/1389/1389
f 1391/1391/1391 1389/1389/1389 1392/1392/1392
f 1395/1395/1395 1394/1394/1394 1393/1393/1393
f 1395/1395/1395 1393/1393/1393 1396/1396/1396
f 1399/1399/1399 1398/1398/1398 1397/1397/1397
f 1399/1399/1399 1397/1397/1397 1400/1400/1400
f 1403/1403/1403 1402/1402/1402 1401/1401/1401
f 1403/1403/1403 1401/1401/1401 1404/1404/1404
f 1407/1407/1407 1406/1406/1406 1405/1405/1405
f 1407/1407/1407 1405/1405/1405 1408/1408/1408
f 1411/1411/1411 1410/1410/1410 1409/1409/1409
f 1411/1411/1411 1409/1409/1409 1412/1412/1412
f 1415/1415/1415 1414/1414/1414 1413/1413/1413
f 1415/1415/1415 1413/1413/1413 1416/1416/1416
f 1419/1419/1419 1418/1418/1418 1417/1417/1417
f 1419/1419/1419 1417/1417/1417 1420/1420/1420
f 1423/1423/1423 1422/1422/1422 1421/1421/1421
f 1423/1423/1423 1421/1421/1421 1424/1424/1424
f 1427/1427/1427 1426/1426/1426 1425/1425/1425
f 1427/1427/1427 1425/1425/1425 1428/1428/1428
f 1431/1431/1431 1430/1430/1430 1429/1429/1429
f 1431/1431/1431 1429/1429/1429 1432/1432/1432
f 1435/1435/1435 1434/1434/1434 1433/1433/1433
f 1435/1435/1435 1433/1433/1433 1436/1436/1436
f 1439/1439/1439 1438/1438/1438 1437/1437/1437
f 1439/1439/1439 1437/1437/1437 1440/1440/1440
f 1443/1443/1443 1442/1442/1442 1441/1441/1441
f 1443/1443/1443 1441/1441/1441 1444/1444/1444
f 1447/1447/1447 1446/1446/1446 1445/1445/1445
f 1447/1447/1447 1445/1445/1445 1448/1448/1448
f 1451/1451/1451 1450/1450/1450 1449/1449/1449
f 1451/1451/1451 1449/1449/1449 1452/1452/1452
f 1455/1455/1455 1454/1454/1454 1453/1453/1453
f 1455/1455/1455 1453/1453/1453 1456/1456/1456
f 1459/1459/1459 1458/1458/1458 1457/1457/1457
f 1459/1459/1459 1457/1457/1457 1460/1460/1460
f 1463/1463/1463 1462/1462/1462 1461/1461/1461
f 1463/1463/1463 1461/1461/1461 1464/1464/1464
f 1467/1467/1467 1466/1466/1466 1465/1465/1465
f 1467/1467/1467 1465/1465/1465 1468/1468/1468
f 1471/1471/1471 1470/1470/1470 1469/1469/1469
f 1471/1471/1471 1469/1469/1469 1472/1472/1472
f 1475/1475/1475 1474/1474/1474 1473/1473/1473
f 1475/1475/1475 1473/1473/1473 1476/1476/1476
f 1479/1479/1479 1478/1478/1478 1477/1477/1477
f 1479/1479/1479 1477/1477/1477 1480/1480/1480
f 1483/1483/1483 1482/1482/1482 1481/1481/1481
f 1483/1483/1483 1481/1481/1481 1484/1484/1484
f 1487/1487/1487 1486/1486/1486 1485/1485/1485
f 1487/1487/1487 1485/1485/1485 1488/1488/1488
f 1491/1491/1491 1490/1490/1490 1489/1489/1489
f 1491/1491/1491 1489/1489/1489 1492/1492/1492
f 1495/1495/1495 1494/1494/1494 1493/1493/1493
f 1495/1495/1495 1493/1493/1493 1496/1496/1496
f 1499/1499/1499 1498/1498/1498 1497/1497/1497
f 1499/1499/1499 1497/1497/1497 1500/1500/1500
f 1503/1503/1503 1502/1502/1502 1501/1501/1501
f 1503/1503/1503 1501/1501/1501 1504/1504/1504
f 1507/1507/1507 1506/1506/1506 1505/1505/1505
f 1507/1507/1507 1505/1505/1505 1508/1508/1508
f 1511/1511/1511 1510/1510/1510 1509/1509/1509
f 1511/1511/1511 1509/1509/1509 1512/1512/1512
f 1515/1515/1515 1514/1514/1514 1513/1513/1513
f 1515/1515/1515 1513/1513/1513 1516/1516/1516
f 1519/1519/1519 1518/1518/1518 1517/1517/1517
f 1519/1519/1519 1517/1517/1517 1520/1520/1520
f 1523/1523/1523 1522/1522/1522 1521/1521/1521
f 1523/1523/1523 1521/1521/1521 1524/1524/1524
f 1527/1527/1527 1526/1526/1526 1525/1525/1525
f 1527/1527/1527 1525/1525/1525 1528/1528/1528
f 1531/1531/1531 1530/1530/1530 1529/1529/1529
f 1531/1531/1531 1529/1529/1529 1532/1532/1532
f 1535/1535/1535 1534/1534/1534 1533/1533/1533
f 1535/1535/1535 1533/1533/1533 1536/1536/1536
f 1539/1539/1539 1538/1538/1538 1537/1537/1537
f 1539/1539/1539 1537/1537/1537 1540/1540/1540
f 1543/1543/1543 1542/1542/1542 1541/1541/1541
f 1543/1543/1543 1541/1541/1541 1544/1544/1544
f 1547/1547/1547 1546/1546/1546 1545/1545/1545
f 1547/1547/1547 1545/1545/1545 1548/1548/1548
f 1551/1551/1551 1550/1550/1550 1549/1549/1549
f 1551/1551/1551 1549/1549/1549 1552/1552/1552
f 1555/1555/1555 1554/1554/1554 1553/1553/1553
f 1555/1555/1555 1553/1553/1553 1556/1556/1556
f 1559/1559/1559 1558/1558/1558 1557/1557/1557
f 1559/1559/1559 1557/1557/1557 1560/1560/1560
f 1563/1563/1563 1562/1562/1562 1561/1561/1561
f 1563/1563/1563 1561/1561/1561 1564/1564/1564
f 1567/1567/1567 1566/1566/1566 1565/1565/1565
f 1567/1567/1567 1565/1565/1565 1568/1568/1568
f 1571/1571/1571 1570/1570/1570 1569/1569/1569
f 1571/1571/1571 1569/1569/1569 1572/1572/1572
f 1575/1575/1575 1574/1574/1574 1573/1573/1573
f 1575/1575/1575 1573/1573/1573 1576/1576/1576
f 1579/1579/1579 1578/1578/1578 1577/1577/1577
f 1579/1579/1579 1577/1577/1577 1580/1580/1580
f 1583/1583/1583 1582/1582/1582 1581/1581/1581
f 1583/1583/1583 1581/1581/1581 1584/1584/1584
f 1587/1587/1587 1586/1586/1586 1585/1585/1585
f 1587/1587/1587 1585/1585/1585 1588/1588/1588
f 1591/1591/1591 1590/1590/1590 1589/1589/1589
f 1591/1591/1591 1589/1589/1589 1592/1592/1592
f 1595/1595/1595 1594/1594/1594 1593/1593/1593
f 1595/1595/1595 1593/1593/1593 1596/1596/1596
f 1599/1599/1599 1598/1598/1598 1597/1597/1597
f 1599/1599/1599 1597/1597/1597 1600/1600/1600
f 1603/1603/1603 1602/1602/1602 1601/1601/1601
f 1603/1603/1603 1601/1601/1601 1604/1604/1604
f 1607/1607/1607 1606/1606/1606 1605/1605/1605
f 1607/1607/1607 1605/1605/1605 1608/1608/1608
f 1611/1611/1611 1610/1610/1610 1609/1609/1609
f 1611/1611/1611 1609/1609/1609 1612/1612/1612
f 1615/1615/1615 1614/1614/1614 1613/1613/1613
f 1615/1615/1615 1613/1613/1613 1616/1616/1616
f 1619/1619/1619 1618/1618/1618 1617/1617/1617
f 1619/1619/1619 1617/1617/1617 1620/1620/1620
f 1623/1623/1623 1622/1622/1622 1621/1621/1621
f 1623/1623/1623 1621/1621/1621 1624/1624/1624
f 1627/1627/1627 1626/1626/1626 1625/1625/1625
f 1627/1627/1627 1625/1625/1625 1628/1628/1628
f 1631/1631/1631 1630/1630/1630 1629/1629/1629
f 1631/1631/1631 1629/1629/1629 1632/1632/1632
f 1635/1635/1635 1634/1634/1634 1633/1633/1633
f 1635/1635/1635 1633/1633/1633 1636/1636/1636
f 1639/1639/1639 1638/1638/1638 1637/1637/1637
f 1639/1639/1639 1637/1637/1637 1640/1640/1640
f 1643/1643/1643 1642/1642/1642 1641/1641/1641
f 1643/1643/1643 1641/1641/1641 1644/1644/1644
f 1647/1647/1647 1646/1646/1646 1645/1645/1645
f 1647/1647/1647 1645/1645/1645 1648/1648/1648
f 1651/1651/1651 1650/1650/1650 1649/1649/1649
f 1651/1651/1651 1649/1649/1649 1652/1652/1652
f 1655/1655/1655 1654/1654/1654 1653/1653/1653
f 1655/1655/1655 1653/1653/1653 1656/1656/1656
f 1659/1659/1659 1658/1658/1658 1657/1657/1657
f 1659/1659/1659 1657/1657/1657 1660/1660/1660
f 1663/1663/1663 1662/1662/1662 1661/1661/1661
f 1663/1663/1663 1661/1661/1661 1664/1664/1664
f 1667/1667/1667 1666/1666/1666 1665/1665/1665
f 1667/1667/1667 1665/1665/1665 1668/1668/1668
f 1671/1671/1671 1670/1670/1670 1669/1669/1669
f 1671/1671/1671 1669/1669/1669 1672/1672/1672
f 1675/1675/1675 1674/1674/1674 1673/1673/1673
f 1675/1675/1675 1673/1673/1673 1676/1676/1676
f 1679/1679/1679 1678/1678/1678 1677/1677/1677
f 1679/1679/1679 1677/1677/1677 1680/1680/1680
f 1683/1683/1683 1682/1682/1682 1681/1681/1681
f 1683/1683/1683 1681/1681/1681 1684/1684/1684
f 1687/1687/1687 1686/1686/1686 1685/1685/1685
f 1687/1687/1687 1685/1685/1685 1688/1688/1688
f 1691/1691/1691 1690/1690/1690 1689/1689/1689
f 1691/1691/1691 1689/1689/1689 1692/1692/1692
f 1695/1695/1695 1694/1694/1694 1693/1693/1693
f 1695/1695/1695 1693/1693/1693 1696/1696/1696
f 1699/1699/1699 1698/1698/1698 1697/1697/1697
f 1699/1699/1699 1697/1697/1697 1700/1700/1700
f 1703/1703/1703 1702/1702/1702 1701/1701/1701
f 1703/1703/1703 1701/1701/1701 1704/1704/1704
f 1707/1707/1707 1706/1706/1706 1705/1705/1705
f 1707/1707/1707 1705/1705/1705 1708/1708/1708
f 1711/1711/1711 1710/1710/1710 1709/1709/1709
f 1711/1711/1711 1709/1709/1709 1712/1712/1712
f 1715/1715/1715 1714/1714/1714 1713/1713/1713
f 1715/1715/1715 1713/1713/1713 1716/1716/1716
f 1719/1719/1719 1718/1718/1718 1717/1717/1717
f 1719/1719/1719 1717/1717/1717 1720/1720/1720
f 1723/1723/1723 1722/1722/1722 1721/1721/1721
f 1723/1723/1723 1721/1721/1721 1724/1724/1724
f 1727/1727/1727 1726/1726/1726 1725/1725/1725
f 1727/1727/1727 1725/1725/1725 1728/1728/1728
f 1731/1731/1731 1730/1730/1730 1729/1729/1729
f 1731/1731/1731 1729/1729/1729 1732/1732/1732
f 1735/1735/1735 1734/1734/1734 1733/1733/1733
f 1735/1735/1735 1733/1733/1733 1736/1736/1736
f 1739/1739/1739 1738/1738/1738 1737/1737/1737
f 1739/1739/1739 1737/1737/1737 1740/1740/1740
f 1743/1743/1743 1742/1742/1742 1741/1741/1741
f 1743/1743/1743 1741/1741/1741 1744/1744/1744
f 1747/1747/1747 1746/1746/1746 1745/1745/1745
f 1747/1747/1747 1745/1745/1745 1748/1748/1748
f 1751/1751/1751 1750/1750/1750 1749/1749/1749
f 1751/1751/1751 1749/1749/1749 1752/1752/1752
f 1755/1755/1755 1754/1754/1754 1753/1753/1753
f 1755/1755/1755 1753/1753/1753 1756/1756/1756
f 1759/1759/1759 1758/1758/1758 1757/1757/1757
f 1759/1759/1759 1757/1757/1757 1760/1760/1760
f 1763/1763/1763 1762/1762/1762 1761/1761/1761
f 1763/1763/1763 1761/1761/1761 1764/1764/1764
f 1767/1767/1767 1766/1766/1766 1765/1765/1765
f 1767/1767/1767 1765/1765/1765 1768/1768/1768
f 1771/1771/1771 1770/1770/1770 1769/1769/1769
f 1771/1771/1771 1769/1769/1769 1772/1772/1772
f 1775/1775/1775 1774/1774/1774 1773/1773/1773
f 1775/1775/1775 1773/1773/1773 1776/1776/1776
f 1779/1779/1779 1778/1778/1778 1777/1777/1777
f 1779/1779/1779 1777/1777/1777 1780/1780/1780
f 1783/1783/1783 1782/1782/1782 1781/1781/1781
f 1783/1783/1783 1781/1781/1781 1784/1784/1784
f 1787/1787/1787 1786/1786/1786 1785/1785/1785
f 1787/1787/1787 1785/1785/1785 1788/1788/1788
f 1791/1791/1791 1790/1790/1790 1789/1789/1789
f 1791/1791/1791 1789/1789/1789 1792/1792/1792
f 1795/1795/1795 1794/1794/1794 1793/1793/1793
f 1795/1795/1795 1793/1793/1793 1796/1796/1796
f 1799/1799/1799 1798/1798/1798 1797/1797/1797
f 1799/1799/1799 1797/1797/1797 1800/1800/1800
f 1803/1803/1803 1802/1802/1802 1801/1801/1801
f 1803/1803/1803 1801/1801/1801 1804/1804/1804
f 1807/1807/1807 1806/1806/1806 1805/1805/1805
f 1807/1807/1807 1805/1805/1805 1808/1808/1808
f 1811/1811/1811 1810/1810/1810 1809/1809/1809
f 1811/1811/1811 1809/1809/1809 1812/1812/1812
f 1815/1815/1815 1814/1814/1814 1813/1813/1813
f 1815/1815/1815 1813/1813/1813 1816/1816/1816
f 1819/1819/1819 1818/1818/1818 1817/1817/1817
f 1819/1819/1819 1817/1817/1817 1820/1820/1820
f 1823/1823/1823 1822/1822/1822 1821/1821/1821
f 1823/1823/1823 1821/1821/1821 1824/1824/1824
f 1827/1827/1827 1826/1826/1826 1825/1825/1825
f 1827/1827/1827 1825/1825/1825 1828/1828/1828
f 1831/1831/1831 1830/1830/1830 1829/1829/1829
f 1831/1831/1831 1829/1829/1829 1832/1832/1832
f 1835/1835/1835 1834/1834/1834 1833/1833/1833
f 1835/1835/1835 1833/1833/1833 1836/1836/1836
f 1839/1839/1839 1838/1838/1838 1837/1837/1837
f 1839/1839/1839 1837/1837/1837 1840/1840/1840
f 1843/1843/1843 1842/1842/1842 1841/1841/1841
f 1843/1843/1843 1841/1841/1841 1844/1844/1844
f 1847/1847/1847 1846/1846/1846 1845/1845/1845
f 1847/1847/1847 1845/1845/1845 1848/1848/1848
f 1851/1851/1851 1850/1850/1850 1849/1849/1849
f 1851/1851/1851 1849/1849/1849 1852/1852/1852
f 1855/1855/1855 1854/1854/1854 1853/1853/1853
f 1855/1855/1855 1853/1853/1853 1856/1856/1856
f 1859/1859/1859 1858/1858/1858 1857/1857/1857
f 1859/1859/1859 1857/1857/1857 1860/1860/1860
f 1863/1863/1863 1862/1862/1862 1861/1861/1861
f 1863/1863/1863 1861/1861/1861 1864/1864/1864
f 1867/1867/1867 1866/1866/1866 1865/1865/1865
f 1867/1867/1867 1865/1865/1865 1868/1868/1868
f 1871/1871/1871 1870/1870/1870 1869/1869/1869
f 1871/1871/1871 1869/1869/1869 1872/1872/1872
f 1875/1875/1875 1874/1874/1874 1873/1873/1873
f 1875/1875/1875 1873/1873/1873 1876/1876/1876
f 1879/1879/1879 1878/1878/1878 1877/1877/1877
f 1879/1879/1879 1877/1877/1877 1880/1880/1880
f 1883/1883/1883 1882/1882/1882 1881/1881/1881
f 1883/1883/1883 1881/1881/1881 1884/1884/1884
f 1887/1887/1887 1886/1886/1886 1885/1885/1885
f 1887/1887/1887 1885/1885/1885 1888/1888/1888
f 1891/1891/1891 1890/1890/1890 1889/1889/1889
f 1891/1891/1891 1889/1889/1889 1892/1892/1892
f 1895/1895/1895 1894/1894/1894 1893/1893/1893
f 1895/1895/1895 1893/1893/1893 1896/1896/1896
f 1899/1899/1899 1898/1898/1898 1897/1897/1897
f 1899/1899/1899 1897/1897/1897 1900/1900/1900
f 1903/1903/1903 1902/1902/1902 1901/1901/1901
f 1903/1903/1903 1901/1901/1901 1904/1904/1904
f 1907/1907/1907 1906/1906/1906 1905/1905/1905
f 1907/1907/1907 1905/1905/1905 1908/1908/1908
f 1911/1911/1911 1910/1910/1910 1909/1909/1909
f 1911/1911/1911 1909/1909/1909 1912/1912/1912
f 1915/1915/1915 1914/1914/1914 1913/1913/1913
f 1915/1915/1915 1913/1913/1913 1916/1916/1916
f 1919/1919/1919 1918/1918/1918 1917/1917/1917
f 1919/1919/1919 1917/1917/1917 1920/1920/1920
f 1923/1923/1923 1922/1922/1922 1921/1921/1921
f 1923/1923/1923 1921/1921/1921 1924/1924/1924
f 1927/1927/1927 1926/1926/1926 1925/1925/1925
f 1927/1927/1927 1925/1925/1925 1928/1928/1928
f 1931/1931/1931 1930/1930/1930 1929/1929/1929
f 1931/1931/1931 1929/1929/1929 1932/1932/1932
f 1935/1935/1935 1934/1934/1934 1933/1933/1933
f 1935/1935/1935 1933/1933/1933 1936/1936/1936
f 1939/1939/1939 1938/1938/1938 1937/1937/1937
f 1939/1939/1939 1937/1937/1937 1940/1940/1940
f 1943/1943/1943 1942/1942/1942 1941/1941/1941
f 1943/1943/1943 1941/1941/1941 1944/1944/1944
f 1947/1947/1947 1946/1946/1946 1945/1945/1945
f 1947/1947/1947 1945/1945/1945 1948/1948/1948
f 1951/1951/1951 1950/1950/1950 1949/1949/1949
f 1951/1951/1951 1949/1949/1949 1952/1952/1952
f 1955/1955/1955 1954/1954/1954 1953/1953/1953
f 1955/1955/1955 1953/1953/1953 1956/1956/1956
f 1959/1959/1959 1958/1958/1958 1957/1957/1957
f 1959/1959/1959 1957/1957/1957 1960/1960/1960
f 1963/1963/1963 1962/1962/1962 1961/1961/1961
f 1963/1963/1963 1961/1961/1961 1964/1964/1964
f 1967/1967/1967 1966/1966/1966 1965/1965/1965
f 1967/1967/1967 1965/1965/1965 1968/1968/1968
f 1971/1971/1971 1970/1970/1970 1969/1969/1969
f 1971/1971/1971 1969/1969/1969 1972/1972/1972
f 1975/1975/1975 1974/1974/1974 1973/1973/1973
f 1975/1975/1975 1973/1973/1973 1976/1976/1976
f 1979/1979/1979 1978/1978/1978 1977/1977/1977
f 1979/1979/1979 1977/1977/1977 1980/1980/1980
f 1983/1983/1983 1982/1982/1982 1981/1981/1981
f 1983/1983/1983 1981/1981/1981 1984/1984/1984
f 1987/1987/1987 1986/1986/1986 1985/1985/1985
f 1987/1987/1987 1985/1985/1985 1988/1988/1988
f 1991/1991/1991 1990/1990/1990 1989/1989/1989
f 1991/1991/1991 1989/1989/1989 1992/1992/1992
f 1995/1995/1995 1994/1994/1994 1993/1993/1993
f 1995/1995/1995 1993/1993/1993 1996/1996/1996
f 1999/1999/1999 1998/1998/1998 1997/1997/1997
f 1999/1999/1999 1997/1997/1997 2000/2000/2000
f 2003/2003/2003 2002/2002/2002 2001/2001/2001
f 2003/2003/2003 2001/2001/2001 2004/2004/2004
f 2007/2007/2007 2006/2006/2006 2005/2005/2005
f 2007/2007/2007 2005/2005/2005 2008/2008/2008
f 2011/2011/2011 2010/2010/2010 2009/2009/2009
f 2011/2011/2011 2009/2009/2009 2012/2012/2012
f 2015/2015/2015 2014/2014/2014 2013/2013/2013
f 2015/2015/2015 2013/2013/2013 2016/2016/2016
f 2019/2019/2019 2018/2018/2018 2017/2017/2017
f 2019/2019/2019 2017/2017/2017 2020/2020/2020
f 2023/2023/2023 2022/2022/2022 2021/2021/2021
f 2023/2023/2023 2021/2021/2021 2024/2024/2024
f 2027/2027/2027 2026/2026/2026 2025/2025/2025
f 2027/2027/2027 2025/2025/2025 2028/2028/2028
f 2031/2031/2031 2030/2030/2030 2029/2029/2029
f 2031/2031/2031 2029/2029/2029 2032/2032/2032
f 2035/2035/2035 2034/2034/2034 2033/2033/2033
f 2035/2035/2035 2033/2033/2033 2036/2036/2036
f 2039/2039/2039 2038/2038/2038 2037/2037/2037
f 2039/2039/2039 2037/2037/2037 2040/2040/2040
f 2043/2043/2043 2042/2042/2042 2041/2041/2041
f 2043/2043/2043 2041/2041/2041 2044/2044/2044
f 2047/2047/2047 2046/2046/2046 2045/2045/2045
f 2047/2047/2047 2045/2045/2045 2048/2048/2048
f 2051/2051/2051 2050/2050/2050 2049/2049/2049
f 2051/2051/2051 2049/2049/2049 2052/2052/2052
f 2055/2055/2055 2054/2054/2054 2053/2053/2053
f 2055/2055/2055 2053/2053/2053 2056/2056/2056
f 2059/2059/2059 2058/2058/2058 2057/2057/2057
f 2059/2059/2059 2057/2057/2057 2060/2060/2060
f 2063/2063/2063 2062/2062/2062 2061/2061/2061
f 2063/2063/2063 2061/2061/2061 2064/2064/2064
f 2067/2067/2067 2066/2066/2066 2065/2065/2065
f 2067/2067/2067 2065/2065/2065 2068/2068/2068
f 2071/2071/2071 2070/2070/2070 2069/2069/2069
f 2071/2071/2071 2069/2069/2069 2072/2072/2072
f 2075/2075/2075 2074/2074/2074 2073/2073/2073
f 2075/2075/2075 2073/2073/2073 2076/2076/2076
f 2079/2079/2079 2078/2078/2078 2077/2077/2077
f 2079/2079/2079 2077/2077/2077 2080/2080/2080
f 2083/2083/2083 2082/2082/2082 2081/2081/2081
f 2083/2083/2083 2081/2081/2081 2084/2084/2084
f 2087/2087/2087 2086/2086/2086 2085/2085/2085
f 2087/2087/2087 2085/2085/2085 2088/2088/2088
f 2091/2091/2091 2090/2090/2090 2089/2089/2089
f 2091/2091/2091 2089/2089/2089 2092/2092/2092
f 2095/2095/2095 2094/2094/2094 2093/2093/2093
f 2095/2095/2095 2093/2093/2093 2096/2096/2096
f 2099/2099/2099 2098/2098/2098 2097/2097/2097
f 2099/2099/2099 2097/2097/2097 2100/2100/2100
f 2103/2103/2103 2102/2102/2102 2101/2101/2101
f 2103/2103/2103 2101/2101/2101 2104/2104/2104
f 2107/2107/2107 2106/2106/2106 2105/2105/2105
f 2107/2107/2107 2105/2105/2105 2108/2108/2108
f 2111/2111/2111 2110/2110/2110 2109/2109/2109
f 2111/2111/2111 2109/2109/2109 2112/2112/2112
f 2115/2115/2115 2114/2114/2114 2113/2113/2113
f 2115/2115/2115 2113/2113/2113 2116/2116/2116
f 2119/2119/2119 2118/2118/2118 2117/2117/2117
f 2119/2119/2119 2117/2117/2117 2120/2120/2120
f 2123/2123/2123 2122/2122/2122 2121/2121/2121
f 2123/2123/2123 2121/2121/2121 2124/2124/2124
f 2127/2127/2127 2126/2126/2126 2125/2125/2125
f 2127/2127/2127 2125/2125/2125 2128/2128/2128
o Cylinder
v -0.7370296 0.3549733 0.09752454
v -0.7747164 0.3549733 0.09752454
v -0.7747164 0.3402188 0.09986142
v -0.7370296 0.3402188 0.09986142
v -0.7747164 0.3549733 0.09752454
v -0.8124032 0.3549733 0.09752454
v -0.8124032 0.3402188 0.09986142
v -0.7747164 0.3402188 0.09986142
v -0.7370296 0.3682835 0.09074266
v -0.7747164 0.3682836 0.09074266
v -0.7747164 0.3549733 0.09752454
v -0.7370296 0.3549733 0.09752454
v -0.7747164 0.3682836 0.09074266
v -0.8124032 0.3682836 0.09074266
v -0.8124032 0.3549733 0.09752454
v -0.7747164 0.3549733 0.09752454
v -0.7370296 0.3788466 0.08017963
v -0.7747164 0.3788466 0.08017963
v -0.7747164 0.3682836 0.09074266
v -0.7370296 0.3682835 0.09074266
v -0.7747164 0.3788466 0.08017963
v -0.8124032 0.3788466 0.08017963
v -0.8124032 0.3682836 0.09074266
v -0.7747164 0.3682836 0.09074266
v -0.7370296 0.3856285 0.06686943
v -0.7747164 0.3856285 0.06686943
v -0.7747164 0.3788466 0.08017963
v -0.7370296 0.3788466 0.08017963
v -0.7747164 0.3856285 0.06686943
v -0.8124032 0.3856285 0.06686943
v -0.8124032 0.3788466 0.08017963
v -0.7747164 0.3788466 0.08017963
v -0.7370296 0.3879654 0.05211497
v -0.7747164 0.3879654 0.05211497
v -0.7747164 0.3856285 0.06686943
v -0.7370296 0.3856285 0.06686943
v -0.7747164 0.3879654 0.05211497
v -0.8124032 0.3879654 0.05211497
v -0.8124032 0.3856285 0.06686943
v -0.7747164 0.3856285 0.06686943
v -0.7370296 0.3856285 0.0373605
v -0.7747164 0.3856285 0.0373605
v -0.7747164 0.3879654 0.05211497
v -0.7370296 0.3879654 0.05211497
v -0.7747164 0.3856285 0.0373605
v -0.8124032 0.3856285 0.0373605
v -0.8124032 0.3879654 0.05211497
v -0.7747164 0.3879654 0.05211497
v -0.7370296 0.3788466 0.02405032
v -0.7747164 0.3788466 0.02405032
v -0.7747164 0.3856285 0.0373605
v -0.7370296 0.3856285 0.0373605
v -0.7747164 0.3788466 0.02405032
v -0.8124032 0.3788466 0.02405032
v -0.8124032 0.3856285 0.0373605
v -0.7747164 0.3856285 0.0373605
v -0.7370296 0.3682835 0.01348728
v -0.7747164 0.3682835 0.01348728
v -0.7747164 0.3788466 0.02405032
v -0.7370296 0.3788466 0.02405032
v -0.7747164 0.3682835 0.01348728
v -0.8124032 0.3682836 0.01348728
v -0.8124032 0.3788466 0.02405032
v -0.7747164 0.3788466 0.02405032
v -0.7370296 0.3549733 0.006705396
v -0.7747164 0.3549733 0.006705396
v -0.7747164 0.3682835 0.01348728
v -0.7370296 0.3682835 0.01348728
v -0.7747164 0.3549733 0.006705396
v -0.8124032 0.3549733 0.006705396
v -0.8124032 0.3682836 0.01348728
v -0.7747164 0.3682835 0.01348728
v -0.7370296 0.3402188 0.004368525
v -0.7747164 0.3402188 0.004368525
v -0.7747164 0.3549733 0.006705396
v -0.7370296 0.3549733 0.006705396
v -0.7747164 0.3402188 0.004368525
v -0.8124032 0.3402188 0.004368525
v -0.8124032 0.3549733 0.006705396
v -0.7747164 0.3549733 0.006705396
v -0.7370296 0.3254643 0.006705403
v -0.7747164 0.3254643 0.006705403
v -0.7747164 0.3402188 0.004368525
v -0.7370296 0.3402188 0.004368525
v -0.7747164 0.3254643 0.006705403
v -0.8124032 0.3254643 0.006705403
v -0.8124032 0.3402188 0.004368525
v -0.7747164 0.3402188 0.004368525
v -0.7370296 0.3121541 0.01348729
v -0.7747164 0.3121541 0.01348729
v -0.7747164 0.3254643 0.006705403
v -0.7370296 0.3254643 0.006705403
v -0.7747164 0.3121541 0.01348729
v -0.8124033 0.3121541 0.01348729
v -0.8124032 0.3254643 0.006705403
v -0.7747164 0.3254643 0.006705403
v -0.7370296 0.301591 0.02405032
v -0.7747164 0.301591 0.02405032
v -0.7747164 0.3121541 0.01348729
v -0.7370296 0.3121541 0.01348729
v -0.7747164 0.301591 0.02405032
v -0.8124033 0.301591 0.02405032
v -0.8124033 0.3121541 0.01348729
v -0.7747164 0.3121541 0.01348729
v -0.7370296 0.2948091 0.0373605
v -0.7747164 0.2948091 0.0373605
v -0.7747164 0.301591 0.02405032
v -0.7370296 0.301591 0.02405032
v -0.7747164 0.2948091 0.0373605
v -0.8124033 0.2948091 0.0373605
v -0.8124033 0.301591 0.02405032
v -0.7747164 0.301591 0.02405032
v -0.7370296 0.2924722 0.05211497
v -0.7747164 0.2924722 0.05211497
v -0.7747164 0.2948091 0.0373605
v -0.7370296 0.2948091 0.0373605
v -0.7747164 0.2924722 0.05211497
v -0.8124033 0.2924722 0.05211497
v -0.8124033 0.2948091 0.0373605
v -0.7747164 0.2948091 0.0373605
v -0.7370296 0.2948091 0.06686944
v -0.7747164 0.2948091 0.06686944
v -0.7747164 0.2924722 0.05211497
v -0.7370296 0.2924722 0.05211497
v -0.7747164 0.2948091 0.06686944
v -0.8124033 0.2948091 0.06686944
v -0.8124033 0.2924722 0.05211497
v -0.7747164 0.2924722 0.05211497
v -0.7370296 0.301591 0.08017964
v -0.7747164 0.301591 0.08017964
v -0.7747164 0.2948091 0.06686944
v -0.7370296 0.2948091 0.06686944
v -0.7747164 0.301591 0.08017964
v -0.8124033 0.301591 0.08017964
v -0.8124033 0.2948091 0.06686944
v -0.7747164 0.2948091 0.06686944
v -0.7370296 0.3121541 0.09074267
v -0.7747164 0.3121541 0.09074267
v -0.7747164 0.301591 0.08017964
v -0.7370296 0.301591 0.08017964
v -0.7747164 0.3121541 0.09074267
v -0.8124033 0.3121541 0.09074267
v -0.8124033 0.301591 0.08017964
v -0.7747164 0.301591 0.08017964
v -0.7370296 0.3254643 0.09752454
v -0.7747164 0.3254643 0.09752454
v -0.7747164 0.3121541 0.09074267
v -0.7370296 0.3121541 0.09074267
v -0.7747164 0.3254643 0.09752454
v -0.8124032 0.3254643 0.09752454
v -0.8124033 0.3121541 0.09074267
v -0.7747164 0.3121541 0.09074267
v -0.7370296 0.3402188 0.09986142
v -0.7747164 0.3402188 0.09986142
v -0.7747164 0.3254643 0.09752454
v -0.7370296 0.3254643 0.09752454
v -0.7747164 0.3402188 0.09986142
v -0.8124032 0.3402188 0.09986142
v -0.8124032 0.3254643 0.09752454
v -0.7747164 0.3254643 0.09752454
v -0.8124032 0.3402188 0.05211497
v -0.8124032 0.3402188 0.0759882
v -0.8124032 0.3475961 0.07481976
v -0.8124032 0.3402188 0.0759882
v -0.8124032 0.3402188 0.09986142
v -0.8124032 0.3549733 0.09752454
v -0.8124032 0.3475961 0.07481976
v -0.8124032 0.3402188 0.05211497
v -0.8124032 0.3475961 0.07481976
v -0.8124032 0.3542512 0.07142881
v -0.8124032 0.3475961 0.07481976
v -0.8124032 0.3549733 0.09752454
v -0.8124032 0.3682836 0.09074266
v -0.8124032 0.3542512 0.07142881
v -0.8124032 0.3402188 0.05211497
v -0.8124032 0.3542512 0.07142881
v -0.8124032 0.3595327 0.0661473
v -0.8124032 0.3542512 0.07142881
v -0.8124032 0.3682836 0.09074266
v -0.8124032 0.3788466 0.08017963
v -0.8124032 0.3595327 0.0661473
v -0.8124032 0.3402188 0.05211497
v -0.8124032 0.3595327 0.0661473
v -0.8124032 0.3629237 0.0594922
v -0.8124032 0.3595327 0.0661473
v -0.8124032 0.3788466 0.08017963
v -0.8124032 0.3856285 0.06686943
v -0.8124032 0.3629237 0.0594922
v -0.8124032 0.3402188 0.05211497
v -0.8124032 0.3629237 0.0594922
v -0.8124032 0.3640921 0.05211497
v -0.8124032 0.3629237 0.0594922
v -0.8124032 0.3856285 0.06686943
v -0.8124032 0.3879654 0.05211497
v -0.8124032 0.3640921 0.05211497
v -0.8124032 0.3402188 0.05211497
v -0.8124032 0.3640921 0.05211497
v -0.8124032 0.3629237 0.04473774
v -0.8124032 0.3640921 0.05211497
v -0.8124032 0.3879654 0.05211497
v -0.8124032 0.3856285 0.0373605
v -0.8124032 0.3629237 0.04473774
v -0.8124032 0.3402188 0.05211497
v -0.8124032 0.3629237 0.04473774
v -0.8124032 0.3595327 0.03808264
v -0.8124032 0.3629237 0.04473774
v -0.8124032 0.3856285 0.0373605
v -0.8124032 0.3788466 0.02405032
v -0.8124032 0.3595327 0.03808264
v -0.8124032 0.3402188 0.05211497
v -0.8124032 0.3595327 0.03808264
v -0.8124032 0.3542512 0.03280113
v -0.8124032 0.3595327 0.03808264
v -0.8124032 0.3788466 0.02405032
v -0.8124032 0.3682836 0.01348728
v -0.8124032 0.3542512 0.03280113
v -0.8124032 0.3402188 0.05211497
v -0.8124032 0.3542512 0.03280113
v -0.8124032 0.347596 0.02941018
v -0.8124032 0.3542512 0.03280113
v -0.8124032 0.3682836 0.01348728
v -0.8124032 0.3549733 0.006705396
v -0.8124032 0.347596 0.02941018
v -0.8124032 0.3402188 0.05211497
v -0.8124032 0.347596 0.02941018
v -0.8124032 0.3402188 0.02824175
v -0.8124032 0.347596 0.02941018
v -0.8124032 0.3549733 0.006705396
v -0.8124032 0.3402188 0.004368525
v -0.8124032 0.3402188 0.02824175
v -0.8124032 0.3402188 0.05211497
v -0.8124032 0.3402188 0.02824175
v -0.8124032 0.3328415 0.02941019
v -0.8124032 0.3402188 0.02824175
v -0.8124032 0.3402188 0.004368525
v -0.8124032 0.3254643 0.006705403
v -0.8124032 0.3328415 0.02941019
v -0.8124032 0.3402188 0.05211497
v -0.8124032 0.3328415 0.02941019
v -0.8124032 0.3261864 0.03280113
v -0.8124032 0.3328415 0.02941019
v -0.8124032 0.3254643 0.006705403
v -0.8124033 0.3121541 0.01348729
v -0.8124032 0.3261864 0.03280113
v -0.8124032 0.3402188 0.05211497
v -0.8124032 0.3261864 0.03280113
v -0.8124032 0.3209049 0.03808264
v -0.8124032 0.3261864 0.03280113
v -0.8124033 0.3121541 0.01348729
v -0.8124033 0.301591 0.02405032
v -0.8124032 0.3209049 0.03808264
v -0.8124032 0.3402188 0.05211497
v -0.8124032 0.3209049 0.03808264
v -0.8124032 0.3175139 0.04473774
v -0.8124032 0.3209049 0.03808264
v -0.8124033 0.301591 0.02405032
v -0.8124033 0.2948091 0.0373605
v -0.8124032 0.3175139 0.04473774
v -0.8124032 0.3402188 0.05211497
v -0.8124032 0.3175139 0.04473774
v -0.8124033 0.3163455 0.05211497
v -0.8124032 0.3175139 0.04473774
v -0.8124033 0.2948091 0.0373605
v -0.8124033 0.2924722 0.05211497
v -0.8124033 0.3163455 0.05211497
v -0.8124032 0.3402188 0.05211497
v -0.8124033 0.3163455 0.05211497
v -0.8124032 0.3175139 0.05949221
v -0.8124033 0.3163455 0.05211497
v -0.8124033 0.2924722 0.05211497
v -0.8124033 0.2948091 0.06686944
v -0.8124032 0.3175139 0.05949221
v -0.8124032 0.3402188 0.05211497
v -0.8124032 0.3175139 0.05949221
v -0.8124032 0.3209049 0.06614731
v -0.8124032 0.3175139 0.05949221
v -0.8124033 0.2948091 0.06686944
v -0.8124033 0.301591 0.08017964
v -0.8124032 0.3209049 0.06614731
v -0.8124032 0.3402188 0.05211497
v -0.8124032 0.3209049 0.06614731
v -0.8124032 0.3261864 0.07142882
v -0.8124032 0.3209049 0.06614731
v -0.8124033 0.301591 0.08017964
v -0.8124033 0.3121541 0.09074267
v -0.8124032 0.3261864 0.07142882
v -0.8124032 0.3402188 0.05211497
v -0.8124032 0.3261864 0.07142882
v -0.8124032 0.3328415 0.07481976
v -0.8124032 0.3261864 0.07142882
v -0.8124033 0.3121541 0.09074267
v -0.8124032 0.3254643 0.09752454
v -0.8124032 0.3328415 0.07481976
v -0.8124032 0.3402188 0.05211497
v -0.8124032 0.3328415 0.07481976
v -0.8124032 0.3402188 0.0759882
v -0.8124032 0.3328415 0.07481976
v -0.8124032 0.3254643 0.09752454
v -0.8124032 0.3402188 0.09986142
v -0.8124032 0.3402188 0.0759882
v -0.7370296 0.3402188 0.05211497
v -0.7370296 0.3402188 0.0759882
v -0.7370296 0.3328415 0.07481976
v -0.7370296 0.3402188 0.0759882
v -0.7370296 0.3402188 0.09986142
v -0.7370296 0.3254643 0.09752454
v -0.7370296 0.3328415 0.07481976
v -0.7370296 0.3402188 0.05211497
v -0.7370296 0.3328415 0.07481976
v -0.7370296 0.3261864 0.07142882
v -0.7370296 0.3328415 0.07481976
v -0.7370296 0.3254643 0.09752454
v -0.7370296 0.3121541 0.09074267
v -0.7370296 0.3261864 0.07142882
v -0.7370296 0.3402188 0.05211497
v -0.7370296 0.3261864 0.07142882
v -0.7370296 0.3209049 0.06614731
v -0.7370296 0.3261864 0.07142882
v -0.7370296 0.3121541 0.09074267
v -0.7370296 0.301591 0.08017964
v -0.7370296 0.3209049 0.06614731
v -0.7370296 0.3402188 0.05211497
v -0.7370296 0.3209049 0.06614731
v -0.7370296 0.3175139 0.05949221
v -0.7370296 0.3209049 0.06614731
v -0.7370296 0.301591 0.08017964
v -0.7370296 0.2948091 0.06686944
v -0.7370296 0.3175139 0.05949221
v -0.7370296 0.3402188 0.05211497
v -0.7370296 0.3175139 0.05949221
v -0.7370296 0.3163455 0.05211497
v -0.7370296 0.3175139 0.05949221
v -0.7370296 0.2948091 0.06686944
v -0.7370296 0.2924722 0.05211497
v -0.7370296 0.3163455 0.05211497
v -0.7370296 0.3402188 0.05211497
v -0.7370296 0.3163455 0.05211497
v -0.7370296 0.3175139 0.04473774
v -0.7370296 0.3163455 0.05211497
v -0.7370296 0.2924722 0.05211497
v -0.7370296 0.2948091 0.0373605
v -0.7370296 0.3175139 0.04473774
v -0.7370296 0.3402188 0.05211497
v -0.7370296 0.3175139 0.04473774
v -0.7370296 0.3209049 0.03808264
v -0.7370296 0.3175139 0.04473774
v -0.7370296 0.2948091 0.0373605
v -0.7370296 0.301591 0.02405032
v -0.7370296 0.3209049 0.03808264
v -0.7370296 0.3402188 0.05211497
v -0.7370296 0.3209049 0.03808264
v -0.7370296 0.3261864 0.03280113
v -0.7370296 0.3209049 0.03808264
v -0.7370296 0.301591 0.02405032
v -0.7370296 0.3121541 0.01348729
v -0.7370296 0.3261864 0.03280113
v -0.7370296 0.3402188 0.05211497
v -0.7370296 0.3261864 0.03280113
v -0.7370296 0.3328415 0.02941019
v -0.7370296 0.3261864 0.03280113
v -0.7370296 0.3121541 0.01348729
v -0.7370296 0.3254643 0.006705403
v -0.7370296 0.3328415 0.02941019
v -0.7370296 0.3402188 0.05211497
v -0.7370296 0.3328415 0.02941019
v -0.7370296 0.3402188 0.02824175
v -0.7370296 0.3328415 0.02941019
v -0.7370296 0.3254643 0.006705403
v -0.7370296 0.3402188 0.004368525
v -0.7370296 0.3402188 0.02824175
v -0.7370296 0.3402188 0.05211497
v -0.7370296 0.3402188 0.02824175
v -0.7370296 0.347596 0.02941018
v -0.7370296 0.3402188 0.02824175
v -0.7370296 0.3402188 0.004368525
v -0.7370296 0.3549733 0.006705396
v -0.7370296 0.347596 0.02941018
v -0.7370296 0.3402188 0.05211497
v -0.7370296 0.347596 0.02941018
v -0.7370296 0.3542512 0.03280113
v -0.7370296 0.347596 0.02941018
v -0.7370296 0.3549733 0.006705396
v -0.7370296 0.3682835 0.01348728
v -0.7370296 0.3542512 0.03280113
v -0.7370296 0.3402188 0.05211497
v -0.7370296 0.3542512 0.03280113
v -0.7370296 0.3595327 0.03808264
v -0.7370296 0.3542512 0.03280113
v -0.7370296 0.3682835 0.01348728
v -0.7370296 0.3788466 0.02405032
v -0.7370296 0.3595327 0.03808264
v -0.7370296 0.3402188 0.05211497
v -0.7370296 0.3595327 0.03808264
v -0.7370296 0.3629237 0.04473774
v -0.7370296 0.3595327 0.03808264
v -0.7370296 0.3788466 0.02405032
v -0.7370296 0.3856285 0.0373605
v -0.7370296 0.3629237 0.04473774
v -0.7370296 0.3402188 0.05211497
v -0.7370296 0.3629237 0.04473774
v -0.7370296 0.3640921 0.05211497
v -0.7370296 0.3629237 0.04473774
v -0.7370296 0.3856285 0.0373605
v -0.7370296 0.3879654 0.05211497
v -0.7370296 0.3640921 0.05211497
v -0.7370296 0.3402188 0.05211497
v -0.7370296 0.3640921 0.05211497
v -0.7370296 0.3629237 0.0594922
v -0.7370296 0.3640921 0.05211497
v -0.7370296 0.3879654 0.05211497
v -0.7370296 0.3856285 0.06686943
v -0.7370296 0.3629237 0.0594922
v -0.7370296 0.3402188 0.05211497
v -0.7370296 0.3629237 0.0594922
v -0.7370296 0.3595327 0.0661473
v -0.7370296 0.3629237 0.0594922
v -0.7370296 0.3856285 0.06686943
v -0.7370296 0.3788466 0.08017963
v -0.7370296 0.3595327 0.0661473
v -0.7370296 0.3402188 0.05211497
v -0.7370296 0.3595327 0.0661473
v -0.7370296 0.3542512 0.07142881
v -0.7370296 0.3595327 0.0661473
v -0.7370296 0.3788466 0.08017963
v -0.7370296 0.3682835 0.09074266
v -0.7370296 0.3542512 0.07142881
v -0.7370296 0.3402188 0.05211497
v -0.7370296 0.3542512 0.07142881
v -0.7370296 0.347596 0.07481976
v -0.7370296 0.3542512 0.07142881
v -0.7370296 0.3682835 0.09074266
v -0.7370296 0.3549733 0.09752454
v -0.7370296 0.347596 0.07481976
v -0.7370296 0.3402188 0.05211497
v -0.7370296 0.347596 0.07481976
v -0.7370296 0.3402188 0.0759882
v -0.7370296 0.347596 0.07481976
v -0.7370296 0.3549733 0.09752454
v -0.7370296 0.3402188 0.09986142
v -0.7370296 0.3402188 0.0759882
vn 2.980232E-08 0.309017 0.9510565
vn 2.980232E-08 0.309017 0.9510565
vn -1.776357E-15 -1.60927E-08 1
vn -1.776357E-15 -1.60927E-08 1
vn 2.980232E-08 0.309017 0.9510565
vn 2.980232E-08 0.309017 0.9510565
vn -1.776357E-15 -1.60927E-08 1
vn -1.776357E-15 -1.60927E-08 1
vn 5.960464E-08 0.5877854 0.809017
vn 5.960464E-08 0.5877854 0.8090169
vn 2.980232E-08 0.309017 0.9510565
vn 2.980232E-08 0.309017 0.9510565
vn 5.960464E-08 0.5877854 0.8090169
vn 5.960464E-08 0.5877854 0.809017
vn 2.980232E-08 0.309017 0.9510565
vn 2.980232E-08 0.309017 0.9510565
vn 1.192093E-07 0.8090171 0.5877853
vn 1.192093E-07 0.8090171 0.5877852
vn 5.960464E-08 0.5877854 0.8090169
vn 5.960464E-08 0.5877854 0.809017
vn 1.192093E-07 0.8090171 0.5877852
vn 1.192093E-07 0.8090171 0.5877853
vn 5.960464E-08 0.5877854 0.809017
vn 5.960464E-08 0.5877854 0.8090169
vn 1.192093E-07 0.9510567 0.3090169
vn 1.192093E-07 0.9510567 0.3090169
vn 1.192093E-07 0.8090171 0.5877852
vn 1.192093E-07 0.8090171 0.5877853
vn 1.192093E-07 0.9510567 0.3090169
vn 1.192093E-07 0.9510567 0.3090169
vn 1.192093E-07 0.8090171 0.5877853
vn 1.192093E-07 0.8090171 0.5877852
vn 1.192093E-07 1 -9.65562E-08
vn 1.192093E-07 1 -9.65562E-08
vn 1.192093E-07 0.9510567 0.3090169
vn 1.192093E-07 0.9510567 0.3090169
vn 1.192093E-07 1 -9.65562E-08
vn 1.192093E-07 1 -9.65562E-08
vn 1.192093E-07 0.9510567 0.3090169
vn 1.192093E-07 0.9510567 0.3090169
vn 1.192093E-07 0.9510566 -0.3090171
vn 1.192093E-07 0.9510566 -0.3090171
vn 1.192093E-07 1 -9.65562E-08
vn 1.192093E-07 1 -9.65562E-08
vn 1.192093E-07 0.9510566 -0.3090171
vn 1.192093E-07 0.9510566 -0.3090171
vn 1.192093E-07 1 -9.65562E-08
vn 1.192093E-07 1 -9.65562E-08
vn 1.192093E-07 0.8090172 -0.5877852
vn 1.192093E-07 0.8090171 -0.5877852
vn 1.192093E-07 0.9510566 -0.3090171
vn 1.192093E-07 0.9510566 -0.3090171
vn 1.192093E-07 0.8090171 -0.5877852
vn 1.192093E-07 0.8090172 -0.5877852
vn 1.192093E-07 0.9510566 -0.3090171
vn 1.192093E-07 0.9510566 -0.3090171
vn 5.960464E-08 0.5877853 -0.809017
vn 5.960464E-08 0.5877853 -0.809017
vn 1.192093E-07 0.8090171 -0.5877852
vn 1.192093E-07 0.8090172 -0.5877852
vn 5.960464E-08 0.5877853 -0.809017
vn 5.960464E-08 0.5877853 -0.809017
vn 1.192093E-07 0.8090172 -0.5877852
vn 1.192093E-07 0.8090171 -0.5877852
vn 2.980232E-08 0.3090169 -0.9510565
vn 2.980232E-08 0.3090169 -0.9510565
vn 5.960464E-08 0.5877853 -0.809017
vn 5.960464E-08 0.5877853 -0.809017
vn 2.980232E-08 0.3090169 -0.9510565
vn 2.980232E-08 0.3090169 -0.9510565
vn 5.960464E-08 0.5877853 -0.809017
vn 5.960464E-08 0.5877853 -0.809017
vn -1.421085E-14 -9.119198E-08 -1
vn -1.421085E-14 -9.119198E-08 -1
vn 2.980232E-08 0.3090169 -0.9510565
vn 2.980232E-08 0.3090169 -0.9510565
vn -1.421085E-14 -9.119198E-08 -1
vn -1.421085E-14 -9.119198E-08 -1
vn 2.980232E-08 0.3090169 -0.9510565
vn 2.980232E-08 0.3090169 -0.9510565
vn -2.980232E-08 -0.309017 -0.9510565
vn -2.980232E-08 -0.309017 -0.9510565
vn -1.421085E-14 -9.119198E-08 -1
vn -1.421085E-14 -9.119198E-08 -1
vn -2.980232E-08 -0.309017 -0.9510565
vn -2.980232E-08 -0.309017 -0.9510565
vn -1.421085E-14 -9.119198E-08 -1
vn -1.421085E-14 -9.119198E-08 -1
vn -5.960464E-08 -0.5877854 -0.8090169
vn -5.960464E-08 -0.5877854 -0.809017
vn -2.980232E-08 -0.309017 -0.9510565
vn -2.980232E-08 -0.309017 -0.9510565
vn -5.960464E-08 -0.5877854 -0.809017
vn -5.960464E-08 -0.5877854 -0.8090169
vn -2.980232E-08 -0.309017 -0.9510565
vn -2.980232E-08 -0.309017 -0.9510565
vn -1.192093E-07 -0.8090172 -0.5877851
vn -1.192093E-07 -0.8090172 -0.5877852
vn -5.960464E-08 -0.5877854 -0.809017
vn -5.960464E-08 -0.5877854 -0.8090169
vn -1.192093E-07 -0.8090172 -0.5877852
vn -1.192093E-07 -0.8090172 -0.5877851
vn -5.960464E-08 -0.5877854 -0.8090169
vn -5.960464E-08 -0.5877854 -0.809017
vn -1.192093E-07 -0.9510567 -0.309017
vn -1.192093E-07 -0.9510567 -0.309017
vn -1.192093E-07 -0.8090172 -0.5877852
vn -1.192093E-07 -0.8090172 -0.5877851
vn -1.192093E-07 -0.9510567 -0.309017
vn -1.192093E-07 -0.9510567 -0.309017
vn -1.192093E-07 -0.8090172 -0.5877851
vn -1.192093E-07 -0.8090172 -0.5877852
vn -1.192093E-07 -1 -5.364233E-09
vn -1.192093E-07 -1 -5.364233E-09
vn -1.192093E-07 -0.9510567 -0.309017
vn -1.192093E-07 -0.9510567 -0.309017
vn -1.192093E-07 -1 -5.364233E-09
vn -1.192093E-07 -1 -5.364233E-09
vn -1.192093E-07 -0.9510567 -0.309017
vn -1.192093E-07 -0.9510567 -0.309017
vn -1.192093E-07 -0.9510566 0.3090171
vn -1.192093E-07 -0.9510566 0.3090171
vn -1.192093E-07 -1 -5.364233E-09
vn -1.192093E-07 -1 -5.364233E-09
vn -1.192093E-07 -0.9510566 0.3090171
vn -1.192093E-07 -0.9510566 0.3090171
vn -1.192093E-07 -1 -5.364233E-09
vn -1.192093E-07 -1 -5.364233E-09
vn -1.192093E-07 -0.8090169 0.5877855
vn -1.192093E-07 -0.8090169 0.5877855
vn -1.192093E-07 -0.9510566 0.3090171
vn -1.192093E-07 -0.9510566 0.3090171
vn -1.192093E-07 -0.8090169 0.5877855
vn -1.192093E-07 -0.8090169 0.5877855
vn -1.192093E-07 -0.9510566 0.3090171
vn -1.192093E-07 -0.9510566 0.3090171
vn -5.960464E-08 -0.5877851 0.8090172
vn -5.960464E-08 -0.5877851 0.8090172
vn -1.192093E-07 -0.8090169 0.5877855
vn -1.192093E-07 -0.8090169 0.5877855
vn -5.960464E-08 -0.5877851 0.8090172
vn -5.960464E-08 -0.5877851 0.8090172
vn -1.192093E-07 -0.8090169 0.5877855
vn -1.192093E-07 -0.8090169 0.5877855
vn -2.980232E-08 -0.3090169 0.9510565
vn -2.980232E-08 -0.3090169 0.9510565
vn -5.960464E-08 -0.5877851 0.8090172
vn -5.960464E-08 -0.5877851 0.8090172
vn -2.980232E-08 -0.3090169 0.9510565
vn -2.980232E-08 -0.3090169 0.9510565
vn -5.960464E-08 -0.5877851 0.8090172
vn -5.960464E-08 -0.5877851 0.8090172
vn -1.776357E-15 -1.60927E-08 1
vn -1.776357E-15 -1.60927E-08 1
vn -2.980232E-08 -0.3090169 0.9510565
vn -2.980232E-08 -0.3090169 0.9510565
vn -1.776357E-15 -1.60927E-08 1
vn -1.776357E-15 -1.60927E-08 1
vn -2.980232E-08 -0.3090169 0.9510565
vn -2.980232E-08 -0.3090169 0.9510565
vn 1 -1.192093E-07 0
vn 1 -1.192093E-07 0
vn 1 -1.192093E-07 0
vn 1 -1.192093E-07 0
vn 1 -1.192093E-07 0
vn 1 -1.192093E-07 0
vn 1 -1.192093E-07 0
vn 1 -1.192093E-07 0
vn 1 -1.192093E-07 0
vn 1 -1.192093E-07 0
vn 1 -1.192093E-07 0
vn 1 -1.192093E-07 0
vn 1 -1.192093E-07 0
vn 1 -1.192093E-07 0
vn 1 -1.192093E-07 0
vn 1 -1.192093E-07 0
vn 1 -1.192093E-07 0
vn 1 -1.192093E-07 0
vn 1 -1.192093E-07 0
vn 1 -1.192093E-07 0
vn 1 -1.192093E-07 0
vn 1 -1.192093E-07 0
vn 1 -1.192093E-07 0
vn 1 -1.192093E-07 0
vn 1 -1.192093E-07 0
vn 1 -1.192093E-07 0
vn 1 -1.192093E-07 0
vn 1 -1.192093E-07 0
vn 1 -1.192093E-07 0
vn 1 -1.192093E-07 0
vn 1 -1.192093E-07 0
vn 1 -1.192093E-07 0
vn 1 -1.192093E-07 0
vn 1 -1.192093E-07 0
vn 1 -1.192093E-07 0
vn 1 -1.192093E-07 0
vn 1 -1.192093E-07 0
vn 1 -1.192093E-07 0
vn 1 -1.192093E-07 0
vn 1 -1.192093E-07 0
vn 1 -1.192093E-07 0
vn 1 -1.192093E-07 0
vn 1 -1.192093E-07 0
vn 1 -1.192093E-07 0
vn 1 -1.192093E-07 0
vn 1 -1.192093E-07 0
vn 1 -1.192093E-07 0
vn 1 -1.192093E-07 0
vn 1 -1.192093E-07 0
vn 1 -1.192093E-07 0
vn 1 -1.192093E-07 0
vn 1 -1.192093E-07 0
vn 1 -1.192093E-07 0
vn 1 -1.192093E-07 0
vn 1 -1.192093E-07 0
vn 1 -1.192093E-07 0
vn 1 -1.192093E-07 0
vn 1 -1.192093E-07 0
vn 1 -1.192093E-07 0
vn 1 -1.192093E-07 0
vn 1 -1.192093E-07 0
vn 1 -1.192093E-07 0
vn 1 -1.192093E-07 0
vn 1 -1.192093E-07 0
vn 1 -1.192093E-07 0
vn 1 -1.192093E-07 0
vn 1 -1.192093E-07 0
vn 1 -1.192093E-07 0
vn 1 -1.192093E-07 0
vn 1 -1.192093E-07 0
vn 1 -1.192093E-07 0
vn 1 -1.192093E-07 0
vn 1 -1.192093E-07 0
vn 1 -1.192093E-07 0
vn 1 -1.192093E-07 0
vn 1 -1.192093E-07 0
vn 1 -1.192093E-07 0
vn 1 -1.192093E-07 0
vn 1 -1.192093E-07 0
vn 1 -1.192093E-07 0
vn 1 -1.192093E-07 0
vn 1 -1.192093E-07 0
vn 1 -1.192093E-07 0
vn 1 -1.192093E-07 0
vn 1 -1.192093E-07 0
vn 1 -1.192093E-07 0
vn 1 -1.192093E-07 0
vn 1 -1.192093E-07 0
vn 1 -1.192093E-07 0
vn 1 -1.192093E-07 0
vn 1 -1.192093E-07 0
vn 1 -1.192093E-07 0
vn 1 -1.192093E-07 0
vn 1 -1.192093E-07 0
vn 1 -1.192093E-07 0
vn 1 -1.192093E-07 0
vn 1 -1.192093E-07 0
vn 1 -1.192093E-07 0
vn 1 -1.192093E-07 0
vn 1 -1.192093E-07 0
vn 1 -1.192093E-07 0
vn 1 -1.192093E-07 0
vn 1 -1.192093E-07 0
vn 1 -1.192093E-07 0
vn 1 -1.192093E-07 0
vn 1 -1.192093E-07 0
vn 1 -1.192093E-07 0
vn 1 -1.192093E-07 0
vn 1 -1.192093E-07 0
vn 1 -1.192093E-07 0
vn 1 -1.192093E-07 0
vn 1 -1.192093E-07 0
vn 1 -1.192093E-07 0
vn 1 -1.192093E-07 0
vn 1 -1.192093E-07 0
vn 1 -1.192093E-07 0
vn 1 -1.192093E-07 0
vn 1 -1.192093E-07 0
vn 1 -1.192093E-07 0
vn 1 -1.192093E-07 0
vn 1 -1.192093E-07 0
vn 1 -1.192093E-07 0
vn 1 -1.192093E-07 0
vn 1 -1.192093E-07 0
vn 1 -1.192093E-07 0
vn 1 -1.192093E-07 0
vn 1 -1.192093E-07 0
vn 1 -1.192093E-07 0
vn 1 -1.192093E-07 0
vn 1 -1.192093E-07 0
vn 1 -1.192093E-07 0
vn 1 -1.192093E-07 0
vn 1 -1.192093E-07 0
vn 1 -1.192093E-07 0
vn 1 -1.192093E-07 0
vn 1 -1.192093E-07 0
vn 1 -1.192093E-07 0
vn 1 -1.192093E-07 0
vn 1 -1.192093E-07 0
vn 1 -1.192093E-07 0
vn -1 1.192093E-07 0
vn -1 1.192093E-07 0
vn -1 1.192093E-07 0
vn -1 1.192093E-07 0
vn -1 1.192093E-07 0
vn -1 1.192093E-07 0
vn -1 1.192093E-07 0
vn -1 1.192093E-07 0
vn -1 1.192093E-07 0
vn -1 1.192093E-07 0
vn -1 1.192093E-07 0
vn -1 1.192093E-07 0
vn -1 1.192093E-07 0
vn -1 1.192093E-07 0
vn -1 1.192093E-07 0
vn -1 1.192093E-07 0
vn -1 1.192093E-07 0
vn -1 1.192093E-07 0
vn -1 1.192093E-07 0
vn -1 1.192093E-07 0
vn -1 1.192093E-07 0
vn -1 1.192093E-07 0
vn -1 1.192093E-07 0
vn -1 1.192093E-07 0
vn -1 1.192093E-07 0
vn -1 1.192093E-07 0
vn -1 1.192093E-07 0
vn -1 1.192093E-07 0
vn -1 1.192093E-07 0
vn -1 1.192093E-07 0
vn -1 1.192093E-07 0
vn -1 1.192093E-07 0
vn -1 1.192093E-07 0
vn -1 1.192093E-07 0
vn -1 1.192093E-07 0
vn -1 1.192093E-07 0
vn -1 1.192093E-07 0
vn -1 1.192093E-07 0
vn -1 1.192093E-07 0
vn -1 1.192093E-07 0
vn -1 1.192093E-07 0
vn -1 1.192093E-07 0
vn -1 1.192093E-07 0
vn -1 1.192093E-07 0
vn -1 1.192093E-07 0
vn -1 1.192093E-07 0
vn -1 1.192093E-07 0
vn -1 1.192093E-07 0
vn -1 1.192093E-07 0
vn -1 1.192093E-07 0
vn -1 1.192093E-07 0
vn -1 1.192093E-07 0
vn -1 1.192093E-07 0
vn -1 1.192093E-07 0
vn -1 1.192093E-07 0
vn -1 1.192093E-07 0
vn -1 1.192093E-07 0
vn -1 1.192093E-07 0
vn -1 1.192093E-07 0
vn -1 1.192093E-07 0
vn -1 1.192093E-07 0
vn -1 1.192093E-07 0
vn -1 1.192093E-07 0
vn -1 1.192093E-07 0
vn -1 1.192093E-07 0
vn -1 1.192093E-07 0
vn -1 1.192093E-07 0
vn -1 1.192093E-07 0
vn -1 1.192093E-07 0
vn -1 1.192093E-07 0
vn -1 1.192093E-07 0
vn -1 1.192093E-07 0
vn -1 1.192093E-07 0
vn -1 1.192093E-07 0
vn -1 1.192093E-07 0
vn -1 1.192093E-07 0
vn -1 1.192093E-07 0
vn -1 1.192093E-07 0
vn -1 1.192093E-07 0
vn -1 1.192093E-07 0
vn -1 1.192093E-07 0
vn -1 1.192093E-07 0
vn -1 1.192093E-07 0
vn -1 1.192093E-07 0
vn -1 1.192093E-07 0
vn -1 1.192093E-07 0
vn -1 1.192093E-07 0
vn -1 1.192093E-07 0
vn -1 1.192093E-07 0
vn -1 1.192093E-07 0
vn -1 1.192093E-07 0
vn -1 1.192093E-07 0
vn -1 1.192093E-07 0
vn -1 1.192093E-07 0
vn -1 1.192093E-07 0
vn -1 1.192093E-07 0
vn -1 1.192093E-07 0
vn -1 1.192093E-07 0
vn -1 1.192093E-07 0
vn -1 1.192093E-07 0
vn -1 1.192093E-07 0
vn -1 1.192093E-07 0
vn -1 1.192093E-07 0
vn -1 1.192093E-07 0
vn -1 1.192093E-07 0
vn -1 1.192093E-07 0
vn -1 1.192093E-07 0
vn -1 1.192093E-07 0
vn -1 1.192093E-07 0
vn -1 1.192093E-07 0
vn -1 1.192093E-07 0
vn -1 1.192093E-07 0
vn -1 1.192093E-07 0
vn -1 1.192093E-07 0
vn -1 1.192093E-07 0
vn -1 1.192093E-07 0
vn -1 1.192093E-07 0
vn -1 1.192093E-07 0
vn -1 1.192093E-07 0
vn -1 1.192093E-07 0
vn -1 1.192093E-07 0
vn -1 1.192093E-07 0
vn -1 1.192093E-07 0
vn -1 1.192093E-07 0
vn -1 1.192093E-07 0
vn -1 1.192093E-07 0
vn -1 1.192093E-07 0
vn -1 1.192093E-07 0
vn -1 1.192093E-07 0
vn -1 1.192093E-07 0
vn -1 1.192093E-07 0
vn -1 1.192093E-07 0
vn -1 1.192093E-07 0
vn -1 1.192093E-07 0
vn -1 1.192093E-07 0
vn -1 1.192093E-07 0
vn -1 1.192093E-07 0
vn -1 1.192093E-07 0
vn -1 1.192093E-07 0
vn -1 1.192093E-07 0
vt -0.05 0
vt -0.05 0.5
vt 0 0.5
vt 0 0
vt -0.05 0.5
vt -0.05 1
vt 0 1
vt 0 0.5
vt -0.1 0
vt -0.1 0.5
vt -0.05 0.5
vt -0.05 0
vt -0.1 0.5
vt -0.1 1
vt -0.05 1
vt -0.05 0.5
vt -0.15 0
vt -0.15 0.5
vt -0.1 0.5
vt -0.1 0
vt -0.15 0.5
vt -0.15 1
vt -0.1 1
vt -0.1 0.5
vt -0.2 0
vt -0.2 0.5
vt -0.15 0.5
vt -0.15 0
vt -0.2 0.5
vt -0.2 1
vt -0.15 1
vt -0.15 0.5
vt -0.25 0
vt -0.25 0.5
vt -0.2 0.5
vt -0.2 0
vt -0.25 0.5
vt -0.25 1
vt -0.2 1
vt -0.2 0.5
vt -0.3 0
vt -0.3 0.5
vt -0.25 0.5
vt -0.25 0
vt -0.3 0.5
vt -0.3 1
vt -0.25 1
vt -0.25 0.5
vt -0.35 0
vt -0.35 0.5
vt -0.3 0.5
vt -0.3 0
vt -0.35 0.5
vt -0.35 1
vt -0.3 1
vt -0.3 0.5
vt -0.4 0
vt -0.4 0.5
vt -0.35 0.5
vt -0.35 0
vt -0.4 0.5
vt -0.4 1
vt -0.35 1
vt -0.35 0.5
vt -0.45 0
vt -0.45 0.5
vt -0.4 0.5
vt -0.4 0
vt -0.45 0.5
vt -0.45 1
vt -0.4 1
vt -0.4 0.5
vt -0.5 0
vt -0.5 0.5
vt -0.45 0.5
vt -0.45 0
vt -0.5 0.5
vt -0.5 1
vt -0.45 1
vt -0.45 0.5
vt -0.55 0
vt -0.55 0.5
vt -0.5 0.5
vt -0.5 0
vt -0.55 0.5
vt -0.55 1
vt -0.5 1
vt -0.5 0.5
vt -0.6 0
vt -0.6 0.5
vt -0.55 0.5
vt -0.55 0
vt -0.6 0.5
vt -0.6 1
vt -0.55 1
vt -0.55 0.5
vt -0.65 0
vt -0.65 0.5
vt -0.6 0.5
vt -0.6 0
vt -0.65 0.5
vt -0.65 1
vt -0.6 1
vt -0.6 0.5
vt -0.7 0
vt -0.7 0.5
vt -0.65 0.5
vt -0.65 0
vt -0.7 0.5
vt -0.7 1
vt -0.65 1
vt -0.65 0.5
vt -0.75 0
vt -0.75 0.5
vt -0.7 0.5
vt -0.7 0
vt -0.75 0.5
vt -0.75 1
vt -0.7 1
vt -0.7 0.5
vt -0.8 0
vt -0.8 0.5
vt -0.75 0.5
vt -0.75 0
vt -0.8 0.5
vt -0.8 1
vt -0.75 1
vt -0.75 0.5
vt -0.85 0
vt -0.85 0.5
vt -0.8 0.5
vt -0.8 0
vt -0.85 0.5
vt -0.85 1
vt -0.8 1
vt -0.8 0.5
vt -0.9 0
vt -0.9 0.5
vt -0.85 0.5
vt -0.85 0
vt -0.9 0.5
vt -0.9 1
vt -0.85 1
vt -0.85 0.5
vt -0.95 0
vt -0.95 0.5
vt -0.9 0.5
vt -0.9 0
vt -0.95 0.5
vt -0.95 1
vt -0.9 1
vt -0.9 0.5
vt -1 0
vt -1 0.5
vt -0.95 0.5
vt -0.95 0
vt -1 0.5
vt -1 1
vt -0.95 1
vt -0.95 0.5
vt 0.5 0.5
vt 0.5 0.75
vt 0.5772542 0.7377641
vt 0.5 0.75
vt 0.5 1
vt 0.6545085 0.9755282
vt 0.5772542 0.7377641
vt 0.5 0.5
vt 0.5772542 0.7377641
vt 0.6469463 0.7022542
vt 0.5772542 0.7377641
vt 0.6545085 0.9755282
vt 0.7938926 0.9045085
vt 0.6469463 0.7022542
vt 0.5 0.5
vt 0.6469463 0.7022542
vt 0.7022542 0.6469463
vt 0.6469463 0.7022542
vt 0.7938926 0.9045085
vt 0.9045085 0.7938926
vt 0.7022542 0.6469463
vt 0.5 0.5
vt 0.7022542 0.6469463
vt 0.7377641 0.5772542
vt 0.7022542 0.6469463
vt 0.9045085 0.7938926
vt 0.9755282 0.6545085
vt 0.7377641 0.5772542
vt 0.5 0.5
vt 0.7377641 0.5772542
vt 0.75 0.5
vt 0.7377641 0.5772542
vt 0.9755282 0.6545085
vt 1 0.5
vt 0.75 0.5
vt 0.5 0.5
vt 0.75 0.5
vt 0.7377641 0.4227457
vt 0.75 0.5
vt 1 0.5
vt 0.9755282 0.3454915
vt 0.7377641 0.4227457
vt 0.5 0.5
vt 0.7377641 0.4227457
vt 0.7022542 0.3530537
vt 0.7377641 0.4227457
vt 0.9755282 0.3454915
vt 0.9045085 0.2061074
vt 0.7022542 0.3530537
vt 0.5 0.5
vt 0.7022542 0.3530537
vt 0.6469463 0.2977457
vt 0.7022542 0.3530537
vt 0.9045085 0.2061074
vt 0.7938926 0.09549147
vt 0.6469463 0.2977457
vt 0.5 0.5
vt 0.6469463 0.2977457
vt 0.5772542 0.2622359
vt 0.6469463 0.2977457
vt 0.7938926 0.09549147
vt 0.6545084 0.0244717
vt 0.5772542 0.2622359
vt 0.5 0.5
vt 0.5772542 0.2622359
vt 0.5 0.25
vt 0.5772542 0.2622359
vt 0.6545084 0.0244717
vt 0.5 0
vt 0.5 0.25
vt 0.5 0.5
vt 0.5 0.25
vt 0.4227458 0.2622359
vt 0.5 0.25
vt 0.5 0
vt 0.3454915 0.02447173
vt 0.4227458 0.2622359
vt 0.5 0.5
vt 0.4227458 0.2622359
vt 0.3530537 0.2977458
vt 0.4227458 0.2622359
vt 0.3454915 0.02447173
vt 0.2061073 0.09549153
vt 0.3530537 0.2977458
vt 0.5 0.5
vt 0.3530537 0.2977458
vt 0.2977457 0.3530537
vt 0.3530537 0.2977458
vt 0.2061073 0.09549153
vt 0.09549144 0.2061075
vt 0.2977457 0.3530537
vt 0.5 0.5
vt 0.2977457 0.3530537
vt 0.2622359 0.4227457
vt 0.2977457 0.3530537
vt 0.09549144 0.2061075
vt 0.02447176 0.3454915
vt 0.2622359 0.4227457
vt 0.5 0.5
vt 0.2622359 0.4227457
vt 0.25 0.5
vt 0.2622359 0.4227457
vt 0.02447176 0.3454915
vt 0 0.5
vt 0.25 0.5
vt 0.5 0.5
vt 0.25 0.5
vt 0.2622359 0.5772543
vt 0.25 0.5
vt 0 0.5
vt 0.02447176 0.6545086
vt 0.2622359 0.5772543
vt 0.5 0.5
vt 0.2622359 0.5772543
vt 0.2977458 0.6469464
vt 0.2622359 0.5772543
vt 0.02447176 0.6545086
vt 0.09549159 0.7938927
vt 0.2977458 0.6469464
vt 0.5 0.5
vt 0.2977458 0.6469464
vt 0.3530537 0.7022543
vt 0.2977458 0.6469464
vt 0.09549159 0.7938927
vt 0.2061075 0.9045086
vt 0.3530537 0.7022543
vt 0.5 0.5
vt 0.3530537 0.7022543
vt 0.4227458 0.7377641
vt 0.3530537 0.7022543
vt 0.2061075 0.9045086
vt 0.3454915 0.9755282
vt 0.4227458 0.7377641
vt 0.5 0.5
vt 0.4227458 0.7377641
vt 0.5000001 0.75
vt 0.4227458 0.7377641
vt 0.3454915 0.9755282
vt 0.5000001 1
vt 0.5000001 0.75
vt 0.5 0.5
vt 0.5000001 0.75
vt 0.4227458 0.7377641
vt 0.5000001 0.75
vt 0.5000001 1
vt 0.3454915 0.9755282
vt 0.4227458 0.7377641
vt 0.5 0.5
vt 0.4227458 0.7377641
vt 0.3530537 0.7022543
vt 0.4227458 0.7377641
vt 0.3454915 0.9755282
vt 0.2061075 0.9045086
vt 0.3530537 0.7022543
vt 0.5 0.5
vt 0.3530537 0.7022543
vt 0.2977458 0.6469464
vt 0.3530537 0.7022543
vt 0.2061075 0.9045086
vt 0.09549159 0.7938927
vt 0.2977458 0.6469464
vt 0.5 0.5
vt 0.2977458 0.6469464
vt 0.2622359 0.5772543
vt 0.2977458 0.6469464
vt 0.09549159 0.7938927
vt 0.02447176 0.6545086
vt 0.2622359 0.5772543
vt 0.5 0.5
vt 0.2622359 0.5772543
vt 0.25 0.5
vt 0.2622359 0.5772543
vt 0.02447176 0.6545086
vt 0 0.5
vt 0.25 0.5
vt 0.5 0.5
vt 0.25 0.5
vt 0.2622359 0.4227457
vt 0.25 0.5
vt 0 0.5
vt 0.02447176 0.3454915
vt 0.2622359 0.4227457
vt 0.5 0.5
vt 0.2622359 0.4227457
vt 0.2977457 0.3530537
vt 0.2622359 0.4227457
vt 0.02447176 0.3454915
vt 0.09549144 0.2061075
vt 0.2977457 0.3530537
vt 0.5 0.5
vt 0.2977457 0.3530537
vt 0.3530537 0.2977458
vt 0.2977457 0.3530537
vt 0.09549144 0.2061075
vt 0.2061073 0.09549153
vt 0.3530537 0.2977458
vt 0.5 0.5
vt 0.3530537 0.2977458
vt 0.4227458 0.2622359
vt 0.3530537 0.2977458
vt 0.2061073 0.09549153
vt 0.3454915 0.02447173
vt 0.4227458 0.2622359
vt 0.5 0.5
vt 0.4227458 0.2622359
vt 0.5 0.25
vt 0.4227458 0.2622359
vt 0.3454915 0.02447173
vt 0.5 0
vt 0.5 0.25
vt 0.5 0.5
vt 0.5 0.25
vt 0.5772542 0.2622359
vt 0.5 0.25
vt 0.5 0
vt 0.6545084 0.0244717
vt 0.5772542 0.2622359
vt 0.5 0.5
vt 0.5772542 0.2622359
vt 0.6469463 0.2977457
vt 0.5772542 0.2622359
vt 0.6545084 0.0244717
vt 0.7938926 0.09549147
vt 0.6469463 0.2977457
vt 0.5 0.5
vt 0.6469463 0.2977457
vt 0.7022542 0.3530537
vt 0.6469463 0.2977457
vt 0.7938926 0.09549147
vt 0.9045085 0.2061074
vt 0.7022542 0.3530537
vt 0.5 0.5
vt 0.7022542 0.3530537
vt 0.7377641 0.4227457
vt 0.7022542 0.3530537
vt 0.9045085 0.2061074
vt 0.9755282 0.3454915
vt 0.7377641 0.4227457
vt 0.5 0.5
vt 0.7377641 0.4227457
vt 0.75 0.5
vt 0.7377641 0.4227457
vt 0.9755282 0.3454915
vt 1 0.5
vt 0.75 0.5
vt 0.5 0.5
vt 0.75 0.5
vt 0.7377641 0.5772542
vt 0.75 0.5
vt 1 0.5
vt 0.9755282 0.6545085
vt 0.7377641 0.5772542
vt 0.5 0.5
vt 0.7377641 0.5772542
vt 0.7022542 0.6469463
vt 0.7377641 0.5772542
vt 0.9755282 0.6545085
vt 0.9045085 0.7938926
vt 0.7022542 0.6469463
vt 0.5 0.5
vt 0.7022542 0.6469463
vt 0.6469463 0.7022542
vt 0.7022542 0.6469463
vt 0.9045085 0.7938926
vt 0.7938926 0.9045085
vt 0.6469463 0.7022542
vt 0.5 0.5
vt 0.6469463 0.7022542
vt 0.5772542 0.7377641
vt 0.6469463 0.7022542
vt 0.7938926 0.9045085
vt 0.6545085 0.9755282
vt 0.5772542 0.7377641
vt 0.5 0.5
vt 0.5772542 0.7377641
vt 0.5 0.75
vt 0.5772542 0.7377641
vt 0.6545085 0.9755282
vt 0.5 1
vt 0.5 0.75
usemtl Material
f 2131/2131/2131 2130/2130/2130 2129/2129/2129
f 2131/2131/2131 2129/2129/2129 2132/2132/2132
f 2135/2135/2135 2134/2134/2134 2133/2133/2133
f 2135/2135/2135 2133/2133/2133 2136/2136/2136
f 2139/2139/2139 2138/2138/2138 2137/2137/2137
f 2139/2139/2139 2137/2137/2137 2140/2140/2140
f 2143/2143/2143 2142/2142/2142 2141/2141/2141
f 2143/2143/2143 2141/2141/2141 2144/2144/2144
f 2147/2147/2147 2146/2146/2146 2145/2145/2145
f 2147/2147/2147 2145/2145/2145 2148/2148/2148
f 2151/2151/2151 2150/2150/2150 2149/2149/2149
f 2151/2151/2151 2149/2149/2149 2152/2152/2152
f 2155/2155/2155 2154/2154/2154 2153/2153/2153
f 2155/2155/2155 2153/2153/2153 2156/2156/2156
f 2159/2159/2159 2158/2158/2158 2157/2157/2157
f 2159/2159/2159 2157/2157/2157 2160/2160/2160
f 2163/2163/2163 2162/2162/2162 2161/2161/2161
f 2163/2163/2163 2161/2161/2161 2164/2164/2164
f 2167/2167/2167 2166/2166/2166 2165/2165/2165
f 2167/2167/2167 2165/2165/2165 2168/2168/2168
f 2171/2171/2171 2170/2170/2170 2169/2169/2169
f 2171/2171/2171 2169/2169/2169 2172/2172/2172
f 2175/2175/2175 2174/2174/2174 2173/2173/2173
f 2175/2175/2175 2173/2173/2173 2176/2176/2176
f 2179/2179/2179 2178/2178/2178 2177/2177/2177
f 2179/2179/2179 2177/2177/2177 2180/2180/2180
f 2183/2183/2183 2182/2182/2182 2181/2181/2181
f 2183/2183/2183 2181/2181/2181 2184/2184/2184
f 2187/2187/2187 2186/2186/2186 2185/2185/2185
f 2187/2187/2187 2185/2185/2185 2188/2188/2188
f 2191/2191/2191 2190/2190/2190 2189/2189/2189
f 2191/2191/2191 2189/2189/2189 2192/2192/2192
f 2195/2195/2195 2194/2194/2194 2193/2193/2193
f 2195/2195/2195 2193/2193/2193 2196/2196/2196
f 2199/2199/2199 2198/2198/2198 2197/2197/2197
f 2199/2199/2199 2197/2197/2197 2200/2200/2200
f 2203/2203/2203 2202/2202/2202 2201/2201/2201
f 2203/2203/2203 2201/2201/2201 2204/2204/2204
f 2207/2207/2207 2206/2206/2206 2205/2205/2205
f 2207/2207/2207 2205/2205/2205 2208/2208/2208
f 2211/2211/2211 2210/2210/2210 2209/2209/2209
f 2211/2211/2211 2209/2209/2209 2212/2212/2212
f 2215/2215/2215 2214/2214/2214 2213/2213/2213
f 2215/2215/2215 2213/2213/2213 2216/2216/2216
f 2219/2219/2219 2218/2218/2218 2217/2217/2217
f 2219/2219/2219 2217/2217/2217 2220/2220/2220
f 2223/2223/2223 2222/2222/2222 2221/2221/2221
f 2223/2223/2223 2221/2221/2221 2224/2224/2224
f 2227/2227/2227 2226/2226/2226 2225/2225/2225
f 2227/2227/2227 2225/2225/2225 2228/2228/2228
f 2231/2231/2231 2230/2230/2230 2229/2229/2229
f 2231/2231/2231 2229/2229/2229 2232/2232/2232
f 2235/2235/2235 2234/2234/2234 2233/2233/2233
f 2235/2235/2235 2233/2233/2233 2236/2236/2236
f 2239/2239/2239 2238/2238/2238 2237/2237/2237
f 2239/2239/2239 2237/2237/2237 2240/2240/2240
f 2243/2243/2243 2242/2242/2242 2241/2241/2241
f 2243/2243/2243 2241/2241/2241 2244/2244/2244
f 2247/2247/2247 2246/2246/2246 2245/2245/2245
f 2247/2247/2247 2245/2245/2245 2248/2248/2248
f 2251/2251/2251 2250/2250/2250 2249/2249/2249
f 2251/2251/2251 2249/2249/2249 2252/2252/2252
f 2255/2255/2255 2254/2254/2254 2253/2253/2253
f 2255/2255/2255 2253/2253/2253 2256/2256/2256
f 2259/2259/2259 2258/2258/2258 2257/2257/2257
f 2259/2259/2259 2257/2257/2257 2260/2260/2260
f 2263/2263/2263 2262/2262/2262 2261/2261/2261
f 2263/2263/2263 2261/2261/2261 2264/2264/2264
f 2267/2267/2267 2266/2266/2266 2265/2265/2265
f 2267/2267/2267 2265/2265/2265 2268/2268/2268
f 2271/2271/2271 2270/2270/2270 2269/2269/2269
f 2271/2271/2271 2269/2269/2269 2272/2272/2272
f 2275/2275/2275 2274/2274/2274 2273/2273/2273
f 2275/2275/2275 2273/2273/2273 2276/2276/2276
f 2279/2279/2279 2278/2278/2278 2277/2277/2277
f 2279/2279/2279 2277/2277/2277 2280/2280/2280
f 2283/2283/2283 2282/2282/2282 2281/2281/2281
f 2283/2283/2283 2281/2281/2281 2284/2284/2284
f 2287/2287/2287 2286/2286/2286 2285/2285/2285
f 2287/2287/2287 2285/2285/2285 2288/2288/2288
f 2291/2291/2291 2290/2290/2290 2289/2289/2289
f 2294/2294/2294 2293/2293/2293 2292/2292/2292
f 2294/2294/2294 2292/2292/2292 2295/2295/2295
f 2298/2298/2298 2297/2297/2297 2296/2296/2296
f 2301/2301/2301 2300/2300/2300 2299/2299/2299
f 2301/2301/2301 2299/2299/2299 2302/2302/2302
f 2305/2305/2305 2304/2304/2304 2303/2303/2303
f 2308/2308/2308 2307/2307/2307 2306/2306/2306
f 2308/2308/2308 2306/2306/2306 2309/2309/2309
f 2312/2312/2312 2311/2311/2311 2310/2310/2310
f 2315/2315/2315 2314/2314/2314 2313/2313/2313
f 2315/2315/2315 2313/2313/2313 2316/2316/2316
f 2319/2319/2319 2318/2318/2318 2317/2317/2317
f 2322/2322/2322 2321/2321/2321 2320/2320/2320
f 2322/2322/2322 2320/2320/2320 2323/2323/2323
f 2326/2326/2326 2325/2325/2325 2324/2324/2324
f 2329/2329/2329 2328/2328/2328 2327/2327/2327
f 2329/2329/2329 2327/2327/2327 2330/2330/2330
f 2333/2333/2333 2332/2332/2332 2331/2331/2331
f 2336/2336/2336 2335/2335/2335 2334/2334/2334
f 2336/2336/2336 2334/2334/2334 2337/2337/2337
f 2340/2340/2340 2339/2339/2339 2338/2338/2338
f 2343/2343/2343 2342/2342/2342 2341/2341/2341
f 2343/2343/2343 2341/2341/2341 2344/2344/2344
f 2347/2347/2347 2346/2346/2346 2345/2345/2345
f 2350/2350/2350 2349/2349/2349 2348/2348/2348
f 2350/2350/2350 2348/2348/2348 2351/2351/2351
f 2354/2354/2354 2353/2353/2353 2352/2352/2352
f 2357/2357/2357 2356/2356/2356 2355/2355/2355
f 2357/2357/2357 2355/2355/2355 2358/2358/2358
f 2361/2361/2361 2360/2360/2360 2359/2359/2359
f 2364/2364/2364 2363/2363/2363 2362/2362/2362
f 2364/2364/2364 2362/2362/2362 2365/2365/2365
f 2368/2368/2368 2367/2367/2367 2366/2366/2366
f 2371/2371/2371 2370/2370/2370 2369/2369/2369
f 2371/2371/2371 2369/2369/2369 2372/2372/2372
f 2375/2375/2375 2374/2374/2374 2373/2373/2373
f 2378/2378/2378 2377/2377/2377 2376/2376/2376
f 2378/2378/2378 2376/2376/2376 2379/2379/2379
f 2382/2382/2382 2381/2381/2381 2380/2380/2380
f 2385/2385/2385 2384/2384/2384 2383/2383/2383
f 2385/2385/2385 2383/2383/2383 2386/2386/2386
f 2389/2389/2389 2388/2388/2388 2387/2387/2387
f 2392/2392/2392 2391/2391/2391 2390/2390/2390
f 2392/2392/2392 2390/2390/2390 2393/2393/2393
f 2396/2396/2396 2395/2395/2395 2394/2394/2394
f 2399/2399/2399 2398/2398/2398 2397/2397/2397
f 2399/2399/2399 2397/2397/2397 2400/2400/2400
f 2403/2403/2403 2402/2402/2402 2401/2401/2401
f 2406/2406/2406 2405/2405/2405 2404/2404/2404
f 2406/2406/2406 2404/2404/2404 2407/2407/2407
f 2410/2410/2410 2409/2409/2409 2408/2408/2408
f 2413/2413/2413 2412/2412/2412 2411/2411/2411
f 2413/2413/2413 2411/2411/2411 2414/2414/2414
f 2417/2417/2417 2416/2416/2416 2415/2415/2415
f 2420/2420/2420 2419/2419/2419 2418/2418/2418
f 2420/2420/2420 2418/2418/2418 2421/2421/2421
f 2424/2424/2424 2423/2423/2423 2422/2422/2422
f 2427/2427/2427 2426/2426/2426 2425/2425/2425
f 2427/2427/2427 2425/2425/2425 2428/2428/2428
f 2431/2431/2431 2430/2430/2430 2429/2429/2429
f 2434/2434/2434 2433/2433/2433 2432/2432/2432
f 2434/2434/2434 2432/2432/2432 2435/2435/2435
f 2438/2438/2438 2437/2437/2437 2436/2436/2436
f 2441/2441/2441 2440/2440/2440 2439/2439/2439
f 2441/2441/2441 2439/2439/2439 2442/2442/2442
f 2445/2445/2445 2444/2444/2444 2443/2443/2443
f 2448/2448/2448 2447/2447/2447 2446/2446/2446
f 2448/2448/2448 2446/2446/2446 2449/2449/2449
f 2452/2452/2452 2451/2451/2451 2450/2450/2450
f 2455/2455/2455 2454/2454/2454 2453/2453/2453
f 2455/2455/2455 2453/2453/2453 2456/2456/2456
f 2459/2459/2459 2458/2458/2458 2457/2457/2457
f 2462/2462/2462 2461/2461/2461 2460/2460/2460
f 2462/2462/2462 2460/2460/2460 2463/2463/2463
f 2466/2466/2466 2465/2465/2465 2464/2464/2464
f 2469/2469/2469 2468/2468/2468 2467/2467/2467
f 2469/2469/2469 2467/2467/2467 2470/2470/2470
f 2473/2473/2473 2472/2472/2472 2471/2471/2471
f 2476/2476/2476 2475/2475/2475 2474/2474/2474
f 2476/2476/2476 2474/2474/2474 2477/2477/2477
f 2480/2480/2480 2479/2479/2479 2478/2478/2478
f 2483/2483/2483 2482/2482/2482 2481/2481/2481
f 2483/2483/2483 2481/2481/2481 2484/2484/2484
f 2487/2487/2487 2486/2486/2486 2485/2485/2485
f 2490/2490/2490 2489/2489/2489 2488/2488/2488
f 2490/2490/2490 2488/2488/2488 2491/2491/2491
f 2494/2494/2494 2493/2493/2493 2492/2492/2492
f 2497/2497/2497 2496/2496/2496 2495/2495/2495
f 2497/2497/2497 2495/2495/2495 2498/2498/2498
f 2501/2501/2501 2500/2500/2500 2499/2499/2499
f 2504/2504/2504 2503/2503/2503 2502/2502/2502
f 2504/2504/2504 2502/2502/2502 2505/2505/2505
f 2508/2508/2508 2507/2507/2507 2506/2506/2506
f 2511/2511/2511 2510/2510/2510 2509/2509/2509
f 2511/2511/2511 2509/2509/2509 2512/2512/2512
f 2515/2515/2515 2514/2514/2514 2513/2513/2513
f 2518/2518/2518 2517/2517/2517 2516/2516/2516
f 2518/2518/2518 2516/2516/2516 2519/2519/2519
f 2522/2522/2522 2521/2521/2521 2520/2520/2520
f 2525/2525/2525 2524/2524/2524 2523/2523/2523
f 2525/2525/2525 2523/2523/2523 2526/2526/2526
f 2529/2529/2529 2528/2528/2528 2527/2527/2527
f 2532/2532/2532 2531/2531/2531 2530/2530/2530
f 2532/2532/2532 2530/2530/2530 2533/2533/2533
f 2536/2536/2536 2535/2535/2535 2534/2534/2534
f 2539/2539/2539 2538/2538/2538 2537/2537/2537
f 2539/2539/2539 2537/2537/2537 2540/2540/2540
f 2543/2543/2543 2542/2542/2542 2541/2541/2541
f 2546/2546/2546 2545/2545/2545 2544/2544/2544
f 2546/2546/2546 2544/2544/2544 2547/2547/2547
f 2550/2550/2550 2549/2549/2549 2548/2548/2548
f 2553/2553/2553 2552/2552/2552 2551/2551/2551
f 2553/2553/2553 2551/2551/2551 2554/2554/2554
f 2557/2557/2557 2556/2556/2556 2555/2555/2555
f 2560/2560/2560 2559/2559/2559 2558/2558/2558
f 2560/2560/2560 2558/2558/2558 2561/2561/2561
f 2564/2564/2564 2563/2563/2563 2562/2562/2562
f 2567/2567/2567 2566/2566/2566 2565/2565/2565
f 2567/2567/2567 2565/2565/2565 2568/2568/2568
