# Export from Prisma3D 3.1.1
mtllib Cube.mtl
o Your Text
v -0.8623455 0.4587303 0.7363673
v -0.8623455 0.4587303 0.5743671
v -0.8623455 0.4477302 0.5026169
v -0.8623455 0.4587303 0.7363673
v -0.8623455 0.4477302 0.5026169
v -0.8623455 0.4147303 0.451367
v -0.8623455 0.4587303 0.7363673
v -0.8623455 0.4147303 0.451367
v -0.8623455 0.3604802 0.4206169
v -0.8623455 0.4587303 0.7363673
v -0.8623455 0.3604802 0.4206169
v -0.8623455 0.2857302 0.410367
v -0.8623455 0.2857302 0.410367
v -0.8623455 0.2167303 0.410367
v -0.8623455 0.1419802 0.4206169
v -0.8623455 0.2857302 0.410367
v -0.8623455 0.1419802 0.4206169
v -0.8623455 0.2097303 0.5203671
v -0.8623455 0.2857302 0.410367
v -0.8623455 0.2097303 0.5203671
v -0.8623455 0.2927303 0.5203671
v -0.8623455 0.2857302 0.410367
v -0.8623455 0.2927303 0.5203671
v -0.8623455 0.3234802 0.523742
v -0.8623455 0.2857302 0.410367
v -0.8623455 0.3234802 0.523742
v -0.8623455 0.3437303 0.5338671
v -0.8623455 0.2857302 0.410367
v -0.8623455 0.3437303 0.5338671
v -0.8623455 0.3549803 0.550742
v -0.8623455 0.1789803 0.523742
v -0.8623455 0.2097303 0.5203671
v -0.8623455 0.1419802 0.4206169
v -0.8623455 0.1789803 0.523742
v -0.8623455 0.1419802 0.4206169
v -0.8623455 0.08773023 0.451367
v -0.8623455 0.1789803 0.523742
v -0.8623455 0.08773023 0.451367
v -0.8623455 0.05473024 0.5026169
v -0.8623455 0.1789803 0.523742
v -0.8623455 0.05473024 0.5026169
v -0.8623455 0.04373026 0.5743671
v -0.8623455 0.04373026 0.6263672
v -0.8623455 -0.2412698 0.6263672
v -0.8623455 -0.2412698 0.7363673
v -0.8623455 0.04373026 0.6263672
v -0.8623455 -0.2412698 0.7363673
v -0.8623455 0.4587303 0.7363673
v -0.8623455 0.4587303 0.7363673
v -0.8623455 0.2857302 0.410367
v -0.8623455 0.3549803 0.550742
v -0.8623455 0.4587303 0.7363673
v -0.8623455 0.3549803 0.550742
v -0.8623455 0.3587303 0.5743671
v -0.8623455 0.4587303 0.7363673
v -0.8623455 0.3587303 0.5743671
v -0.8623455 0.3587303 0.6263672
v -0.8623455 0.4587303 0.7363673
v -0.8623455 0.3587303 0.6263672
v -0.8623455 0.1437302 0.6263672
v -0.8623455 0.1587302 0.5338671
v -0.8623455 0.1789803 0.523742
v -0.8623455 0.04373026 0.5743671
v -0.8623455 0.1587302 0.5338671
v -0.8623455 0.04373026 0.5743671
v -0.8623455 0.04373026 0.6263672
v -0.8623455 0.04373026 0.6263672
v -0.8623455 0.4587303 0.7363673
v -0.8623455 0.1437302 0.6263672
v -0.8623455 0.04373026 0.6263672
v -0.8623455 0.1437302 0.6263672
v -0.8623455 0.1437302 0.5743671
v -0.8623455 0.04373026 0.6263672
v -0.8623455 0.1437302 0.5743671
v -0.8623455 0.1474802 0.550742
v -0.8623455 0.1474802 0.550742
v -0.8623455 0.1587302 0.5338671
v -0.8623455 0.04373026 0.6263672
v -1.362346 0.4477302 0.5026169
v -1.362346 0.4587303 0.574367
v -1.362346 0.4587303 0.7363672
v -1.362346 0.4147303 0.4513668
v -1.362346 0.4477302 0.5026169
v -1.362346 0.4587303 0.7363672
v -1.362346 0.3604802 0.4206168
v -1.362346 0.4147303 0.4513668
v -1.362346 0.4587303 0.7363672
v -1.362346 0.2857302 0.4103668
v -1.362346 0.3604802 0.4206168
v -1.362346 0.4587303 0.7363672
v -1.362346 0.1419802 0.4206168
v -1.362346 0.2167303 0.4103668
v -1.362346 0.2857302 0.4103668
v -1.362346 0.2097303 0.520367
v -1.362346 0.1419802 0.4206168
v -1.362346 0.2857302 0.4103668
v -1.362346 0.2927303 0.520367
v -1.362346 0.2097303 0.520367
v -1.362346 0.2857302 0.4103668
v -1.362346 0.3234802 0.5237419
v -1.362346 0.2927303 0.520367
v -1.362346 0.2857302 0.4103668
v -1.362346 0.3437303 0.5338669
v -1.362346 0.3234802 0.5237419
v -1.362346 0.2857302 0.4103668
v -1.362346 0.3549803 0.550742
v -1.362346 0.3437303 0.5338669
v -1.362346 0.2857302 0.4103668
v -1.362346 0.1419802 0.4206168
v -1.362346 0.2097303 0.520367
v -1.362346 0.1789803 0.5237419
v -1.362346 0.08773023 0.4513668
v -1.362346 0.1419802 0.4206168
v -1.362346 0.1789803 0.5237419
v -1.362346 0.05473024 0.5026169
v -1.362346 0.08773023 0.4513668
v -1.362346 0.1789803 0.5237419
v -1.362346 0.04373026 0.574367
v -1.362346 0.05473024 0.5026169
v -1.362346 0.1789803 0.5237419
v -1.362346 -0.2412698 0.7363672
v -1.362346 -0.2412698 0.626367
v -1.362346 0.04373026 0.626367
v -1.362346 0.4587303 0.7363672
v -1.362346 -0.2412698 0.7363672
v -1.362346 0.04373026 0.626367
v -1.362346 0.3549803 0.550742
v -1.362346 0.2857302 0.4103668
v -1.362346 0.4587303 0.7363672
v -1.362346 0.3587303 0.574367
v -1.362346 0.3549803 0.550742
v -1.362346 0.4587303 0.7363672
v -1.362346 0.3587303 0.626367
v -1.362346 0.3587303 0.574367
v -1.362346 0.4587303 0.7363672
v -1.362346 0.1437302 0.626367
v -1.362346 0.3587303 0.626367
v -1.362346 0.4587303 0.7363672
v -1.362346 0.04373026 0.574367
v -1.362346 0.1789803 0.5237419
v -1.362346 0.1587302 0.5338669
v -1.362346 0.04373026 0.626367
v -1.362346 0.04373026 0.574367
v -1.362346 0.1587302 0.5338669
v -1.362346 0.1437302 0.626367
v -1.362346 0.4587303 0.7363672
v -1.362346 0.04373026 0.626367
v -1.362346 0.1437302 0.574367
v -1.362346 0.1437302 0.626367
v -1.362346 0.04373026 0.626367
v -1.362346 0.1474802 0.550742
v -1.362346 0.1437302 0.574367
v -1.362346 0.04373026 0.626367
v -1.362346 0.04373026 0.626367
v -1.362346 0.1587302 0.5338669
v -1.362346 0.1474802 0.550742
v -0.8623455 0.4587303 0.7363673
v -1.362346 0.4587303 0.7363672
v -0.8623455 0.4587303 0.5743671
v -1.362346 0.4587303 0.7363672
v -1.362346 0.4587303 0.574367
v -0.8623455 0.4587303 0.5743671
v -0.8623455 0.4587303 0.5743671
v -1.362346 0.4587303 0.574367
v -0.8623455 0.4477302 0.5026169
v -1.362346 0.4587303 0.574367
v -1.362346 0.4477302 0.5026169
v -0.8623455 0.4477302 0.5026169
v -0.8623455 0.4477302 0.5026169
v -1.362346 0.4477302 0.5026169
v -0.8623455 0.4147303 0.451367
v -1.362346 0.4477302 0.5026169
v -1.362346 0.4147303 0.4513668
v -0.8623455 0.4147303 0.451367
v -0.8623455 0.4147303 0.451367
v -1.362346 0.4147303 0.4513668
v -0.8623455 0.3604802 0.4206169
v -1.362346 0.4147303 0.4513668
v -1.362346 0.3604802 0.4206168
v -0.8623455 0.3604802 0.4206169
v -0.8623455 0.3604802 0.4206169
v -1.362346 0.3604802 0.4206168
v -0.8623455 0.2857302 0.410367
v -1.362346 0.3604802 0.4206168
v -1.362346 0.2857302 0.4103668
v -0.8623455 0.2857302 0.410367
v -0.8623455 0.2857302 0.410367
v -1.362346 0.2857302 0.4103668
v -0.8623455 0.2167303 0.410367
v -1.362346 0.2857302 0.4103668
v -1.362346 0.2167303 0.4103668
v -0.8623455 0.2167303 0.410367
v -0.8623455 0.2167303 0.410367
v -1.362346 0.2167303 0.4103668
v -0.8623455 0.1419802 0.4206169
v -1.362346 0.2167303 0.4103668
v -1.362346 0.1419802 0.4206168
v -0.8623455 0.1419802 0.4206169
v -0.8623455 0.1419802 0.4206169
v -1.362346 0.1419802 0.4206168
v -0.8623455 0.08773023 0.451367
v -1.362346 0.1419802 0.4206168
v -1.362346 0.08773023 0.4513668
v -0.8623455 0.08773023 0.451367
v -0.8623455 0.08773023 0.451367
v -1.362346 0.08773023 0.4513668
v -0.8623455 0.05473024 0.5026169
v -1.362346 0.08773023 0.4513668
v -1.362346 0.05473024 0.5026169
v -0.8623455 0.05473024 0.5026169
v -0.8623455 0.05473024 0.5026169
v -1.362346 0.05473024 0.5026169
v -0.8623455 0.04373026 0.5743671
v -1.362346 0.05473024 0.5026169
v -1.362346 0.04373026 0.574367
v -0.8623455 0.04373026 0.5743671
v -0.8623455 0.04373026 0.5743671
v -1.362346 0.04373026 0.574367
v -0.8623455 0.04373026 0.6263672
v -1.362346 0.04373026 0.574367
v -1.362346 0.04373026 0.626367
v -0.8623455 0.04373026 0.6263672
v -0.8623455 0.04373026 0.6263672
v -1.362346 0.04373026 0.626367
v -0.8623455 -0.2412698 0.6263672
v -1.362346 0.04373026 0.626367
v -1.362346 -0.2412698 0.626367
v -0.8623455 -0.2412698 0.6263672
v -0.8623455 -0.2412698 0.6263672
v -1.362346 -0.2412698 0.626367
v -0.8623455 -0.2412698 0.7363673
v -1.362346 -0.2412698 0.626367
v -1.362346 -0.2412698 0.7363672
v -0.8623455 -0.2412698 0.7363673
v -0.8623455 -0.2412698 0.7363673
v -1.362346 -0.2412698 0.7363672
v -0.8623455 0.4587303 0.7363673
v -1.362346 -0.2412698 0.7363672
v -1.362346 0.4587303 0.7363672
v -0.8623455 0.4587303 0.7363673
v -0.8623455 0.1437302 0.5743671
v -1.362346 0.1437302 0.574367
v -0.8623455 0.1474802 0.550742
v -1.362346 0.1437302 0.574367
v -1.362346 0.1474802 0.550742
v -0.8623455 0.1474802 0.550742
v -0.8623455 0.1474802 0.550742
v -1.362346 0.1474802 0.550742
v -0.8623455 0.1587302 0.5338671
v -1.362346 0.1474802 0.550742
v -1.362346 0.1587302 0.5338669
v -0.8623455 0.1587302 0.5338671
v -0.8623455 0.1587302 0.5338671
v -1.362346 0.1587302 0.5338669
v -0.8623455 0.1789803 0.523742
v -1.362346 0.1587302 0.5338669
v -1.362346 0.1789803 0.5237419
v -0.8623455 0.1789803 0.523742
v -0.8623455 0.1789803 0.523742
v -1.362346 0.1789803 0.5237419
v -0.8623455 0.2097303 0.5203671
v -1.362346 0.1789803 0.5237419
v -1.362346 0.2097303 0.520367
v -0.8623455 0.2097303 0.5203671
v -0.8623455 0.2097303 0.5203671
v -1.362346 0.2097303 0.520367
v -0.8623455 0.2927303 0.5203671
v -1.362346 0.2097303 0.520367
v -1.362346 0.2927303 0.520367
v -0.8623455 0.2927303 0.5203671
v -0.8623455 0.2927303 0.5203671
v -1.362346 0.2927303 0.520367
v -0.8623455 0.3234802 0.523742
v -1.362346 0.2927303 0.520367
v -1.362346 0.3234802 0.5237419
v -0.8623455 0.3234802 0.523742
v -0.8623455 0.3234802 0.523742
v -1.362346 0.3234802 0.5237419
v -0.8623455 0.3437303 0.5338671
v -1.362346 0.3234802 0.5237419
v -1.362346 0.3437303 0.5338669
v -0.8623455 0.3437303 0.5338671
v -0.8623455 0.3437303 0.5338671
v -1.362346 0.3437303 0.5338669
v -0.8623455 0.3549803 0.550742
v -1.362346 0.3437303 0.5338669
v -1.362346 0.3549803 0.550742
v -0.8623455 0.3549803 0.550742
v -0.8623455 0.3549803 0.550742
v -1.362346 0.3549803 0.550742
v -0.8623455 0.3587303 0.5743671
v -1.362346 0.3549803 0.550742
v -1.362346 0.3587303 0.574367
v -0.8623455 0.3587303 0.5743671
v -0.8623455 0.3587303 0.5743671
v -1.362346 0.3587303 0.574367
v -0.8623455 0.3587303 0.6263672
v -1.362346 0.3587303 0.574367
v -1.362346 0.3587303 0.626367
v -0.8623455 0.3587303 0.6263672
v -0.8623455 0.3587303 0.6263672
v -1.362346 0.3587303 0.626367
v -0.8623455 0.1437302 0.6263672
v -1.362346 0.3587303 0.626367
v -1.362346 0.1437302 0.626367
v -0.8623455 0.1437302 0.6263672
v -0.8623455 0.1437302 0.6263672
v -1.362346 0.1437302 0.626367
v -0.8623455 0.1437302 0.5743671
v -1.362346 0.1437302 0.626367
v -1.362346 0.1437302 0.574367
v -0.8623455 0.1437302 0.5743671
v -0.8623455 -0.2397698 0.2958667
v -0.8623455 -0.2052698 0.3483668
v -0.8623455 -0.1497698 0.3806168
v -0.8623455 -0.2397698 0.2958667
v -0.8623455 -0.1497698 0.3806168
v -0.8623455 -0.07526976 0.3913668
v -0.8623455 -0.2397698 0.2958667
v -0.8623455 -0.07526976 0.3913668
v -0.8623455 0.2927303 0.3913668
v -0.8623455 -0.2397698 0.2958667
v -0.8623455 0.2927303 0.3913668
v -0.8623455 0.3672302 0.3806168
v -0.8623455 -0.2397698 0.2958667
v -0.8623455 0.3672302 0.3806168
v -0.8623455 0.4227303 0.3483668
v -0.8623455 -0.2397698 0.2958667
v -0.8623455 0.4227303 0.3483668
v -0.8623455 0.4572303 0.2958667
v -0.8623455 0.4572303 0.2958667
v -0.8623455 0.4687303 0.2243666
v -0.8623454 0.4572303 0.1528665
v -0.8623455 0.4572303 0.2958667
v -0.8623454 0.4572303 0.1528665
v -0.8623454 0.4227303 0.1003664
v -0.8623455 0.4572303 0.2958667
v -0.8623454 0.4227303 0.1003664
v -0.8623454 0.3672302 0.06811641
v -0.8623455 0.4572303 0.2958667
v -0.8623454 0.3672302 0.06811641
v -0.8623454 0.2927303 0.0573664
v -0.8623454 0.2927303 0.0573664
v -0.8623454 -0.07526976 0.0573664
v -0.8623454 -0.1497698 0.06811641
v -0.8623454 0.2927303 0.0573664
v -0.8623454 -0.1497698 0.06811641
v -0.8623454 -0.08226976 0.1673666
v -0.8623454 0.2927303 0.0573664
v -0.8623454 -0.08226976 0.1673666
v -0.8623454 0.2997302 0.1673666
v -0.8623454 0.2927303 0.0573664
v -0.8623454 0.2997302 0.1673666
v -0.8623454 0.3514802 0.1816165
v -0.8623454 -0.1340198 0.1816165
v -0.8623454 -0.08226976 0.1673666
v -0.8623454 -0.1497698 0.06811641
v -0.8623454 -0.1340198 0.1816165
v -0.8623454 -0.1497698 0.06811641
v -0.8623454 -0.2052698 0.1003664
v -0.8623454 -0.1340198 0.1816165
v -0.8623454 -0.2052698 0.1003664
v -0.8623454 -0.2397698 0.1528665
v -0.8623454 -0.1340198 0.1816165
v -0.8623454 -0.2397698 0.1528665
v -0.8623455 -0.2512698 0.2243666
v -0.8623454 -0.1340198 0.1816165
v -0.8623455 -0.2512698 0.2243666
v -0.8623455 -0.2397698 0.2958667
v -0.8623455 0.4572303 0.2958667
v -0.8623454 0.2927303 0.0573664
v -0.8623454 0.3514802 0.1816165
v -0.8623455 0.4572303 0.2958667
v -0.8623454 0.3514802 0.1816165
v -0.8623455 0.3687302 0.2243666
v -0.8623455 0.4572303 0.2958667
v -0.8623455 0.3687302 0.2243666
v -0.8623455 0.3514802 0.2671167
v -0.8623455 0.4572303 0.2958667
v -0.8623455 0.3514802 0.2671167
v -0.8623455 0.2997302 0.2813667
v -0.8623455 0.4572303 0.2958667
v -0.8623455 0.2997302 0.2813667
v -0.8623455 -0.08226976 0.2813667
v -0.8623455 -0.1512698 0.2243666
v -0.8623454 -0.1340198 0.1816165
v -0.8623455 -0.2397698 0.2958667
v -0.8623455 -0.2397698 0.2958667
v -0.8623455 0.4572303 0.2958667
v -0.8623455 -0.08226976 0.2813667
v -0.8623455 -0.2397698 0.2958667
v -0.8623455 -0.08226976 0.2813667
v -0.8623455 -0.1340198 0.2671167
v -0.8623455 -0.1340198 0.2671167
v -0.8623455 -0.1512698 0.2243666
v -0.8623455 -0.2397698 0.2958667
v -1.362346 -0.1497698 0.3806167
v -1.362346 -0.2052698 0.3483667
v -1.362346 -0.2397698 0.2958667
v -1.362346 -0.07526976 0.3913668
v -1.362346 -0.1497698 0.3806167
v -1.362346 -0.2397698 0.2958667
v -1.362346 0.2927303 0.3913668
v -1.362346 -0.07526976 0.3913668
v -1.362346 -0.2397698 0.2958667
v -1.362346 0.3672302 0.3806167
v -1.362346 0.2927303 0.3913668
v -1.362346 -0.2397698 0.2958667
v -1.362346 0.4227303 0.3483667
v -1.362346 0.3672302 0.3806167
v -1.362346 -0.2397698 0.2958667
v -1.362346 0.4572303 0.2958667
v -1.362346 0.4227303 0.3483667
v -1.362346 -0.2397698 0.2958667
v -1.362346 0.4572303 0.1528665
v -1.362346 0.4687303 0.2243666
v -1.362346 0.4572303 0.2958667
v -1.362346 0.4227303 0.1003664
v -1.362346 0.4572303 0.1528665
v -1.362346 0.4572303 0.2958667
v -1.362346 0.3672302 0.06811634
v -1.362346 0.4227303 0.1003664
v -1.362346 0.4572303 0.2958667
v -1.362346 0.2927303 0.05736634
v -1.362346 0.3672302 0.06811634
v -1.362346 0.4572303 0.2958667
v -1.362346 -0.1497698 0.06811634
v -1.362346 -0.07526976 0.05736634
v -1.362346 0.2927303 0.05736634
v -1.362346 -0.08226976 0.1673665
v -1.362346 -0.1497698 0.06811634
v -1.362346 0.2927303 0.05736634
v -1.362346 0.2997302 0.1673665
v -1.362346 -0.08226976 0.1673665
v -1.362346 0.2927303 0.05736634
v -1.362346 0.3514802 0.1816165
v -1.362346 0.2997302 0.1673665
v -1.362346 0.2927303 0.05736634
v -1.362346 -0.1497698 0.06811634
v -1.362346 -0.08226976 0.1673665
v -1.362346 -0.1340198 0.1816165
v -1.362346 -0.2052698 0.1003664
v -1.362346 -0.1497698 0.06811634
v -1.362346 -0.1340198 0.1816165
v -1.362346 -0.2397698 0.1528665
v -1.362346 -0.2052698 0.1003664
v -1.362346 -0.1340198 0.1816165
v -1.362346 -0.2512698 0.2243666
v -1.362346 -0.2397698 0.1528665
v -1.362346 -0.1340198 0.1816165
v -1.362346 -0.2397698 0.2958667
v -1.362346 -0.2512698 0.2243666
v -1.362346 -0.1340198 0.1816165
v -1.362346 0.3514802 0.1816165
v -1.362346 0.2927303 0.05736634
v -1.362346 0.4572303 0.2958667
v -1.362346 0.3687302 0.2243666
v -1.362346 0.3514802 0.1816165
v -1.362346 0.4572303 0.2958667
v -1.362346 0.3514802 0.2671166
v -1.362346 0.3687302 0.2243666
v -1.362346 0.4572303 0.2958667
v -1.362346 0.2997302 0.2813667
v -1.362346 0.3514802 0.2671166
v -1.362346 0.4572303 0.2958667
v -1.362346 -0.08226976 0.2813667
v -1.362346 0.2997302 0.2813667
v -1.362346 0.4572303 0.2958667
v -1.362346 -0.2397698 0.2958667
v -1.362346 -0.1340198 0.1816165
v -1.362346 -0.1512698 0.2243666
v -1.362346 -0.08226976 0.2813667
v -1.362346 0.4572303 0.2958667
v -1.362346 -0.2397698 0.2958667
v -1.362346 -0.1340198 0.2671166
v -1.362346 -0.08226976 0.2813667
v -1.362346 -0.2397698 0.2958667
v -1.362346 -0.2397698 0.2958667
v -1.362346 -0.1512698 0.2243666
v -1.362346 -0.1340198 0.2671166
v -0.8623455 -0.2052698 0.3483668
v -1.362346 -0.2052698 0.3483667
v -0.8623455 -0.1497698 0.3806168
v -1.362346 -0.2052698 0.3483667
v -1.362346 -0.1497698 0.3806167
v -0.8623455 -0.1497698 0.3806168
v -0.8623455 -0.1497698 0.3806168
v -1.362346 -0.1497698 0.3806167
v -0.8623455 -0.07526976 0.3913668
v -1.362346 -0.1497698 0.3806167
v -1.362346 -0.07526976 0.3913668
v -0.8623455 -0.07526976 0.3913668
v -0.8623455 -0.07526976 0.3913668
v -1.362346 -0.07526976 0.3913668
v -0.8623455 0.2927303 0.3913668
v -1.362346 -0.07526976 0.3913668
v -1.362346 0.2927303 0.3913668
v -0.8623455 0.2927303 0.3913668
v -0.8623455 0.2927303 0.3913668
v -1.362346 0.2927303 0.3913668
v -0.8623455 0.3672302 0.3806168
v -1.362346 0.2927303 0.3913668
v -1.362346 0.3672302 0.3806167
v -0.8623455 0.3672302 0.3806168
v -0.8623455 0.3672302 0.3806168
v -1.362346 0.3672302 0.3806167
v -0.8623455 0.4227303 0.3483668
v -1.362346 0.3672302 0.3806167
v -1.362346 0.4227303 0.3483667
v -0.8623455 0.4227303 0.3483668
v -0.8623455 0.4227303 0.3483668
v -1.362346 0.4227303 0.3483667
v -0.8623455 0.4572303 0.2958667
v -1.362346 0.4227303 0.3483667
v -1.362346 0.4572303 0.2958667
v -0.8623455 0.4572303 0.2958667
v -0.8623455 0.4572303 0.2958667
v -1.362346 0.4572303 0.2958667
v -0.8623455 0.4687303 0.2243666
v -1.362346 0.4572303 0.2958667
v -1.362346 0.4687303 0.2243666
v -0.8623455 0.4687303 0.2243666
v -0.8623455 0.4687303 0.2243666
v -1.362346 0.4687303 0.2243666
v -0.8623454 0.4572303 0.1528665
v -1.362346 0.4687303 0.2243666
v -1.362346 0.4572303 0.1528665
v -0.8623454 0.4572303 0.1528665
v -0.8623454 0.4572303 0.1528665
v -1.362346 0.4572303 0.1528665
v -0.8623454 0.4227303 0.1003664
v -1.362346 0.4572303 0.1528665
v -1.362346 0.4227303 0.1003664
v -0.8623454 0.4227303 0.1003664
v -0.8623454 0.4227303 0.1003664
v -1.362346 0.4227303 0.1003664
v -0.8623454 0.3672302 0.06811641
v -1.362346 0.4227303 0.1003664
v -1.362346 0.3672302 0.06811634
v -0.8623454 0.3672302 0.06811641
v -0.8623454 0.3672302 0.06811641
v -1.362346 0.3672302 0.06811634
v -0.8623454 0.2927303 0.0573664
v -1.362346 0.3672302 0.06811634
v -1.362346 0.2927303 0.05736634
v -0.8623454 0.2927303 0.0573664
v -0.8623454 0.2927303 0.0573664
v -1.362346 0.2927303 0.05736634
v -0.8623454 -0.07526976 0.0573664
v -1.362346 0.2927303 0.05736634
v -1.362346 -0.07526976 0.05736634
v -0.8623454 -0.07526976 0.0573664
v -0.8623454 -0.07526976 0.0573664
v -1.362346 -0.07526976 0.05736634
v -0.8623454 -0.1497698 0.06811641
v -1.362346 -0.07526976 0.05736634
v -1.362346 -0.1497698 0.06811634
v -0.8623454 -0.1497698 0.06811641
v -0.8623454 -0.1497698 0.06811641
v -1.362346 -0.1497698 0.06811634
v -0.8623454 -0.2052698 0.1003664
v -1.362346 -0.1497698 0.06811634
v -1.362346 -0.2052698 0.1003664
v -0.8623454 -0.2052698 0.1003664
v -0.8623454 -0.2052698 0.1003664
v -1.362346 -0.2052698 0.1003664
v -0.8623454 -0.2397698 0.1528665
v -1.362346 -0.2052698 0.1003664
v -1.362346 -0.2397698 0.1528665
v -0.8623454 -0.2397698 0.1528665
v -0.8623454 -0.2397698 0.1528665
v -1.362346 -0.2397698 0.1528665
v -0.8623455 -0.2512698 0.2243666
v -1.362346 -0.2397698 0.1528665
v -1.362346 -0.2512698 0.2243666
v -0.8623455 -0.2512698 0.2243666
v -0.8623455 -0.2512698 0.2243666
v -1.362346 -0.2512698 0.2243666
v -0.8623455 -0.2397698 0.2958667
v -1.362346 -0.2512698 0.2243666
v -1.362346 -0.2397698 0.2958667
v -0.8623455 -0.2397698 0.2958667
v -0.8623455 -0.2397698 0.2958667
v -1.362346 -0.2397698 0.2958667
v -0.8623455 -0.2052698 0.3483668
v -1.362346 -0.2397698 0.2958667
v -1.362346 -0.2052698 0.3483667
v -0.8623455 -0.2052698 0.3483668
v -0.8623454 -0.08226976 0.1673666
v -1.362346 -0.08226976 0.1673665
v -0.8623454 0.2997302 0.1673666
v -1.362346 -0.08226976 0.1673665
v -1.362346 0.2997302 0.1673665
v -0.8623454 0.2997302 0.1673666
v -0.8623454 0.2997302 0.1673666
v -1.362346 0.2997302 0.1673665
v -0.8623454 0.3514802 0.1816165
v -1.362346 0.2997302 0.1673665
v -1.362346 0.3514802 0.1816165
v -0.8623454 0.3514802 0.1816165
v -0.8623454 0.3514802 0.1816165
v -1.362346 0.3514802 0.1816165
v -0.8623455 0.3687302 0.2243666
v -1.362346 0.3514802 0.1816165
v -1.362346 0.3687302 0.2243666
v -0.8623455 0.3687302 0.2243666
v -0.8623455 0.3687302 0.2243666
v -1.362346 0.3687302 0.2243666
v -0.8623455 0.3514802 0.2671167
v -1.362346 0.3687302 0.2243666
v -1.362346 0.3514802 0.2671166
v -0.8623455 0.3514802 0.2671167
v -0.8623455 0.3514802 0.2671167
v -1.362346 0.3514802 0.2671166
v -0.8623455 0.2997302 0.2813667
v -1.362346 0.3514802 0.2671166
v -1.362346 0.2997302 0.2813667
v -0.8623455 0.2997302 0.2813667
v -0.8623455 0.2997302 0.2813667
v -1.362346 0.2997302 0.2813667
v -0.8623455 -0.08226976 0.2813667
v -1.362346 0.2997302 0.2813667
v -1.362346 -0.08226976 0.2813667
v -0.8623455 -0.08226976 0.2813667
v -0.8623455 -0.08226976 0.2813667
v -1.362346 -0.08226976 0.2813667
v -0.8623455 -0.1340198 0.2671167
v -1.362346 -0.08226976 0.2813667
v -1.362346 -0.1340198 0.2671166
v -0.8623455 -0.1340198 0.2671167
v -0.8623455 -0.1340198 0.2671167
v -1.362346 -0.1340198 0.2671166
v -0.8623455 -0.1512698 0.2243666
v -1.362346 -0.1340198 0.2671166
v -1.362346 -0.1512698 0.2243666
v -0.8623455 -0.1512698 0.2243666
v -0.8623455 -0.1512698 0.2243666
v -1.362346 -0.1512698 0.2243666
v -0.8623454 -0.1340198 0.1816165
v -1.362346 -0.1512698 0.2243666
v -1.362346 -0.1340198 0.1816165
v -0.8623454 -0.1340198 0.1816165
v -0.8623454 -0.1340198 0.1816165
v -1.362346 -0.1340198 0.1816165
v -0.8623454 -0.08226976 0.1673666
v -1.362346 -0.1340198 0.1816165
v -1.362346 -0.08226976 0.1673665
v -0.8623454 -0.08226976 0.1673666
v -0.8623454 -0.2412698 0.02436638
v -0.8623454 0.4587303 0.02436638
v -0.8623453 0.4587303 -0.08563378
v -0.8623454 -0.2412698 0.02436638
v -0.8623453 0.4587303 -0.08563378
v -0.8623453 -0.1412698 -0.08563378
v -0.8623454 -0.2412698 0.02436638
v -0.8623453 -0.1412698 -0.08563378
v -0.8623453 -0.1412698 -0.266634
v -0.8623453 -0.1412698 -0.266634
v -0.8623453 -0.2412698 -0.266634
v -0.8623454 -0.2412698 0.02436638
v -1.362346 0.4587303 -0.08563384
v -1.362346 0.4587303 0.02436632
v -1.362346 -0.2412698 0.02436632
v -1.362346 -0.1412698 -0.08563384
v -1.362346 0.4587303 -0.08563384
v -1.362346 -0.2412698 0.02436632
v -1.362346 -0.1412698 -0.2666341
v -1.362346 -0.1412698 -0.08563384
v -1.362346 -0.2412698 0.02436632
v -1.362346 -0.2412698 0.02436632
v -1.362346 -0.2412698 -0.2666341
v -1.362346 -0.1412698 -0.2666341
v -0.8623454 0.4587303 0.02436638
v -1.362346 0.4587303 0.02436632
v -0.8623453 0.4587303 -0.08563378
v -1.362346 0.4587303 0.02436632
v -1.362346 0.4587303 -0.08563384
v -0.8623453 0.4587303 -0.08563378
v -0.8623453 0.4587303 -0.08563378
v -1.362346 0.4587303 -0.08563384
v -0.8623453 -0.1412698 -0.08563378
v -1.362346 0.4587303 -0.08563384
v -1.362346 -0.1412698 -0.08563384
v -0.8623453 -0.1412698 -0.08563378
v -0.8623453 -0.1412698 -0.08563378
v -1.362346 -0.1412698 -0.08563384
v -0.8623453 -0.1412698 -0.266634
v -1.362346 -0.1412698 -0.08563384
v -1.362346 -0.1412698 -0.2666341
v -0.8623453 -0.1412698 -0.266634
v -0.8623453 -0.1412698 -0.266634
v -1.362346 -0.1412698 -0.2666341
v -0.8623453 -0.2412698 -0.266634
v -1.362346 -0.1412698 -0.2666341
v -1.362346 -0.2412698 -0.2666341
v -0.8623453 -0.2412698 -0.266634
v -0.8623453 -0.2412698 -0.266634
v -1.362346 -0.2412698 -0.2666341
v -0.8623454 -0.2412698 0.02436638
v -1.362346 -0.2412698 -0.2666341
v -1.362346 -0.2412698 0.02436632
v -0.8623454 -0.2412698 0.02436638
v -0.8623454 -0.2412698 0.02436638
v -1.362346 -0.2412698 0.02436632
v -0.8623454 0.4587303 0.02436638
v -1.362346 -0.2412698 0.02436632
v -1.362346 0.4587303 0.02436632
v -0.8623454 0.4587303 0.02436638
v -0.8623453 -0.2412698 -0.278634
v -0.8623453 0.4587303 -0.278634
v -0.8623453 0.4587303 -0.3886342
v -0.8623453 0.4587303 -0.3886342
v -0.8623453 -0.2412698 -0.3886342
v -0.8623453 -0.2412698 -0.278634
v -1.362346 0.4587303 -0.3886342
v -1.362346 0.4587303 -0.2786341
v -1.362346 -0.2412698 -0.2786341
v -1.362346 -0.2412698 -0.2786341
v -1.362346 -0.2412698 -0.3886342
v -1.362346 0.4587303 -0.3886342
v -0.8623453 0.4587303 -0.278634
v -1.362346 0.4587303 -0.2786341
v -0.8623453 0.4587303 -0.3886342
v -1.362346 0.4587303 -0.2786341
v -1.362346 0.4587303 -0.3886342
v -0.8623453 0.4587303 -0.3886342
v -0.8623453 0.4587303 -0.3886342
v -1.362346 0.4587303 -0.3886342
v -0.8623453 -0.2412698 -0.3886342
v -1.362346 0.4587303 -0.3886342
v -1.362346 -0.2412698 -0.3886342
v -0.8623453 -0.2412698 -0.3886342
v -0.8623453 -0.2412698 -0.3886342
v -1.362346 -0.2412698 -0.3886342
v -0.8623453 -0.2412698 -0.278634
v -1.362346 -0.2412698 -0.3886342
v -1.362346 -0.2412698 -0.2786341
v -0.8623453 -0.2412698 -0.278634
v -0.8623453 -0.2412698 -0.278634
v -1.362346 -0.2412698 -0.2786341
v -0.8623453 0.4587303 -0.278634
v -1.362346 -0.2412698 -0.2786341
v -1.362346 0.4587303 -0.2786341
v -0.8623453 0.4587303 -0.278634
v -0.8623453 -0.2400198 -0.5220093
v -0.8623453 -0.2062698 -0.4711343
v -0.8623453 -0.1520198 -0.4400091
v -0.8623453 -0.2400198 -0.5220093
v -0.8623453 -0.1520198 -0.4400091
v -0.8623453 -0.07926977 -0.4296342
v -0.8623453 -0.2400198 -0.5220093
v -0.8623453 -0.07926977 -0.4296342
v -0.8623453 0.2967303 -0.4296342
v -0.8623453 -0.2400198 -0.5220093
v -0.8623453 0.2967303 -0.4296342
v -0.8623453 0.3694803 -0.4400091
v -0.8623453 -0.2400198 -0.5220093
v -0.8623453 0.3694803 -0.4400091
v -0.8623453 0.4237303 -0.4711343
v -0.8623453 -0.2400198 -0.5220093
v -0.8623453 0.4237303 -0.4711343
v -0.8623453 0.4574803 -0.5220093
v -0.8623453 0.4574803 -0.5220093
v -0.8623453 0.4687303 -0.5916344
v -0.8623453 0.4574803 -0.6612595
v -0.8623453 0.4574803 -0.5220093
v -0.8623453 0.4574803 -0.6612595
v -0.8623453 0.4237303 -0.7121345
v -0.8623453 0.4574803 -0.5220093
v -0.8623453 0.4237303 -0.7121345
v -0.8623453 0.3694803 -0.7432596
v -0.8623453 0.4574803 -0.5220093
v -0.8623453 0.3694803 -0.7432596
v -0.8623453 0.2967303 -0.7536346
v -0.8623453 0.2967303 -0.7536346
v -0.8623453 0.2227302 -0.7536346
v -0.8623453 0.2227302 -0.6496345
v -0.8623453 0.2967303 -0.7536346
v -0.8623453 0.2227302 -0.6496345
v -0.8623453 0.3037302 -0.6496345
v -0.8623453 0.2967303 -0.7536346
v -0.8623453 0.3037302 -0.6496345
v -0.8623453 0.3524802 -0.6358845
v -0.8623453 -0.08726975 -0.6496345
v -0.8623453 0.01973024 -0.6496345
v -0.8623453 0.01973024 -0.7536346
v -0.8623453 -0.08726975 -0.6496345
v -0.8623453 0.01973024 -0.7536346
v -0.8623453 -0.07926977 -0.7536346
v -0.8623453 -0.08726975 -0.6496345
v -0.8623453 -0.07926977 -0.7536346
v -0.8623453 -0.1520198 -0.7432596
v -0.8623453 -0.08726975 -0.6496345
v -0.8623453 -0.1520198 -0.7432596
v -0.8623453 -0.2062698 -0.7121345
v -0.8623453 -0.08726975 -0.6496345
v -0.8623453 -0.2062698 -0.7121345
v -0.8623453 -0.2400198 -0.6612595
v -0.8623453 -0.2400198 -0.6612595
v -0.8623453 -0.2512698 -0.5916344
v -0.8623453 -0.2400198 -0.5220093
v -0.8623453 0.4574803 -0.5220093
v -0.8623453 0.2967303 -0.7536346
v -0.8623453 0.3524802 -0.6358845
v -0.8623453 0.4574803 -0.5220093
v -0.8623453 0.3524802 -0.6358845
v -0.8623453 0.3687302 -0.5946344
v -0.8623453 0.4574803 -0.5220093
v -0.8623453 0.3687302 -0.5946344
v -0.8623453 0.3524802 -0.5533844
v -0.8623453 0.4574803 -0.5220093
v -0.8623453 0.3524802 -0.5533844
v -0.8623453 0.3037302 -0.5396343
v -0.8623453 0.4574803 -0.5220093
v -0.8623453 0.3037302 -0.5396343
v -0.8623453 -0.08726975 -0.5396343
v -0.8623453 -0.1352698 -0.6358845
v -0.8623453 -0.08726975 -0.6496345
v -0.8623453 -0.2400198 -0.6612595
v -0.8623453 -0.1352698 -0.6358845
v -0.8623453 -0.2400198 -0.6612595
v -0.8623453 -0.2400198 -0.5220093
v -0.8623453 -0.2400198 -0.5220093
v -0.8623453 0.4574803 -0.5220093
v -0.8623453 -0.08726975 -0.5396343
v -0.8623453 -0.2400198 -0.5220093
v -0.8623453 -0.08726975 -0.5396343
v -0.8623453 -0.1352698 -0.5533844
v -0.8623453 -0.2400198 -0.5220093
v -0.8623453 -0.1352698 -0.5533844
v -0.8623453 -0.1512698 -0.5946344
v -0.8623453 -0.1512698 -0.5946344
v -0.8623453 -0.1352698 -0.6358845
v -0.8623453 -0.2400198 -0.5220093
v -1.362346 -0.1520198 -0.4400092
v -1.362346 -0.2062698 -0.4711343
v -1.362346 -0.2400198 -0.5220093
v -1.362346 -0.07926977 -0.4296343
v -1.362346 -0.1520198 -0.4400092
v -1.362346 -0.2400198 -0.5220093
v -1.362346 0.2967303 -0.4296343
v -1.362346 -0.07926977 -0.4296343
v -1.362346 -0.2400198 -0.5220093
v -1.362346 0.3694803 -0.4400092
v -1.362346 0.2967303 -0.4296343
v -1.362346 -0.2400198 -0.5220093
v -1.362346 0.4237303 -0.4711343
v -1.362346 0.3694803 -0.4400092
v -1.362346 -0.2400198 -0.5220093
v -1.362346 0.4574803 -0.5220093
v -1.362346 0.4237303 -0.4711343
v -1.362346 -0.2400198 -0.5220093
v -1.362346 0.4574803 -0.6612595
v -1.362346 0.4687303 -0.5916345
v -1.362346 0.4574803 -0.5220093
v -1.362346 0.4237303 -0.7121345
v -1.362346 0.4574803 -0.6612595
v -1.362346 0.4574803 -0.5220093
v -1.362346 0.3694803 -0.7432596
v -1.362346 0.4237303 -0.7121345
v -1.362346 0.4574803 -0.5220093
v -1.362346 0.2967303 -0.7536348
v -1.362346 0.3694803 -0.7432596
v -1.362346 0.4574803 -0.5220093
v -1.362346 0.2227302 -0.6496345
v -1.362346 0.2227302 -0.7536348
v -1.362346 0.2967303 -0.7536348
v -1.362346 0.3037302 -0.6496345
v -1.362346 0.2227302 -0.6496345
v -1.362346 0.2967303 -0.7536348
v -1.362346 0.3524802 -0.6358845
v -1.362346 0.3037302 -0.6496345
v -1.362346 0.2967303 -0.7536348
v -1.362346 0.01973024 -0.7536348
v -1.362346 0.01973024 -0.6496345
v -1.362346 -0.08726975 -0.6496345
v -1.362346 -0.07926977 -0.7536348
v -1.362346 0.01973024 -0.7536348
v -1.362346 -0.08726975 -0.6496345
v -1.362346 -0.1520198 -0.7432596
v -1.362346 -0.07926977 -0.7536348
v -1.362346 -0.08726975 -0.6496345
v -1.362346 -0.2062698 -0.7121345
v -1.362346 -0.1520198 -0.7432596
v -1.362346 -0.08726975 -0.6496345
v -1.362346 -0.2400198 -0.6612595
v -1.362346 -0.2062698 -0.7121345
v -1.362346 -0.08726975 -0.6496345
v -1.362346 -0.2400198 -0.5220093
v -1.362346 -0.2512698 -0.5916345
v -1.362346 -0.2400198 -0.6612595
v -1.362346 0.3524802 -0.6358845
v -1.362346 0.2967303 -0.7536348
v -1.362346 0.4574803 -0.5220093
v -1.362346 0.3687302 -0.5946345
v -1.362346 0.3524802 -0.6358845
v -1.362346 0.4574803 -0.5220093
v -1.362346 0.3524802 -0.5533844
v -1.362346 0.3687302 -0.5946345
v -1.362346 0.4574803 -0.5220093
v -1.362346 0.3037302 -0.5396345
v -1.362346 0.3524802 -0.5533844
v -1.362346 0.4574803 -0.5220093
v -1.362346 -0.08726975 -0.5396345
v -1.362346 0.3037302 -0.5396345
v -1.362346 0.4574803 -0.5220093
v -1.362346 -0.2400198 -0.6612595
v -1.362346 -0.08726975 -0.6496345
v -1.362346 -0.1352698 -0.6358845
v -1.362346 -0.2400198 -0.5220093
v -1.362346 -0.2400198 -0.6612595
v -1.362346 -0.1352698 -0.6358845
v -1.362346 -0.08726975 -0.5396345
v -1.362346 0.4574803 -0.5220093
v -1.362346 -0.2400198 -0.5220093
v -1.362346 -0.1352698 -0.5533844
v -1.362346 -0.08726975 -0.5396345
v -1.362346 -0.2400198 -0.5220093
v -1.362346 -0.1512698 -0.5946345
v -1.362346 -0.1352698 -0.5533844
v -1.362346 -0.2400198 -0.5220093
v -1.362346 -0.2400198 -0.5220093
v -1.362346 -0.1352698 -0.6358845
v -1.362346 -0.1512698 -0.5946345
v -0.8623453 -0.2062698 -0.4711343
v -1.362346 -0.2062698 -0.4711343
v -0.8623453 -0.1520198 -0.4400091
v -1.362346 -0.2062698 -0.4711343
v -1.362346 -0.1520198 -0.4400092
v -0.8623453 -0.1520198 -0.4400091
v -0.8623453 -0.1520198 -0.4400091
v -1.362346 -0.1520198 -0.4400092
v -0.8623453 -0.07926977 -0.4296342
v -1.362346 -0.1520198 -0.4400092
v -1.362346 -0.07926977 -0.4296343
v -0.8623453 -0.07926977 -0.4296342
v -0.8623453 -0.07926977 -0.4296342
v -1.362346 -0.07926977 -0.4296343
v -0.8623453 0.2967303 -0.4296342
v -1.362346 -0.07926977 -0.4296343
v -1.362346 0.2967303 -0.4296343
v -0.8623453 0.2967303 -0.4296342
v -0.8623453 0.2967303 -0.4296342
v -1.362346 0.2967303 -0.4296343
v -0.8623453 0.3694803 -0.4400091
v -1.362346 0.2967303 -0.4296343
v -1.362346 0.3694803 -0.4400092
v -0.8623453 0.3694803 -0.4400091
v -0.8623453 0.3694803 -0.4400091
v -1.362346 0.3694803 -0.4400092
v -0.8623453 0.4237303 -0.4711343
v -1.362346 0.3694803 -0.4400092
v -1.362346 0.4237303 -0.4711343
v -0.8623453 0.4237303 -0.4711343
v -0.8623453 0.4237303 -0.4711343
v -1.362346 0.4237303 -0.4711343
v -0.8623453 0.4574803 -0.5220093
v -1.362346 0.4237303 -0.4711343
v -1.362346 0.4574803 -0.5220093
v -0.8623453 0.4574803 -0.5220093
v -0.8623453 0.4574803 -0.5220093
v -1.362346 0.4574803 -0.5220093
v -0.8623453 0.4687303 -0.5916344
v -1.362346 0.4574803 -0.5220093
v -1.362346 0.4687303 -0.5916345
v -0.8623453 0.4687303 -0.5916344
v -0.8623453 0.4687303 -0.5916344
v -1.362346 0.4687303 -0.5916345
v -0.8623453 0.4574803 -0.6612595
v -1.362346 0.4687303 -0.5916345
v -1.362346 0.4574803 -0.6612595
v -0.8623453 0.4574803 -0.6612595
v -0.8623453 0.4574803 -0.6612595
v -1.362346 0.4574803 -0.6612595
v -0.8623453 0.4237303 -0.7121345
v -1.362346 0.4574803 -0.6612595
v -1.362346 0.4237303 -0.7121345
v -0.8623453 0.4237303 -0.7121345
v -0.8623453 0.4237303 -0.7121345
v -1.362346 0.4237303 -0.7121345
v -0.8623453 0.3694803 -0.7432596
v -1.362346 0.4237303 -0.7121345
v -1.362346 0.3694803 -0.7432596
v -0.8623453 0.3694803 -0.7432596
v -0.8623453 0.3694803 -0.7432596
v -1.362346 0.3694803 -0.7432596
v -0.8623453 0.2967303 -0.7536346
v -1.362346 0.3694803 -0.7432596
v -1.362346 0.2967303 -0.7536348
v -0.8623453 0.2967303 -0.7536346
v -0.8623453 0.2967303 -0.7536346
v -1.362346 0.2967303 -0.7536348
v -0.8623453 0.2227302 -0.7536346
v -1.362346 0.2967303 -0.7536348
v -1.362346 0.2227302 -0.7536348
v -0.8623453 0.2227302 -0.7536346
v -0.8623453 0.2227302 -0.7536346
v -1.362346 0.2227302 -0.7536348
v -0.8623453 0.2227302 -0.6496345
v -1.362346 0.2227302 -0.7536348
v -1.362346 0.2227302 -0.6496345
v -0.8623453 0.2227302 -0.6496345
v -0.8623453 0.2227302 -0.6496345
v -1.362346 0.2227302 -0.6496345
v -0.8623453 0.3037302 -0.6496345
v -1.362346 0.2227302 -0.6496345
v -1.362346 0.3037302 -0.6496345
v -0.8623453 0.3037302 -0.6496345
v -0.8623453 0.3037302 -0.6496345
v -1.362346 0.3037302 -0.6496345
v -0.8623453 0.3524802 -0.6358845
v -1.362346 0.3037302 -0.6496345
v -1.362346 0.3524802 -0.6358845
v -0.8623453 0.3524802 -0.6358845
v -0.8623453 0.3524802 -0.6358845
v -1.362346 0.3524802 -0.6358845
v -0.8623453 0.3687302 -0.5946344
v -1.362346 0.3524802 -0.6358845
v -1.362346 0.3687302 -0.5946345
v -0.8623453 0.3687302 -0.5946344
v -0.8623453 0.3687302 -0.5946344
v -1.362346 0.3687302 -0.5946345
v -0.8623453 0.3524802 -0.5533844
v -1.362346 0.3687302 -0.5946345
v -1.362346 0.3524802 -0.5533844
v -0.8623453 0.3524802 -0.5533844
v -0.8623453 0.3524802 -0.5533844
v -1.362346 0.3524802 -0.5533844
v -0.8623453 0.3037302 -0.5396343
v -1.362346 0.3524802 -0.5533844
v -1.362346 0.3037302 -0.5396345
v -0.8623453 0.3037302 -0.5396343
v -0.8623453 0.3037302 -0.5396343
v -1.362346 0.3037302 -0.5396345
v -0.8623453 -0.08726975 -0.5396343
v -1.362346 0.3037302 -0.5396345
v -1.362346 -0.08726975 -0.5396345
v -0.8623453 -0.08726975 -0.5396343
v -0.8623453 -0.08726975 -0.5396343
v -1.362346 -0.08726975 -0.5396345
v -0.8623453 -0.1352698 -0.5533844
v -1.362346 -0.08726975 -0.5396345
v -1.362346 -0.1352698 -0.5533844
v -0.8623453 -0.1352698 -0.5533844
v -0.8623453 -0.1352698 -0.5533844
v -1.362346 -0.1352698 -0.5533844
v -0.8623453 -0.1512698 -0.5946344
v -1.362346 -0.1352698 -0.5533844
v -1.362346 -0.1512698 -0.5946345
v -0.8623453 -0.1512698 -0.5946344
v -0.8623453 -0.1512698 -0.5946344
v -1.362346 -0.1512698 -0.5946345
v -0.8623453 -0.1352698 -0.6358845
v -1.362346 -0.1512698 -0.5946345
v -1.362346 -0.1352698 -0.6358845
v -0.8623453 -0.1352698 -0.6358845
v -0.8623453 -0.1352698 -0.6358845
v -1.362346 -0.1352698 -0.6358845
v -0.8623453 -0.08726975 -0.6496345
v -1.362346 -0.1352698 -0.6358845
v -1.362346 -0.08726975 -0.6496345
v -0.8623453 -0.08726975 -0.6496345
v -0.8623453 -0.08726975 -0.6496345
v -1.362346 -0.08726975 -0.6496345
v -0.8623453 0.01973024 -0.6496345
v -1.362346 -0.08726975 -0.6496345
v -1.362346 0.01973024 -0.6496345
v -0.8623453 0.01973024 -0.6496345
v -0.8623453 0.01973024 -0.6496345
v -1.362346 0.01973024 -0.6496345
v -0.8623453 0.01973024 -0.7536346
v -1.362346 0.01973024 -0.6496345
v -1.362346 0.01973024 -0.7536348
v -0.8623453 0.01973024 -0.7536346
v -0.8623453 0.01973024 -0.7536346
v -1.362346 0.01973024 -0.7536348
v -0.8623453 -0.07926977 -0.7536346
v -1.362346 0.01973024 -0.7536348
v -1.362346 -0.07926977 -0.7536348
v -0.8623453 -0.07926977 -0.7536346
v -0.8623453 -0.07926977 -0.7536346
v -1.362346 -0.07926977 -0.7536348
v -0.8623453 -0.1520198 -0.7432596
v -1.362346 -0.07926977 -0.7536348
v -1.362346 -0.1520198 -0.7432596
v -0.8623453 -0.1520198 -0.7432596
v -0.8623453 -0.1520198 -0.7432596
v -1.362346 -0.1520198 -0.7432596
v -0.8623453 -0.2062698 -0.7121345
v -1.362346 -0.1520198 -0.7432596
v -1.362346 -0.2062698 -0.7121345
v -0.8623453 -0.2062698 -0.7121345
v -0.8623453 -0.2062698 -0.7121345
v -1.362346 -0.2062698 -0.7121345
v -0.8623453 -0.2400198 -0.6612595
v -1.362346 -0.2062698 -0.7121345
v -1.362346 -0.2400198 -0.6612595
v -0.8623453 -0.2400198 -0.6612595
v -0.8623453 -0.2400198 -0.6612595
v -1.362346 -0.2400198 -0.6612595
v -0.8623453 -0.2512698 -0.5916344
v -1.362346 -0.2400198 -0.6612595
v -1.362346 -0.2512698 -0.5916345
v -0.8623453 -0.2512698 -0.5916344
v -0.8623453 -0.2512698 -0.5916344
v -1.362346 -0.2512698 -0.5916345
v -0.8623453 -0.2400198 -0.5220093
v -1.362346 -0.2512698 -0.5916345
v -1.362346 -0.2400198 -0.5220093
v -0.8623453 -0.2400198 -0.5220093
v -0.8623453 -0.2400198 -0.5220093
v -1.362346 -0.2400198 -0.5220093
v -0.8623453 -0.2062698 -0.4711343
v -1.362346 -0.2400198 -0.5220093
v -1.362346 -0.2062698 -0.4711343
v -0.8623453 -0.2062698 -0.4711343
v -0.8623453 0.4587303 -0.7786346
v -0.8623452 0.4587303 -1.078635
v -0.8623452 0.3587303 -1.078635
v -0.8623453 0.4587303 -0.7786346
v -0.8623452 0.3587303 -1.078635
v -0.8623453 0.3587303 -0.8886347
v -0.8623453 0.4587303 -0.7786346
v -0.8623453 0.3587303 -0.8886347
v -0.8623453 0.1737303 -0.8886347
v -0.8623453 0.1737303 -0.8886347
v -0.8623452 0.1737303 -1.039635
v -0.8623452 0.07373029 -1.039635
v -0.8623453 0.1737303 -0.8886347
v -0.8623452 0.07373029 -1.039635
v -0.8623453 0.07373029 -0.8886347
v -0.8623453 0.1737303 -0.8886347
v -0.8623453 0.07373029 -0.8886347
v -0.8623453 -0.1412698 -0.8886347
v -0.8623453 -0.1412698 -0.8886347
v -0.8623452 -0.1412698 -1.078635
v -0.8623452 -0.2412698 -1.078635
v -0.8623453 -0.1412698 -0.8886347
v -0.8623452 -0.2412698 -1.078635
v -0.8623453 -0.2412698 -0.7786346
v -0.8623453 -0.1412698 -0.8886347
v -0.8623453 -0.2412698 -0.7786346
v -0.8623453 0.4587303 -0.7786346
v -0.8623453 0.4587303 -0.7786346
v -0.8623453 0.1737303 -0.8886347
v -0.8623453 -0.1412698 -0.8886347
v -1.362346 0.3587303 -1.078635
v -1.362346 0.4587303 -1.078635
v -1.362346 0.4587303 -0.7786347
v -1.362346 0.3587303 -0.8886349
v -1.362346 0.3587303 -1.078635
v -1.362346 0.4587303 -0.7786347
v -1.362346 0.1737303 -0.8886349
v -1.362346 0.3587303 -0.8886349
v -1.362346 0.4587303 -0.7786347
v -1.362346 0.07373029 -1.039635
v -1.362346 0.1737303 -1.039635
v -1.362346 0.1737303 -0.8886349
v -1.362346 0.07373029 -0.8886349
v -1.362346 0.07373029 -1.039635
v -1.362346 0.1737303 -0.8886349
v -1.362346 -0.1412698 -0.8886349
v -1.362346 0.07373029 -0.8886349
v -1.362346 0.1737303 -0.8886349
v -1.362346 -0.2412698 -1.078635
v -1.362346 -0.1412698 -1.078635
v -1.362346 -0.1412698 -0.8886349
v -1.362346 -0.2412698 -0.7786347
v -1.362346 -0.2412698 -1.078635
v -1.362346 -0.1412698 -0.8886349
v -1.362346 0.4587303 -0.7786347
v -1.362346 -0.2412698 -0.7786347
v -1.362346 -0.1412698 -0.8886349
v -1.362346 -0.1412698 -0.8886349
v -1.362346 0.1737303 -0.8886349
v -1.362346 0.4587303 -0.7786347
v -0.8623453 0.4587303 -0.7786346
v -1.362346 0.4587303 -0.7786347
v -0.8623452 0.4587303 -1.078635
v -1.362346 0.4587303 -0.7786347
v -1.362346 0.4587303 -1.078635
v -0.8623452 0.4587303 -1.078635
v -0.8623452 0.4587303 -1.078635
v -1.362346 0.4587303 -1.078635
v -0.8623452 0.3587303 -1.078635
v -1.362346 0.4587303 -1.078635
v -1.362346 0.3587303 -1.078635
v -0.8623452 0.3587303 -1.078635
v -0.8623452 0.3587303 -1.078635
v -1.362346 0.3587303 -1.078635
v -0.8623453 0.3587303 -0.8886347
v -1.362346 0.3587303 -1.078635
v -1.362346 0.3587303 -0.8886349
v -0.8623453 0.3587303 -0.8886347
v -0.8623453 0.3587303 -0.8886347
v -1.362346 0.3587303 -0.8886349
v -0.8623453 0.1737303 -0.8886347
v -1.362346 0.3587303 -0.8886349
v -1.362346 0.1737303 -0.8886349
v -0.8623453 0.1737303 -0.8886347
v -0.8623453 0.1737303 -0.8886347
v -1.362346 0.1737303 -0.8886349
v -0.8623452 0.1737303 -1.039635
v -1.362346 0.1737303 -0.8886349
v -1.362346 0.1737303 -1.039635
v -0.8623452 0.1737303 -1.039635
v -0.8623452 0.1737303 -1.039635
v -1.362346 0.1737303 -1.039635
v -0.8623452 0.07373029 -1.039635
v -1.362346 0.1737303 -1.039635
v -1.362346 0.07373029 -1.039635
v -0.8623452 0.07373029 -1.039635
v -0.8623452 0.07373029 -1.039635
v -1.362346 0.07373029 -1.039635
v -0.8623453 0.07373029 -0.8886347
v -1.362346 0.07373029 -1.039635
v -1.362346 0.07373029 -0.8886349
v -0.8623453 0.07373029 -0.8886347
v -0.8623453 0.07373029 -0.8886347
v -1.362346 0.07373029 -0.8886349
v -0.8623453 -0.1412698 -0.8886347
v -1.362346 0.07373029 -0.8886349
v -1.362346 -0.1412698 -0.8886349
v -0.8623453 -0.1412698 -0.8886347
v -0.8623453 -0.1412698 -0.8886347
v -1.362346 -0.1412698 -0.8886349
v -0.8623452 -0.1412698 -1.078635
v -1.362346 -0.1412698 -0.8886349
v -1.362346 -0.1412698 -1.078635
v -0.8623452 -0.1412698 -1.078635
v -0.8623452 -0.1412698 -1.078635
v -1.362346 -0.1412698 -1.078635
v -0.8623452 -0.2412698 -1.078635
v -1.362346 -0.1412698 -1.078635
v -1.362346 -0.2412698 -1.078635
v -0.8623452 -0.2412698 -1.078635
v -0.8623452 -0.2412698 -1.078635
v -1.362346 -0.2412698 -1.078635
v -0.8623453 -0.2412698 -0.7786346
v -1.362346 -0.2412698 -1.078635
v -1.362346 -0.2412698 -0.7786347
v -0.8623453 -0.2412698 -0.7786346
v -0.8623453 -0.2412698 -0.7786346
v -1.362346 -0.2412698 -0.7786347
v -0.8623453 0.4587303 -0.7786346
v -1.362346 -0.2412698 -0.7786347
v -1.362346 0.4587303 -0.7786347
v -0.8623453 0.4587303 -0.7786346
vn 1 0 1.192093E-07
vn 1 0 1.192093E-07
vn 1 0 1.192093E-07
vn 1 0 1.192093E-07
vn 1 0 1.192093E-07
vn 1 0 1.192093E-07
vn 1 0 1.192093E-07
vn 1 0 1.192093E-07
vn 1 0 1.192093E-07
vn 1 0 1.192093E-07
vn 1 0 1.192093E-07
vn 1 0 1.192093E-07
vn 1 0 1.192093E-07
vn 1 0 1.192093E-07
vn 1 0 1.192093E-07
vn 1 0 1.192093E-07
vn 1 0 1.192093E-07
vn 1 0 1.192093E-07
vn 1 0 1.192093E-07
vn 1 0 1.192093E-07
vn 1 0 1.192093E-07
vn 1 0 1.192093E-07
vn 1 0 1.192093E-07
vn 1 0 1.192093E-07
vn 1 0 1.192093E-07
vn 1 0 1.192093E-07
vn 1 0 1.192093E-07
vn 1 0 1.192093E-07
vn 1 0 1.192093E-07
vn 1 0 1.192093E-07
vn 1 0 1.192093E-07
vn 1 0 1.192093E-07
vn 1 0 1.192093E-07
vn 1 0 1.192093E-07
vn 1 0 1.192093E-07
vn 1 0 1.192093E-07
vn 1 0 1.192093E-07
vn 1 0 1.192093E-07
vn 1 0 1.192093E-07
vn 1 0 1.192093E-07
vn 1 0 1.192093E-07
vn 1 0 1.192093E-07
vn 1 0 1.192093E-07
vn 1 0 1.192093E-07
vn 1 0 1.192093E-07
vn 1 0 1.192093E-07
vn 1 0 1.192093E-07
vn 1 0 1.192093E-07
vn 1 0 1.192093E-07
vn 1 0 1.192093E-07
vn 1 0 1.192093E-07
vn 1 0 1.192093E-07
vn 1 0 1.192093E-07
vn 1 0 1.192093E-07
vn 1 0 1.192093E-07
vn 1 0 1.192093E-07
vn 1 0 1.192093E-07
vn 1 0 1.192093E-07
vn 1 0 1.192093E-07
vn 1 0 1.192093E-07
vn 1 0 1.192093E-07
vn 1 0 1.192093E-07
vn 1 0 1.192093E-07
vn 1 0 1.192093E-07
vn 1 0 1.192093E-07
vn 1 0 1.192093E-07
vn 1 0 1.192093E-07
vn 1 0 1.192093E-07
vn 1 0 1.192093E-07
vn 1 0 1.192093E-07
vn 1 0 1.192093E-07
vn 1 0 1.192093E-07
vn 1 0 1.192093E-07
vn 1 0 1.192093E-07
vn 1 0 1.192093E-07
vn 1 0 1.192093E-07
vn 1 0 1.192093E-07
vn 1 0 1.192093E-07
vn -1 0 -1.192093E-07
vn -1 0 -1.192093E-07
vn -1 0 -1.192093E-07
vn -1 0 -1.192093E-07
vn -1 0 -1.192093E-07
vn -1 0 -1.192093E-07
vn -1 0 -1.192093E-07
vn -1 0 -1.192093E-07
vn -1 0 -1.192093E-07
vn -1 0 -1.192093E-07
vn -1 0 -1.192093E-07
vn -1 0 -1.192093E-07
vn -1 0 -1.192093E-07
vn -1 0 -1.192093E-07
vn -1 0 -1.192093E-07
vn -1 0 -1.192093E-07
vn -1 0 -1.192093E-07
vn -1 0 -1.192093E-07
vn -1 0 -1.192093E-07
vn -1 0 -1.192093E-07
vn -1 0 -1.192093E-07
vn -1 0 -1.192093E-07
vn -1 0 -1.192093E-07
vn -1 0 -1.192093E-07
vn -1 0 -1.192093E-07
vn -1 0 -1.192093E-07
vn -1 0 -1.192093E-07
vn -1 0 -1.192093E-07
vn -1 0 -1.192093E-07
vn -1 0 -1.192093E-07
vn -1 0 -1.192093E-07
vn -1 0 -1.192093E-07
vn -1 0 -1.192093E-07
vn -1 0 -1.192093E-07
vn -1 0 -1.192093E-07
vn -1 0 -1.192093E-07
vn -1 0 -1.192093E-07
vn -1 0 -1.192093E-07
vn -1 0 -1.192093E-07
vn -1 0 -1.192093E-07
vn -1 0 -1.192093E-07
vn -1 0 -1.192093E-07
vn -1 0 -1.192093E-07
vn -1 0 -1.192093E-07
vn -1 0 -1.192093E-07
vn -1 0 -1.192093E-07
vn -1 0 -1.192093E-07
vn -1 0 -1.192093E-07
vn -1 0 -1.192093E-07
vn -1 0 -1.192093E-07
vn -1 0 -1.192093E-07
vn -1 0 -1.192093E-07
vn -1 0 -1.192093E-07
vn -1 0 -1.192093E-07
vn -1 0 -1.192093E-07
vn -1 0 -1.192093E-07
vn -1 0 -1.192093E-07
vn -1 0 -1.192093E-07
vn -1 0 -1.192093E-07
vn -1 0 -1.192093E-07
vn -1 0 -1.192093E-07
vn -1 0 -1.192093E-07
vn -1 0 -1.192093E-07
vn -1 0 -1.192093E-07
vn -1 0 -1.192093E-07
vn -1 0 -1.192093E-07
vn -1 0 -1.192093E-07
vn -1 0 -1.192093E-07
vn -1 0 -1.192093E-07
vn -1 0 -1.192093E-07
vn -1 0 -1.192093E-07
vn -1 0 -1.192093E-07
vn -1 0 -1.192093E-07
vn -1 0 -1.192093E-07
vn -1 0 -1.192093E-07
vn -1 0 -1.192093E-07
vn -1 0 -1.192093E-07
vn -1 0 -1.192093E-07
vn 0 1 0
vn 0 1 0
vn 7.765186E-09 0.9971086 -0.07598978
vn 0 1 0
vn 7.765186E-09 0.9971086 -0.07598976
vn 7.765186E-09 0.9971086 -0.07598978
vn 7.765186E-09 0.9971086 -0.07598978
vn 7.765186E-09 0.9971086 -0.07598976
vn 2.948354E-08 0.9351544 -0.3542403
vn 7.765186E-09 0.9971086 -0.07598976
vn 2.948354E-08 0.9351544 -0.3542403
vn 2.948354E-08 0.9351544 -0.3542403
vn 2.948354E-08 0.9351544 -0.3542403
vn 2.948354E-08 0.9351544 -0.3542403
vn 5.896047E-08 0.6868838 -0.7267673
vn 2.948354E-08 0.9351544 -0.3542403
vn 5.896047E-08 0.6868839 -0.7267672
vn 5.896047E-08 0.6868838 -0.7267673
vn 5.896047E-08 0.6868838 -0.7267673
vn 5.896047E-08 0.6868839 -0.7267672
vn 1.192093E-07 0.3202275 -0.9473408
vn 5.896047E-08 0.6868839 -0.7267672
vn 1.192093E-07 0.3202275 -0.9473408
vn 1.192093E-07 0.3202275 -0.9473408
vn 1.192093E-07 0.3202275 -0.9473408
vn 1.192093E-07 0.3202275 -0.9473408
vn 1.192093E-07 0.06808404 -0.9976797
vn 1.192093E-07 0.3202275 -0.9473408
vn 1.192093E-07 0.06808405 -0.9976797
vn 1.192093E-07 0.06808404 -0.9976797
vn 1.192093E-07 0.06808404 -0.9976797
vn 1.192093E-07 0.06808405 -0.9976797
vn 1.19524E-07 -0.068084 -0.9976797
vn 1.192093E-07 0.06808405 -0.9976797
vn 1.19524E-07 -0.06808398 -0.9976797
vn 1.19524E-07 -0.068084 -0.9976797
vn 1.19524E-07 -0.068084 -0.9976797
vn 1.19524E-07 -0.06808398 -0.9976797
vn 1.19529E-07 -0.3202274 -0.9473408
vn 1.19524E-07 -0.06808398 -0.9976797
vn 1.19529E-07 -0.3202275 -0.9473408
vn 1.19529E-07 -0.3202274 -0.9473408
vn 1.19529E-07 -0.3202274 -0.9473408
vn 1.19529E-07 -0.3202275 -0.9473408
vn 6.024882E-08 -0.6868839 -0.7267673
vn 1.19529E-07 -0.3202275 -0.9473408
vn 6.024882E-08 -0.6868838 -0.7267673
vn 6.024882E-08 -0.6868839 -0.7267673
vn 6.024882E-08 -0.6868839 -0.7267673
vn 6.024882E-08 -0.6868838 -0.7267673
vn 3.012111E-08 -0.9351546 -0.3542399
vn 6.024882E-08 -0.6868838 -0.7267673
vn 3.012111E-08 -0.9351546 -0.3542399
vn 3.012111E-08 -0.9351546 -0.3542399
vn 3.012111E-08 -0.9351546 -0.3542399
vn 3.012111E-08 -0.9351546 -0.3542399
vn 7.135976E-09 -0.9971086 -0.07598937
vn 3.012111E-08 -0.9351546 -0.3542399
vn 7.135976E-09 -0.9971086 -0.07598937
vn 7.135976E-09 -0.9971086 -0.07598937
vn 7.135976E-09 -0.9971086 -0.07598937
vn 7.135976E-09 -0.9971086 -0.07598937
vn 0 -1 0
vn 7.135976E-09 -0.9971086 -0.07598937
vn 0 -1 0
vn 0 -1 0
vn 1.192093E-07 0 -1
vn 1.192093E-07 0 -1
vn 1.192093E-07 0 -1
vn 1.192093E-07 0 -1
vn 1.192093E-07 0 -1
vn 1.192093E-07 0 -1
vn 0 -1 0
vn 0 -1 0
vn 0 -1 0
vn 0 -1 0
vn 0 -1 0
vn 0 -1 0
vn -1.192093E-07 0 1
vn -1.192093E-07 0 1
vn -1.192093E-07 0 1
vn -1.192093E-07 0 1
vn -1.192093E-07 0 1
vn -1.192093E-07 0 1
vn -7.450581E-09 0.9969041 0.0786277
vn -7.450581E-09 0.9969041 0.0786277
vn -3.012036E-08 0.931344 0.3641405
vn -7.450581E-09 0.9969041 0.0786277
vn -3.012036E-08 0.931344 0.3641405
vn -3.012036E-08 0.931344 0.3641405
vn -3.012036E-08 0.931344 0.3641405
vn -3.012036E-08 0.931344 0.3641405
vn -5.992611E-08 0.6618028 0.7496781
vn -3.012036E-08 0.931344 0.3641405
vn -5.992611E-08 0.6618029 0.7496779
vn -5.992611E-08 0.6618028 0.7496781
vn -5.992611E-08 0.6618028 0.7496781
vn -5.992611E-08 0.6618029 0.7496779
vn -1.192883E-07 0.2825793 0.9592441
vn -5.992611E-08 0.6618029 0.7496779
vn -1.192883E-07 0.2825795 0.959244
vn -1.192883E-07 0.2825793 0.9592441
vn -1.192883E-07 0.2825793 0.9592441
vn -1.192883E-07 0.2825795 0.959244
vn -1.192872E-07 0.05463105 0.9985068
vn -1.192883E-07 0.2825795 0.959244
vn -1.192872E-07 0.05463105 0.9985068
vn -1.192872E-07 0.05463105 0.9985068
vn -1.192872E-07 0.05463105 0.9985068
vn -1.192872E-07 0.05463105 0.9985068
vn -1.191314E-07 -0.05463105 0.9985068
vn -1.192872E-07 0.05463105 0.9985068
vn -1.191314E-07 -0.05463105 0.9985068
vn -1.191314E-07 -0.05463105 0.9985068
vn -1.191314E-07 -0.05463105 0.9985068
vn -1.191314E-07 -0.05463105 0.9985068
vn -1.191303E-07 -0.28258 0.9592438
vn -1.191314E-07 -0.05463105 0.9985068
vn -1.191303E-07 -0.2825799 0.9592438
vn -1.191303E-07 -0.28258 0.9592438
vn -1.191303E-07 -0.28258 0.9592438
vn -1.191303E-07 -0.2825799 0.9592438
vn -5.960464E-08 -0.6618025 0.7496784
vn -1.191303E-07 -0.2825799 0.9592438
vn -5.960464E-08 -0.6618022 0.7496785
vn -5.960464E-08 -0.6618025 0.7496784
vn -5.960464E-08 -0.6618025 0.7496784
vn -5.960464E-08 -0.6618022 0.7496785
vn -2.980232E-08 -0.931344 0.3641405
vn -5.960464E-08 -0.6618022 0.7496785
vn -2.980232E-08 -0.931344 0.3641406
vn -2.980232E-08 -0.931344 0.3641405
vn -2.980232E-08 -0.931344 0.3641405
vn -2.980232E-08 -0.931344 0.3641406
vn -7.450581E-09 -0.9969041 0.07862645
vn -2.980232E-08 -0.931344 0.3641406
vn -7.450581E-09 -0.9969041 0.07862647
vn -7.450581E-09 -0.9969041 0.07862645
vn -7.450581E-09 -0.9969041 0.07862645
vn -7.450581E-09 -0.9969041 0.07862647
vn 0 -1 0
vn -7.450581E-09 -0.9969041 0.07862647
vn 0 -1 0
vn 0 -1 0
vn 1.192093E-07 0 -1
vn 1.192093E-07 0 -1
vn 1.192093E-07 0 -1
vn 1.192093E-07 0 -1
vn 1.192093E-07 0 -1
vn 1.192093E-07 0 -1
vn 0 1 0
vn 0 1 0
vn -7.450581E-09 0.9969041 0.0786277
vn 0 1 0
vn -7.450581E-09 0.9969041 0.0786277
vn -7.450581E-09 0.9969041 0.0786277
vn 1 0 1.192093E-07
vn 1 0 1.192093E-07
vn 1 0 1.192093E-07
vn 1 0 1.192093E-07
vn 1 0 1.192093E-07
vn 1 0 1.192093E-07
vn 1 0 1.192093E-07
vn 1 0 1.192093E-07
vn 1 0 1.192093E-07
vn 1 0 1.192093E-07
vn 1 0 1.192093E-07
vn 1 0 1.192093E-07
vn 1 0 1.192093E-07
vn 1 0 1.192093E-07
vn 1 0 1.192093E-07
vn 1 0 1.192093E-07
vn 1 0 1.192093E-07
vn 1 0 1.192093E-07
vn 1 0 1.192093E-07
vn 1 0 1.192093E-07
vn 1 0 1.192093E-07
vn 1 0 1.192093E-07
vn 1 0 1.192093E-07
vn 1 0 1.192093E-07
vn 1 0 1.192093E-07
vn 1 0 1.192093E-07
vn 1 0 1.192093E-07
vn 1 0 1.192093E-07
vn 1 0 1.192093E-07
vn 1 0 1.192093E-07
vn 1 0 1.192093E-07
vn 1 0 1.192093E-07
vn 1 0 1.192093E-07
vn 1 0 1.192093E-07
vn 1 0 1.192093E-07
vn 1 0 1.192093E-07
vn 1 0 1.192093E-07
vn 1 0 1.192093E-07
vn 1 0 1.192093E-07
vn 1 0 1.192093E-07
vn 1 0 1.192093E-07
vn 1 0 1.192093E-07
vn 1 0 1.192093E-07
vn 1 0 1.192093E-07
vn 1 0 1.192093E-07
vn 1 0 1.192093E-07
vn 1 0 1.192093E-07
vn 1 0 1.192093E-07
vn 1 0 1.192093E-07
vn 1 0 1.192093E-07
vn 1 0 1.192093E-07
vn 1 0 1.192093E-07
vn 1 0 1.192093E-07
vn 1 0 1.192093E-07
vn 1 0 1.192093E-07
vn 1 0 1.192093E-07
vn 1 0 1.192093E-07
vn 1 0 1.192093E-07
vn 1 0 1.192093E-07
vn 1 0 1.192093E-07
vn 1 0 1.192093E-07
vn 1 0 1.192093E-07
vn 1 0 1.192093E-07
vn 1 0 1.192093E-07
vn 1 0 1.192093E-07
vn 1 0 1.192093E-07
vn 1 0 1.192093E-07
vn 1 0 1.192093E-07
vn 1 0 1.192093E-07
vn 1 0 1.192093E-07
vn 1 0 1.192093E-07
vn 1 0 1.192093E-07
vn 1 0 1.192093E-07
vn 1 0 1.192093E-07
vn 1 0 1.192093E-07
vn 1 0 1.192093E-07
vn 1 0 1.192093E-07
vn 1 0 1.192093E-07
vn 1 0 1.192093E-07
vn 1 0 1.192093E-07
vn 1 0 1.192093E-07
vn 1 0 1.192093E-07
vn 1 0 1.192093E-07
vn 1 0 1.192093E-07
vn -1 0 -1.192093E-07
vn -1 0 -1.192093E-07
vn -1 0 -1.192093E-07
vn -1 0 -1.192093E-07
vn -1 0 -1.192093E-07
vn -1 0 -1.192093E-07
vn -1 0 -1.192093E-07
vn -1 0 -1.192093E-07
vn -1 0 -1.192093E-07
vn -1 0 -1.192093E-07
vn -1 0 -1.192093E-07
vn -1 0 -1.192093E-07
vn -1 0 -1.192093E-07
vn -1 0 -1.192093E-07
vn -1 0 -1.192093E-07
vn -1 0 -1.192093E-07
vn -1 0 -1.192093E-07
vn -1 0 -1.192093E-07
vn -1 0 -1.192093E-07
vn -1 0 -1.192093E-07
vn -1 0 -1.192093E-07
vn -1 0 -1.192093E-07
vn -1 0 -1.192093E-07
vn -1 0 -1.192093E-07
vn -1 0 -1.192093E-07
vn -1 0 -1.192093E-07
vn -1 0 -1.192093E-07
vn -1 0 -1.192093E-07
vn -1 0 -1.192093E-07
vn -1 0 -1.192093E-07
vn -1 0 -1.192093E-07
vn -1 0 -1.192093E-07
vn -1 0 -1.192093E-07
vn -1 0 -1.192093E-07
vn -1 0 -1.192093E-07
vn -1 0 -1.192093E-07
vn -1 0 -1.192093E-07
vn -1 0 -1.192093E-07
vn -1 0 -1.192093E-07
vn -1 0 -1.192093E-07
vn -1 0 -1.192093E-07
vn -1 0 -1.192093E-07
vn -1 0 -1.192093E-07
vn -1 0 -1.192093E-07
vn -1 0 -1.192093E-07
vn -1 0 -1.192093E-07
vn -1 0 -1.192093E-07
vn -1 0 -1.192093E-07
vn -1 0 -1.192093E-07
vn -1 0 -1.192093E-07
vn -1 0 -1.192093E-07
vn -1 0 -1.192093E-07
vn -1 0 -1.192093E-07
vn -1 0 -1.192093E-07
vn -1 0 -1.192093E-07
vn -1 0 -1.192093E-07
vn -1 0 -1.192093E-07
vn -1 0 -1.192093E-07
vn -1 0 -1.192093E-07
vn -1 0 -1.192093E-07
vn -1 0 -1.192093E-07
vn -1 0 -1.192093E-07
vn -1 0 -1.192093E-07
vn -1 0 -1.192093E-07
vn -1 0 -1.192093E-07
vn -1 0 -1.192093E-07
vn -1 0 -1.192093E-07
vn -1 0 -1.192093E-07
vn -1 0 -1.192093E-07
vn -1 0 -1.192093E-07
vn -1 0 -1.192093E-07
vn -1 0 -1.192093E-07
vn -1 0 -1.192093E-07
vn -1 0 -1.192093E-07
vn -1 0 -1.192093E-07
vn -1 0 -1.192093E-07
vn -1 0 -1.192093E-07
vn -1 0 -1.192093E-07
vn -1 0 -1.192093E-07
vn -1 0 -1.192093E-07
vn -1 0 -1.192093E-07
vn -1 0 -1.192093E-07
vn -1 0 -1.192093E-07
vn -1 0 -1.192093E-07
vn -5.831837E-08 -0.6874008 0.7262784
vn -5.831837E-08 -0.6874008 0.7262784
vn -1.176142E-07 -0.3286266 0.94446
vn -5.831837E-08 -0.6874008 0.7262784
vn -1.176142E-07 -0.3286267 0.94446
vn -1.176142E-07 -0.3286266 0.94446
vn -1.176142E-07 -0.3286266 0.94446
vn -1.176142E-07 -0.3286267 0.94446
vn -1.188945E-07 -0.07159176 0.9974341
vn -1.176142E-07 -0.3286267 0.94446
vn -1.188945E-07 -0.07159176 0.9974341
vn -1.188945E-07 -0.07159176 0.9974341
vn -1.188945E-07 -0.07159176 0.9974341
vn -1.188945E-07 -0.07159176 0.9974341
vn -1.192093E-07 0.07159179 0.9974341
vn -1.188945E-07 -0.07159176 0.9974341
vn -1.192093E-07 0.07159179 0.9974341
vn -1.192093E-07 0.07159179 0.9974341
vn -1.192093E-07 0.07159179 0.9974341
vn -1.192093E-07 0.07159179 0.9974341
vn -1.192093E-07 0.3286266 0.94446
vn -1.192093E-07 0.07159179 0.9974341
vn -1.192093E-07 0.3286267 0.94446
vn -1.192093E-07 0.3286266 0.94446
vn -1.192093E-07 0.3286266 0.94446
vn -1.192093E-07 0.3286267 0.94446
vn -5.960464E-08 0.6874008 0.7262784
vn -1.192093E-07 0.3286267 0.94446
vn -5.960464E-08 0.6874007 0.7262784
vn -5.960464E-08 0.6874008 0.7262784
vn -5.960464E-08 0.6874008 0.7262784
vn -5.960464E-08 0.6874007 0.7262784
vn -2.980232E-08 0.932173 0.3620133
vn -5.960464E-08 0.6874007 0.7262784
vn -2.980232E-08 0.932173 0.3620133
vn -2.980232E-08 0.932173 0.3620133
vn -2.980232E-08 0.932173 0.3620133
vn -2.980232E-08 0.932173 0.3620133
vn 1.776357E-15 1 -2.146514E-08
vn -2.980232E-08 0.932173 0.3620133
vn -1.776357E-15 1 2.146514E-08
vn 1.776357E-15 1 -2.146514E-08
vn 1.776357E-15 1 -2.146514E-08
vn -1.776357E-15 1 2.146514E-08
vn 2.980232E-08 0.932173 -0.3620133
vn -1.776357E-15 1 2.146514E-08
vn 2.980232E-08 0.932173 -0.3620133
vn 2.980232E-08 0.932173 -0.3620133
vn 2.980232E-08 0.932173 -0.3620133
vn 2.980232E-08 0.932173 -0.3620133
vn 5.960464E-08 0.6874007 -0.7262784
vn 2.980232E-08 0.932173 -0.3620133
vn 5.960464E-08 0.6874007 -0.7262784
vn 5.960464E-08 0.6874007 -0.7262784
vn 5.960464E-08 0.6874007 -0.7262784
vn 5.960464E-08 0.6874007 -0.7262784
vn 1.192093E-07 0.3286266 -0.94446
vn 5.960464E-08 0.6874007 -0.7262784
vn 1.192093E-07 0.3286266 -0.94446
vn 1.192093E-07 0.3286266 -0.94446
vn 1.192093E-07 0.3286266 -0.94446
vn 1.192093E-07 0.3286266 -0.94446
vn 1.192093E-07 0.07159179 -0.9974341
vn 1.192093E-07 0.3286266 -0.94446
vn 1.192093E-07 0.07159179 -0.9974341
vn 1.192093E-07 0.07159179 -0.9974341
vn 1.192093E-07 0.07159179 -0.9974341
vn 1.192093E-07 0.07159179 -0.9974341
vn 1.188945E-07 -0.07159176 -0.9974341
vn 1.192093E-07 0.07159179 -0.9974341
vn 1.188945E-07 -0.07159176 -0.9974341
vn 1.188945E-07 -0.07159176 -0.9974341
vn 1.188945E-07 -0.07159176 -0.9974341
vn 1.188945E-07 -0.07159176 -0.9974341
vn 1.176142E-07 -0.3286267 -0.94446
vn 1.188945E-07 -0.07159176 -0.9974341
vn 1.176142E-07 -0.3286267 -0.94446
vn 1.176142E-07 -0.3286267 -0.94446
vn 1.176142E-07 -0.3286267 -0.94446
vn 1.176142E-07 -0.3286267 -0.94446
vn 5.831837E-08 -0.6874008 -0.7262784
vn 1.176142E-07 -0.3286267 -0.94446
vn 5.831837E-08 -0.6874008 -0.7262784
vn 5.831837E-08 -0.6874008 -0.7262784
vn 5.831837E-08 -0.6874008 -0.7262784
vn 5.831837E-08 -0.6874008 -0.7262784
vn 2.980232E-08 -0.932173 -0.3620133
vn 5.831837E-08 -0.6874008 -0.7262784
vn 2.980232E-08 -0.932173 -0.3620133
vn 2.980232E-08 -0.932173 -0.3620133
vn 2.980232E-08 -0.932173 -0.3620133
vn 2.980232E-08 -0.932173 -0.3620133
vn -1.776357E-15 -1 2.146514E-08
vn 2.980232E-08 -0.932173 -0.3620133
vn 1.776357E-15 -1 -2.146514E-08
vn -1.776357E-15 -1 2.146514E-08
vn -1.776357E-15 -1 2.146514E-08
vn 1.776357E-15 -1 -2.146514E-08
vn -2.980232E-08 -0.932173 0.3620133
vn 1.776357E-15 -1 -2.146514E-08
vn -2.980232E-08 -0.932173 0.3620133
vn -2.980232E-08 -0.932173 0.3620133
vn -2.980232E-08 -0.932173 0.3620133
vn -2.980232E-08 -0.932173 0.3620133
vn -5.831837E-08 -0.6874008 0.7262784
vn -2.980232E-08 -0.932173 0.3620133
vn -5.831837E-08 -0.6874008 0.7262784
vn -5.831837E-08 -0.6874008 0.7262784
vn -1.192093E-07 0.1339475 0.9909886
vn -1.192093E-07 0.1339475 0.9909886
vn -1.192093E-07 -0.1339475 0.9909886
vn -1.192093E-07 0.1339475 0.9909886
vn -1.192093E-07 -0.1339475 0.9909886
vn -1.192093E-07 -0.1339475 0.9909886
vn -1.192093E-07 -0.1339475 0.9909886
vn -1.192093E-07 -0.1339475 0.9909886
vn -1.192093E-07 -0.2654809 0.9641163
vn -1.192093E-07 -0.1339475 0.9909886
vn -1.192093E-07 -0.2654809 0.9641163
vn -1.192093E-07 -0.2654809 0.9641163
vn -2.980232E-08 -0.9273505 0.3741941
vn -2.980232E-08 -0.9273504 0.374194
vn -2.980232E-08 -0.9273504 0.3741941
vn -2.980232E-08 -0.9273504 0.374194
vn -2.980232E-08 -0.9273505 0.3741941
vn -2.980232E-08 -0.9273504 0.3741941
vn 2.980232E-08 -0.9273505 -0.3741941
vn 2.980232E-08 -0.9273504 -0.374194
vn 2.980232E-08 -0.9273504 -0.3741941
vn 2.980232E-08 -0.9273504 -0.374194
vn 2.980232E-08 -0.9273505 -0.3741941
vn 2.980232E-08 -0.9273504 -0.3741941
vn 1.192093E-07 -0.2654814 -0.9641161
vn 1.192093E-07 -0.2654814 -0.9641161
vn 1.192093E-07 -0.1339478 -0.9909886
vn 1.192093E-07 -0.2654814 -0.9641161
vn 1.192093E-07 -0.1339478 -0.9909886
vn 1.192093E-07 -0.1339478 -0.9909886
vn 1.192093E-07 -0.1339478 -0.9909886
vn 1.192093E-07 -0.1339478 -0.9909886
vn 1.192093E-07 0.1339478 -0.9909886
vn 1.192093E-07 -0.1339478 -0.9909886
vn 1.192093E-07 0.1339478 -0.9909886
vn 1.192093E-07 0.1339478 -0.9909886
vn 1.192093E-07 0.1339478 -0.9909886
vn 1.192093E-07 0.1339478 -0.9909886
vn 1.192093E-07 0.2654814 -0.9641161
vn 1.192093E-07 0.1339478 -0.9909886
vn 1.192093E-07 0.2654814 -0.9641161
vn 1.192093E-07 0.2654814 -0.9641161
vn 2.980232E-08 0.9273505 -0.3741941
vn 2.980232E-08 0.9273504 -0.374194
vn 2.980232E-08 0.9273504 -0.3741941
vn 2.980232E-08 0.9273504 -0.374194
vn 2.980232E-08 0.9273505 -0.3741941
vn 2.980232E-08 0.9273504 -0.3741941
vn -2.980232E-08 0.9273505 0.3741941
vn -2.980232E-08 0.9273504 0.374194
vn -2.980232E-08 0.9273504 0.3741941
vn -2.980232E-08 0.9273504 0.374194
vn -2.980232E-08 0.9273505 0.3741941
vn -2.980232E-08 0.9273504 0.3741941
vn -1.192093E-07 0.2654809 0.9641163
vn -1.192093E-07 0.2654809 0.9641163
vn -1.192093E-07 0.1339475 0.9909886
vn -1.192093E-07 0.2654809 0.9641163
vn -1.192093E-07 0.1339475 0.9909886
vn -1.192093E-07 0.1339475 0.9909886
vn 1 0 1.192093E-07
vn 1 0 1.192093E-07
vn 1 0 1.192093E-07
vn 1 0 1.192093E-07
vn 1 0 1.192093E-07
vn 1 0 1.192093E-07
vn 1 0 1.192093E-07
vn 1 0 1.192093E-07
vn 1 0 1.192093E-07
vn 1 0 1.192093E-07
vn 1 0 1.192093E-07
vn 1 0 1.192093E-07
vn -1 0 -1.192093E-07
vn -1 0 -1.192093E-07
vn -1 0 -1.192093E-07
vn -1 0 -1.192093E-07
vn -1 0 -1.192093E-07
vn -1 0 -1.192093E-07
vn -1 0 -1.192093E-07
vn -1 0 -1.192093E-07
vn -1 0 -1.192093E-07
vn -1 0 -1.192093E-07
vn -1 0 -1.192093E-07
vn -1 0 -1.192093E-07
vn 0 1 0
vn 0 1 0
vn 0 1 0
vn 0 1 0
vn 0 1 0
vn 0 1 0
vn 1.192093E-07 0 -1
vn 1.192093E-07 0 -1
vn 1.192093E-07 0 -1
vn 1.192093E-07 0 -1
vn 1.192093E-07 0 -1
vn 1.192093E-07 0 -1
vn 0 1 0
vn 0 1 0
vn 0 1 0
vn 0 1 0
vn 0 1 0
vn 0 1 0
vn 1.192093E-07 0 -1
vn 1.192093E-07 0 -1
vn 1.192093E-07 0 -1
vn 1.192093E-07 0 -1
vn 1.192093E-07 0 -1
vn 1.192093E-07 0 -1
vn 0 -1 0
vn 0 -1 0
vn 0 -1 0
vn 0 -1 0
vn 0 -1 0
vn 0 -1 0
vn -1.192093E-07 0 1
vn -1.192093E-07 0 1
vn -1.192093E-07 0 1
vn -1.192093E-07 0 1
vn -1.192093E-07 0 1
vn -1.192093E-07 0 1
vn 1 0 1.192093E-07
vn 1 0 1.192093E-07
vn 1 0 1.192093E-07
vn 1 0 1.192093E-07
vn 1 0 1.192093E-07
vn 1 0 1.192093E-07
vn -1 0 -1.192093E-07
vn -1 0 -1.192093E-07
vn -1 0 -1.192093E-07
vn -1 0 -1.192093E-07
vn -1 0 -1.192093E-07
vn -1 0 -1.192093E-07
vn 0 1 0
vn 0 1 0
vn 0 1 0
vn 0 1 0
vn 0 1 0
vn 0 1 0
vn 1.192093E-07 0 -1
vn 1.192093E-07 0 -1
vn 1.192093E-07 0 -1
vn 1.192093E-07 0 -1
vn 1.192093E-07 0 -1
vn 1.192093E-07 0 -1
vn 0 -1 0
vn 0 -1 0
vn 0 -1 0
vn 0 -1 0
vn 0 -1 0
vn 0 -1 0
vn -1.192093E-07 0 1
vn -1.192093E-07 0 1
vn -1.192093E-07 0 1
vn -1.192093E-07 0 1
vn -1.192093E-07 0 1
vn -1.192093E-07 0 1
vn 1 0 1.192093E-07
vn 1 0 1.192093E-07
vn 1 0 1.192093E-07
vn 1 0 1.192093E-07
vn 1 0 1.192093E-07
vn 1 0 1.192093E-07
vn 1 0 1.192093E-07
vn 1 0 1.192093E-07
vn 1 0 1.192093E-07
vn 1 0 1.192093E-07
vn 1 0 1.192093E-07
vn 1 0 1.192093E-07
vn 1 0 1.192093E-07
vn 1 0 1.192093E-07
vn 1 0 1.192093E-07
vn 1 0 1.192093E-07
vn 1 0 1.192093E-07
vn 1 0 1.192093E-07
vn 1 0 1.192093E-07
vn 1 0 1.192093E-07
vn 1 0 1.192093E-07
vn 1 0 1.192093E-07
vn 1 0 1.192093E-07
vn 1 0 1.192093E-07
vn 1 0 1.192093E-07
vn 1 0 1.192093E-07
vn 1 0 1.192093E-07
vn 1 0 1.192093E-07
vn 1 0 1.192093E-07
vn 1 0 1.192093E-07
vn 1 0 1.192093E-07
vn 1 0 1.192093E-07
vn 1 0 1.192093E-07
vn 1 0 1.192093E-07
vn 1 0 1.192093E-07
vn 1 0 1.192093E-07
vn 1 0 1.192093E-07
vn 1 0 1.192093E-07
vn 1 0 1.192093E-07
vn 1 0 1.192093E-07
vn 1 0 1.192093E-07
vn 1 0 1.192093E-07
vn 1 0 1.192093E-07
vn 1 0 1.192093E-07
vn 1 0 1.192093E-07
vn 1 0 1.192093E-07
vn 1 0 1.192093E-07
vn 1 0 1.192093E-07
vn 1 0 1.192093E-07
vn 1 0 1.192093E-07
vn 1 0 1.192093E-07
vn 1 0 1.192093E-07
vn 1 0 1.192093E-07
vn 1 0 1.192093E-07
vn 1 0 1.192093E-07
vn 1 0 1.192093E-07
vn 1 0 1.192093E-07
vn 1 0 1.192093E-07
vn 1 0 1.192093E-07
vn 1 0 1.192093E-07
vn 1 0 1.192093E-07
vn 1 0 1.192093E-07
vn 1 0 1.192093E-07
vn 1 0 1.192093E-07
vn 1 0 1.192093E-07
vn 1 0 1.192093E-07
vn 1 0 1.192093E-07
vn 1 0 1.192093E-07
vn 1 0 1.192093E-07
vn 1 0 1.192093E-07
vn 1 0 1.192093E-07
vn 1 0 1.192093E-07
vn 1 0 1.192093E-07
vn 1 0 1.192093E-07
vn 1 0 1.192093E-07
vn 1 0 1.192093E-07
vn 1 0 1.192093E-07
vn 1 0 1.192093E-07
vn 1 0 1.192093E-07
vn 1 0 1.192093E-07
vn 1 0 1.192093E-07
vn 1 0 1.192093E-07
vn 1 0 1.192093E-07
vn 1 0 1.192093E-07
vn 1 0 1.192093E-07
vn 1 0 1.192093E-07
vn 1 0 1.192093E-07
vn 1 0 1.192093E-07
vn 1 0 1.192093E-07
vn 1 0 1.192093E-07
vn -1 0 -1.192093E-07
vn -1 0 -1.192093E-07
vn -1 0 -1.192093E-07
vn -1 0 -1.192093E-07
vn -1 0 -1.192093E-07
vn -1 0 -1.192093E-07
vn -1 0 -1.192093E-07
vn -1 0 -1.192093E-07
vn -1 0 -1.192093E-07
vn -1 0 -1.192093E-07
vn -1 0 -1.192093E-07
vn -1 0 -1.192093E-07
vn -1 0 -1.192093E-07
vn -1 0 -1.192093E-07
vn -1 0 -1.192093E-07
vn -1 0 -1.192093E-07
vn -1 0 -1.192093E-07
vn -1 0 -1.192093E-07
vn -1 0 -1.192093E-07
vn -1 0 -1.192093E-07
vn -1 0 -1.192093E-07
vn -1 0 -1.192093E-07
vn -1 0 -1.192093E-07
vn -1 0 -1.192093E-07
vn -1 0 -1.192093E-07
vn -1 0 -1.192093E-07
vn -1 0 -1.192093E-07
vn -1 0 -1.192093E-07
vn -1 0 -1.192093E-07
vn -1 0 -1.192093E-07
vn -1 0 -1.192093E-07
vn -1 0 -1.192093E-07
vn -1 0 -1.192093E-07
vn -1 0 -1.192093E-07
vn -1 0 -1.192093E-07
vn -1 0 -1.192093E-07
vn -1 0 -1.192093E-07
vn -1 0 -1.192093E-07
vn -1 0 -1.192093E-07
vn -1 0 -1.192093E-07
vn -1 0 -1.192093E-07
vn -1 0 -1.192093E-07
vn -1 0 -1.192093E-07
vn -1 0 -1.192093E-07
vn -1 0 -1.192093E-07
vn -1 0 -1.192093E-07
vn -1 0 -1.192093E-07
vn -1 0 -1.192093E-07
vn -1 0 -1.192093E-07
vn -1 0 -1.192093E-07
vn -1 0 -1.192093E-07
vn -1 0 -1.192093E-07
vn -1 0 -1.192093E-07
vn -1 0 -1.192093E-07
vn -1 0 -1.192093E-07
vn -1 0 -1.192093E-07
vn -1 0 -1.192093E-07
vn -1 0 -1.192093E-07
vn -1 0 -1.192093E-07
vn -1 0 -1.192093E-07
vn -1 0 -1.192093E-07
vn -1 0 -1.192093E-07
vn -1 0 -1.192093E-07
vn -1 0 -1.192093E-07
vn -1 0 -1.192093E-07
vn -1 0 -1.192093E-07
vn -1 0 -1.192093E-07
vn -1 0 -1.192093E-07
vn -1 0 -1.192093E-07
vn -1 0 -1.192093E-07
vn -1 0 -1.192093E-07
vn -1 0 -1.192093E-07
vn -1 0 -1.192093E-07
vn -1 0 -1.192093E-07
vn -1 0 -1.192093E-07
vn -1 0 -1.192093E-07
vn -1 0 -1.192093E-07
vn -1 0 -1.192093E-07
vn -1 0 -1.192093E-07
vn -1 0 -1.192093E-07
vn -1 0 -1.192093E-07
vn -1 0 -1.192093E-07
vn -1 0 -1.192093E-07
vn -1 0 -1.192093E-07
vn -1 0 -1.192093E-07
vn -1 0 -1.192093E-07
vn -1 0 -1.192093E-07
vn -1 0 -1.192093E-07
vn -1 0 -1.192093E-07
vn -1 0 -1.192093E-07
vn -5.960464E-08 -0.6838114 0.7296588
vn -5.960464E-08 -0.6838115 0.7296588
vn -1.192093E-07 -0.325243 0.9456306
vn -5.960464E-08 -0.6838115 0.7296588
vn -1.192093E-07 -0.3252431 0.9456306
vn -1.192093E-07 -0.325243 0.9456306
vn -1.192093E-07 -0.325243 0.9456306
vn -1.192093E-07 -0.3252431 0.9456306
vn -1.192093E-07 -0.07076839 0.9974929
vn -1.192093E-07 -0.3252431 0.9456306
vn -1.192093E-07 -0.07076839 0.9974929
vn -1.192093E-07 -0.07076839 0.9974929
vn -1.192093E-07 -0.07076839 0.9974929
vn -1.192093E-07 -0.07076839 0.9974929
vn -1.195239E-07 0.07076842 0.9974929
vn -1.192093E-07 -0.07076839 0.9974929
vn -1.195239E-07 0.07076842 0.9974929
vn -1.195239E-07 0.07076842 0.9974929
vn -1.195239E-07 0.07076842 0.9974929
vn -1.195239E-07 0.07076842 0.9974929
vn -1.195288E-07 0.3252431 0.9456306
vn -1.195239E-07 0.07076842 0.9974929
vn -1.195288E-07 0.3252431 0.9456306
vn -1.195288E-07 0.3252431 0.9456306
vn -1.195288E-07 0.3252431 0.9456306
vn -1.195288E-07 0.3252431 0.9456306
vn -5.960464E-08 0.6838115 0.7296588
vn -1.195288E-07 0.3252431 0.9456306
vn -5.960464E-08 0.6838114 0.7296588
vn -5.960464E-08 0.6838115 0.7296588
vn -5.960464E-08 0.6838115 0.7296588
vn -5.960464E-08 0.6838114 0.7296588
vn -2.948158E-08 0.9312516 0.3643769
vn -5.960464E-08 0.6838114 0.7296588
vn -2.948158E-08 0.9312515 0.3643769
vn -2.948158E-08 0.9312516 0.3643769
vn -2.948158E-08 0.9312516 0.3643769
vn -2.948158E-08 0.9312515 0.3643769
vn 8.481918E-16 1 -1.073382E-08
vn -2.948158E-08 0.9312515 0.3643769
vn -8.481918E-16 1 1.073382E-08
vn 8.481918E-16 1 -1.073382E-08
vn 8.481918E-16 1 -1.073382E-08
vn -8.481918E-16 1 1.073382E-08
vn 2.948158E-08 0.9312515 -0.3643769
vn -8.481918E-16 1 1.073382E-08
vn 2.948158E-08 0.9312516 -0.3643769
vn 2.948158E-08 0.9312515 -0.3643769
vn 2.948158E-08 0.9312515 -0.3643769
vn 2.948158E-08 0.9312516 -0.3643769
vn 5.960464E-08 0.6838114 -0.7296588
vn 2.948158E-08 0.9312516 -0.3643769
vn 5.960464E-08 0.6838115 -0.7296588
vn 5.960464E-08 0.6838114 -0.7296588
vn 5.960464E-08 0.6838114 -0.7296588
vn 5.960464E-08 0.6838115 -0.7296588
vn 1.192093E-07 0.3252439 -0.9456303
vn 5.960464E-08 0.6838115 -0.7296588
vn 1.192093E-07 0.3252439 -0.9456303
vn 1.192093E-07 0.3252439 -0.9456303
vn 1.192093E-07 0.3252439 -0.9456303
vn 1.192093E-07 0.3252439 -0.9456303
vn 1.192093E-07 0.07076922 -0.9974928
vn 1.192093E-07 0.3252439 -0.9456303
vn 1.192093E-07 0.07076924 -0.9974928
vn 1.192093E-07 0.07076922 -0.9974928
vn 1.192093E-07 0.07076922 -0.9974928
vn 1.192093E-07 0.07076924 -0.9974928
vn 1.192093E-07 0 -1
vn 1.192093E-07 0.07076924 -0.9974928
vn 1.192093E-07 0 -1
vn 1.192093E-07 0 -1
vn 0 -1 0
vn 0 -1 0
vn 0 -1 0
vn 0 -1 0
vn 0 -1 0
vn 0 -1 0
vn -1.192093E-07 0 1
vn -1.192093E-07 0 1
vn -1.192093E-07 -0.1370221 0.9905681
vn -1.192093E-07 0 1
vn -1.192093E-07 -0.1370222 0.9905681
vn -1.192093E-07 -0.1370221 0.9905681
vn -1.192093E-07 -0.1370221 0.9905681
vn -1.192093E-07 -0.1370222 0.9905681
vn -1.192093E-07 -0.2714595 0.96245
vn -1.192093E-07 -0.1370222 0.9905681
vn -1.192093E-07 -0.2714595 0.96245
vn -1.192093E-07 -0.2714595 0.96245
vn -3.104896E-08 -0.9304083 0.3665249
vn -3.104896E-08 -0.9304082 0.3665249
vn -3.104896E-08 -0.9304083 0.3665249
vn -3.104896E-08 -0.9304082 0.3665249
vn -3.104896E-08 -0.9304082 0.3665249
vn -3.104896E-08 -0.9304083 0.3665249
vn 3.104896E-08 -0.9304083 -0.3665249
vn 3.104896E-08 -0.9304082 -0.3665249
vn 3.104896E-08 -0.9304083 -0.3665249
vn 3.104896E-08 -0.9304082 -0.3665249
vn 3.104896E-08 -0.9304082 -0.3665249
vn 3.104896E-08 -0.9304083 -0.3665249
vn 1.192093E-07 -0.2714595 -0.96245
vn 1.192093E-07 -0.2714595 -0.96245
vn 1.192093E-07 -0.1370221 -0.9905681
vn 1.192093E-07 -0.2714595 -0.96245
vn 1.192093E-07 -0.1370222 -0.9905681
vn 1.192093E-07 -0.1370221 -0.9905681
vn 1.192093E-07 -0.1370221 -0.9905681
vn 1.192093E-07 -0.1370222 -0.9905681
vn 1.195243E-07 0.1390413 -0.9902867
vn 1.192093E-07 -0.1370222 -0.9905681
vn 1.195243E-07 0.1390413 -0.9902867
vn 1.195243E-07 0.1390413 -0.9902867
vn 1.195243E-07 0.1390413 -0.9902867
vn 1.195243E-07 0.1390413 -0.9902867
vn 1.198333E-07 0.2753815 -0.9613351
vn 1.195243E-07 0.1390413 -0.9902867
vn 1.198333E-07 0.2753815 -0.9613351
vn 1.198333E-07 0.2753815 -0.9613351
vn 2.980232E-08 0.9323224 -0.3616282
vn 2.980232E-08 0.9323223 -0.3616282
vn 2.980232E-08 0.9323223 -0.3616282
vn 2.980232E-08 0.9323223 -0.3616282
vn 2.980232E-08 0.9323224 -0.3616282
vn 2.980232E-08 0.9323223 -0.3616282
vn -2.980232E-08 0.9323224 0.3616282
vn -2.980232E-08 0.9323223 0.3616282
vn -2.980232E-08 0.9323223 0.3616282
vn -2.980232E-08 0.9323223 0.3616282
vn -2.980232E-08 0.9323224 0.3616282
vn -2.980232E-08 0.9323223 0.3616282
vn -1.198333E-07 0.2753815 0.9613351
vn -1.198333E-07 0.2753815 0.9613351
vn -1.195243E-07 0.1390413 0.9902867
vn -1.198333E-07 0.2753815 0.9613351
vn -1.195243E-07 0.1390413 0.9902867
vn -1.195243E-07 0.1390413 0.9902867
vn -1.195243E-07 0.1390413 0.9902867
vn -1.195243E-07 0.1390413 0.9902867
vn -1.192093E-07 0 1
vn -1.195243E-07 0.1390413 0.9902867
vn -1.192093E-07 0 1
vn -1.192093E-07 0 1
vn 0 1 0
vn 0 1 0
vn 0 1 0
vn 0 1 0
vn 0 1 0
vn 0 1 0
vn 1.192093E-07 0 -1
vn 1.192093E-07 0 -1
vn 1.192093E-07 -0.07076921 -0.9974928
vn 1.192093E-07 0 -1
vn 1.192093E-07 -0.07076918 -0.9974928
vn 1.192093E-07 -0.07076921 -0.9974928
vn 1.192093E-07 -0.07076921 -0.9974928
vn 1.192093E-07 -0.07076918 -0.9974928
vn 1.192093E-07 -0.3252438 -0.9456303
vn 1.192093E-07 -0.07076918 -0.9974928
vn 1.192093E-07 -0.3252438 -0.9456303
vn 1.192093E-07 -0.3252438 -0.9456303
vn 1.192093E-07 -0.3252438 -0.9456303
vn 1.192093E-07 -0.3252438 -0.9456303
vn 5.960464E-08 -0.6838115 -0.7296588
vn 1.192093E-07 -0.3252438 -0.9456303
vn 5.960464E-08 -0.6838114 -0.7296588
vn 5.960464E-08 -0.6838115 -0.7296588
vn 5.960464E-08 -0.6838115 -0.7296588
vn 5.960464E-08 -0.6838114 -0.7296588
vn 2.948158E-08 -0.9312516 -0.3643768
vn 5.960464E-08 -0.6838114 -0.7296588
vn 2.948158E-08 -0.9312516 -0.3643768
vn 2.948158E-08 -0.9312516 -0.3643768
vn 2.948158E-08 -0.9312516 -0.3643768
vn 2.948158E-08 -0.9312516 -0.3643768
vn -8.681851E-16 -1 1.073382E-08
vn 2.948158E-08 -0.9312516 -0.3643768
vn 4.240959E-16 -1 -5.366908E-09
vn -8.681851E-16 -1 1.073382E-08
vn -8.681851E-16 -1 1.073382E-08
vn 4.240959E-16 -1 -5.366908E-09
vn -2.948158E-08 -0.9312516 0.3643768
vn 4.240959E-16 -1 -5.366908E-09
vn -2.948158E-08 -0.9312516 0.3643768
vn -2.948158E-08 -0.9312516 0.3643768
vn -2.948158E-08 -0.9312516 0.3643768
vn -2.948158E-08 -0.9312516 0.3643768
vn -5.960464E-08 -0.6838114 0.7296588
vn -2.948158E-08 -0.9312516 0.3643768
vn -5.960464E-08 -0.6838115 0.7296588
vn -5.960464E-08 -0.6838114 0.7296588
vn 1 0 1.192093E-07
vn 1 0 1.192093E-07
vn 1 0 1.192093E-07
vn 1 0 1.192093E-07
vn 1 0 1.192093E-07
vn 1 0 1.192093E-07
vn 1 0 1.192093E-07
vn 1 0 1.192093E-07
vn 1 0 1.192093E-07
vn 1 0 1.192093E-07
vn 1 0 1.192093E-07
vn 1 0 1.192093E-07
vn 1 0 1.192093E-07
vn 1 0 1.192093E-07
vn 1 0 1.192093E-07
vn 1 0 1.192093E-07
vn 1.192093E-07 0 -1
vn 1.192093E-07 0 -1
vn 1 0 1.192093E-07
vn 1 0 1.192093E-07
vn 1 0 1.192093E-07
vn 1 0 1.192093E-07
vn 1 0 1.192093E-07
vn 1 0 1.192093E-07
vn 1 0 1.192093E-07
vn 1 0 1.192093E-07
vn 1 0 1.192093E-07
vn 1 0 1.192093E-07
vn 1 0 1.192093E-07
vn 1 0 1.192093E-07
vn -1 0 -1.192093E-07
vn -1 0 -1.192093E-07
vn -1 0 -1.192093E-07
vn -1 0 -1.192093E-07
vn -1 0 -1.192093E-07
vn -1 0 -1.192093E-07
vn -1 0 -1.192093E-07
vn -1 0 -1.192093E-07
vn -1 0 -1.192093E-07
vn -1 0 -1.192093E-07
vn -1 0 -1.192093E-07
vn -1 0 -1.192093E-07
vn -1 0 -1.192093E-07
vn -1 0 -1.192093E-07
vn -1 0 -1.192093E-07
vn -1 0 -1.192093E-07
vn 1.192093E-07 0 -1
vn -1 0 -1.192093E-07
vn -1 0 -1.192093E-07
vn -1 0 -1.192093E-07
vn -1 0 -1.192093E-07
vn -1 0 -1.192093E-07
vn -1 0 -1.192093E-07
vn -1 0 -1.192093E-07
vn -1 0 -1.192093E-07
vn -1 0 -1.192093E-07
vn -1 0 -1.192093E-07
vn -1 0 -1.192093E-07
vn -1 0 -1.192093E-07
vn -1 0 -1.192093E-07
vn 0 1 0
vn 0 1 0
vn 0 1 0
vn 0 1 0
vn 0 1 0
vn 0 1 0
vn 1.192093E-07 0 -1
vn 1.192093E-07 0 -1
vn 1.192093E-07 0 -1
vn 1.192093E-07 0 -1
vn 1.192093E-07 0 -1
vn 1.192093E-07 0 -1
vn 0 -1 0
vn 0 -1 0
vn 0 -1 0
vn 0 -1 0
vn 0 -1 0
vn 0 -1 0
vn 1.192093E-07 0 -1
vn 1.192093E-07 0 -1
vn 1.192093E-07 0 -1
vn 1.192093E-07 0 -1
vn 1.192093E-07 0 -1
vn 1.192093E-07 0 -1
vn 0 1 0
vn 0 1 0
vn 0 1 0
vn 0 1 0
vn 0 1 0
vn 0 1 0
vn 1.192093E-07 0 -1
vn 1.192093E-07 0 -1
vn 1.192093E-07 0 -1
vn 1.192093E-07 0 -1
vn 1.192093E-07 0 -1
vn 1.192093E-07 0 -1
vn 0 -1 0
vn 0 -1 0
vn 0 -1 0
vn 0 -1 0
vn 0 -1 0
vn 0 -1 0
vn 1.192093E-07 0 -1
vn 1.192093E-07 0 -1
vn 1.192093E-07 0 -1
vn 1.192093E-07 0 -1
vn 1.192093E-07 0 -1
vn 1.192093E-07 0 -1
vn 0 1 0
vn 0 1 0
vn 0 1 0
vn 0 1 0
vn 0 1 0
vn 0 1 0
vn 1.192093E-07 0 -1
vn 1.192093E-07 0 -1
vn 1.192093E-07 0 -1
vn 1.192093E-07 0 -1
vn 1.192093E-07 0 -1
vn 1.192093E-07 0 -1
vn 0 -1 0
vn 0 -1 0
vn 0 -1 0
vn 0 -1 0
vn 0 -1 0
vn 0 -1 0
vn -1.192093E-07 0 1
vn -1.192093E-07 0 1
vn -1.192093E-07 0 1
vn -1.192093E-07 0 1
vn -1.192093E-07 0 1
vn -1.192093E-07 0 1
vt 0 1
vt 0.4969325 1
vt 0.7170246 0.9842857
vt 0 1
vt 0.7170246 0.9842857
vt 0.8742331 0.9371428
vt 0 1
vt 0.8742331 0.9371428
vt 0.9685583 0.8596428
vt 0 1
vt 0.9685583 0.8596428
vt 1 0.7528571
vt 1 0.7528571
vt 1 0.6542857
vt 0.9685583 0.5475
vt 1 0.7528571
vt 0.9685583 0.5475
vt 0.6625767 0.6442857
vt 1 0.7528571
vt 0.6625767 0.6442857
vt 0.6625767 0.7628571
vt 1 0.7528571
vt 0.6625767 0.7628571
vt 0.6522239 0.8067857
vt 1 0.7528571
vt 0.6522239 0.8067857
vt 0.6211657 0.8357143
vt 1 0.7528571
vt 0.6211657 0.8357143
vt 0.5694019 0.8517857
vt 0.6522239 0.6003571
vt 0.6625767 0.6442857
vt 0.9685583 0.5475
vt 0.6522239 0.6003571
vt 0.9685583 0.5475
vt 0.8742331 0.47
vt 0.6522239 0.6003571
vt 0.8742331 0.47
vt 0.7170246 0.4228571
vt 0.6522239 0.6003571
vt 0.7170246 0.4228571
vt 0.4969325 0.4071429
vt 0.3374233 0.4071429
vt 0.3374233 0
vt 0 0
vt 0.3374233 0.4071429
vt 0 0
vt 0 1
vt 0 1
vt 1 0.7528571
vt 0.5694019 0.8517857
vt 0 1
vt 0.5694019 0.8517857
vt 0.4969325 0.8571428
vt 0 1
vt 0.4969325 0.8571428
vt 0.3374233 0.8571428
vt 0 1
vt 0.3374233 0.8571428
vt 0.3374233 0.55
vt 0.6211657 0.5714285
vt 0.6522239 0.6003571
vt 0.4969325 0.4071429
vt 0.6211657 0.5714285
vt 0.4969325 0.4071429
vt 0.3374233 0.4071429
vt 0.3374233 0.4071429
vt 0 1
vt 0.3374233 0.55
vt 0.3374233 0.4071429
vt 0.3374233 0.55
vt 0.4969325 0.55
vt 0.3374233 0.4071429
vt 0.4969325 0.55
vt 0.5694019 0.5553572
vt 0.5694019 0.5553572
vt 0.6211657 0.5714285
vt 0.3374233 0.4071429
vt 0.7170246 0.9842857
vt 0.4969325 1
vt 0 1
vt 0.8742331 0.9371428
vt 0.7170246 0.9842857
vt 0 1
vt 0.9685583 0.8596428
vt 0.8742331 0.9371428
vt 0 1
vt 1 0.7528571
vt 0.9685583 0.8596428
vt 0 1
vt 0.9685583 0.5475
vt 1 0.6542857
vt 1 0.7528571
vt 0.6625767 0.6442857
vt 0.9685583 0.5475
vt 1 0.7528571
vt 0.6625767 0.7628571
vt 0.6625767 0.6442857
vt 1 0.7528571
vt 0.6522239 0.8067857
vt 0.6625767 0.7628571
vt 1 0.7528571
vt 0.6211657 0.8357143
vt 0.6522239 0.8067857
vt 1 0.7528571
vt 0.5694019 0.8517857
vt 0.6211657 0.8357143
vt 1 0.7528571
vt 0.9685583 0.5475
vt 0.6625767 0.6442857
vt 0.6522239 0.6003571
vt 0.8742331 0.47
vt 0.9685583 0.5475
vt 0.6522239 0.6003571
vt 0.7170246 0.4228571
vt 0.8742331 0.47
vt 0.6522239 0.6003571
vt 0.4969325 0.4071429
vt 0.7170246 0.4228571
vt 0.6522239 0.6003571
vt 0 0
vt 0.3374233 0
vt 0.3374233 0.4071429
vt 0 1
vt 0 0
vt 0.3374233 0.4071429
vt 0.5694019 0.8517857
vt 1 0.7528571
vt 0 1
vt 0.4969325 0.8571428
vt 0.5694019 0.8517857
vt 0 1
vt 0.3374233 0.8571428
vt 0.4969325 0.8571428
vt 0 1
vt 0.3374233 0.55
vt 0.3374233 0.8571428
vt 0 1
vt 0.4969325 0.4071429
vt 0.6522239 0.6003571
vt 0.6211657 0.5714285
vt 0.3374233 0.4071429
vt 0.4969325 0.4071429
vt 0.6211657 0.5714285
vt 0.3374233 0.55
vt 0 1
vt 0.3374233 0.4071429
vt 0.4969325 0.55
vt 0.3374233 0.55
vt 0.3374233 0.4071429
vt 0.5694019 0.5553572
vt 0.4969325 0.55
vt 0.3374233 0.4071429
vt 0.3374233 0.4071429
vt 0.6211657 0.5714285
vt 0.5694019 0.5553572
vt 0 1
vt 0 1
vt 0.4969325 1
vt 0 1
vt 0.4969325 1
vt 0.4969325 1
vt 0.4969325 1
vt 0.4969325 1
vt 0.7170246 0.9842857
vt 0.4969325 1
vt 0.7170246 0.9842857
vt 0.7170246 0.9842857
vt 0.7170246 0.9842857
vt 0.7170246 0.9842857
vt 0.8742331 0.9371428
vt 0.7170246 0.9842857
vt 0.8742331 0.9371428
vt 0.8742331 0.9371428
vt 0.8742331 0.9371428
vt 0.8742331 0.9371428
vt 0.9685583 0.8596428
vt 0.8742331 0.9371428
vt 0.9685583 0.8596428
vt 0.9685583 0.8596428
vt 0.9685583 0.8596428
vt 0.9685583 0.8596428
vt 1 0.7528571
vt 0.9685583 0.8596428
vt 1 0.7528571
vt 1 0.7528571
vt 1 0.7528571
vt 1 0.7528571
vt 1 0.6542857
vt 1 0.7528571
vt 1 0.6542857
vt 1 0.6542857
vt 1 0.6542857
vt 1 0.6542857
vt 0.9685583 0.5475
vt 1 0.6542857
vt 0.9685583 0.5475
vt 0.9685583 0.5475
vt 0.9685583 0.5475
vt 0.9685583 0.5475
vt 0.8742331 0.47
vt 0.9685583 0.5475
vt 0.8742331 0.47
vt 0.8742331 0.47
vt 0.8742331 0.47
vt 0.8742331 0.47
vt 0.7170246 0.4228571
vt 0.8742331 0.47
vt 0.7170246 0.4228571
vt 0.7170246 0.4228571
vt 0.7170246 0.4228571
vt 0.7170246 0.4228571
vt 0.4969325 0.4071429
vt 0.7170246 0.4228571
vt 0.4969325 0.4071429
vt 0.4969325 0.4071429
vt 0.4969325 0.4071429
vt 0.4969325 0.4071429
vt 0.3374233 0.4071429
vt 0.4969325 0.4071429
vt 0.3374233 0.4071429
vt 0.3374233 0.4071429
vt 0.3374233 0.4071429
vt 0.3374233 0.4071429
vt 0.3374233 0
vt 0.3374233 0.4071429
vt 0.3374233 0
vt 0.3374233 0
vt 0.3374233 0
vt 0.3374233 0
vt 0 0
vt 0.3374233 0
vt 0 0
vt 0 0
vt 0 0
vt 0 0
vt 0 1
vt 0 0
vt 0 1
vt 0 1
vt 0.4969325 0.55
vt 0.4969325 0.55
vt 0.5694019 0.5553572
vt 0.4969325 0.55
vt 0.5694019 0.5553572
vt 0.5694019 0.5553572
vt 0.5694019 0.5553572
vt 0.5694019 0.5553572
vt 0.6211657 0.5714285
vt 0.5694019 0.5553572
vt 0.6211657 0.5714285
vt 0.6211657 0.5714285
vt 0.6211657 0.5714285
vt 0.6211657 0.5714285
vt 0.6522239 0.6003571
vt 0.6211657 0.5714285
vt 0.6522239 0.6003571
vt 0.6522239 0.6003571
vt 0.6522239 0.6003571
vt 0.6522239 0.6003571
vt 0.6625767 0.6442857
vt 0.6522239 0.6003571
vt 0.6625767 0.6442857
vt 0.6625767 0.6442857
vt 0.6625767 0.6442857
vt 0.6625767 0.6442857
vt 0.6625767 0.7628571
vt 0.6625767 0.6442857
vt 0.6625767 0.7628571
vt 0.6625767 0.7628571
vt 0.6625767 0.7628571
vt 0.6625767 0.7628571
vt 0.6522239 0.8067857
vt 0.6625767 0.7628571
vt 0.6522239 0.8067857
vt 0.6522239 0.8067857
vt 0.6522239 0.8067857
vt 0.6522239 0.8067857
vt 0.6211657 0.8357143
vt 0.6522239 0.8067857
vt 0.6211657 0.8357143
vt 0.6211657 0.8357143
vt 0.6211657 0.8357143
vt 0.6211657 0.8357143
vt 0.5694019 0.8517857
vt 0.6211657 0.8357143
vt 0.5694019 0.8517857
vt 0.5694019 0.8517857
vt 0.5694019 0.8517857
vt 0.5694019 0.8517857
vt 0.4969325 0.8571428
vt 0.5694019 0.8517857
vt 0.4969325 0.8571428
vt 0.4969325 0.8571428
vt 0.4969325 0.8571428
vt 0.4969325 0.8571428
vt 0.3374233 0.8571428
vt 0.4969325 0.8571428
vt 0.3374233 0.8571428
vt 0.3374233 0.8571428
vt 0.3374233 0.8571428
vt 0.3374233 0.8571428
vt 0.3374233 0.55
vt 0.3374233 0.8571428
vt 0.3374233 0.55
vt 0.3374233 0.55
vt 0.3374233 0.55
vt 0.3374233 0.55
vt 0.4969325 0.55
vt 0.3374233 0.55
vt 0.4969325 0.55
vt 0.4969325 0.55
vt 0.2859281 0.01597222
vt 0.1287425 0.06388889
vt 0.03218564 0.1409722
vt 0.2859281 0.01597222
vt 0.03218564 0.1409722
vt 0 0.2444445
vt 0.2859281 0.01597222
vt 0 0.2444445
vt 0 0.7555556
vt 0.2859281 0.01597222
vt 0 0.7555556
vt 0.03218564 0.8590277
vt 0.2859281 0.01597222
vt 0.03218564 0.8590277
vt 0.1287425 0.9361111
vt 0.2859281 0.01597222
vt 0.1287425 0.9361111
vt 0.2859281 0.9840278
vt 0.2859281 0.9840278
vt 0.5 1
vt 0.7140719 0.9840278
vt 0.2859281 0.9840278
vt 0.7140719 0.9840278
vt 0.8712575 0.9361111
vt 0.2859281 0.9840278
vt 0.8712575 0.9361111
vt 0.9678144 0.8590277
vt 0.2859281 0.9840278
vt 0.9678144 0.8590277
vt 1 0.7555556
vt 1 0.7555556
vt 1 0.2444445
vt 0.9678144 0.1409722
vt 1 0.7555556
vt 0.9678144 0.1409722
vt 0.6706586 0.2347222
vt 1 0.7555556
vt 0.6706586 0.2347222
vt 0.6706586 0.7652777
vt 1 0.7555556
vt 0.6706586 0.7652777
vt 0.6279941 0.8371527
vt 0.6279941 0.1628472
vt 0.6706586 0.2347222
vt 0.9678144 0.1409722
vt 0.6279941 0.1628472
vt 0.9678144 0.1409722
vt 0.8712575 0.06388889
vt 0.6279941 0.1628472
vt 0.8712575 0.06388889
vt 0.7140719 0.01597222
vt 0.6279941 0.1628472
vt 0.7140719 0.01597222
vt 0.5 0
vt 0.6279941 0.1628472
vt 0.5 0
vt 0.2859281 0.01597222
vt 0.2859281 0.9840278
vt 1 0.7555556
vt 0.6279941 0.8371527
vt 0.2859281 0.9840278
vt 0.6279941 0.8371527
vt 0.5 0.8611111
vt 0.2859281 0.9840278
vt 0.5 0.8611111
vt 0.372006 0.8371527
vt 0.2859281 0.9840278
vt 0.372006 0.8371527
vt 0.3293413 0.7652777
vt 0.2859281 0.9840278
vt 0.3293413 0.7652777
vt 0.3293413 0.2347222
vt 0.5 0.1388889
vt 0.6279941 0.1628472
vt 0.2859281 0.01597222
vt 0.2859281 0.01597222
vt 0.2859281 0.9840278
vt 0.3293413 0.2347222
vt 0.2859281 0.01597222
vt 0.3293413 0.2347222
vt 0.372006 0.1628472
vt 0.372006 0.1628472
vt 0.5 0.1388889
vt 0.2859281 0.01597222
vt 0.03218564 0.1409722
vt 0.1287425 0.06388889
vt 0.2859281 0.01597222
vt 0 0.2444445
vt 0.03218564 0.1409722
vt 0.2859281 0.01597222
vt 0 0.7555556
vt 0 0.2444445
vt 0.2859281 0.01597222
vt 0.03218564 0.8590277
vt 0 0.7555556
vt 0.2859281 0.01597222
vt 0.1287425 0.9361111
vt 0.03218564 0.8590277
vt 0.2859281 0.01597222
vt 0.2859281 0.9840278
vt 0.1287425 0.9361111
vt 0.2859281 0.01597222
vt 0.7140719 0.9840278
vt 0.5 1
vt 0.2859281 0.9840278
vt 0.8712575 0.9361111
vt 0.7140719 0.9840278
vt 0.2859281 0.9840278
vt 0.9678144 0.8590277
vt 0.8712575 0.9361111
vt 0.2859281 0.9840278
vt 1 0.7555556
vt 0.9678144 0.8590277
vt 0.2859281 0.9840278
vt 0.9678144 0.1409722
vt 1 0.2444445
vt 1 0.7555556
vt 0.6706586 0.2347222
vt 0.9678144 0.1409722
vt 1 0.7555556
vt 0.6706586 0.7652777
vt 0.6706586 0.2347222
vt 1 0.7555556
vt 0.6279941 0.8371527
vt 0.6706586 0.7652777
vt 1 0.7555556
vt 0.9678144 0.1409722
vt 0.6706586 0.2347222
vt 0.6279941 0.1628472
vt 0.8712575 0.06388889
vt 0.9678144 0.1409722
vt 0.6279941 0.1628472
vt 0.7140719 0.01597222
vt 0.8712575 0.06388889
vt 0.6279941 0.1628472
vt 0.5 0
vt 0.7140719 0.01597222
vt 0.6279941 0.1628472
vt 0.2859281 0.01597222
vt 0.5 0
vt 0.6279941 0.1628472
vt 0.6279941 0.8371527
vt 1 0.7555556
vt 0.2859281 0.9840278
vt 0.5 0.8611111
vt 0.6279941 0.8371527
vt 0.2859281 0.9840278
vt 0.372006 0.8371527
vt 0.5 0.8611111
vt 0.2859281 0.9840278
vt 0.3293413 0.7652777
vt 0.372006 0.8371527
vt 0.2859281 0.9840278
vt 0.3293413 0.2347222
vt 0.3293413 0.7652777
vt 0.2859281 0.9840278
vt 0.2859281 0.01597222
vt 0.6279941 0.1628472
vt 0.5 0.1388889
vt 0.3293413 0.2347222
vt 0.2859281 0.9840278
vt 0.2859281 0.01597222
vt 0.372006 0.1628472
vt 0.3293413 0.2347222
vt 0.2859281 0.01597222
vt 0.2859281 0.01597222
vt 0.5 0.1388889
vt 0.372006 0.1628472
vt 0.1287425 0.06388889
vt 0.1287425 0.06388889
vt 0.03218564 0.1409722
vt 0.1287425 0.06388889
vt 0.03218564 0.1409722
vt 0.03218564 0.1409722
vt 0.03218564 0.1409722
vt 0.03218564 0.1409722
vt 0 0.2444445
vt 0.03218564 0.1409722
vt 0 0.2444445
vt 0 0.2444445
vt 0 0.2444445
vt 0 0.2444445
vt 0 0.7555556
vt 0 0.2444445
vt 0 0.7555556
vt 0 0.7555556
vt 0 0.7555556
vt 0 0.7555556
vt 0.03218564 0.8590277
vt 0 0.7555556
vt 0.03218564 0.8590277
vt 0.03218564 0.8590277
vt 0.03218564 0.8590277
vt 0.03218564 0.8590277
vt 0.1287425 0.9361111
vt 0.03218564 0.8590277
vt 0.1287425 0.9361111
vt 0.1287425 0.9361111
vt 0.1287425 0.9361111
vt 0.1287425 0.9361111
vt 0.2859281 0.9840278
vt 0.1287425 0.9361111
vt 0.2859281 0.9840278
vt 0.2859281 0.9840278
vt 0.2859281 0.9840278
vt 0.2859281 0.9840278
vt 0.5 1
vt 0.2859281 0.9840278
vt 0.5 1
vt 0.5 1
vt 0.5 1
vt 0.5 1
vt 0.7140719 0.9840278
vt 0.5 1
vt 0.7140719 0.9840278
vt 0.7140719 0.9840278
vt 0.7140719 0.9840278
vt 0.7140719 0.9840278
vt 0.8712575 0.9361111
vt 0.7140719 0.9840278
vt 0.8712575 0.9361111
vt 0.8712575 0.9361111
vt 0.8712575 0.9361111
vt 0.8712575 0.9361111
vt 0.9678144 0.8590277
vt 0.8712575 0.9361111
vt 0.9678144 0.8590277
vt 0.9678144 0.8590277
vt 0.9678144 0.8590277
vt 0.9678144 0.8590277
vt 1 0.7555556
vt 0.9678144 0.8590277
vt 1 0.7555556
vt 1 0.7555556
vt 1 0.7555556
vt 1 0.7555556
vt 1 0.2444445
vt 1 0.7555556
vt 1 0.2444445
vt 1 0.2444445
vt 1 0.2444445
vt 1 0.2444445
vt 0.9678144 0.1409722
vt 1 0.2444445
vt 0.9678144 0.1409722
vt 0.9678144 0.1409722
vt 0.9678144 0.1409722
vt 0.9678144 0.1409722
vt 0.8712575 0.06388889
vt 0.9678144 0.1409722
vt 0.8712575 0.06388889
vt 0.8712575 0.06388889
vt 0.8712575 0.06388889
vt 0.8712575 0.06388889
vt 0.7140719 0.01597222
vt 0.8712575 0.06388889
vt 0.7140719 0.01597222
vt 0.7140719 0.01597222
vt 0.7140719 0.01597222
vt 0.7140719 0.01597222
vt 0.5 0
vt 0.7140719 0.01597222
vt 0.5 0
vt 0.5 0
vt 0.5 0
vt 0.5 0
vt 0.2859281 0.01597222
vt 0.5 0
vt 0.2859281 0.01597222
vt 0.2859281 0.01597222
vt 0.2859281 0.01597222
vt 0.2859281 0.01597222
vt 0.1287425 0.06388889
vt 0.2859281 0.01597222
vt 0.1287425 0.06388889
vt 0.1287425 0.06388889
vt 0.6706586 0.2347222
vt 0.6706586 0.2347222
vt 0.6706586 0.7652777
vt 0.6706586 0.2347222
vt 0.6706586 0.7652777
vt 0.6706586 0.7652777
vt 0.6706586 0.7652777
vt 0.6706586 0.7652777
vt 0.6279941 0.8371527
vt 0.6706586 0.7652777
vt 0.6279941 0.8371527
vt 0.6279941 0.8371527
vt 0.6279941 0.8371527
vt 0.6279941 0.8371527
vt 0.5 0.8611111
vt 0.6279941 0.8371527
vt 0.5 0.8611111
vt 0.5 0.8611111
vt 0.5 0.8611111
vt 0.5 0.8611111
vt 0.372006 0.8371527
vt 0.5 0.8611111
vt 0.372006 0.8371527
vt 0.372006 0.8371527
vt 0.372006 0.8371527
vt 0.372006 0.8371527
vt 0.3293413 0.7652777
vt 0.372006 0.8371527
vt 0.3293413 0.7652777
vt 0.3293413 0.7652777
vt 0.3293413 0.7652777
vt 0.3293413 0.7652777
vt 0.3293413 0.2347222
vt 0.3293413 0.7652777
vt 0.3293413 0.2347222
vt 0.3293413 0.2347222
vt 0.3293413 0.2347222
vt 0.3293413 0.2347222
vt 0.372006 0.1628472
vt 0.3293413 0.2347222
vt 0.372006 0.1628472
vt 0.372006 0.1628472
vt 0.372006 0.1628472
vt 0.372006 0.1628472
vt 0.5 0.1388889
vt 0.372006 0.1628472
vt 0.5 0.1388889
vt 0.5 0.1388889
vt 0.5 0.1388889
vt 0.5 0.1388889
vt 0.6279941 0.1628472
vt 0.5 0.1388889
vt 0.6279941 0.1628472
vt 0.6279941 0.1628472
vt 0.6279941 0.1628472
vt 0.6279941 0.1628472
vt 0.6706586 0.2347222
vt 0.6279941 0.1628472
vt 0.6706586 0.2347222
vt 0.6706586 0.2347222
vt 0 0
vt 0 1
vt 0.3780069 1
vt 0 0
vt 0.3780069 1
vt 0.3780069 0.1428571
vt 0 0
vt 0.3780069 0.1428571
vt 1 0.1428571
vt 1 0.1428571
vt 1 0
vt 0 0
vt 0.3780069 1
vt 0 1
vt 0 0
vt 0.3780069 0.1428571
vt 0.3780069 1
vt 0 0
vt 1 0.1428571
vt 0.3780069 0.1428571
vt 0 0
vt 0 0
vt 1 0
vt 1 0.1428571
vt 0 1
vt 0 1
vt 0.3780069 1
vt 0 1
vt 0.3780069 1
vt 0.3780069 1
vt 0.3780069 1
vt 0.3780069 1
vt 0.3780069 0.1428571
vt 0.3780069 1
vt 0.3780069 0.1428571
vt 0.3780069 0.1428571
vt 0.3780069 0.1428571
vt 0.3780069 0.1428571
vt 1 0.1428571
vt 0.3780069 0.1428571
vt 1 0.1428571
vt 1 0.1428571
vt 1 0.1428571
vt 1 0.1428571
vt 1 0
vt 1 0.1428571
vt 1 0
vt 1 0
vt 1 0
vt 1 0
vt 0 0
vt 1 0
vt 0 0
vt 0 0
vt 0 0
vt 0 0
vt 0 1
vt 0 0
vt 0 1
vt 0 1
vt 0 0
vt 0 1
vt 1 1
vt 1 1
vt 1 0
vt 0 0
vt 1 1
vt 0 1
vt 0 0
vt 0 0
vt 1 0
vt 1 1
vt 0 1
vt 0 1
vt 1 1
vt 0 1
vt 1 1
vt 1 1
vt 1 1
vt 1 1
vt 1 0
vt 1 1
vt 1 0
vt 1 0
vt 1 0
vt 1 0
vt 0 0
vt 1 0
vt 0 0
vt 0 0
vt 0 0
vt 0 0
vt 0 1
vt 0 0
vt 0 1
vt 0 1
vt 0.285108 0.015625
vt 0.1280864 0.0625
vt 0.03202161 0.1378472
vt 0.285108 0.015625
vt 0.03202161 0.1378472
vt 0 0.2388889
vt 0.285108 0.015625
vt 0 0.2388889
vt 0 0.7611111
vt 0.285108 0.015625
vt 0 0.7611111
vt 0.03202161 0.8621528
vt 0.285108 0.015625
vt 0.03202161 0.8621528
vt 0.1280864 0.9375
vt 0.285108 0.015625
vt 0.1280864 0.9375
vt 0.285108 0.984375
vt 0.285108 0.984375
vt 0.5 1
vt 0.714892 0.984375
vt 0.285108 0.984375
vt 0.714892 0.984375
vt 0.8719136 0.9375
vt 0.285108 0.984375
vt 0.8719136 0.9375
vt 0.9679784 0.8621528
vt 0.285108 0.984375
vt 0.9679784 0.8621528
vt 1 0.7611111
vt 1 0.7611111
vt 1 0.6583333
vt 0.6790124 0.6583333
vt 1 0.7611111
vt 0.6790124 0.6583333
vt 0.6790124 0.7708333
vt 1 0.7611111
vt 0.6790124 0.7708333
vt 0.6365741 0.8385416
vt 0.6790124 0.2277778
vt 0.6790124 0.3763889
vt 1 0.3763889
vt 0.6790124 0.2277778
vt 1 0.3763889
vt 1 0.2388889
vt 0.6790124 0.2277778
vt 1 0.2388889
vt 0.9679784 0.1378472
vt 0.6790124 0.2277778
vt 0.9679784 0.1378472
vt 0.8719136 0.0625
vt 0.6790124 0.2277778
vt 0.8719136 0.0625
vt 0.714892 0.015625
vt 0.714892 0.015625
vt 0.5 0
vt 0.285108 0.015625
vt 0.285108 0.984375
vt 1 0.7611111
vt 0.6365741 0.8385416
vt 0.285108 0.984375
vt 0.6365741 0.8385416
vt 0.5092593 0.8611111
vt 0.285108 0.984375
vt 0.5092593 0.8611111
vt 0.3819445 0.8385416
vt 0.285108 0.984375
vt 0.3819445 0.8385416
vt 0.3395062 0.7708333
vt 0.285108 0.984375
vt 0.3395062 0.7708333
vt 0.3395062 0.2277778
vt 0.6365741 0.1611111
vt 0.6790124 0.2277778
vt 0.714892 0.015625
vt 0.6365741 0.1611111
vt 0.714892 0.015625
vt 0.285108 0.015625
vt 0.285108 0.015625
vt 0.285108 0.984375
vt 0.3395062 0.2277778
vt 0.285108 0.015625
vt 0.3395062 0.2277778
vt 0.3819445 0.1611111
vt 0.285108 0.015625
vt 0.3819445 0.1611111
vt 0.5092593 0.1388889
vt 0.5092593 0.1388889
vt 0.6365741 0.1611111
vt 0.285108 0.015625
vt 0.03202161 0.1378472
vt 0.1280864 0.0625
vt 0.285108 0.015625
vt 0 0.2388889
vt 0.03202161 0.1378472
vt 0.285108 0.015625
vt 0 0.7611111
vt 0 0.2388889
vt 0.285108 0.015625
vt 0.03202161 0.8621528
vt 0 0.7611111
vt 0.285108 0.015625
vt 0.1280864 0.9375
vt 0.03202161 0.8621528
vt 0.285108 0.015625
vt 0.285108 0.984375
vt 0.1280864 0.9375
vt 0.285108 0.015625
vt 0.714892 0.984375
vt 0.5 1
vt 0.285108 0.984375
vt 0.8719136 0.9375
vt 0.714892 0.984375
vt 0.285108 0.984375
vt 0.9679784 0.8621528
vt 0.8719136 0.9375
vt 0.285108 0.984375
vt 1 0.7611111
vt 0.9679784 0.8621528
vt 0.285108 0.984375
vt 0.6790124 0.6583333
vt 1 0.6583333
vt 1 0.7611111
vt 0.6790124 0.7708333
vt 0.6790124 0.6583333
vt 1 0.7611111
vt 0.6365741 0.8385416
vt 0.6790124 0.7708333
vt 1 0.7611111
vt 1 0.3763889
vt 0.6790124 0.3763889
vt 0.6790124 0.2277778
vt 1 0.2388889
vt 1 0.3763889
vt 0.6790124 0.2277778
vt 0.9679784 0.1378472
vt 1 0.2388889
vt 0.6790124 0.2277778
vt 0.8719136 0.0625
vt 0.9679784 0.1378472
vt 0.6790124 0.2277778
vt 0.714892 0.015625
vt 0.8719136 0.0625
vt 0.6790124 0.2277778
vt 0.285108 0.015625
vt 0.5 0
vt 0.714892 0.015625
vt 0.6365741 0.8385416
vt 1 0.7611111
vt 0.285108 0.984375
vt 0.5092593 0.8611111
vt 0.6365741 0.8385416
vt 0.285108 0.984375
vt 0.3819445 0.8385416
vt 0.5092593 0.8611111
vt 0.285108 0.984375
vt 0.3395062 0.7708333
vt 0.3819445 0.8385416
vt 0.285108 0.984375
vt 0.3395062 0.2277778
vt 0.3395062 0.7708333
vt 0.285108 0.984375
vt 0.714892 0.015625
vt 0.6790124 0.2277778
vt 0.6365741 0.1611111
vt 0.285108 0.015625
vt 0.714892 0.015625
vt 0.6365741 0.1611111
vt 0.3395062 0.2277778
vt 0.285108 0.984375
vt 0.285108 0.015625
vt 0.3819445 0.1611111
vt 0.3395062 0.2277778
vt 0.285108 0.015625
vt 0.5092593 0.1388889
vt 0.3819445 0.1611111
vt 0.285108 0.015625
vt 0.285108 0.015625
vt 0.6365741 0.1611111
vt 0.5092593 0.1388889
vt 0.1280864 0.0625
vt 0.1280864 0.0625
vt 0.03202161 0.1378472
vt 0.1280864 0.0625
vt 0.03202161 0.1378472
vt 0.03202161 0.1378472
vt 0.03202161 0.1378472
vt 0.03202161 0.1378472
vt 0 0.2388889
vt 0.03202161 0.1378472
vt 0 0.2388889
vt 0 0.2388889
vt 0 0.2388889
vt 0 0.2388889
vt 0 0.7611111
vt 0 0.2388889
vt 0 0.7611111
vt 0 0.7611111
vt 0 0.7611111
vt 0 0.7611111
vt 0.03202161 0.8621528
vt 0 0.7611111
vt 0.03202161 0.8621528
vt 0.03202161 0.8621528
vt 0.03202161 0.8621528
vt 0.03202161 0.8621528
vt 0.1280864 0.9375
vt 0.03202161 0.8621528
vt 0.1280864 0.9375
vt 0.1280864 0.9375
vt 0.1280864 0.9375
vt 0.1280864 0.9375
vt 0.285108 0.984375
vt 0.1280864 0.9375
vt 0.285108 0.984375
vt 0.285108 0.984375
vt 0.285108 0.984375
vt 0.285108 0.984375
vt 0.5 1
vt 0.285108 0.984375
vt 0.5 1
vt 0.5 1
vt 0.5 1
vt 0.5 1
vt 0.714892 0.984375
vt 0.5 1
vt 0.714892 0.984375
vt 0.714892 0.984375
vt 0.714892 0.984375
vt 0.714892 0.984375
vt 0.8719136 0.9375
vt 0.714892 0.984375
vt 0.8719136 0.9375
vt 0.8719136 0.9375
vt 0.8719136 0.9375
vt 0.8719136 0.9375
vt 0.9679784 0.8621528
vt 0.8719136 0.9375
vt 0.9679784 0.8621528
vt 0.9679784 0.8621528
vt 0.9679784 0.8621528
vt 0.9679784 0.8621528
vt 1 0.7611111
vt 0.9679784 0.8621528
vt 1 0.7611111
vt 1 0.7611111
vt 1 0.7611111
vt 1 0.7611111
vt 1 0.6583333
vt 1 0.7611111
vt 1 0.6583333
vt 1 0.6583333
vt 1 0.6583333
vt 1 0.6583333
vt 0.6790124 0.6583333
vt 1 0.6583333
vt 0.6790124 0.6583333
vt 0.6790124 0.6583333
vt 0.6790124 0.6583333
vt 0.6790124 0.6583333
vt 0.6790124 0.7708333
vt 0.6790124 0.6583333
vt 0.6790124 0.7708333
vt 0.6790124 0.7708333
vt 0.6790124 0.7708333
vt 0.6790124 0.7708333
vt 0.6365741 0.8385416
vt 0.6790124 0.7708333
vt 0.6365741 0.8385416
vt 0.6365741 0.8385416
vt 0.6365741 0.8385416
vt 0.6365741 0.8385416
vt 0.5092593 0.8611111
vt 0.6365741 0.8385416
vt 0.5092593 0.8611111
vt 0.5092593 0.8611111
vt 0.5092593 0.8611111
vt 0.5092593 0.8611111
vt 0.3819445 0.8385416
vt 0.5092593 0.8611111
vt 0.3819445 0.8385416
vt 0.3819445 0.8385416
vt 0.3819445 0.8385416
vt 0.3819445 0.8385416
vt 0.3395062 0.7708333
vt 0.3819445 0.8385416
vt 0.3395062 0.7708333
vt 0.3395062 0.7708333
vt 0.3395062 0.7708333
vt 0.3395062 0.7708333
vt 0.3395062 0.2277778
vt 0.3395062 0.7708333
vt 0.3395062 0.2277778
vt 0.3395062 0.2277778
vt 0.3395062 0.2277778
vt 0.3395062 0.2277778
vt 0.3819445 0.1611111
vt 0.3395062 0.2277778
vt 0.3819445 0.1611111
vt 0.3819445 0.1611111
vt 0.3819445 0.1611111
vt 0.3819445 0.1611111
vt 0.5092593 0.1388889
vt 0.3819445 0.1611111
vt 0.5092593 0.1388889
vt 0.5092593 0.1388889
vt 0.5092593 0.1388889
vt 0.5092593 0.1388889
vt 0.6365741 0.1611111
vt 0.5092593 0.1388889
vt 0.6365741 0.1611111
vt 0.6365741 0.1611111
vt 0.6365741 0.1611111
vt 0.6365741 0.1611111
vt 0.6790124 0.2277778
vt 0.6365741 0.1611111
vt 0.6790124 0.2277778
vt 0.6790124 0.2277778
vt 0.6790124 0.2277778
vt 0.6790124 0.2277778
vt 0.6790124 0.3763889
vt 0.6790124 0.2277778
vt 0.6790124 0.3763889
vt 0.6790124 0.3763889
vt 0.6790124 0.3763889
vt 0.6790124 0.3763889
vt 1 0.3763889
vt 0.6790124 0.3763889
vt 1 0.3763889
vt 1 0.3763889
vt 1 0.3763889
vt 1 0.3763889
vt 1 0.2388889
vt 1 0.3763889
vt 1 0.2388889
vt 1 0.2388889
vt 1 0.2388889
vt 1 0.2388889
vt 0.9679784 0.1378472
vt 1 0.2388889
vt 0.9679784 0.1378472
vt 0.9679784 0.1378472
vt 0.9679784 0.1378472
vt 0.9679784 0.1378472
vt 0.8719136 0.0625
vt 0.9679784 0.1378472
vt 0.8719136 0.0625
vt 0.8719136 0.0625
vt 0.8719136 0.0625
vt 0.8719136 0.0625
vt 0.714892 0.015625
vt 0.8719136 0.0625
vt 0.714892 0.015625
vt 0.714892 0.015625
vt 0.714892 0.015625
vt 0.714892 0.015625
vt 0.5 0
vt 0.714892 0.015625
vt 0.5 0
vt 0.5 0
vt 0.5 0
vt 0.5 0
vt 0.285108 0.015625
vt 0.5 0
vt 0.285108 0.015625
vt 0.285108 0.015625
vt 0.285108 0.015625
vt 0.285108 0.015625
vt 0.1280864 0.0625
vt 0.285108 0.015625
vt 0.1280864 0.0625
vt 0.1280864 0.0625
vt 0 1
vt 1 1
vt 1 0.8571428
vt 0 1
vt 1 0.8571428
vt 0.3666667 0.8571428
vt 0 1
vt 0.3666667 0.8571428
vt 0.3666667 0.5928571
vt 0.3666667 0.5928571
vt 0.87 0.5928571
vt 0.87 0.45
vt 0.3666667 0.5928571
vt 0.87 0.45
vt 0.3666667 0.45
vt 0.3666667 0.5928571
vt 0.3666667 0.45
vt 0.3666667 0.1428571
vt 0.3666667 0.1428571
vt 1 0.1428571
vt 1 0
vt 0.3666667 0.1428571
vt 1 0
vt 0 0
vt 0.3666667 0.1428571
vt 0 0
vt 0 1
vt 0 1
vt 0.3666667 0.5928571
vt 0.3666667 0.1428571
vt 1 0.8571428
vt 1 1
vt 0 1
vt 0.3666667 0.8571428
vt 1 0.8571428
vt 0 1
vt 0.3666667 0.5928571
vt 0.3666667 0.8571428
vt 0 1
vt 0.87 0.45
vt 0.87 0.5928571
vt 0.3666667 0.5928571
vt 0.3666667 0.45
vt 0.87 0.45
vt 0.3666667 0.5928571
vt 0.3666667 0.1428571
vt 0.3666667 0.45
vt 0.3666667 0.5928571
vt 1 0
vt 1 0.1428571
vt 0.3666667 0.1428571
vt 0 0
vt 1 0
vt 0.3666667 0.1428571
vt 0 1
vt 0 0
vt 0.3666667 0.1428571
vt 0.3666667 0.1428571
vt 0.3666667 0.5928571
vt 0 1
vt 0 1
vt 0 1
vt 1 1
vt 0 1
vt 1 1
vt 1 1
vt 1 1
vt 1 1
vt 1 0.8571428
vt 1 1
vt 1 0.8571428
vt 1 0.8571428
vt 1 0.8571428
vt 1 0.8571428
vt 0.3666667 0.8571428
vt 1 0.8571428
vt 0.3666667 0.8571428
vt 0.3666667 0.8571428
vt 0.3666667 0.8571428
vt 0.3666667 0.8571428
vt 0.3666667 0.5928571
vt 0.3666667 0.8571428
vt 0.3666667 0.5928571
vt 0.3666667 0.5928571
vt 0.3666667 0.5928571
vt 0.3666667 0.5928571
vt 0.87 0.5928571
vt 0.3666667 0.5928571
vt 0.87 0.5928571
vt 0.87 0.5928571
vt 0.87 0.5928571
vt 0.87 0.5928571
vt 0.87 0.45
vt 0.87 0.5928571
vt 0.87 0.45
vt 0.87 0.45
vt 0.87 0.45
vt 0.87 0.45
vt 0.3666667 0.45
vt 0.87 0.45
vt 0.3666667 0.45
vt 0.3666667 0.45
vt 0.3666667 0.45
vt 0.3666667 0.45
vt 0.3666667 0.1428571
vt 0.3666667 0.45
vt 0.3666667 0.1428571
vt 0.3666667 0.1428571
vt 0.3666667 0.1428571
vt 0.3666667 0.1428571
vt 1 0.1428571
vt 0.3666667 0.1428571
vt 1 0.1428571
vt 1 0.1428571
vt 1 0.1428571
vt 1 0.1428571
vt 1 0
vt 1 0.1428571
vt 1 0
vt 1 0
vt 1 0
vt 1 0
vt 0 0
vt 1 0
vt 0 0
vt 0 0
vt 0 0
vt 0 0
vt 0 1
vt 0 0
vt 0 1
vt 0 1
usemtl Default
f 3/3/3 2/2/2 1/1/1
f 6/6/6 5/5/5 4/4/4
f 9/9/9 8/8/8 7/7/7
f 12/12/12 11/11/11 10/10/10
f 15/15/15 14/14/14 13/13/13
f 18/18/18 17/17/17 16/16/16
f 21/21/21 20/20/20 19/19/19
f 24/24/24 23/23/23 22/22/22
f 27/27/27 26/26/26 25/25/25
f 30/30/30 29/29/29 28/28/28
f 33/33/33 32/32/32 31/31/31
f 36/36/36 35/35/35 34/34/34
f 39/39/39 38/38/38 37/37/37
f 42/42/42 41/41/41 40/40/40
f 45/45/45 44/44/44 43/43/43
f 48/48/48 47/47/47 46/46/46
f 51/51/51 50/50/50 49/49/49
f 54/54/54 53/53/53 52/52/52
f 57/57/57 56/56/56 55/55/55
f 60/60/60 59/59/59 58/58/58
f 63/63/63 62/62/62 61/61/61
f 66/66/66 65/65/65 64/64/64
f 69/69/69 68/68/68 67/67/67
f 72/72/72 71/71/71 70/70/70
f 75/75/75 74/74/74 73/73/73
f 78/78/78 77/77/77 76/76/76
f 81/81/81 80/80/80 79/79/79
f 84/84/84 83/83/83 82/82/82
f 87/87/87 86/86/86 85/85/85
f 90/90/90 89/89/89 88/88/88
f 93/93/93 92/92/92 91/91/91
f 96/96/96 95/95/95 94/94/94
f 99/99/99 98/98/98 97/97/97
f 102/102/102 101/101/101 100/100/100
f 105/105/105 104/104/104 103/103/103
f 108/108/108 107/107/107 106/106/106
f 111/111/111 110/110/110 109/109/109
f 114/114/114 113/113/113 112/112/112
f 117/117/117 116/116/116 115/115/115
f 120/120/120 119/119/119 118/118/118
f 123/123/123 122/122/122 121/121/121
f 126/126/126 125/125/125 124/124/124
f 129/129/129 128/128/128 127/127/127
f 132/132/132 131/131/131 130/130/130
f 135/135/135 134/134/134 133/133/133
f 138/138/138 137/137/137 136/136/136
f 141/141/141 140/140/140 139/139/139
f 144/144/144 143/143/143 142/142/142
f 147/147/147 146/146/146 145/145/145
f 150/150/150 149/149/149 148/148/148
f 153/153/153 152/152/152 151/151/151
f 156/156/156 155/155/155 154/154/154
f 159/159/159 158/158/158 157/157/157
f 162/162/162 161/161/161 160/160/160
f 165/165/165 164/164/164 163/163/163
f 168/168/168 167/167/167 166/166/166
f 171/171/171 170/170/170 169/169/169
f 174/174/174 173/173/173 172/172/172
f 177/177/177 176/176/176 175/175/175
f 180/180/180 179/179/179 178/178/178
f 183/183/183 182/182/182 181/181/181
f 186/186/186 185/185/185 184/184/184
f 189/189/189 188/188/188 187/187/187
f 192/192/192 191/191/191 190/190/190
f 195/195/195 194/194/194 193/193/193
f 198/198/198 197/197/197 196/196/196
f 201/201/201 200/200/200 199/199/199
f 204/204/204 203/203/203 202/202/202
f 207/207/207 206/206/206 205/205/205
f 210/210/210 209/209/209 208/208/208
f 213/213/213 212/212/212 211/211/211
f 216/216/216 215/215/215 214/214/214
f 219/219/219 218/218/218 217/217/217
f 222/222/222 221/221/221 220/220/220
f 225/225/225 224/224/224 223/223/223
f 228/228/228 227/227/227 226/226/226
f 231/231/231 230/230/230 229/229/229
f 234/234/234 233/233/233 232/232/232
f 237/237/237 236/236/236 235/235/235
f 240/240/240 239/239/239 238/238/238
f 243/243/243 242/242/242 241/241/241
f 246/246/246 245/245/245 244/244/244
f 249/249/249 248/248/248 247/247/247
f 252/252/252 251/251/251 250/250/250
f 255/255/255 254/254/254 253/253/253
f 258/258/258 257/257/257 256/256/256
f 261/261/261 260/260/260 259/259/259
f 264/264/264 263/263/263 262/262/262
f 267/267/267 266/266/266 265/265/265
f 270/270/270 269/269/269 268/268/268
f 273/273/273 272/272/272 271/271/271
f 276/276/276 275/275/275 274/274/274
f 279/279/279 278/278/278 277/277/277
f 282/282/282 281/281/281 280/280/280
f 285/285/285 284/284/284 283/283/283
f 288/288/288 287/287/287 286/286/286
f 291/291/291 290/290/290 289/289/289
f 294/294/294 293/293/293 292/292/292
f 297/297/297 296/296/296 295/295/295
f 300/300/300 299/299/299 298/298/298
f 303/303/303 302/302/302 301/301/301
f 306/306/306 305/305/305 304/304/304
f 309/309/309 308/308/308 307/307/307
f 312/312/312 311/311/311 310/310/310
f 315/315/315 314/314/314 313/313/313
f 318/318/318 317/317/317 316/316/316
f 321/321/321 320/320/320 319/319/319
f 324/324/324 323/323/323 322/322/322
f 327/327/327 326/326/326 325/325/325
f 330/330/330 329/329/329 328/328/328
f 333/333/333 332/332/332 331/331/331
f 336/336/336 335/335/335 334/334/334
f 339/339/339 338/338/338 337/337/337
f 342/342/342 341/341/341 340/340/340
f 345/345/345 344/344/344 343/343/343
f 348/348/348 347/347/347 346/346/346
f 351/351/351 350/350/350 349/349/349
f 354/354/354 353/353/353 352/352/352
f 357/357/357 356/356/356 355/355/355
f 360/360/360 359/359/359 358/358/358
f 363/363/363 362/362/362 361/361/361
f 366/366/366 365/365/365 364/364/364
f 369/369/369 368/368/368 367/367/367
f 372/372/372 371/371/371 370/370/370
f 375/375/375 374/374/374 373/373/373
f 378/378/378 377/377/377 376/376/376
f 381/381/381 380/380/380 379/379/379
f 384/384/384 383/383/383 382/382/382
f 387/387/387 386/386/386 385/385/385
f 390/390/390 389/389/389 388/388/388
f 393/393/393 392/392/392 391/391/391
f 396/396/396 395/395/395 394/394/394
f 399/399/399 398/398/398 397/397/397
f 402/402/402 401/401/401 400/400/400
f 405/405/405 404/404/404 403/403/403
f 408/408/408 407/407/407 406/406/406
f 411/411/411 410/410/410 409/409/409
f 414/414/414 413/413/413 412/412/412
f 417/417/417 416/416/416 415/415/415
f 420/420/420 419/419/419 418/418/418
f 423/423/423 422/422/422 421/421/421
f 426/426/426 425/425/425 424/424/424
f 429/429/429 428/428/428 427/427/427
f 432/432/432 431/431/431 430/430/430
f 435/435/435 434/434/434 433/433/433
f 438/438/438 437/437/437 436/436/436
f 441/441/441 440/440/440 439/439/439
f 444/444/444 443/443/443 442/442/442
f 447/447/447 446/446/446 445/445/445
f 450/450/450 449/449/449 448/448/448
f 453/453/453 452/452/452 451/451/451
f 456/456/456 455/455/455 454/454/454
f 459/459/459 458/458/458 457/457/457
f 462/462/462 461/461/461 460/460/460
f 465/465/465 464/464/464 463/463/463
f 468/468/468 467/467/467 466/466/466
f 471/471/471 470/470/470 469/469/469
f 474/474/474 473/473/473 472/472/472
f 477/477/477 476/476/476 475/475/475
f 480/480/480 479/479/479 478/478/478
f 483/483/483 482/482/482 481/481/481
f 486/486/486 485/485/485 484/484/484
f 489/489/489 488/488/488 487/487/487
f 492/492/492 491/491/491 490/490/490
f 495/495/495 494/494/494 493/493/493
f 498/498/498 497/497/497 496/496/496
f 501/501/501 500/500/500 499/499/499
f 504/504/504 503/503/503 502/502/502
f 507/507/507 506/506/506 505/505/505
f 510/510/510 509/509/509 508/508/508
f 513/513/513 512/512/512 511/511/511
f 516/516/516 515/515/515 514/514/514
f 519/519/519 518/518/518 517/517/517
f 522/522/522 521/521/521 520/520/520
f 525/525/525 524/524/524 523/523/523
f 528/528/528 527/527/527 526/526/526
f 531/531/531 530/530/530 529/529/529
f 534/534/534 533/533/533 532/532/532
f 537/537/537 536/536/536 535/535/535
f 540/540/540 539/539/539 538/538/538
f 543/543/543 542/542/542 541/541/541
f 546/546/546 545/545/545 544/544/544
f 549/549/549 548/548/548 547/547/547
f 552/552/552 551/551/551 550/550/550
f 555/555/555 554/554/554 553/553/553
f 558/558/558 557/557/557 556/556/556
f 561/561/561 560/560/560 559/559/559
f 564/564/564 563/563/563 562/562/562
f 567/567/567 566/566/566 565/565/565
f 570/570/570 569/569/569 568/568/568
f 573/573/573 572/572/572 571/571/571
f 576/576/576 575/575/575 574/574/574
f 579/579/579 578/578/578 577/577/577
f 582/582/582 581/581/581 580/580/580
f 585/585/585 584/584/584 583/583/583
f 588/588/588 587/587/587 586/586/586
f 591/591/591 590/590/590 589/589/589
f 594/594/594 593/593/593 592/592/592
f 597/597/597 596/596/596 595/595/595
f 600/600/600 599/599/599 598/598/598
f 603/603/603 602/602/602 601/601/601
f 606/606/606 605/605/605 604/604/604
f 609/609/609 608/608/608 607/607/607
f 612/612/612 611/611/611 610/610/610
f 615/615/615 614/614/614 613/613/613
f 618/618/618 617/617/617 616/616/616
f 621/621/621 620/620/620 619/619/619
f 624/624/624 623/623/623 622/622/622
f 627/627/627 626/626/626 625/625/625
f 630/630/630 629/629/629 628/628/628
f 633/633/633 632/632/632 631/631/631
f 636/636/636 635/635/635 634/634/634
f 639/639/639 638/638/638 637/637/637
f 642/642/642 641/641/641 640/640/640
f 645/645/645 644/644/644 643/643/643
f 648/648/648 647/647/647 646/646/646
f 651/651/651 650/650/650 649/649/649
f 654/654/654 653/653/653 652/652/652
f 657/657/657 656/656/656 655/655/655
f 660/660/660 659/659/659 658/658/658
f 663/663/663 662/662/662 661/661/661
f 666/666/666 665/665/665 664/664/664
f 669/669/669 668/668/668 667/667/667
f 672/672/672 671/671/671 670/670/670
f 675/675/675 674/674/674 673/673/673
f 678/678/678 677/677/677 676/676/676
f 681/681/681 680/680/680 679/679/679
f 684/684/684 683/683/683 682/682/682
f 687/687/687 686/686/686 685/685/685
f 690/690/690 689/689/689 688/688/688
f 693/693/693 692/692/692 691/691/691
f 696/696/696 695/695/695 694/694/694
f 699/699/699 698/698/698 697/697/697
f 702/702/702 701/701/701 700/700/700
f 705/705/705 704/704/704 703/703/703
f 708/708/708 707/707/707 706/706/706
f 711/711/711 710/710/710 709/709/709
f 714/714/714 713/713/713 712/712/712
f 717/717/717 716/716/716 715/715/715
f 720/720/720 719/719/719 718/718/718
f 723/723/723 722/722/722 721/721/721
f 726/726/726 725/725/725 724/724/724
f 729/729/729 728/728/728 727/727/727
f 732/732/732 731/731/731 730/730/730
f 735/735/735 734/734/734 733/733/733
f 738/738/738 737/737/737 736/736/736
f 741/741/741 740/740/740 739/739/739
f 744/744/744 743/743/743 742/742/742
f 747/747/747 746/746/746 745/745/745
f 750/750/750 749/749/749 748/748/748
f 753/753/753 752/752/752 751/751/751
f 756/756/756 755/755/755 754/754/754
f 759/759/759 758/758/758 757/757/757
f 762/762/762 761/761/761 760/760/760
f 765/765/765 764/764/764 763/763/763
f 768/768/768 767/767/767 766/766/766
f 771/771/771 770/770/770 769/769/769
f 774/774/774 773/773/773 772/772/772
f 777/777/777 776/776/776 775/775/775
f 780/780/780 779/779/779 778/778/778
f 783/783/783 782/782/782 781/781/781
f 786/786/786 785/785/785 784/784/784
f 789/789/789 788/788/788 787/787/787
f 792/792/792 791/791/791 790/790/790
f 795/795/795 794/794/794 793/793/793
f 798/798/798 797/797/797 796/796/796
f 801/801/801 800/800/800 799/799/799
f 804/804/804 803/803/803 802/802/802
f 807/807/807 806/806/806 805/805/805
f 810/810/810 809/809/809 808/808/808
f 813/813/813 812/812/812 811/811/811
f 816/816/816 815/815/815 814/814/814
f 819/819/819 818/818/818 817/817/817
f 822/822/822 821/821/821 820/820/820
f 825/825/825 824/824/824 823/823/823
f 828/828/828 827/827/827 826/826/826
f 831/831/831 830/830/830 829/829/829
f 834/834/834 833/833/833 832/832/832
f 837/837/837 836/836/836 835/835/835
f 840/840/840 839/839/839 838/838/838
f 843/843/843 842/842/842 841/841/841
f 846/846/846 845/845/845 844/844/844
f 849/849/849 848/848/848 847/847/847
f 852/852/852 851/851/851 850/850/850
f 855/855/855 854/854/854 853/853/853
f 858/858/858 857/857/857 856/856/856
f 861/861/861 860/860/860 859/859/859
f 864/864/864 863/863/863 862/862/862
f 867/867/867 866/866/866 865/865/865
f 870/870/870 869/869/869 868/868/868
f 873/873/873 872/872/872 871/871/871
f 876/876/876 875/875/875 874/874/874
f 879/879/879 878/878/878 877/877/877
f 882/882/882 881/881/881 880/880/880
f 885/885/885 884/884/884 883/883/883
f 888/888/888 887/887/887 886/886/886
f 891/891/891 890/890/890 889/889/889
f 894/894/894 893/893/893 892/892/892
f 897/897/897 896/896/896 895/895/895
f 900/900/900 899/899/899 898/898/898
f 903/903/903 902/902/902 901/901/901
f 906/906/906 905/905/905 904/904/904
f 909/909/909 908/908/908 907/907/907
f 912/912/912 911/911/911 910/910/910
f 915/915/915 914/914/914 913/913/913
f 918/918/918 917/917/917 916/916/916
f 921/921/921 920/920/920 919/919/919
f 924/924/924 923/923/923 922/922/922
f 927/927/927 926/926/926 925/925/925
f 930/930/930 929/929/929 928/928/928
f 933/933/933 932/932/932 931/931/931
f 936/936/936 935/935/935 934/934/934
f 939/939/939 938/938/938 937/937/937
f 942/942/942 941/941/941 940/940/940
f 945/945/945 944/944/944 943/943/943
f 948/948/948 947/947/947 946/946/946
f 951/951/951 950/950/950 949/949/949
f 954/954/954 953/953/953 952/952/952
f 957/957/957 956/956/956 955/955/955
f 960/960/960 959/959/959 958/958/958
f 963/963/963 962/962/962 961/961/961
f 966/966/966 965/965/965 964/964/964
f 969/969/969 968/968/968 967/967/967
f 972/972/972 971/971/971 970/970/970
f 975/975/975 974/974/974 973/973/973
f 978/978/978 977/977/977 976/976/976
f 981/981/981 980/980/980 979/979/979
f 984/984/984 983/983/983 982/982/982
f 987/987/987 986/986/986 985/985/985
f 990/990/990 989/989/989 988/988/988
f 993/993/993 992/992/992 991/991/991
f 996/996/996 995/995/995 994/994/994
f 999/999/999 998/998/998 997/997/997
f 1002/1002/1002 1001/1001/1001 1000/1000/1000
f 1005/1005/1005 1004/1004/1004 1003/1003/1003
f 1008/1008/1008 1007/1007/1007 1006/1006/1006
f 1011/1011/1011 1010/1010/1010 1009/1009/1009
f 1014/1014/1014 1013/1013/1013 1012/1012/1012
f 1017/1017/1017 1016/1016/1016 1015/1015/1015
f 1020/1020/1020 1019/1019/1019 1018/1018/1018
f 1023/1023/1023 1022/1022/1022 1021/1021/1021
f 1026/1026/1026 1025/1025/1025 1024/1024/1024
f 1029/1029/1029 1028/1028/1028 1027/1027/1027
f 1032/1032/1032 1031/1031/1031 1030/1030/1030
f 1035/1035/1035 1034/1034/1034 1033/1033/1033
f 1038/1038/1038 1037/1037/1037 1036/1036/1036
f 1041/1041/1041 1040/1040/1040 1039/1039/1039
f 1044/1044/1044 1043/1043/1043 1042/1042/1042
f 1047/1047/1047 1046/1046/1046 1045/1045/1045
f 1050/1050/1050 1049/1049/1049 1048/1048/1048
f 1053/1053/1053 1052/1052/1052 1051/1051/1051
f 1056/1056/1056 1055/1055/1055 1054/1054/1054
f 1059/1059/1059 1058/1058/1058 1057/1057/1057
f 1062/1062/1062 1061/1061/1061 1060/1060/1060
f 1065/1065/1065 1064/1064/1064 1063/1063/1063
f 1068/1068/1068 1067/1067/1067 1066/1066/1066
f 1071/1071/1071 1070/1070/1070 1069/1069/1069
f 1074/1074/1074 1073/1073/1073 1072/1072/1072
f 1077/1077/1077 1076/1076/1076 1075/1075/1075
f 1080/1080/1080 1079/1079/1079 1078/1078/1078
f 1083/1083/1083 1082/1082/1082 1081/1081/1081
f 1086/1086/1086 1085/1085/1085 1084/1084/1084
f 1089/1089/1089 1088/1088/1088 1087/1087/1087
f 1092/1092/1092 1091/1091/1091 1090/1090/1090
f 1095/1095/1095 1094/1094/1094 1093/1093/1093
f 1098/1098/1098 1097/1097/1097 1096/1096/1096
f 1101/1101/1101 1100/1100/1100 1099/1099/1099
f 1104/1104/1104 1103/1103/1103 1102/1102/1102
f 1107/1107/1107 1106/1106/1106 1105/1105/1105
f 1110/1110/1110 1109/1109/1109 1108/1108/1108
f 1113/1113/1113 1112/1112/1112 1111/1111/1111
f 1116/1116/1116 1115/1115/1115 1114/1114/1114
f 1119/1119/1119 1118/1118/1118 1117/1117/1117
f 1122/1122/1122 1121/1121/1121 1120/1120/1120
f 1125/1125/1125 1124/1124/1124 1123/1123/1123
f 1128/1128/1128 1127/1127/1127 1126/1126/1126
f 1131/1131/1131 1130/1130/1130 1129/1129/1129
f 1134/1134/1134 1133/1133/1133 1132/1132/1132
f 1137/1137/1137 1136/1136/1136 1135/1135/1135
f 1140/1140/1140 1139/1139/1139 1138/1138/1138
f 1143/1143/1143 1142/1142/1142 1141/1141/1141
f 1146/1146/1146 1145/1145/1145 1144/1144/1144
f 1149/1149/1149 1148/1148/1148 1147/1147/1147
f 1152/1152/1152 1151/1151/1151 1150/1150/1150
f 1155/1155/1155 1154/1154/1154 1153/1153/1153
f 1158/1158/1158 1157/1157/1157 1156/1156/1156
f 1161/1161/1161 1160/1160/1160 1159/1159/1159
f 1164/1164/1164 1163/1163/1163 1162/1162/1162
f 1167/1167/1167 1166/1166/1166 1165/1165/1165
f 1170/1170/1170 1169/1169/1169 1168/1168/1168
f 1173/1173/1173 1172/1172/1172 1171/1171/1171
f 1176/1176/1176 1175/1175/1175 1174/1174/1174
f 1179/1179/1179 1178/1178/1178 1177/1177/1177
f 1182/1182/1182 1181/1181/1181 1180/1180/1180
f 1185/1185/1185 1184/1184/1184 1183/1183/1183
f 1188/1188/1188 1187/1187/1187 1186/1186/1186
f 1191/1191/1191 1190/1190/1190 1189/1189/1189
f 1194/1194/1194 1193/1193/1193 1192/1192/1192
f 1197/1197/1197 1196/1196/1196 1195/1195/1195
f 1200/1200/1200 1199/1199/1199 1198/1198/1198
f 1203/1203/1203 1202/1202/1202 1201/1201/1201
f 1206/1206/1206 1205/1205/1205 1204/1204/1204
f 1209/1209/1209 1208/1208/1208 1207/1207/1207
f 1212/1212/1212 1211/1211/1211 1210/1210/1210
f 1215/1215/1215 1214/1214/1214 1213/1213/1213
f 1218/1218/1218 1217/1217/1217 1216/1216/1216
f 1221/1221/1221 1220/1220/1220 1219/1219/1219
f 1224/1224/1224 1223/1223/1223 1222/1222/1222
f 1227/1227/1227 1226/1226/1226 1225/1225/1225
f 1230/1230/1230 1229/1229/1229 1228/1228/1228
f 1233/1233/1233 1232/1232/1232 1231/1231/1231
f 1236/1236/1236 1235/1235/1235 1234/1234/1234
f 1239/1239/1239 1238/1238/1238 1237/1237/1237
f 1242/1242/1242 1241/1241/1241 1240/1240/1240
f 1245/1245/1245 1244/1244/1244 1243/1243/1243
f 1248/1248/1248 1247/1247/1247 1246/1246/1246
o #FFFFFF
v 1.35495 0.4587308 0.7363673
v 1.35495 0.4587308 0.5743671
v 1.35495 0.4477308 0.5026169
v 1.35495 0.4587308 0.7363673
v 1.35495 0.4477308 0.5026169
v 1.35495 0.4147308 0.451367
v 1.35495 0.4587308 0.7363673
v 1.35495 0.4147308 0.451367
v 1.35495 0.3604808 0.4206169
v 1.35495 0.4587308 0.7363673
v 1.35495 0.3604808 0.4206169
v 1.35495 0.2857308 0.410367
v 1.35495 0.2857308 0.410367
v 1.35495 0.2167309 0.410367
v 1.35495 0.1419808 0.4206169
v 1.35495 0.2857308 0.410367
v 1.35495 0.1419808 0.4206169
v 1.35495 0.2097308 0.5203671
v 1.35495 0.2857308 0.410367
v 1.35495 0.2097308 0.5203671
v 1.35495 0.2927308 0.5203671
v 1.35495 0.2857308 0.410367
v 1.35495 0.2927308 0.5203671
v 1.35495 0.3234808 0.523742
v 1.35495 0.2857308 0.410367
v 1.35495 0.3234808 0.523742
v 1.35495 0.3437308 0.5338671
v 1.35495 0.2857308 0.410367
v 1.35495 0.3437308 0.5338671
v 1.35495 0.3549809 0.550742
v 1.35495 0.1789809 0.523742
v 1.35495 0.2097308 0.5203671
v 1.35495 0.1419808 0.4206169
v 1.35495 0.1789809 0.523742
v 1.35495 0.1419808 0.4206169
v 1.35495 0.0877308 0.451367
v 1.35495 0.1789809 0.523742
v 1.35495 0.0877308 0.451367
v 1.35495 0.0547308 0.5026169
v 1.35495 0.1789809 0.523742
v 1.35495 0.0547308 0.5026169
v 1.35495 0.04373083 0.5743671
v 1.35495 0.04373083 0.6263672
v 1.35495 -0.2412692 0.6263672
v 1.35495 -0.2412692 0.7363673
v 1.35495 0.04373083 0.6263672
v 1.35495 -0.2412692 0.7363673
v 1.35495 0.4587308 0.7363673
v 1.35495 0.4587308 0.7363673
v 1.35495 0.2857308 0.410367
v 1.35495 0.3549809 0.550742
v 1.35495 0.4587308 0.7363673
v 1.35495 0.3549809 0.550742
v 1.35495 0.3587308 0.5743671
v 1.35495 0.4587308 0.7363673
v 1.35495 0.3587308 0.5743671
v 1.35495 0.3587308 0.6263672
v 1.35495 0.4587308 0.7363673
v 1.35495 0.3587308 0.6263672
v 1.35495 0.1437308 0.6263672
v 1.35495 0.1587308 0.5338671
v 1.35495 0.1789809 0.523742
v 1.35495 0.04373083 0.5743671
v 1.35495 0.1587308 0.5338671
v 1.35495 0.04373083 0.5743671
v 1.35495 0.04373083 0.6263672
v 1.35495 0.04373083 0.6263672
v 1.35495 0.4587308 0.7363673
v 1.35495 0.1437308 0.6263672
v 1.35495 0.04373083 0.6263672
v 1.35495 0.1437308 0.6263672
v 1.35495 0.1437308 0.5743671
v 1.35495 0.04373083 0.6263672
v 1.35495 0.1437308 0.5743671
v 1.35495 0.1474808 0.550742
v 1.35495 0.1474808 0.550742
v 1.35495 0.1587308 0.5338671
v 1.35495 0.04373083 0.6263672
v 0.8549497 0.4477308 0.5026169
v 0.8549497 0.4587308 0.574367
v 0.8549496 0.4587308 0.7363672
v 0.8549497 0.4147308 0.4513668
v 0.8549497 0.4477308 0.5026169
v 0.8549496 0.4587308 0.7363672
v 0.8549497 0.3604808 0.4206168
v 0.8549497 0.4147308 0.4513668
v 0.8549496 0.4587308 0.7363672
v 0.8549497 0.2857308 0.4103668
v 0.8549497 0.3604808 0.4206168
v 0.8549496 0.4587308 0.7363672
v 0.8549497 0.1419808 0.4206168
v 0.8549497 0.2167309 0.4103668
v 0.8549497 0.2857308 0.4103668
v 0.8549497 0.2097308 0.520367
v 0.8549497 0.1419808 0.4206168
v 0.8549497 0.2857308 0.4103668
v 0.8549497 0.2927308 0.520367
v 0.8549497 0.2097308 0.520367
v 0.8549497 0.2857308 0.4103668
v 0.8549497 0.3234808 0.5237419
v 0.8549497 0.2927308 0.520367
v 0.8549497 0.2857308 0.4103668
v 0.8549497 0.3437308 0.5338669
v 0.8549497 0.3234808 0.5237419
v 0.8549497 0.2857308 0.4103668
v 0.8549497 0.3549809 0.550742
v 0.8549497 0.3437308 0.5338669
v 0.8549497 0.2857308 0.4103668
v 0.8549497 0.1419808 0.4206168
v 0.8549497 0.2097308 0.520367
v 0.8549497 0.1789809 0.5237419
v 0.8549497 0.0877308 0.4513668
v 0.8549497 0.1419808 0.4206168
v 0.8549497 0.1789809 0.5237419
v 0.8549497 0.0547308 0.5026169
v 0.8549497 0.0877308 0.4513668
v 0.8549497 0.1789809 0.5237419
v 0.8549497 0.04373083 0.574367
v 0.8549497 0.0547308 0.5026169
v 0.8549497 0.1789809 0.5237419
v 0.8549496 -0.2412692 0.7363672
v 0.8549496 -0.2412692 0.626367
v 0.8549496 0.04373083 0.626367
v 0.8549496 0.4587308 0.7363672
v 0.8549496 -0.2412692 0.7363672
v 0.8549496 0.04373083 0.626367
v 0.8549497 0.3549809 0.550742
v 0.8549497 0.2857308 0.4103668
v 0.8549496 0.4587308 0.7363672
v 0.8549497 0.3587308 0.574367
v 0.8549497 0.3549809 0.550742
v 0.8549496 0.4587308 0.7363672
v 0.8549496 0.3587308 0.626367
v 0.8549497 0.3587308 0.574367
v 0.8549496 0.4587308 0.7363672
v 0.8549496 0.1437308 0.626367
v 0.8549496 0.3587308 0.626367
v 0.8549496 0.4587308 0.7363672
v 0.8549497 0.04373083 0.574367
v 0.8549497 0.1789809 0.5237419
v 0.8549497 0.1587308 0.5338669
v 0.8549496 0.04373083 0.626367
v 0.8549497 0.04373083 0.574367
v 0.8549497 0.1587308 0.5338669
v 0.8549496 0.1437308 0.626367
v 0.8549496 0.4587308 0.7363672
v 0.8549496 0.04373083 0.626367
v 0.8549497 0.1437308 0.574367
v 0.8549496 0.1437308 0.626367
v 0.8549496 0.04373083 0.626367
v 0.8549497 0.1474808 0.550742
v 0.8549497 0.1437308 0.574367
v 0.8549496 0.04373083 0.626367
v 0.8549496 0.04373083 0.626367
v 0.8549497 0.1587308 0.5338669
v 0.8549497 0.1474808 0.550742
v 1.35495 0.4587308 0.7363673
v 0.8549496 0.4587308 0.7363672
v 1.35495 0.4587308 0.5743671
v 0.8549496 0.4587308 0.7363672
v 0.8549497 0.4587308 0.574367
v 1.35495 0.4587308 0.5743671
v 1.35495 0.4587308 0.5743671
v 0.8549497 0.4587308 0.574367
v 1.35495 0.4477308 0.5026169
v 0.8549497 0.4587308 0.574367
v 0.8549497 0.4477308 0.5026169
v 1.35495 0.4477308 0.5026169
v 1.35495 0.4477308 0.5026169
v 0.8549497 0.4477308 0.5026169
v 1.35495 0.4147308 0.451367
v 0.8549497 0.4477308 0.5026169
v 0.8549497 0.4147308 0.4513668
v 1.35495 0.4147308 0.451367
v 1.35495 0.4147308 0.451367
v 0.8549497 0.4147308 0.4513668
v 1.35495 0.3604808 0.4206169
v 0.8549497 0.4147308 0.4513668
v 0.8549497 0.3604808 0.4206168
v 1.35495 0.3604808 0.4206169
v 1.35495 0.3604808 0.4206169
v 0.8549497 0.3604808 0.4206168
v 1.35495 0.2857308 0.410367
v 0.8549497 0.3604808 0.4206168
v 0.8549497 0.2857308 0.4103668
v 1.35495 0.2857308 0.410367
v 1.35495 0.2857308 0.410367
v 0.8549497 0.2857308 0.4103668
v 1.35495 0.2167309 0.410367
v 0.8549497 0.2857308 0.4103668
v 0.8549497 0.2167309 0.4103668
v 1.35495 0.2167309 0.410367
v 1.35495 0.2167309 0.410367
v 0.8549497 0.2167309 0.4103668
v 1.35495 0.1419808 0.4206169
v 0.8549497 0.2167309 0.4103668
v 0.8549497 0.1419808 0.4206168
v 1.35495 0.1419808 0.4206169
v 1.35495 0.1419808 0.4206169
v 0.8549497 0.1419808 0.4206168
v 1.35495 0.0877308 0.451367
v 0.8549497 0.1419808 0.4206168
v 0.8549497 0.0877308 0.4513668
v 1.35495 0.0877308 0.451367
v 1.35495 0.0877308 0.451367
v 0.8549497 0.0877308 0.4513668
v 1.35495 0.0547308 0.5026169
v 0.8549497 0.0877308 0.4513668
v 0.8549497 0.0547308 0.5026169
v 1.35495 0.0547308 0.5026169
v 1.35495 0.0547308 0.5026169
v 0.8549497 0.0547308 0.5026169
v 1.35495 0.04373083 0.5743671
v 0.8549497 0.0547308 0.5026169
v 0.8549497 0.04373083 0.574367
v 1.35495 0.04373083 0.5743671
v 1.35495 0.04373083 0.5743671
v 0.8549497 0.04373083 0.574367
v 1.35495 0.04373083 0.6263672
v 0.8549497 0.04373083 0.574367
v 0.8549496 0.04373083 0.626367
v 1.35495 0.04373083 0.6263672
v 1.35495 0.04373083 0.6263672
v 0.8549496 0.04373083 0.626367
v 1.35495 -0.2412692 0.6263672
v 0.8549496 0.04373083 0.626367
v 0.8549496 -0.2412692 0.626367
v 1.35495 -0.2412692 0.6263672
v 1.35495 -0.2412692 0.6263672
v 0.8549496 -0.2412692 0.626367
v 1.35495 -0.2412692 0.7363673
v 0.8549496 -0.2412692 0.626367
v 0.8549496 -0.2412692 0.7363672
v 1.35495 -0.2412692 0.7363673
v 1.35495 -0.2412692 0.7363673
v 0.8549496 -0.2412692 0.7363672
v 1.35495 0.4587308 0.7363673
v 0.8549496 -0.2412692 0.7363672
v 0.8549496 0.4587308 0.7363672
v 1.35495 0.4587308 0.7363673
v 1.35495 0.1437308 0.5743671
v 0.8549497 0.1437308 0.574367
v 1.35495 0.1474808 0.550742
v 0.8549497 0.1437308 0.574367
v 0.8549497 0.1474808 0.550742
v 1.35495 0.1474808 0.550742
v 1.35495 0.1474808 0.550742
v 0.8549497 0.1474808 0.550742
v 1.35495 0.1587308 0.5338671
v 0.8549497 0.1474808 0.550742
v 0.8549497 0.1587308 0.5338669
v 1.35495 0.1587308 0.5338671
v 1.35495 0.1587308 0.5338671
v 0.8549497 0.1587308 0.5338669
v 1.35495 0.1789809 0.523742
v 0.8549497 0.1587308 0.5338669
v 0.8549497 0.1789809 0.5237419
v 1.35495 0.1789809 0.523742
v 1.35495 0.1789809 0.523742
v 0.8549497 0.1789809 0.5237419
v 1.35495 0.2097308 0.5203671
v 0.8549497 0.1789809 0.5237419
v 0.8549497 0.2097308 0.520367
v 1.35495 0.2097308 0.5203671
v 1.35495 0.2097308 0.5203671
v 0.8549497 0.2097308 0.520367
v 1.35495 0.2927308 0.5203671
v 0.8549497 0.2097308 0.520367
v 0.8549497 0.2927308 0.520367
v 1.35495 0.2927308 0.5203671
v 1.35495 0.2927308 0.5203671
v 0.8549497 0.2927308 0.520367
v 1.35495 0.3234808 0.523742
v 0.8549497 0.2927308 0.520367
v 0.8549497 0.3234808 0.5237419
v 1.35495 0.3234808 0.523742
v 1.35495 0.3234808 0.523742
v 0.8549497 0.3234808 0.5237419
v 1.35495 0.3437308 0.5338671
v 0.8549497 0.3234808 0.5237419
v 0.8549497 0.3437308 0.5338669
v 1.35495 0.3437308 0.5338671
v 1.35495 0.3437308 0.5338671
v 0.8549497 0.3437308 0.5338669
v 1.35495 0.3549809 0.550742
v 0.8549497 0.3437308 0.5338669
v 0.8549497 0.3549809 0.550742
v 1.35495 0.3549809 0.550742
v 1.35495 0.3549809 0.550742
v 0.8549497 0.3549809 0.550742
v 1.35495 0.3587308 0.5743671
v 0.8549497 0.3549809 0.550742
v 0.8549497 0.3587308 0.574367
v 1.35495 0.3587308 0.5743671
v 1.35495 0.3587308 0.5743671
v 0.8549497 0.3587308 0.574367
v 1.35495 0.3587308 0.6263672
v 0.8549497 0.3587308 0.574367
v 0.8549496 0.3587308 0.626367
v 1.35495 0.3587308 0.6263672
v 1.35495 0.3587308 0.6263672
v 0.8549496 0.3587308 0.626367
v 1.35495 0.1437308 0.6263672
v 0.8549496 0.3587308 0.626367
v 0.8549496 0.1437308 0.626367
v 1.35495 0.1437308 0.6263672
v 1.35495 0.1437308 0.6263672
v 0.8549496 0.1437308 0.626367
v 1.35495 0.1437308 0.5743671
v 0.8549496 0.1437308 0.626367
v 0.8549497 0.1437308 0.574367
v 1.35495 0.1437308 0.5743671
v 1.35495 -0.2397692 0.2958667
v 1.35495 -0.2052692 0.3483668
v 1.35495 -0.1497692 0.3806168
v 1.35495 -0.2397692 0.2958667
v 1.35495 -0.1497692 0.3806168
v 1.35495 -0.07526919 0.3913668
v 1.35495 -0.2397692 0.2958667
v 1.35495 -0.07526919 0.3913668
v 1.35495 0.2927308 0.3913668
v 1.35495 -0.2397692 0.2958667
v 1.35495 0.2927308 0.3913668
v 1.35495 0.3672308 0.3806168
v 1.35495 -0.2397692 0.2958667
v 1.35495 0.3672308 0.3806168
v 1.35495 0.4227308 0.3483668
v 1.35495 -0.2397692 0.2958667
v 1.35495 0.4227308 0.3483668
v 1.35495 0.4572308 0.2958667
v 1.35495 0.4572308 0.2958667
v 1.35495 0.4687308 0.2243666
v 1.35495 0.4572308 0.1528665
v 1.35495 0.4572308 0.2958667
v 1.35495 0.4572308 0.1528665
v 1.35495 0.4227308 0.1003664
v 1.35495 0.4572308 0.2958667
v 1.35495 0.4227308 0.1003664
v 1.35495 0.3672308 0.06811641
v 1.35495 0.4572308 0.2958667
v 1.35495 0.3672308 0.06811641
v 1.35495 0.2927308 0.0573664
v 1.35495 0.2927308 0.0573664
v 1.35495 -0.07526919 0.0573664
v 1.35495 -0.1497692 0.06811641
v 1.35495 0.2927308 0.0573664
v 1.35495 -0.1497692 0.06811641
v 1.35495 -0.08226919 0.1673666
v 1.35495 0.2927308 0.0573664
v 1.35495 -0.08226919 0.1673666
v 1.35495 0.2997308 0.1673666
v 1.35495 0.2927308 0.0573664
v 1.35495 0.2997308 0.1673666
v 1.35495 0.3514808 0.1816165
v 1.35495 -0.1340192 0.1816165
v 1.35495 -0.08226919 0.1673666
v 1.35495 -0.1497692 0.06811641
v 1.35495 -0.1340192 0.1816165
v 1.35495 -0.1497692 0.06811641
v 1.35495 -0.2052692 0.1003664
v 1.35495 -0.1340192 0.1816165
v 1.35495 -0.2052692 0.1003664
v 1.35495 -0.2397692 0.1528665
v 1.35495 -0.1340192 0.1816165
v 1.35495 -0.2397692 0.1528665
v 1.35495 -0.2512692 0.2243666
v 1.35495 -0.1340192 0.1816165
v 1.35495 -0.2512692 0.2243666
v 1.35495 -0.2397692 0.2958667
v 1.35495 0.4572308 0.2958667
v 1.35495 0.2927308 0.0573664
v 1.35495 0.3514808 0.1816165
v 1.35495 0.4572308 0.2958667
v 1.35495 0.3514808 0.1816165
v 1.35495 0.3687308 0.2243666
v 1.35495 0.4572308 0.2958667
v 1.35495 0.3687308 0.2243666
v 1.35495 0.3514808 0.2671167
v 1.35495 0.4572308 0.2958667
v 1.35495 0.3514808 0.2671167
v 1.35495 0.2997308 0.2813667
v 1.35495 0.4572308 0.2958667
v 1.35495 0.2997308 0.2813667
v 1.35495 -0.08226919 0.2813667
v 1.35495 -0.1512692 0.2243666
v 1.35495 -0.1340192 0.1816165
v 1.35495 -0.2397692 0.2958667
v 1.35495 -0.2397692 0.2958667
v 1.35495 0.4572308 0.2958667
v 1.35495 -0.08226919 0.2813667
v 1.35495 -0.2397692 0.2958667
v 1.35495 -0.08226919 0.2813667
v 1.35495 -0.1340192 0.2671167
v 1.35495 -0.1340192 0.2671167
v 1.35495 -0.1512692 0.2243666
v 1.35495 -0.2397692 0.2958667
v 0.8549497 -0.1497692 0.3806167
v 0.8549497 -0.2052692 0.3483667
v 0.8549497 -0.2397692 0.2958667
v 0.8549497 -0.07526919 0.3913668
v 0.8549497 -0.1497692 0.3806167
v 0.8549497 -0.2397692 0.2958667
v 0.8549497 0.2927308 0.3913668
v 0.8549497 -0.07526919 0.3913668
v 0.8549497 -0.2397692 0.2958667
v 0.8549497 0.3672308 0.3806167
v 0.8549497 0.2927308 0.3913668
v 0.8549497 -0.2397692 0.2958667
v 0.8549497 0.4227308 0.3483667
v 0.8549497 0.3672308 0.3806167
v 0.8549497 -0.2397692 0.2958667
v 0.8549497 0.4572308 0.2958667
v 0.8549497 0.4227308 0.3483667
v 0.8549497 -0.2397692 0.2958667
v 0.8549497 0.4572308 0.1528665
v 0.8549497 0.4687308 0.2243666
v 0.8549497 0.4572308 0.2958667
v 0.8549497 0.4227308 0.1003664
v 0.8549497 0.4572308 0.1528665
v 0.8549497 0.4572308 0.2958667
v 0.8549497 0.3672308 0.06811634
v 0.8549497 0.4227308 0.1003664
v 0.8549497 0.4572308 0.2958667
v 0.8549497 0.2927308 0.05736634
v 0.8549497 0.3672308 0.06811634
v 0.8549497 0.4572308 0.2958667
v 0.8549497 -0.1497692 0.06811634
v 0.8549497 -0.07526919 0.05736634
v 0.8549497 0.2927308 0.05736634
v 0.8549497 -0.08226919 0.1673665
v 0.8549497 -0.1497692 0.06811634
v 0.8549497 0.2927308 0.05736634
v 0.8549497 0.2997308 0.1673665
v 0.8549497 -0.08226919 0.1673665
v 0.8549497 0.2927308 0.05736634
v 0.8549497 0.3514808 0.1816165
v 0.8549497 0.2997308 0.1673665
v 0.8549497 0.2927308 0.05736634
v 0.8549497 -0.1497692 0.06811634
v 0.8549497 -0.08226919 0.1673665
v 0.8549497 -0.1340192 0.1816165
v 0.8549497 -0.2052692 0.1003664
v 0.8549497 -0.1497692 0.06811634
v 0.8549497 -0.1340192 0.1816165
v 0.8549497 -0.2397692 0.1528665
v 0.8549497 -0.2052692 0.1003664
v 0.8549497 -0.1340192 0.1816165
v 0.8549497 -0.2512692 0.2243666
v 0.8549497 -0.2397692 0.1528665
v 0.8549497 -0.1340192 0.1816165
v 0.8549497 -0.2397692 0.2958667
v 0.8549497 -0.2512692 0.2243666
v 0.8549497 -0.1340192 0.1816165
v 0.8549497 0.3514808 0.1816165
v 0.8549497 0.2927308 0.05736634
v 0.8549497 0.4572308 0.2958667
v 0.8549497 0.3687308 0.2243666
v 0.8549497 0.3514808 0.1816165
v 0.8549497 0.4572308 0.2958667
v 0.8549497 0.3514808 0.2671166
v 0.8549497 0.3687308 0.2243666
v 0.8549497 0.4572308 0.2958667
v 0.8549497 0.2997308 0.2813667
v 0.8549497 0.3514808 0.2671166
v 0.8549497 0.4572308 0.2958667
v 0.8549497 -0.08226919 0.2813667
v 0.8549497 0.2997308 0.2813667
v 0.8549497 0.4572308 0.2958667
v 0.8549497 -0.2397692 0.2958667
v 0.8549497 -0.1340192 0.1816165
v 0.8549497 -0.1512692 0.2243666
v 0.8549497 -0.08226919 0.2813667
v 0.8549497 0.4572308 0.2958667
v 0.8549497 -0.2397692 0.2958667
v 0.8549497 -0.1340192 0.2671166
v 0.8549497 -0.08226919 0.2813667
v 0.8549497 -0.2397692 0.2958667
v 0.8549497 -0.2397692 0.2958667
v 0.8549497 -0.1512692 0.2243666
v 0.8549497 -0.1340192 0.2671166
v 1.35495 -0.2052692 0.3483668
v 0.8549497 -0.2052692 0.3483667
v 1.35495 -0.1497692 0.3806168
v 0.8549497 -0.2052692 0.3483667
v 0.8549497 -0.1497692 0.3806167
v 1.35495 -0.1497692 0.3806168
v 1.35495 -0.1497692 0.3806168
v 0.8549497 -0.1497692 0.3806167
v 1.35495 -0.07526919 0.3913668
v 0.8549497 -0.1497692 0.3806167
v 0.8549497 -0.07526919 0.3913668
v 1.35495 -0.07526919 0.3913668
v 1.35495 -0.07526919 0.3913668
v 0.8549497 -0.07526919 0.3913668
v 1.35495 0.2927308 0.3913668
v 0.8549497 -0.07526919 0.3913668
v 0.8549497 0.2927308 0.3913668
v 1.35495 0.2927308 0.3913668
v 1.35495 0.2927308 0.3913668
v 0.8549497 0.2927308 0.3913668
v 1.35495 0.3672308 0.3806168
v 0.8549497 0.2927308 0.3913668
v 0.8549497 0.3672308 0.3806167
v 1.35495 0.3672308 0.3806168
v 1.35495 0.3672308 0.3806168
v 0.8549497 0.3672308 0.3806167
v 1.35495 0.4227308 0.3483668
v 0.8549497 0.3672308 0.3806167
v 0.8549497 0.4227308 0.3483667
v 1.35495 0.4227308 0.3483668
v 1.35495 0.4227308 0.3483668
v 0.8549497 0.4227308 0.3483667
v 1.35495 0.4572308 0.2958667
v 0.8549497 0.4227308 0.3483667
v 0.8549497 0.4572308 0.2958667
v 1.35495 0.4572308 0.2958667
v 1.35495 0.4572308 0.2958667
v 0.8549497 0.4572308 0.2958667
v 1.35495 0.4687308 0.2243666
v 0.8549497 0.4572308 0.2958667
v 0.8549497 0.4687308 0.2243666
v 1.35495 0.4687308 0.2243666
v 1.35495 0.4687308 0.2243666
v 0.8549497 0.4687308 0.2243666
v 1.35495 0.4572308 0.1528665
v 0.8549497 0.4687308 0.2243666
v 0.8549497 0.4572308 0.1528665
v 1.35495 0.4572308 0.1528665
v 1.35495 0.4572308 0.1528665
v 0.8549497 0.4572308 0.1528665
v 1.35495 0.4227308 0.1003664
v 0.8549497 0.4572308 0.1528665
v 0.8549497 0.4227308 0.1003664
v 1.35495 0.4227308 0.1003664
v 1.35495 0.4227308 0.1003664
v 0.8549497 0.4227308 0.1003664
v 1.35495 0.3672308 0.06811641
v 0.8549497 0.4227308 0.1003664
v 0.8549497 0.3672308 0.06811634
v 1.35495 0.3672308 0.06811641
v 1.35495 0.3672308 0.06811641
v 0.8549497 0.3672308 0.06811634
v 1.35495 0.2927308 0.0573664
v 0.8549497 0.3672308 0.06811634
v 0.8549497 0.2927308 0.05736634
v 1.35495 0.2927308 0.0573664
v 1.35495 0.2927308 0.0573664
v 0.8549497 0.2927308 0.05736634
v 1.35495 -0.07526919 0.0573664
v 0.8549497 0.2927308 0.05736634
v 0.8549497 -0.07526919 0.05736634
v 1.35495 -0.07526919 0.0573664
v 1.35495 -0.07526919 0.0573664
v 0.8549497 -0.07526919 0.05736634
v 1.35495 -0.1497692 0.06811641
v 0.8549497 -0.07526919 0.05736634
v 0.8549497 -0.1497692 0.06811634
v 1.35495 -0.1497692 0.06811641
v 1.35495 -0.1497692 0.06811641
v 0.8549497 -0.1497692 0.06811634
v 1.35495 -0.2052692 0.1003664
v 0.8549497 -0.1497692 0.06811634
v 0.8549497 -0.2052692 0.1003664
v 1.35495 -0.2052692 0.1003664
v 1.35495 -0.2052692 0.1003664
v 0.8549497 -0.2052692 0.1003664
v 1.35495 -0.2397692 0.1528665
v 0.8549497 -0.2052692 0.1003664
v 0.8549497 -0.2397692 0.1528665
v 1.35495 -0.2397692 0.1528665
v 1.35495 -0.2397692 0.1528665
v 0.8549497 -0.2397692 0.1528665
v 1.35495 -0.2512692 0.2243666
v 0.8549497 -0.2397692 0.1528665
v 0.8549497 -0.2512692 0.2243666
v 1.35495 -0.2512692 0.2243666
v 1.35495 -0.2512692 0.2243666
v 0.8549497 -0.2512692 0.2243666
v 1.35495 -0.2397692 0.2958667
v 0.8549497 -0.2512692 0.2243666
v 0.8549497 -0.2397692 0.2958667
v 1.35495 -0.2397692 0.2958667
v 1.35495 -0.2397692 0.2958667
v 0.8549497 -0.2397692 0.2958667
v 1.35495 -0.2052692 0.3483668
v 0.8549497 -0.2397692 0.2958667
v 0.8549497 -0.2052692 0.3483667
v 1.35495 -0.2052692 0.3483668
v 1.35495 -0.08226919 0.1673666
v 0.8549497 -0.08226919 0.1673665
v 1.35495 0.2997308 0.1673666
v 0.8549497 -0.08226919 0.1673665
v 0.8549497 0.2997308 0.1673665
v 1.35495 0.2997308 0.1673666
v 1.35495 0.2997308 0.1673666
v 0.8549497 0.2997308 0.1673665
v 1.35495 0.3514808 0.1816165
v 0.8549497 0.2997308 0.1673665
v 0.8549497 0.3514808 0.1816165
v 1.35495 0.3514808 0.1816165
v 1.35495 0.3514808 0.1816165
v 0.8549497 0.3514808 0.1816165
v 1.35495 0.3687308 0.2243666
v 0.8549497 0.3514808 0.1816165
v 0.8549497 0.3687308 0.2243666
v 1.35495 0.3687308 0.2243666
v 1.35495 0.3687308 0.2243666
v 0.8549497 0.3687308 0.2243666
v 1.35495 0.3514808 0.2671167
v 0.8549497 0.3687308 0.2243666
v 0.8549497 0.3514808 0.2671166
v 1.35495 0.3514808 0.2671167
v 1.35495 0.3514808 0.2671167
v 0.8549497 0.3514808 0.2671166
v 1.35495 0.2997308 0.2813667
v 0.8549497 0.3514808 0.2671166
v 0.8549497 0.2997308 0.2813667
v 1.35495 0.2997308 0.2813667
v 1.35495 0.2997308 0.2813667
v 0.8549497 0.2997308 0.2813667
v 1.35495 -0.08226919 0.2813667
v 0.8549497 0.2997308 0.2813667
v 0.8549497 -0.08226919 0.2813667
v 1.35495 -0.08226919 0.2813667
v 1.35495 -0.08226919 0.2813667
v 0.8549497 -0.08226919 0.2813667
v 1.35495 -0.1340192 0.2671167
v 0.8549497 -0.08226919 0.2813667
v 0.8549497 -0.1340192 0.2671166
v 1.35495 -0.1340192 0.2671167
v 1.35495 -0.1340192 0.2671167
v 0.8549497 -0.1340192 0.2671166
v 1.35495 -0.1512692 0.2243666
v 0.8549497 -0.1340192 0.2671166
v 0.8549497 -0.1512692 0.2243666
v 1.35495 -0.1512692 0.2243666
v 1.35495 -0.1512692 0.2243666
v 0.8549497 -0.1512692 0.2243666
v 1.35495 -0.1340192 0.1816165
v 0.8549497 -0.1512692 0.2243666
v 0.8549497 -0.1340192 0.1816165
v 1.35495 -0.1340192 0.1816165
v 1.35495 -0.1340192 0.1816165
v 0.8549497 -0.1340192 0.1816165
v 1.35495 -0.08226919 0.1673666
v 0.8549497 -0.1340192 0.1816165
v 0.8549497 -0.08226919 0.1673665
v 1.35495 -0.08226919 0.1673666
v 1.35495 -0.2412692 0.02436638
v 1.35495 0.4587308 0.02436638
v 1.35495 0.4587308 -0.08563378
v 1.35495 -0.2412692 0.02436638
v 1.35495 0.4587308 -0.08563378
v 1.35495 -0.1412692 -0.08563378
v 1.35495 -0.2412692 0.02436638
v 1.35495 -0.1412692 -0.08563378
v 1.35495 -0.1412692 -0.266634
v 1.35495 -0.1412692 -0.266634
v 1.35495 -0.2412692 -0.266634
v 1.35495 -0.2412692 0.02436638
v 0.8549497 0.4587308 -0.08563384
v 0.8549497 0.4587308 0.02436632
v 0.8549497 -0.2412692 0.02436632
v 0.8549497 -0.1412692 -0.08563384
v 0.8549497 0.4587308 -0.08563384
v 0.8549497 -0.2412692 0.02436632
v 0.8549498 -0.1412692 -0.2666341
v 0.8549497 -0.1412692 -0.08563384
v 0.8549497 -0.2412692 0.02436632
v 0.8549497 -0.2412692 0.02436632
v 0.8549498 -0.2412692 -0.2666341
v 0.8549498 -0.1412692 -0.2666341
v 1.35495 0.4587308 0.02436638
v 0.8549497 0.4587308 0.02436632
v 1.35495 0.4587308 -0.08563378
v 0.8549497 0.4587308 0.02436632
v 0.8549497 0.4587308 -0.08563384
v 1.35495 0.4587308 -0.08563378
v 1.35495 0.4587308 -0.08563378
v 0.8549497 0.4587308 -0.08563384
v 1.35495 -0.1412692 -0.08563378
v 0.8549497 0.4587308 -0.08563384
v 0.8549497 -0.1412692 -0.08563384
v 1.35495 -0.1412692 -0.08563378
v 1.35495 -0.1412692 -0.08563378
v 0.8549497 -0.1412692 -0.08563384
v 1.35495 -0.1412692 -0.266634
v 0.8549497 -0.1412692 -0.08563384
v 0.8549498 -0.1412692 -0.2666341
v 1.35495 -0.1412692 -0.266634
v 1.35495 -0.1412692 -0.266634
v 0.8549498 -0.1412692 -0.2666341
v 1.35495 -0.2412692 -0.266634
v 0.8549498 -0.1412692 -0.2666341
v 0.8549498 -0.2412692 -0.2666341
v 1.35495 -0.2412692 -0.266634
v 1.35495 -0.2412692 -0.266634
v 0.8549498 -0.2412692 -0.2666341
v 1.35495 -0.2412692 0.02436638
v 0.8549498 -0.2412692 -0.2666341
v 0.8549497 -0.2412692 0.02436632
v 1.35495 -0.2412692 0.02436638
v 1.35495 -0.2412692 0.02436638
v 0.8549497 -0.2412692 0.02436632
v 1.35495 0.4587308 0.02436638
v 0.8549497 -0.2412692 0.02436632
v 0.8549497 0.4587308 0.02436632
v 1.35495 0.4587308 0.02436638
v 1.35495 -0.2412692 -0.278634
v 1.35495 0.4587308 -0.278634
v 1.35495 0.4587308 -0.3886342
v 1.35495 0.4587308 -0.3886342
v 1.35495 -0.2412692 -0.3886342
v 1.35495 -0.2412692 -0.278634
v 0.8549498 0.4587308 -0.3886342
v 0.8549498 0.4587308 -0.2786341
v 0.8549498 -0.2412692 -0.2786341
v 0.8549498 -0.2412692 -0.2786341
v 0.8549498 -0.2412692 -0.3886342
v 0.8549498 0.4587308 -0.3886342
v 1.35495 0.4587308 -0.278634
v 0.8549498 0.4587308 -0.2786341
v 1.35495 0.4587308 -0.3886342
v 0.8549498 0.4587308 -0.2786341
v 0.8549498 0.4587308 -0.3886342
v 1.35495 0.4587308 -0.3886342
v 1.35495 0.4587308 -0.3886342
v 0.8549498 0.4587308 -0.3886342
v 1.35495 -0.2412692 -0.3886342
v 0.8549498 0.4587308 -0.3886342
v 0.8549498 -0.2412692 -0.3886342
v 1.35495 -0.2412692 -0.3886342
v 1.35495 -0.2412692 -0.3886342
v 0.8549498 -0.2412692 -0.3886342
v 1.35495 -0.2412692 -0.278634
v 0.8549498 -0.2412692 -0.3886342
v 0.8549498 -0.2412692 -0.2786341
v 1.35495 -0.2412692 -0.278634
v 1.35495 -0.2412692 -0.278634
v 0.8549498 -0.2412692 -0.2786341
v 1.35495 0.4587308 -0.278634
v 0.8549498 -0.2412692 -0.2786341
v 0.8549498 0.4587308 -0.2786341
v 1.35495 0.4587308 -0.278634
v 1.35495 -0.2400192 -0.5220093
v 1.35495 -0.2062692 -0.4711343
v 1.35495 -0.1520192 -0.4400091
v 1.35495 -0.2400192 -0.5220093
v 1.35495 -0.1520192 -0.4400091
v 1.35495 -0.0792692 -0.4296342
v 1.35495 -0.2400192 -0.5220093
v 1.35495 -0.0792692 -0.4296342
v 1.35495 0.2967308 -0.4296342
v 1.35495 -0.2400192 -0.5220093
v 1.35495 0.2967308 -0.4296342
v 1.35495 0.3694808 -0.4400091
v 1.35495 -0.2400192 -0.5220093
v 1.35495 0.3694808 -0.4400091
v 1.35495 0.4237308 -0.4711343
v 1.35495 -0.2400192 -0.5220093
v 1.35495 0.4237308 -0.4711343
v 1.35495 0.4574808 -0.5220093
v 1.35495 0.4574808 -0.5220093
v 1.35495 0.4687308 -0.5916344
v 1.35495 0.4574808 -0.6612595
v 1.35495 0.4574808 -0.5220093
v 1.35495 0.4574808 -0.6612595
v 1.35495 0.4237308 -0.7121345
v 1.35495 0.4574808 -0.5220093
v 1.35495 0.4237308 -0.7121345
v 1.35495 0.3694808 -0.7432596
v 1.35495 0.4574808 -0.5220093
v 1.35495 0.3694808 -0.7432596
v 1.35495 0.2967308 -0.7536346
v 1.35495 0.2967308 -0.7536346
v 1.35495 0.2227308 -0.7536346
v 1.35495 0.2227308 -0.6496345
v 1.35495 0.2967308 -0.7536346
v 1.35495 0.2227308 -0.6496345
v 1.35495 0.3037308 -0.6496345
v 1.35495 0.2967308 -0.7536346
v 1.35495 0.3037308 -0.6496345
v 1.35495 0.3524808 -0.6358845
v 1.35495 -0.08726919 -0.6496345
v 1.35495 0.01973081 -0.6496345
v 1.35495 0.01973081 -0.7536346
v 1.35495 -0.08726919 -0.6496345
v 1.35495 0.01973081 -0.7536346
v 1.35495 -0.0792692 -0.7536346
v 1.35495 -0.08726919 -0.6496345
v 1.35495 -0.0792692 -0.7536346
v 1.35495 -0.1520192 -0.7432596
v 1.35495 -0.08726919 -0.6496345
v 1.35495 -0.1520192 -0.7432596
v 1.35495 -0.2062692 -0.7121345
v 1.35495 -0.08726919 -0.6496345
v 1.35495 -0.2062692 -0.7121345
v 1.35495 -0.2400192 -0.6612595
v 1.35495 -0.2400192 -0.6612595
v 1.35495 -0.2512692 -0.5916344
v 1.35495 -0.2400192 -0.5220093
v 1.35495 0.4574808 -0.5220093
v 1.35495 0.2967308 -0.7536346
v 1.35495 0.3524808 -0.6358845
v 1.35495 0.4574808 -0.5220093
v 1.35495 0.3524808 -0.6358845
v 1.35495 0.3687308 -0.5946344
v 1.35495 0.4574808 -0.5220093
v 1.35495 0.3687308 -0.5946344
v 1.35495 0.3524808 -0.5533844
v 1.35495 0.4574808 -0.5220093
v 1.35495 0.3524808 -0.5533844
v 1.35495 0.3037308 -0.5396343
v 1.35495 0.4574808 -0.5220093
v 1.35495 0.3037308 -0.5396343
v 1.35495 -0.08726919 -0.5396343
v 1.35495 -0.1352692 -0.6358845
v 1.35495 -0.08726919 -0.6496345
v 1.35495 -0.2400192 -0.6612595
v 1.35495 -0.1352692 -0.6358845
v 1.35495 -0.2400192 -0.6612595
v 1.35495 -0.2400192 -0.5220093
v 1.35495 -0.2400192 -0.5220093
v 1.35495 0.4574808 -0.5220093
v 1.35495 -0.08726919 -0.5396343
v 1.35495 -0.2400192 -0.5220093
v 1.35495 -0.08726919 -0.5396343
v 1.35495 -0.1352692 -0.5533844
v 1.35495 -0.2400192 -0.5220093
v 1.35495 -0.1352692 -0.5533844
v 1.35495 -0.1512692 -0.5946344
v 1.35495 -0.1512692 -0.5946344
v 1.35495 -0.1352692 -0.6358845
v 1.35495 -0.2400192 -0.5220093
v 0.8549498 -0.1520192 -0.4400092
v 0.8549498 -0.2062692 -0.4711343
v 0.8549498 -0.2400192 -0.5220093
v 0.8549498 -0.0792692 -0.4296343
v 0.8549498 -0.1520192 -0.4400092
v 0.8549498 -0.2400192 -0.5220093
v 0.8549498 0.2967308 -0.4296343
v 0.8549498 -0.0792692 -0.4296343
v 0.8549498 -0.2400192 -0.5220093
v 0.8549498 0.3694808 -0.4400092
v 0.8549498 0.2967308 -0.4296343
v 0.8549498 -0.2400192 -0.5220093
v 0.8549498 0.4237308 -0.4711343
v 0.8549498 0.3694808 -0.4400092
v 0.8549498 -0.2400192 -0.5220093
v 0.8549498 0.4574808 -0.5220093
v 0.8549498 0.4237308 -0.4711343
v 0.8549498 -0.2400192 -0.5220093
v 0.8549498 0.4574808 -0.6612595
v 0.8549498 0.4687308 -0.5916345
v 0.8549498 0.4574808 -0.5220093
v 0.8549498 0.4237308 -0.7121345
v 0.8549498 0.4574808 -0.6612595
v 0.8549498 0.4574808 -0.5220093
v 0.8549498 0.3694808 -0.7432596
v 0.8549498 0.4237308 -0.7121345
v 0.8549498 0.4574808 -0.5220093
v 0.8549498 0.2967308 -0.7536348
v 0.8549498 0.3694808 -0.7432596
v 0.8549498 0.4574808 -0.5220093
v 0.8549498 0.2227308 -0.6496345
v 0.8549498 0.2227308 -0.7536348
v 0.8549498 0.2967308 -0.7536348
v 0.8549498 0.3037308 -0.6496345
v 0.8549498 0.2227308 -0.6496345
v 0.8549498 0.2967308 -0.7536348
v 0.8549498 0.3524808 -0.6358845
v 0.8549498 0.3037308 -0.6496345
v 0.8549498 0.2967308 -0.7536348
v 0.8549498 0.01973081 -0.7536348
v 0.8549498 0.01973081 -0.6496345
v 0.8549498 -0.08726919 -0.6496345
v 0.8549498 -0.0792692 -0.7536348
v 0.8549498 0.01973081 -0.7536348
v 0.8549498 -0.08726919 -0.6496345
v 0.8549498 -0.1520192 -0.7432596
v 0.8549498 -0.0792692 -0.7536348
v 0.8549498 -0.08726919 -0.6496345
v 0.8549498 -0.2062692 -0.7121345
v 0.8549498 -0.1520192 -0.7432596
v 0.8549498 -0.08726919 -0.6496345
v 0.8549498 -0.2400192 -0.6612595
v 0.8549498 -0.2062692 -0.7121345
v 0.8549498 -0.08726919 -0.6496345
v 0.8549498 -0.2400192 -0.5220093
v 0.8549498 -0.2512692 -0.5916345
v 0.8549498 -0.2400192 -0.6612595
v 0.8549498 0.3524808 -0.6358845
v 0.8549498 0.2967308 -0.7536348
v 0.8549498 0.4574808 -0.5220093
v 0.8549498 0.3687308 -0.5946345
v 0.8549498 0.3524808 -0.6358845
v 0.8549498 0.4574808 -0.5220093
v 0.8549498 0.3524808 -0.5533844
v 0.8549498 0.3687308 -0.5946345
v 0.8549498 0.4574808 -0.5220093
v 0.8549498 0.3037308 -0.5396345
v 0.8549498 0.3524808 -0.5533844
v 0.8549498 0.4574808 -0.5220093
v 0.8549498 -0.08726919 -0.5396345
v 0.8549498 0.3037308 -0.5396345
v 0.8549498 0.4574808 -0.5220093
v 0.8549498 -0.2400192 -0.6612595
v 0.8549498 -0.08726919 -0.6496345
v 0.8549498 -0.1352692 -0.6358845
v 0.8549498 -0.2400192 -0.5220093
v 0.8549498 -0.2400192 -0.6612595
v 0.8549498 -0.1352692 -0.6358845
v 0.8549498 -0.08726919 -0.5396345
v 0.8549498 0.4574808 -0.5220093
v 0.8549498 -0.2400192 -0.5220093
v 0.8549498 -0.1352692 -0.5533844
v 0.8549498 -0.08726919 -0.5396345
v 0.8549498 -0.2400192 -0.5220093
v 0.8549498 -0.1512692 -0.5946345
v 0.8549498 -0.1352692 -0.5533844
v 0.8549498 -0.2400192 -0.5220093
v 0.8549498 -0.2400192 -0.5220093
v 0.8549498 -0.1352692 -0.6358845
v 0.8549498 -0.1512692 -0.5946345
v 1.35495 -0.2062692 -0.4711343
v 0.8549498 -0.2062692 -0.4711343
v 1.35495 -0.1520192 -0.4400091
v 0.8549498 -0.2062692 -0.4711343
v 0.8549498 -0.1520192 -0.4400092
v 1.35495 -0.1520192 -0.4400091
v 1.35495 -0.1520192 -0.4400091
v 0.8549498 -0.1520192 -0.4400092
v 1.35495 -0.0792692 -0.4296342
v 0.8549498 -0.1520192 -0.4400092
v 0.8549498 -0.0792692 -0.4296343
v 1.35495 -0.0792692 -0.4296342
v 1.35495 -0.0792692 -0.4296342
v 0.8549498 -0.0792692 -0.4296343
v 1.35495 0.2967308 -0.4296342
v 0.8549498 -0.0792692 -0.4296343
v 0.8549498 0.2967308 -0.4296343
v 1.35495 0.2967308 -0.4296342
v 1.35495 0.2967308 -0.4296342
v 0.8549498 0.2967308 -0.4296343
v 1.35495 0.3694808 -0.4400091
v 0.8549498 0.2967308 -0.4296343
v 0.8549498 0.3694808 -0.4400092
v 1.35495 0.3694808 -0.4400091
v 1.35495 0.3694808 -0.4400091
v 0.8549498 0.3694808 -0.4400092
v 1.35495 0.4237308 -0.4711343
v 0.8549498 0.3694808 -0.4400092
v 0.8549498 0.4237308 -0.4711343
v 1.35495 0.4237308 -0.4711343
v 1.35495 0.4237308 -0.4711343
v 0.8549498 0.4237308 -0.4711343
v 1.35495 0.4574808 -0.5220093
v 0.8549498 0.4237308 -0.4711343
v 0.8549498 0.4574808 -0.5220093
v 1.35495 0.4574808 -0.5220093
v 1.35495 0.4574808 -0.5220093
v 0.8549498 0.4574808 -0.5220093
v 1.35495 0.4687308 -0.5916344
v 0.8549498 0.4574808 -0.5220093
v 0.8549498 0.4687308 -0.5916345
v 1.35495 0.4687308 -0.5916344
v 1.35495 0.4687308 -0.5916344
v 0.8549498 0.4687308 -0.5916345
v 1.35495 0.4574808 -0.6612595
v 0.8549498 0.4687308 -0.5916345
v 0.8549498 0.4574808 -0.6612595
v 1.35495 0.4574808 -0.6612595
v 1.35495 0.4574808 -0.6612595
v 0.8549498 0.4574808 -0.6612595
v 1.35495 0.4237308 -0.7121345
v 0.8549498 0.4574808 -0.6612595
v 0.8549498 0.4237308 -0.7121345
v 1.35495 0.4237308 -0.7121345
v 1.35495 0.4237308 -0.7121345
v 0.8549498 0.4237308 -0.7121345
v 1.35495 0.3694808 -0.7432596
v 0.8549498 0.4237308 -0.7121345
v 0.8549498 0.3694808 -0.7432596
v 1.35495 0.3694808 -0.7432596
v 1.35495 0.3694808 -0.7432596
v 0.8549498 0.3694808 -0.7432596
v 1.35495 0.2967308 -0.7536346
v 0.8549498 0.3694808 -0.7432596
v 0.8549498 0.2967308 -0.7536348
v 1.35495 0.2967308 -0.7536346
v 1.35495 0.2967308 -0.7536346
v 0.8549498 0.2967308 -0.7536348
v 1.35495 0.2227308 -0.7536346
v 0.8549498 0.2967308 -0.7536348
v 0.8549498 0.2227308 -0.7536348
v 1.35495 0.2227308 -0.7536346
v 1.35495 0.2227308 -0.7536346
v 0.8549498 0.2227308 -0.7536348
v 1.35495 0.2227308 -0.6496345
v 0.8549498 0.2227308 -0.7536348
v 0.8549498 0.2227308 -0.6496345
v 1.35495 0.2227308 -0.6496345
v 1.35495 0.2227308 -0.6496345
v 0.8549498 0.2227308 -0.6496345
v 1.35495 0.3037308 -0.6496345
v 0.8549498 0.2227308 -0.6496345
v 0.8549498 0.3037308 -0.6496345
v 1.35495 0.3037308 -0.6496345
v 1.35495 0.3037308 -0.6496345
v 0.8549498 0.3037308 -0.6496345
v 1.35495 0.3524808 -0.6358845
v 0.8549498 0.3037308 -0.6496345
v 0.8549498 0.3524808 -0.6358845
v 1.35495 0.3524808 -0.6358845
v 1.35495 0.3524808 -0.6358845
v 0.8549498 0.3524808 -0.6358845
v 1.35495 0.3687308 -0.5946344
v 0.8549498 0.3524808 -0.6358845
v 0.8549498 0.3687308 -0.5946345
v 1.35495 0.3687308 -0.5946344
v 1.35495 0.3687308 -0.5946344
v 0.8549498 0.3687308 -0.5946345
v 1.35495 0.3524808 -0.5533844
v 0.8549498 0.3687308 -0.5946345
v 0.8549498 0.3524808 -0.5533844
v 1.35495 0.3524808 -0.5533844
v 1.35495 0.3524808 -0.5533844
v 0.8549498 0.3524808 -0.5533844
v 1.35495 0.3037308 -0.5396343
v 0.8549498 0.3524808 -0.5533844
v 0.8549498 0.3037308 -0.5396345
v 1.35495 0.3037308 -0.5396343
v 1.35495 0.3037308 -0.5396343
v 0.8549498 0.3037308 -0.5396345
v 1.35495 -0.08726919 -0.5396343
v 0.8549498 0.3037308 -0.5396345
v 0.8549498 -0.08726919 -0.5396345
v 1.35495 -0.08726919 -0.5396343
v 1.35495 -0.08726919 -0.5396343
v 0.8549498 -0.08726919 -0.5396345
v 1.35495 -0.1352692 -0.5533844
v 0.8549498 -0.08726919 -0.5396345
v 0.8549498 -0.1352692 -0.5533844
v 1.35495 -0.1352692 -0.5533844
v 1.35495 -0.1352692 -0.5533844
v 0.8549498 -0.1352692 -0.5533844
v 1.35495 -0.1512692 -0.5946344
v 0.8549498 -0.1352692 -0.5533844
v 0.8549498 -0.1512692 -0.5946345
v 1.35495 -0.1512692 -0.5946344
v 1.35495 -0.1512692 -0.5946344
v 0.8549498 -0.1512692 -0.5946345
v 1.35495 -0.1352692 -0.6358845
v 0.8549498 -0.1512692 -0.5946345
v 0.8549498 -0.1352692 -0.6358845
v 1.35495 -0.1352692 -0.6358845
v 1.35495 -0.1352692 -0.6358845
v 0.8549498 -0.1352692 -0.6358845
v 1.35495 -0.08726919 -0.6496345
v 0.8549498 -0.1352692 -0.6358845
v 0.8549498 -0.08726919 -0.6496345
v 1.35495 -0.08726919 -0.6496345
v 1.35495 -0.08726919 -0.6496345
v 0.8549498 -0.08726919 -0.6496345
v 1.35495 0.01973081 -0.6496345
v 0.8549498 -0.08726919 -0.6496345
v 0.8549498 0.01973081 -0.6496345
v 1.35495 0.01973081 -0.6496345
v 1.35495 0.01973081 -0.6496345
v 0.8549498 0.01973081 -0.6496345
v 1.35495 0.01973081 -0.7536346
v 0.8549498 0.01973081 -0.6496345
v 0.8549498 0.01973081 -0.7536348
v 1.35495 0.01973081 -0.7536346
v 1.35495 0.01973081 -0.7536346
v 0.8549498 0.01973081 -0.7536348
v 1.35495 -0.0792692 -0.7536346
v 0.8549498 0.01973081 -0.7536348
v 0.8549498 -0.0792692 -0.7536348
v 1.35495 -0.0792692 -0.7536346
v 1.35495 -0.0792692 -0.7536346
v 0.8549498 -0.0792692 -0.7536348
v 1.35495 -0.1520192 -0.7432596
v 0.8549498 -0.0792692 -0.7536348
v 0.8549498 -0.1520192 -0.7432596
v 1.35495 -0.1520192 -0.7432596
v 1.35495 -0.1520192 -0.7432596
v 0.8549498 -0.1520192 -0.7432596
v 1.35495 -0.2062692 -0.7121345
v 0.8549498 -0.1520192 -0.7432596
v 0.8549498 -0.2062692 -0.7121345
v 1.35495 -0.2062692 -0.7121345
v 1.35495 -0.2062692 -0.7121345
v 0.8549498 -0.2062692 -0.7121345
v 1.35495 -0.2400192 -0.6612595
v 0.8549498 -0.2062692 -0.7121345
v 0.8549498 -0.2400192 -0.6612595
v 1.35495 -0.2400192 -0.6612595
v 1.35495 -0.2400192 -0.6612595
v 0.8549498 -0.2400192 -0.6612595
v 1.35495 -0.2512692 -0.5916344
v 0.8549498 -0.2400192 -0.6612595
v 0.8549498 -0.2512692 -0.5916345
v 1.35495 -0.2512692 -0.5916344
v 1.35495 -0.2512692 -0.5916344
v 0.8549498 -0.2512692 -0.5916345
v 1.35495 -0.2400192 -0.5220093
v 0.8549498 -0.2512692 -0.5916345
v 0.8549498 -0.2400192 -0.5220093
v 1.35495 -0.2400192 -0.5220093
v 1.35495 -0.2400192 -0.5220093
v 0.8549498 -0.2400192 -0.5220093
v 1.35495 -0.2062692 -0.4711343
v 0.8549498 -0.2400192 -0.5220093
v 0.8549498 -0.2062692 -0.4711343
v 1.35495 -0.2062692 -0.4711343
v 1.35495 0.4587308 -0.7786346
v 1.354951 0.4587308 -1.078635
v 1.354951 0.3587308 -1.078635
v 1.35495 0.4587308 -0.7786346
v 1.354951 0.3587308 -1.078635
v 1.35495 0.3587308 -0.8886347
v 1.35495 0.4587308 -0.7786346
v 1.35495 0.3587308 -0.8886347
v 1.35495 0.1737308 -0.8886347
v 1.35495 0.1737308 -0.8886347
v 1.354951 0.1737308 -1.039635
v 1.354951 0.07373086 -1.039635
v 1.35495 0.1737308 -0.8886347
v 1.354951 0.07373086 -1.039635
v 1.35495 0.07373086 -0.8886347
v 1.35495 0.1737308 -0.8886347
v 1.35495 0.07373086 -0.8886347
v 1.35495 -0.1412692 -0.8886347
v 1.35495 -0.1412692 -0.8886347
v 1.354951 -0.1412692 -1.078635
v 1.354951 -0.2412692 -1.078635
v 1.35495 -0.1412692 -0.8886347
v 1.354951 -0.2412692 -1.078635
v 1.35495 -0.2412692 -0.7786346
v 1.35495 -0.1412692 -0.8886347
v 1.35495 -0.2412692 -0.7786346
v 1.35495 0.4587308 -0.7786346
v 1.35495 0.4587308 -0.7786346
v 1.35495 0.1737308 -0.8886347
v 1.35495 -0.1412692 -0.8886347
v 0.8549498 0.3587308 -1.078635
v 0.8549498 0.4587308 -1.078635
v 0.8549498 0.4587308 -0.7786347
v 0.8549498 0.3587308 -0.8886349
v 0.8549498 0.3587308 -1.078635
v 0.8549498 0.4587308 -0.7786347
v 0.8549498 0.1737308 -0.8886349
v 0.8549498 0.3587308 -0.8886349
v 0.8549498 0.4587308 -0.7786347
v 0.8549498 0.07373086 -1.039635
v 0.8549498 0.1737308 -1.039635
v 0.8549498 0.1737308 -0.8886349
v 0.8549498 0.07373086 -0.8886349
v 0.8549498 0.07373086 -1.039635
v 0.8549498 0.1737308 -0.8886349
v 0.8549498 -0.1412692 -0.8886349
v 0.8549498 0.07373086 -0.8886349
v 0.8549498 0.1737308 -0.8886349
v 0.8549498 -0.2412692 -1.078635
v 0.8549498 -0.1412692 -1.078635
v 0.8549498 -0.1412692 -0.8886349
v 0.8549498 -0.2412692 -0.7786347
v 0.8549498 -0.2412692 -1.078635
v 0.8549498 -0.1412692 -0.8886349
v 0.8549498 0.4587308 -0.7786347
v 0.8549498 -0.2412692 -0.7786347
v 0.8549498 -0.1412692 -0.8886349
v 0.8549498 -0.1412692 -0.8886349
v 0.8549498 0.1737308 -0.8886349
v 0.8549498 0.4587308 -0.7786347
v 1.35495 0.4587308 -0.7786346
v 0.8549498 0.4587308 -0.7786347
v 1.354951 0.4587308 -1.078635
v 0.8549498 0.4587308 -0.7786347
v 0.8549498 0.4587308 -1.078635
v 1.354951 0.4587308 -1.078635
v 1.354951 0.4587308 -1.078635
v 0.8549498 0.4587308 -1.078635
v 1.354951 0.3587308 -1.078635
v 0.8549498 0.4587308 -1.078635
v 0.8549498 0.3587308 -1.078635
v 1.354951 0.3587308 -1.078635
v 1.354951 0.3587308 -1.078635
v 0.8549498 0.3587308 -1.078635
v 1.35495 0.3587308 -0.8886347
v 0.8549498 0.3587308 -1.078635
v 0.8549498 0.3587308 -0.8886349
v 1.35495 0.3587308 -0.8886347
v 1.35495 0.3587308 -0.8886347
v 0.8549498 0.3587308 -0.8886349
v 1.35495 0.1737308 -0.8886347
v 0.8549498 0.3587308 -0.8886349
v 0.8549498 0.1737308 -0.8886349
v 1.35495 0.1737308 -0.8886347
v 1.35495 0.1737308 -0.8886347
v 0.8549498 0.1737308 -0.8886349
v 1.354951 0.1737308 -1.039635
v 0.8549498 0.1737308 -0.8886349
v 0.8549498 0.1737308 -1.039635
v 1.354951 0.1737308 -1.039635
v 1.354951 0.1737308 -1.039635
v 0.8549498 0.1737308 -1.039635
v 1.354951 0.07373086 -1.039635
v 0.8549498 0.1737308 -1.039635
v 0.8549498 0.07373086 -1.039635
v 1.354951 0.07373086 -1.039635
v 1.354951 0.07373086 -1.039635
v 0.8549498 0.07373086 -1.039635
v 1.35495 0.07373086 -0.8886347
v 0.8549498 0.07373086 -1.039635
v 0.8549498 0.07373086 -0.8886349
v 1.35495 0.07373086 -0.8886347
v 1.35495 0.07373086 -0.8886347
v 0.8549498 0.07373086 -0.8886349
v 1.35495 -0.1412692 -0.8886347
v 0.8549498 0.07373086 -0.8886349
v 0.8549498 -0.1412692 -0.8886349
v 1.35495 -0.1412692 -0.8886347
v 1.35495 -0.1412692 -0.8886347
v 0.8549498 -0.1412692 -0.8886349
v 1.354951 -0.1412692 -1.078635
v 0.8549498 -0.1412692 -0.8886349
v 0.8549498 -0.1412692 -1.078635
v 1.354951 -0.1412692 -1.078635
v 1.354951 -0.1412692 -1.078635
v 0.8549498 -0.1412692 -1.078635
v 1.354951 -0.2412692 -1.078635
v 0.8549498 -0.1412692 -1.078635
v 0.8549498 -0.2412692 -1.078635
v 1.354951 -0.2412692 -1.078635
v 1.354951 -0.2412692 -1.078635
v 0.8549498 -0.2412692 -1.078635
v 1.35495 -0.2412692 -0.7786346
v 0.8549498 -0.2412692 -1.078635
v 0.8549498 -0.2412692 -0.7786347
v 1.35495 -0.2412692 -0.7786346
v 1.35495 -0.2412692 -0.7786346
v 0.8549498 -0.2412692 -0.7786347
v 1.35495 0.4587308 -0.7786346
v 0.8549498 -0.2412692 -0.7786347
v 0.8549498 0.4587308 -0.7786347
v 1.35495 0.4587308 -0.7786346
vn 1 0 1.192093E-07
vn 1 0 1.192093E-07
vn 1 0 1.192093E-07
vn 1 0 1.192093E-07
vn 1 0 1.192093E-07
vn 1 0 1.192093E-07
vn 1 0 1.192093E-07
vn 1 0 1.192093E-07
vn 1 0 1.192093E-07
vn 1 0 1.192093E-07
vn 1 0 1.192093E-07
vn 1 0 1.192093E-07
vn 1 0 1.192093E-07
vn 1 0 1.192093E-07
vn 1 0 1.192093E-07
vn 1 0 1.192093E-07
vn 1 0 1.192093E-07
vn 1 0 1.192093E-07
vn 1 0 1.192093E-07
vn 1 0 1.192093E-07
vn 1 0 1.192093E-07
vn 1 0 1.192093E-07
vn 1 0 1.192093E-07
vn 1 0 1.192093E-07
vn 1 0 1.192093E-07
vn 1 0 1.192093E-07
vn 1 0 1.192093E-07
vn 1 0 1.192093E-07
vn 1 0 1.192093E-07
vn 1 0 1.192093E-07
vn 1 0 1.192093E-07
vn 1 0 1.192093E-07
vn 1 0 1.192093E-07
vn 1 0 1.192093E-07
vn 1 0 1.192093E-07
vn 1 0 1.192093E-07
vn 1 0 1.192093E-07
vn 1 0 1.192093E-07
vn 1 0 1.192093E-07
vn 1 0 1.192093E-07
vn 1 0 1.192093E-07
vn 1 0 1.192093E-07
vn 1 0 1.192093E-07
vn 1 0 1.192093E-07
vn 1 0 1.192093E-07
vn 1 0 1.192093E-07
vn 1 0 1.192093E-07
vn 1 0 1.192093E-07
vn 1 0 1.192093E-07
vn 1 0 1.192093E-07
vn 1 0 1.192093E-07
vn 1 0 1.192093E-07
vn 1 0 1.192093E-07
vn 1 0 1.192093E-07
vn 1 0 1.192093E-07
vn 1 0 1.192093E-07
vn 1 0 1.192093E-07
vn 1 0 1.192093E-07
vn 1 0 1.192093E-07
vn 1 0 1.192093E-07
vn 1 0 1.192093E-07
vn 1 0 1.192093E-07
vn 1 0 1.192093E-07
vn 1 0 1.192093E-07
vn 1 0 1.192093E-07
vn 1 0 1.192093E-07
vn 1 0 1.192093E-07
vn 1 0 1.192093E-07
vn 1 0 1.192093E-07
vn 1 0 1.192093E-07
vn 1 0 1.192093E-07
vn 1 0 1.192093E-07
vn 1 0 1.192093E-07
vn 1 0 1.192093E-07
vn 1 0 1.192093E-07
vn 1 0 1.192093E-07
vn 1 0 1.192093E-07
vn 1 0 1.192093E-07
vn -1 0 -1.192093E-07
vn -1 0 -1.192093E-07
vn -1 0 -1.192093E-07
vn -1 0 -1.192093E-07
vn -1 0 -1.192093E-07
vn -1 0 -1.192093E-07
vn -1 0 -1.192093E-07
vn -1 0 -1.192093E-07
vn -1 0 -1.192093E-07
vn -1 0 -1.192093E-07
vn -1 0 -1.192093E-07
vn -1 0 -1.192093E-07
vn -1 0 -1.192093E-07
vn -1 0 -1.192093E-07
vn -1 0 -1.192093E-07
vn -1 0 -1.192093E-07
vn -1 0 -1.192093E-07
vn -1 0 -1.192093E-07
vn -1 0 -1.192093E-07
vn -1 0 -1.192093E-07
vn -1 0 -1.192093E-07
vn -1 0 -1.192093E-07
vn -1 0 -1.192093E-07
vn -1 0 -1.192093E-07
vn -1 0 -1.192093E-07
vn -1 0 -1.192093E-07
vn -1 0 -1.192093E-07
vn -1 0 -1.192093E-07
vn -1 0 -1.192093E-07
vn -1 0 -1.192093E-07
vn -1 0 -1.192093E-07
vn -1 0 -1.192093E-07
vn -1 0 -1.192093E-07
vn -1 0 -1.192093E-07
vn -1 0 -1.192093E-07
vn -1 0 -1.192093E-07
vn -1 0 -1.192093E-07
vn -1 0 -1.192093E-07
vn -1 0 -1.192093E-07
vn -1 0 -1.192093E-07
vn -1 0 -1.192093E-07
vn -1 0 -1.192093E-07
vn -1 0 -1.192093E-07
vn -1 0 -1.192093E-07
vn -1 0 -1.192093E-07
vn -1 0 -1.192093E-07
vn -1 0 -1.192093E-07
vn -1 0 -1.192093E-07
vn -1 0 -1.192093E-07
vn -1 0 -1.192093E-07
vn -1 0 -1.192093E-07
vn -1 0 -1.192093E-07
vn -1 0 -1.192093E-07
vn -1 0 -1.192093E-07
vn -1 0 -1.192093E-07
vn -1 0 -1.192093E-07
vn -1 0 -1.192093E-07
vn -1 0 -1.192093E-07
vn -1 0 -1.192093E-07
vn -1 0 -1.192093E-07
vn -1 0 -1.192093E-07
vn -1 0 -1.192093E-07
vn -1 0 -1.192093E-07
vn -1 0 -1.192093E-07
vn -1 0 -1.192093E-07
vn -1 0 -1.192093E-07
vn -1 0 -1.192093E-07
vn -1 0 -1.192093E-07
vn -1 0 -1.192093E-07
vn -1 0 -1.192093E-07
vn -1 0 -1.192093E-07
vn -1 0 -1.192093E-07
vn -1 0 -1.192093E-07
vn -1 0 -1.192093E-07
vn -1 0 -1.192093E-07
vn -1 0 -1.192093E-07
vn -1 0 -1.192093E-07
vn -1 0 -1.192093E-07
vn 0 1 0
vn 0 1 0
vn 7.765186E-09 0.9971086 -0.07598978
vn 0 1 0
vn 7.765186E-09 0.9971086 -0.07598976
vn 7.765186E-09 0.9971086 -0.07598978
vn 7.765186E-09 0.9971086 -0.07598978
vn 7.765186E-09 0.9971086 -0.07598976
vn 2.948354E-08 0.9351544 -0.3542403
vn 7.765186E-09 0.9971086 -0.07598976
vn 2.948354E-08 0.9351544 -0.3542403
vn 2.948354E-08 0.9351544 -0.3542403
vn 2.948354E-08 0.9351544 -0.3542403
vn 2.948354E-08 0.9351544 -0.3542403
vn 5.896047E-08 0.6868838 -0.7267673
vn 2.948354E-08 0.9351544 -0.3542403
vn 5.896047E-08 0.6868839 -0.7267672
vn 5.896047E-08 0.6868838 -0.7267673
vn 5.896047E-08 0.6868838 -0.7267673
vn 5.896047E-08 0.6868839 -0.7267672
vn 1.192093E-07 0.3202275 -0.9473408
vn 5.896047E-08 0.6868839 -0.7267672
vn 1.192093E-07 0.3202275 -0.9473408
vn 1.192093E-07 0.3202275 -0.9473408
vn 1.192093E-07 0.3202275 -0.9473408
vn 1.192093E-07 0.3202275 -0.9473408
vn 1.192093E-07 0.06808404 -0.9976797
vn 1.192093E-07 0.3202275 -0.9473408
vn 1.192093E-07 0.06808405 -0.9976797
vn 1.192093E-07 0.06808404 -0.9976797
vn 1.192093E-07 0.06808404 -0.9976797
vn 1.192093E-07 0.06808405 -0.9976797
vn 1.19524E-07 -0.068084 -0.9976797
vn 1.192093E-07 0.06808405 -0.9976797
vn 1.19524E-07 -0.06808398 -0.9976797
vn 1.19524E-07 -0.068084 -0.9976797
vn 1.19524E-07 -0.068084 -0.9976797
vn 1.19524E-07 -0.06808398 -0.9976797
vn 1.19529E-07 -0.3202274 -0.9473408
vn 1.19524E-07 -0.06808398 -0.9976797
vn 1.19529E-07 -0.3202275 -0.9473408
vn 1.19529E-07 -0.3202274 -0.9473408
vn 1.19529E-07 -0.3202274 -0.9473408
vn 1.19529E-07 -0.3202275 -0.9473408
vn 6.024882E-08 -0.6868839 -0.7267673
vn 1.19529E-07 -0.3202275 -0.9473408
vn 6.024882E-08 -0.6868838 -0.7267673
vn 6.024882E-08 -0.6868839 -0.7267673
vn 6.024882E-08 -0.6868839 -0.7267673
vn 6.024882E-08 -0.6868838 -0.7267673
vn 3.012111E-08 -0.9351546 -0.3542399
vn 6.024882E-08 -0.6868838 -0.7267673
vn 3.012111E-08 -0.9351546 -0.3542399
vn 3.012111E-08 -0.9351546 -0.3542399
vn 3.012111E-08 -0.9351546 -0.3542399
vn 3.012111E-08 -0.9351546 -0.3542399
vn 7.135976E-09 -0.9971086 -0.07598937
vn 3.012111E-08 -0.9351546 -0.3542399
vn 7.135976E-09 -0.9971086 -0.07598937
vn 7.135976E-09 -0.9971086 -0.07598937
vn 7.135976E-09 -0.9971086 -0.07598937
vn 7.135976E-09 -0.9971086 -0.07598937
vn 0 -1 0
vn 7.135976E-09 -0.9971086 -0.07598937
vn 0 -1 0
vn 0 -1 0
vn 1.192093E-07 0 -1
vn 1.192093E-07 0 -1
vn 1.192093E-07 0 -1
vn 1.192093E-07 0 -1
vn 1.192093E-07 0 -1
vn 1.192093E-07 0 -1
vn 0 -1 0
vn 0 -1 0
vn 0 -1 0
vn 0 -1 0
vn 0 -1 0
vn 0 -1 0
vn -1.192093E-07 0 1
vn -1.192093E-07 0 1
vn -1.192093E-07 0 1
vn -1.192093E-07 0 1
vn -1.192093E-07 0 1
vn -1.192093E-07 0 1
vn -7.450581E-09 0.9969041 0.0786277
vn -7.450581E-09 0.9969041 0.0786277
vn -3.012036E-08 0.931344 0.3641405
vn -7.450581E-09 0.9969041 0.0786277
vn -3.012036E-08 0.931344 0.3641405
vn -3.012036E-08 0.931344 0.3641405
vn -3.012036E-08 0.931344 0.3641405
vn -3.012036E-08 0.931344 0.3641405
vn -5.992611E-08 0.6618028 0.7496781
vn -3.012036E-08 0.931344 0.3641405
vn -5.992611E-08 0.6618029 0.7496779
vn -5.992611E-08 0.6618028 0.7496781
vn -5.992611E-08 0.6618028 0.7496781
vn -5.992611E-08 0.6618029 0.7496779
vn -1.192883E-07 0.2825793 0.9592441
vn -5.992611E-08 0.6618029 0.7496779
vn -1.192883E-07 0.2825795 0.959244
vn -1.192883E-07 0.2825793 0.9592441
vn -1.192883E-07 0.2825793 0.9592441
vn -1.192883E-07 0.2825795 0.959244
vn -1.192872E-07 0.05463105 0.9985068
vn -1.192883E-07 0.2825795 0.959244
vn -1.192872E-07 0.05463105 0.9985068
vn -1.192872E-07 0.05463105 0.9985068
vn -1.192872E-07 0.05463105 0.9985068
vn -1.192872E-07 0.05463105 0.9985068
vn -1.191314E-07 -0.05463105 0.9985068
vn -1.192872E-07 0.05463105 0.9985068
vn -1.191314E-07 -0.05463105 0.9985068
vn -1.191314E-07 -0.05463105 0.9985068
vn -1.191314E-07 -0.05463105 0.9985068
vn -1.191314E-07 -0.05463105 0.9985068
vn -1.191303E-07 -0.28258 0.9592438
vn -1.191314E-07 -0.05463105 0.9985068
vn -1.191303E-07 -0.2825799 0.9592438
vn -1.191303E-07 -0.28258 0.9592438
vn -1.191303E-07 -0.28258 0.9592438
vn -1.191303E-07 -0.2825799 0.9592438
vn -5.960464E-08 -0.6618025 0.7496784
vn -1.191303E-07 -0.2825799 0.9592438
vn -5.960464E-08 -0.6618022 0.7496785
vn -5.960464E-08 -0.6618025 0.7496784
vn -5.960464E-08 -0.6618025 0.7496784
vn -5.960464E-08 -0.6618022 0.7496785
vn -2.980232E-08 -0.931344 0.3641405
vn -5.960464E-08 -0.6618022 0.7496785
vn -2.980232E-08 -0.931344 0.3641406
vn -2.980232E-08 -0.931344 0.3641405
vn -2.980232E-08 -0.931344 0.3641405
vn -2.980232E-08 -0.931344 0.3641406
vn -7.450581E-09 -0.9969041 0.07862645
vn -2.980232E-08 -0.931344 0.3641406
vn -7.450581E-09 -0.9969041 0.07862647
vn -7.450581E-09 -0.9969041 0.07862645
vn -7.450581E-09 -0.9969041 0.07862645
vn -7.450581E-09 -0.9969041 0.07862647
vn 0 -1 0
vn -7.450581E-09 -0.9969041 0.07862647
vn 0 -1 0
vn 0 -1 0
vn 1.192093E-07 0 -1
vn 1.192093E-07 0 -1
vn 1.192093E-07 0 -1
vn 1.192093E-07 0 -1
vn 1.192093E-07 0 -1
vn 1.192093E-07 0 -1
vn 0 1 0
vn 0 1 0
vn -7.450581E-09 0.9969041 0.0786277
vn 0 1 0
vn -7.450581E-09 0.9969041 0.0786277
vn -7.450581E-09 0.9969041 0.0786277
vn 1 0 1.192093E-07
vn 1 0 1.192093E-07
vn 1 0 1.192093E-07
vn 1 0 1.192093E-07
vn 1 0 1.192093E-07
vn 1 0 1.192093E-07
vn 1 0 1.192093E-07
vn 1 0 1.192093E-07
vn 1 0 1.192093E-07
vn 1 0 1.192093E-07
vn 1 0 1.192093E-07
vn 1 0 1.192093E-07
vn 1 0 1.192093E-07
vn 1 0 1.192093E-07
vn 1 0 1.192093E-07
vn 1 0 1.192093E-07
vn 1 0 1.192093E-07
vn 1 0 1.192093E-07
vn 1 0 1.192093E-07
vn 1 0 1.192093E-07
vn 1 0 1.192093E-07
vn 1 0 1.192093E-07
vn 1 0 1.192093E-07
vn 1 0 1.192093E-07
vn 1 0 1.192093E-07
vn 1 0 1.192093E-07
vn 1 0 1.192093E-07
vn 1 0 1.192093E-07
vn 1 0 1.192093E-07
vn 1 0 1.192093E-07
vn 1 0 1.192093E-07
vn 1 0 1.192093E-07
vn 1 0 1.192093E-07
vn 1 0 1.192093E-07
vn 1 0 1.192093E-07
vn 1 0 1.192093E-07
vn 1 0 1.192093E-07
vn 1 0 1.192093E-07
vn 1 0 1.192093E-07
vn 1 0 1.192093E-07
vn 1 0 1.192093E-07
vn 1 0 1.192093E-07
vn 1 0 1.192093E-07
vn 1 0 1.192093E-07
vn 1 0 1.192093E-07
vn 1 0 1.192093E-07
vn 1 0 1.192093E-07
vn 1 0 1.192093E-07
vn 1 0 1.192093E-07
vn 1 0 1.192093E-07
vn 1 0 1.192093E-07
vn 1 0 1.192093E-07
vn 1 0 1.192093E-07
vn 1 0 1.192093E-07
vn 1 0 1.192093E-07
vn 1 0 1.192093E-07
vn 1 0 1.192093E-07
vn 1 0 1.192093E-07
vn 1 0 1.192093E-07
vn 1 0 1.192093E-07
vn 1 0 1.192093E-07
vn 1 0 1.192093E-07
vn 1 0 1.192093E-07
vn 1 0 1.192093E-07
vn 1 0 1.192093E-07
vn 1 0 1.192093E-07
vn 1 0 1.192093E-07
vn 1 0 1.192093E-07
vn 1 0 1.192093E-07
vn 1 0 1.192093E-07
vn 1 0 1.192093E-07
vn 1 0 1.192093E-07
vn 1 0 1.192093E-07
vn 1 0 1.192093E-07
vn 1 0 1.192093E-07
vn 1 0 1.192093E-07
vn 1 0 1.192093E-07
vn 1 0 1.192093E-07
vn 1 0 1.192093E-07
vn 1 0 1.192093E-07
vn 1 0 1.192093E-07
vn 1 0 1.192093E-07
vn 1 0 1.192093E-07
vn 1 0 1.192093E-07
vn -1 0 -1.192093E-07
vn -1 0 -1.192093E-07
vn -1 0 -1.192093E-07
vn -1 0 -1.192093E-07
vn -1 0 -1.192093E-07
vn -1 0 -1.192093E-07
vn -1 0 -1.192093E-07
vn -1 0 -1.192093E-07
vn -1 0 -1.192093E-07
vn -1 0 -1.192093E-07
vn -1 0 -1.192093E-07
vn -1 0 -1.192093E-07
vn -1 0 -1.192093E-07
vn -1 0 -1.192093E-07
vn -1 0 -1.192093E-07
vn -1 0 -1.192093E-07
vn -1 0 -1.192093E-07
vn -1 0 -1.192093E-07
vn -1 0 -1.192093E-07
vn -1 0 -1.192093E-07
vn -1 0 -1.192093E-07
vn -1 0 -1.192093E-07
vn -1 0 -1.192093E-07
vn -1 0 -1.192093E-07
vn -1 0 -1.192093E-07
vn -1 0 -1.192093E-07
vn -1 0 -1.192093E-07
vn -1 0 -1.192093E-07
vn -1 0 -1.192093E-07
vn -1 0 -1.192093E-07
vn -1 0 -1.192093E-07
vn -1 0 -1.192093E-07
vn -1 0 -1.192093E-07
vn -1 0 -1.192093E-07
vn -1 0 -1.192093E-07
vn -1 0 -1.192093E-07
vn -1 0 -1.192093E-07
vn -1 0 -1.192093E-07
vn -1 0 -1.192093E-07
vn -1 0 -1.192093E-07
vn -1 0 -1.192093E-07
vn -1 0 -1.192093E-07
vn -1 0 -1.192093E-07
vn -1 0 -1.192093E-07
vn -1 0 -1.192093E-07
vn -1 0 -1.192093E-07
vn -1 0 -1.192093E-07
vn -1 0 -1.192093E-07
vn -1 0 -1.192093E-07
vn -1 0 -1.192093E-07
vn -1 0 -1.192093E-07
vn -1 0 -1.192093E-07
vn -1 0 -1.192093E-07
vn -1 0 -1.192093E-07
vn -1 0 -1.192093E-07
vn -1 0 -1.192093E-07
vn -1 0 -1.192093E-07
vn -1 0 -1.192093E-07
vn -1 0 -1.192093E-07
vn -1 0 -1.192093E-07
vn -1 0 -1.192093E-07
vn -1 0 -1.192093E-07
vn -1 0 -1.192093E-07
vn -1 0 -1.192093E-07
vn -1 0 -1.192093E-07
vn -1 0 -1.192093E-07
vn -1 0 -1.192093E-07
vn -1 0 -1.192093E-07
vn -1 0 -1.192093E-07
vn -1 0 -1.192093E-07
vn -1 0 -1.192093E-07
vn -1 0 -1.192093E-07
vn -1 0 -1.192093E-07
vn -1 0 -1.192093E-07
vn -1 0 -1.192093E-07
vn -1 0 -1.192093E-07
vn -1 0 -1.192093E-07
vn -1 0 -1.192093E-07
vn -1 0 -1.192093E-07
vn -1 0 -1.192093E-07
vn -1 0 -1.192093E-07
vn -1 0 -1.192093E-07
vn -1 0 -1.192093E-07
vn -1 0 -1.192093E-07
vn -5.831837E-08 -0.6874008 0.7262784
vn -5.831837E-08 -0.6874008 0.7262784
vn -1.176142E-07 -0.3286266 0.94446
vn -5.831837E-08 -0.6874008 0.7262784
vn -1.176142E-07 -0.3286267 0.94446
vn -1.176142E-07 -0.3286266 0.94446
vn -1.176142E-07 -0.3286266 0.94446
vn -1.176142E-07 -0.3286267 0.94446
vn -1.188945E-07 -0.07159176 0.9974341
vn -1.176142E-07 -0.3286267 0.94446
vn -1.188945E-07 -0.07159176 0.9974341
vn -1.188945E-07 -0.07159176 0.9974341
vn -1.188945E-07 -0.07159176 0.9974341
vn -1.188945E-07 -0.07159176 0.9974341
vn -1.192093E-07 0.07159179 0.9974341
vn -1.188945E-07 -0.07159176 0.9974341
vn -1.192093E-07 0.07159179 0.9974341
vn -1.192093E-07 0.07159179 0.9974341
vn -1.192093E-07 0.07159179 0.9974341
vn -1.192093E-07 0.07159179 0.9974341
vn -1.192093E-07 0.3286266 0.94446
vn -1.192093E-07 0.07159179 0.9974341
vn -1.192093E-07 0.3286267 0.94446
vn -1.192093E-07 0.3286266 0.94446
vn -1.192093E-07 0.3286266 0.94446
vn -1.192093E-07 0.3286267 0.94446
vn -5.960464E-08 0.6874008 0.7262784
vn -1.192093E-07 0.3286267 0.94446
vn -5.960464E-08 0.6874007 0.7262784
vn -5.960464E-08 0.6874008 0.7262784
vn -5.960464E-08 0.6874008 0.7262784
vn -5.960464E-08 0.6874007 0.7262784
vn -2.980232E-08 0.932173 0.3620133
vn -5.960464E-08 0.6874007 0.7262784
vn -2.980232E-08 0.932173 0.3620133
vn -2.980232E-08 0.932173 0.3620133
vn -2.980232E-08 0.932173 0.3620133
vn -2.980232E-08 0.932173 0.3620133
vn 1.776357E-15 1 -2.146514E-08
vn -2.980232E-08 0.932173 0.3620133
vn -1.776357E-15 1 2.146514E-08
vn 1.776357E-15 1 -2.146514E-08
vn 1.776357E-15 1 -2.146514E-08
vn -1.776357E-15 1 2.146514E-08
vn 2.980232E-08 0.932173 -0.3620133
vn -1.776357E-15 1 2.146514E-08
vn 2.980232E-08 0.932173 -0.3620133
vn 2.980232E-08 0.932173 -0.3620133
vn 2.980232E-08 0.932173 -0.3620133
vn 2.980232E-08 0.932173 -0.3620133
vn 5.960464E-08 0.6874007 -0.7262784
vn 2.980232E-08 0.932173 -0.3620133
vn 5.960464E-08 0.6874007 -0.7262784
vn 5.960464E-08 0.6874007 -0.7262784
vn 5.960464E-08 0.6874007 -0.7262784
vn 5.960464E-08 0.6874007 -0.7262784
vn 1.192093E-07 0.3286266 -0.94446
vn 5.960464E-08 0.6874007 -0.7262784
vn 1.192093E-07 0.3286266 -0.94446
vn 1.192093E-07 0.3286266 -0.94446
vn 1.192093E-07 0.3286266 -0.94446
vn 1.192093E-07 0.3286266 -0.94446
vn 1.192093E-07 0.07159179 -0.9974341
vn 1.192093E-07 0.3286266 -0.94446
vn 1.192093E-07 0.07159179 -0.9974341
vn 1.192093E-07 0.07159179 -0.9974341
vn 1.192093E-07 0.07159179 -0.9974341
vn 1.192093E-07 0.07159179 -0.9974341
vn 1.188945E-07 -0.07159176 -0.9974341
vn 1.192093E-07 0.07159179 -0.9974341
vn 1.188945E-07 -0.07159176 -0.9974341
vn 1.188945E-07 -0.07159176 -0.9974341
vn 1.188945E-07 -0.07159176 -0.9974341
vn 1.188945E-07 -0.07159176 -0.9974341
vn 1.176142E-07 -0.3286267 -0.94446
vn 1.188945E-07 -0.07159176 -0.9974341
vn 1.176142E-07 -0.3286267 -0.94446
vn 1.176142E-07 -0.3286267 -0.94446
vn 1.176142E-07 -0.3286267 -0.94446
vn 1.176142E-07 -0.3286267 -0.94446
vn 5.831837E-08 -0.6874008 -0.7262784
vn 1.176142E-07 -0.3286267 -0.94446
vn 5.831837E-08 -0.6874008 -0.7262784
vn 5.831837E-08 -0.6874008 -0.7262784
vn 5.831837E-08 -0.6874008 -0.7262784
vn 5.831837E-08 -0.6874008 -0.7262784
vn 2.980232E-08 -0.932173 -0.3620133
vn 5.831837E-08 -0.6874008 -0.7262784
vn 2.980232E-08 -0.932173 -0.3620133
vn 2.980232E-08 -0.932173 -0.3620133
vn 2.980232E-08 -0.932173 -0.3620133
vn 2.980232E-08 -0.932173 -0.3620133
vn -1.776357E-15 -1 2.146514E-08
vn 2.980232E-08 -0.932173 -0.3620133
vn 1.776357E-15 -1 -2.146514E-08
vn -1.776357E-15 -1 2.146514E-08
vn -1.776357E-15 -1 2.146514E-08
vn 1.776357E-15 -1 -2.146514E-08
vn -2.980232E-08 -0.932173 0.3620133
vn 1.776357E-15 -1 -2.146514E-08
vn -2.980232E-08 -0.932173 0.3620133
vn -2.980232E-08 -0.932173 0.3620133
vn -2.980232E-08 -0.932173 0.3620133
vn -2.980232E-08 -0.932173 0.3620133
vn -5.831837E-08 -0.6874008 0.7262784
vn -2.980232E-08 -0.932173 0.3620133
vn -5.831837E-08 -0.6874008 0.7262784
vn -5.831837E-08 -0.6874008 0.7262784
vn -1.192093E-07 0.1339475 0.9909886
vn -1.192093E-07 0.1339475 0.9909886
vn -1.192093E-07 -0.1339475 0.9909886
vn -1.192093E-07 0.1339475 0.9909886
vn -1.192093E-07 -0.1339475 0.9909886
vn -1.192093E-07 -0.1339475 0.9909886
vn -1.192093E-07 -0.1339475 0.9909886
vn -1.192093E-07 -0.1339475 0.9909886
vn -1.192093E-07 -0.2654809 0.9641163
vn -1.192093E-07 -0.1339475 0.9909886
vn -1.192093E-07 -0.2654809 0.9641163
vn -1.192093E-07 -0.2654809 0.9641163
vn -2.980232E-08 -0.9273505 0.3741941
vn -2.980232E-08 -0.9273504 0.374194
vn -2.980232E-08 -0.9273504 0.3741941
vn -2.980232E-08 -0.9273504 0.374194
vn -2.980232E-08 -0.9273505 0.3741941
vn -2.980232E-08 -0.9273504 0.3741941
vn 2.980232E-08 -0.9273505 -0.3741941
vn 2.980232E-08 -0.9273504 -0.374194
vn 2.980232E-08 -0.9273504 -0.3741941
vn 2.980232E-08 -0.9273504 -0.374194
vn 2.980232E-08 -0.9273505 -0.3741941
vn 2.980232E-08 -0.9273504 -0.3741941
vn 1.192093E-07 -0.2654814 -0.9641161
vn 1.192093E-07 -0.2654814 -0.9641161
vn 1.192093E-07 -0.1339478 -0.9909886
vn 1.192093E-07 -0.2654814 -0.9641161
vn 1.192093E-07 -0.1339478 -0.9909886
vn 1.192093E-07 -0.1339478 -0.9909886
vn 1.192093E-07 -0.1339478 -0.9909886
vn 1.192093E-07 -0.1339478 -0.9909886
vn 1.192093E-07 0.1339478 -0.9909886
vn 1.192093E-07 -0.1339478 -0.9909886
vn 1.192093E-07 0.1339478 -0.9909886
vn 1.192093E-07 0.1339478 -0.9909886
vn 1.192093E-07 0.1339478 -0.9909886
vn 1.192093E-07 0.1339478 -0.9909886
vn 1.192093E-07 0.2654814 -0.9641161
vn 1.192093E-07 0.1339478 -0.9909886
vn 1.192093E-07 0.2654814 -0.9641161
vn 1.192093E-07 0.2654814 -0.9641161
vn 2.980232E-08 0.9273505 -0.3741941
vn 2.980232E-08 0.9273504 -0.374194
vn 2.980232E-08 0.9273504 -0.3741941
vn 2.980232E-08 0.9273504 -0.374194
vn 2.980232E-08 0.9273505 -0.3741941
vn 2.980232E-08 0.9273504 -0.3741941
vn -2.980232E-08 0.9273505 0.3741941
vn -2.980232E-08 0.9273504 0.374194
vn -2.980232E-08 0.9273504 0.3741941
vn -2.980232E-08 0.9273504 0.374194
vn -2.980232E-08 0.9273505 0.3741941
vn -2.980232E-08 0.9273504 0.3741941
vn -1.192093E-07 0.2654809 0.9641163
vn -1.192093E-07 0.2654809 0.9641163
vn -1.192093E-07 0.1339475 0.9909886
vn -1.192093E-07 0.2654809 0.9641163
vn -1.192093E-07 0.1339475 0.9909886
vn -1.192093E-07 0.1339475 0.9909886
vn 1 0 1.192093E-07
vn 1 0 1.192093E-07
vn 1 0 1.192093E-07
vn 1 0 1.192093E-07
vn 1 0 1.192093E-07
vn 1 0 1.192093E-07
vn 1 0 1.192093E-07
vn 1 0 1.192093E-07
vn 1 0 1.192093E-07
vn 1 0 1.192093E-07
vn 1 0 1.192093E-07
vn 1 0 1.192093E-07
vn -1 0 -1.192093E-07
vn -1 0 -1.192093E-07
vn -1 0 -1.192093E-07
vn -1 0 -1.192093E-07
vn -1 0 -1.192093E-07
vn -1 0 -1.192093E-07
vn -1 0 -1.192093E-07
vn -1 0 -1.192093E-07
vn -1 0 -1.192093E-07
vn -1 0 -1.192093E-07
vn -1 0 -1.192093E-07
vn -1 0 -1.192093E-07
vn 0 1 0
vn 0 1 0
vn 0 1 0
vn 0 1 0
vn 0 1 0
vn 0 1 0
vn 1.192093E-07 0 -1
vn 1.192093E-07 0 -1
vn 1.192093E-07 0 -1
vn 1.192093E-07 0 -1
vn 1.192093E-07 0 -1
vn 1.192093E-07 0 -1
vn 0 1 0
vn 0 1 0
vn 0 1 0
vn 0 1 0
vn 0 1 0
vn 0 1 0
vn 1.192093E-07 0 -1
vn 1.192093E-07 0 -1
vn 1.192093E-07 0 -1
vn 1.192093E-07 0 -1
vn 1.192093E-07 0 -1
vn 1.192093E-07 0 -1
vn 0 -1 0
vn 0 -1 0
vn 0 -1 0
vn 0 -1 0
vn 0 -1 0
vn 0 -1 0
vn -1.192093E-07 0 1
vn -1.192093E-07 0 1
vn -1.192093E-07 0 1
vn -1.192093E-07 0 1
vn -1.192093E-07 0 1
vn -1.192093E-07 0 1
vn 1 0 1.192093E-07
vn 1 0 1.192093E-07
vn 1 0 1.192093E-07
vn 1 0 1.192093E-07
vn 1 0 1.192093E-07
vn 1 0 1.192093E-07
vn -1 0 -1.192093E-07
vn -1 0 -1.192093E-07
vn -1 0 -1.192093E-07
vn -1 0 -1.192093E-07
vn -1 0 -1.192093E-07
vn -1 0 -1.192093E-07
vn 0 1 0
vn 0 1 0
vn 0 1 0
vn 0 1 0
vn 0 1 0
vn 0 1 0
vn 1.192093E-07 0 -1
vn 1.192093E-07 0 -1
vn 1.192093E-07 0 -1
vn 1.192093E-07 0 -1
vn 1.192093E-07 0 -1
vn 1.192093E-07 0 -1
vn 0 -1 0
vn 0 -1 0
vn 0 -1 0
vn 0 -1 0
vn 0 -1 0
vn 0 -1 0
vn -1.192093E-07 0 1
vn -1.192093E-07 0 1
vn -1.192093E-07 0 1
vn -1.192093E-07 0 1
vn -1.192093E-07 0 1
vn -1.192093E-07 0 1
vn 1 0 1.192093E-07
vn 1 0 1.192093E-07
vn 1 0 1.192093E-07
vn 1 0 1.192093E-07
vn 1 0 1.192093E-07
vn 1 0 1.192093E-07
vn 1 0 1.192093E-07
vn 1 0 1.192093E-07
vn 1 0 1.192093E-07
vn 1 0 1.192093E-07
vn 1 0 1.192093E-07
vn 1 0 1.192093E-07
vn 1 0 1.192093E-07
vn 1 0 1.192093E-07
vn 1 0 1.192093E-07
vn 1 0 1.192093E-07
vn 1 0 1.192093E-07
vn 1 0 1.192093E-07
vn 1 0 1.192093E-07
vn 1 0 1.192093E-07
vn 1 0 1.192093E-07
vn 1 0 1.192093E-07
vn 1 0 1.192093E-07
vn 1 0 1.192093E-07
vn 1 0 1.192093E-07
vn 1 0 1.192093E-07
vn 1 0 1.192093E-07
vn 1 0 1.192093E-07
vn 1 0 1.192093E-07
vn 1 0 1.192093E-07
vn 1 0 1.192093E-07
vn 1 0 1.192093E-07
vn 1 0 1.192093E-07
vn 1 0 1.192093E-07
vn 1 0 1.192093E-07
vn 1 0 1.192093E-07
vn 1 0 1.192093E-07
vn 1 0 1.192093E-07
vn 1 0 1.192093E-07
vn 1 0 1.192093E-07
vn 1 0 1.192093E-07
vn 1 0 1.192093E-07
vn 1 0 1.192093E-07
vn 1 0 1.192093E-07
vn 1 0 1.192093E-07
vn 1 0 1.192093E-07
vn 1 0 1.192093E-07
vn 1 0 1.192093E-07
vn 1 0 1.192093E-07
vn 1 0 1.192093E-07
vn 1 0 1.192093E-07
vn 1 0 1.192093E-07
vn 1 0 1.192093E-07
vn 1 0 1.192093E-07
vn 1 0 1.192093E-07
vn 1 0 1.192093E-07
vn 1 0 1.192093E-07
vn 1 0 1.192093E-07
vn 1 0 1.192093E-07
vn 1 0 1.192093E-07
vn 1 0 1.192093E-07
vn 1 0 1.192093E-07
vn 1 0 1.192093E-07
vn 1 0 1.192093E-07
vn 1 0 1.192093E-07
vn 1 0 1.192093E-07
vn 1 0 1.192093E-07
vn 1 0 1.192093E-07
vn 1 0 1.192093E-07
vn 1 0 1.192093E-07
vn 1 0 1.192093E-07
vn 1 0 1.192093E-07
vn 1 0 1.192093E-07
vn 1 0 1.192093E-07
vn 1 0 1.192093E-07
vn 1 0 1.192093E-07
vn 1 0 1.192093E-07
vn 1 0 1.192093E-07
vn 1 0 1.192093E-07
vn 1 0 1.192093E-07
vn 1 0 1.192093E-07
vn 1 0 1.192093E-07
vn 1 0 1.192093E-07
vn 1 0 1.192093E-07
vn 1 0 1.192093E-07
vn 1 0 1.192093E-07
vn 1 0 1.192093E-07
vn 1 0 1.192093E-07
vn 1 0 1.192093E-07
vn 1 0 1.192093E-07
vn -1 0 -1.192093E-07
vn -1 0 -1.192093E-07
vn -1 0 -1.192093E-07
vn -1 0 -1.192093E-07
vn -1 0 -1.192093E-07
vn -1 0 -1.192093E-07
vn -1 0 -1.192093E-07
vn -1 0 -1.192093E-07
vn -1 0 -1.192093E-07
vn -1 0 -1.192093E-07
vn -1 0 -1.192093E-07
vn -1 0 -1.192093E-07
vn -1 0 -1.192093E-07
vn -1 0 -1.192093E-07
vn -1 0 -1.192093E-07
vn -1 0 -1.192093E-07
vn -1 0 -1.192093E-07
vn -1 0 -1.192093E-07
vn -1 0 -1.192093E-07
vn -1 0 -1.192093E-07
vn -1 0 -1.192093E-07
vn -1 0 -1.192093E-07
vn -1 0 -1.192093E-07
vn -1 0 -1.192093E-07
vn -1 0 -1.192093E-07
vn -1 0 -1.192093E-07
vn -1 0 -1.192093E-07
vn -1 0 -1.192093E-07
vn -1 0 -1.192093E-07
vn -1 0 -1.192093E-07
vn -1 0 -1.192093E-07
vn -1 0 -1.192093E-07
vn -1 0 -1.192093E-07
vn -1 0 -1.192093E-07
vn -1 0 -1.192093E-07
vn -1 0 -1.192093E-07
vn -1 0 -1.192093E-07
vn -1 0 -1.192093E-07
vn -1 0 -1.192093E-07
vn -1 0 -1.192093E-07
vn -1 0 -1.192093E-07
vn -1 0 -1.192093E-07
vn -1 0 -1.192093E-07
vn -1 0 -1.192093E-07
vn -1 0 -1.192093E-07
vn -1 0 -1.192093E-07
vn -1 0 -1.192093E-07
vn -1 0 -1.192093E-07
vn -1 0 -1.192093E-07
vn -1 0 -1.192093E-07
vn -1 0 -1.192093E-07
vn -1 0 -1.192093E-07
vn -1 0 -1.192093E-07
vn -1 0 -1.192093E-07
vn -1 0 -1.192093E-07
vn -1 0 -1.192093E-07
vn -1 0 -1.192093E-07
vn -1 0 -1.192093E-07
vn -1 0 -1.192093E-07
vn -1 0 -1.192093E-07
vn -1 0 -1.192093E-07
vn -1 0 -1.192093E-07
vn -1 0 -1.192093E-07
vn -1 0 -1.192093E-07
vn -1 0 -1.192093E-07
vn -1 0 -1.192093E-07
vn -1 0 -1.192093E-07
vn -1 0 -1.192093E-07
vn -1 0 -1.192093E-07
vn -1 0 -1.192093E-07
vn -1 0 -1.192093E-07
vn -1 0 -1.192093E-07
vn -1 0 -1.192093E-07
vn -1 0 -1.192093E-07
vn -1 0 -1.192093E-07
vn -1 0 -1.192093E-07
vn -1 0 -1.192093E-07
vn -1 0 -1.192093E-07
vn -1 0 -1.192093E-07
vn -1 0 -1.192093E-07
vn -1 0 -1.192093E-07
vn -1 0 -1.192093E-07
vn -1 0 -1.192093E-07
vn -1 0 -1.192093E-07
vn -1 0 -1.192093E-07
vn -1 0 -1.192093E-07
vn -1 0 -1.192093E-07
vn -1 0 -1.192093E-07
vn -1 0 -1.192093E-07
vn -1 0 -1.192093E-07
vn -5.960464E-08 -0.6838114 0.7296588
vn -5.960464E-08 -0.6838115 0.7296588
vn -1.192093E-07 -0.325243 0.9456306
vn -5.960464E-08 -0.6838115 0.7296588
vn -1.192093E-07 -0.3252431 0.9456306
vn -1.192093E-07 -0.325243 0.9456306
vn -1.192093E-07 -0.325243 0.9456306
vn -1.192093E-07 -0.3252431 0.9456306
vn -1.192093E-07 -0.07076839 0.9974929
vn -1.192093E-07 -0.3252431 0.9456306
vn -1.192093E-07 -0.07076839 0.9974929
vn -1.192093E-07 -0.07076839 0.9974929
vn -1.192093E-07 -0.07076839 0.9974929
vn -1.192093E-07 -0.07076839 0.9974929
vn -1.195239E-07 0.07076842 0.9974929
vn -1.192093E-07 -0.07076839 0.9974929
vn -1.195239E-07 0.07076842 0.9974929
vn -1.195239E-07 0.07076842 0.9974929
vn -1.195239E-07 0.07076842 0.9974929
vn -1.195239E-07 0.07076842 0.9974929
vn -1.195288E-07 0.3252431 0.9456306
vn -1.195239E-07 0.07076842 0.9974929
vn -1.195288E-07 0.3252431 0.9456306
vn -1.195288E-07 0.3252431 0.9456306
vn -1.195288E-07 0.3252431 0.9456306
vn -1.195288E-07 0.3252431 0.9456306
vn -5.960464E-08 0.6838115 0.7296588
vn -1.195288E-07 0.3252431 0.9456306
vn -5.960464E-08 0.6838114 0.7296588
vn -5.960464E-08 0.6838115 0.7296588
vn -5.960464E-08 0.6838115 0.7296588
vn -5.960464E-08 0.6838114 0.7296588
vn -2.948158E-08 0.9312516 0.3643769
vn -5.960464E-08 0.6838114 0.7296588
vn -2.948158E-08 0.9312515 0.3643769
vn -2.948158E-08 0.9312516 0.3643769
vn -2.948158E-08 0.9312516 0.3643769
vn -2.948158E-08 0.9312515 0.3643769
vn 8.481918E-16 1 -1.073382E-08
vn -2.948158E-08 0.9312515 0.3643769
vn -8.481918E-16 1 1.073382E-08
vn 8.481918E-16 1 -1.073382E-08
vn 8.481918E-16 1 -1.073382E-08
vn -8.481918E-16 1 1.073382E-08
vn 2.948158E-08 0.9312515 -0.3643769
vn -8.481918E-16 1 1.073382E-08
vn 2.948158E-08 0.9312516 -0.3643769
vn 2.948158E-08 0.9312515 -0.3643769
vn 2.948158E-08 0.9312515 -0.3643769
vn 2.948158E-08 0.9312516 -0.3643769
vn 5.960464E-08 0.6838114 -0.7296588
vn 2.948158E-08 0.9312516 -0.3643769
vn 5.960464E-08 0.6838115 -0.7296588
vn 5.960464E-08 0.6838114 -0.7296588
vn 5.960464E-08 0.6838114 -0.7296588
vn 5.960464E-08 0.6838115 -0.7296588
vn 1.192093E-07 0.3252439 -0.9456303
vn 5.960464E-08 0.6838115 -0.7296588
vn 1.192093E-07 0.3252439 -0.9456303
vn 1.192093E-07 0.3252439 -0.9456303
vn 1.192093E-07 0.3252439 -0.9456303
vn 1.192093E-07 0.3252439 -0.9456303
vn 1.192093E-07 0.07076922 -0.9974928
vn 1.192093E-07 0.3252439 -0.9456303
vn 1.192093E-07 0.07076924 -0.9974928
vn 1.192093E-07 0.07076922 -0.9974928
vn 1.192093E-07 0.07076922 -0.9974928
vn 1.192093E-07 0.07076924 -0.9974928
vn 1.192093E-07 0 -1
vn 1.192093E-07 0.07076924 -0.9974928
vn 1.192093E-07 0 -1
vn 1.192093E-07 0 -1
vn 0 -1 0
vn 0 -1 0
vn 0 -1 0
vn 0 -1 0
vn 0 -1 0
vn 0 -1 0
vn -1.192093E-07 0 1
vn -1.192093E-07 0 1
vn -1.192093E-07 -0.1370221 0.9905681
vn -1.192093E-07 0 1
vn -1.192093E-07 -0.1370222 0.9905681
vn -1.192093E-07 -0.1370221 0.9905681
vn -1.192093E-07 -0.1370221 0.9905681
vn -1.192093E-07 -0.1370222 0.9905681
vn -1.192093E-07 -0.2714595 0.96245
vn -1.192093E-07 -0.1370222 0.9905681
vn -1.192093E-07 -0.2714595 0.96245
vn -1.192093E-07 -0.2714595 0.96245
vn -3.104896E-08 -0.9304083 0.3665249
vn -3.104896E-08 -0.9304082 0.3665249
vn -3.104896E-08 -0.9304083 0.3665249
vn -3.104896E-08 -0.9304082 0.3665249
vn -3.104896E-08 -0.9304082 0.3665249
vn -3.104896E-08 -0.9304083 0.3665249
vn 3.104896E-08 -0.9304083 -0.3665249
vn 3.104896E-08 -0.9304082 -0.3665249
vn 3.104896E-08 -0.9304083 -0.3665249
vn 3.104896E-08 -0.9304082 -0.3665249
vn 3.104896E-08 -0.9304082 -0.3665249
vn 3.104896E-08 -0.9304083 -0.3665249
vn 1.192093E-07 -0.2714595 -0.96245
vn 1.192093E-07 -0.2714595 -0.96245
vn 1.192093E-07 -0.1370221 -0.9905681
vn 1.192093E-07 -0.2714595 -0.96245
vn 1.192093E-07 -0.1370222 -0.9905681
vn 1.192093E-07 -0.1370221 -0.9905681
vn 1.192093E-07 -0.1370221 -0.9905681
vn 1.192093E-07 -0.1370222 -0.9905681
vn 1.195243E-07 0.1390413 -0.9902867
vn 1.192093E-07 -0.1370222 -0.9905681
vn 1.195243E-07 0.1390413 -0.9902867
vn 1.195243E-07 0.1390413 -0.9902867
vn 1.195243E-07 0.1390413 -0.9902867
vn 1.195243E-07 0.1390413 -0.9902867
vn 1.198333E-07 0.2753815 -0.9613351
vn 1.195243E-07 0.1390413 -0.9902867
vn 1.198333E-07 0.2753815 -0.9613351
vn 1.198333E-07 0.2753815 -0.9613351
vn 2.980232E-08 0.9323224 -0.3616282
vn 2.980232E-08 0.9323223 -0.3616282
vn 2.980232E-08 0.9323223 -0.3616282
vn 2.980232E-08 0.9323223 -0.3616282
vn 2.980232E-08 0.9323224 -0.3616282
vn 2.980232E-08 0.9323223 -0.3616282
vn -2.980232E-08 0.9323224 0.3616282
vn -2.980232E-08 0.9323223 0.3616282
vn -2.980232E-08 0.9323223 0.3616282
vn -2.980232E-08 0.9323223 0.3616282
vn -2.980232E-08 0.9323224 0.3616282
vn -2.980232E-08 0.9323223 0.3616282
vn -1.198333E-07 0.2753815 0.9613351
vn -1.198333E-07 0.2753815 0.9613351
vn -1.195243E-07 0.1390413 0.9902867
vn -1.198333E-07 0.2753815 0.9613351
vn -1.195243E-07 0.1390413 0.9902867
vn -1.195243E-07 0.1390413 0.9902867
vn -1.195243E-07 0.1390413 0.9902867
vn -1.195243E-07 0.1390413 0.9902867
vn -1.192093E-07 0 1
vn -1.195243E-07 0.1390413 0.9902867
vn -1.192093E-07 0 1
vn -1.192093E-07 0 1
vn 0 1 0
vn 0 1 0
vn 0 1 0
vn 0 1 0
vn 0 1 0
vn 0 1 0
vn 1.192093E-07 0 -1
vn 1.192093E-07 0 -1
vn 1.192093E-07 -0.07076921 -0.9974928
vn 1.192093E-07 0 -1
vn 1.192093E-07 -0.07076918 -0.9974928
vn 1.192093E-07 -0.07076921 -0.9974928
vn 1.192093E-07 -0.07076921 -0.9974928
vn 1.192093E-07 -0.07076918 -0.9974928
vn 1.192093E-07 -0.3252438 -0.9456303
vn 1.192093E-07 -0.07076918 -0.9974928
vn 1.192093E-07 -0.3252438 -0.9456303
vn 1.192093E-07 -0.3252438 -0.9456303
vn 1.192093E-07 -0.3252438 -0.9456303
vn 1.192093E-07 -0.3252438 -0.9456303
vn 5.960464E-08 -0.6838115 -0.7296588
vn 1.192093E-07 -0.3252438 -0.9456303
vn 5.960464E-08 -0.6838114 -0.7296588
vn 5.960464E-08 -0.6838115 -0.7296588
vn 5.960464E-08 -0.6838115 -0.7296588
vn 5.960464E-08 -0.6838114 -0.7296588
vn 2.948158E-08 -0.9312516 -0.3643768
vn 5.960464E-08 -0.6838114 -0.7296588
vn 2.948158E-08 -0.9312516 -0.3643768
vn 2.948158E-08 -0.9312516 -0.3643768
vn 2.948158E-08 -0.9312516 -0.3643768
vn 2.948158E-08 -0.9312516 -0.3643768
vn -8.681851E-16 -1 1.073382E-08
vn 2.948158E-08 -0.9312516 -0.3643768
vn 4.240959E-16 -1 -5.366908E-09
vn -8.681851E-16 -1 1.073382E-08
vn -8.681851E-16 -1 1.073382E-08
vn 4.240959E-16 -1 -5.366908E-09
vn -2.948158E-08 -0.9312516 0.3643768
vn 4.240959E-16 -1 -5.366908E-09
vn -2.948158E-08 -0.9312516 0.3643768
vn -2.948158E-08 -0.9312516 0.3643768
vn -2.948158E-08 -0.9312516 0.3643768
vn -2.948158E-08 -0.9312516 0.3643768
vn -5.960464E-08 -0.6838114 0.7296588
vn -2.948158E-08 -0.9312516 0.3643768
vn -5.960464E-08 -0.6838115 0.7296588
vn -5.960464E-08 -0.6838114 0.7296588
vn 1 0 1.192093E-07
vn 1 0 1.192093E-07
vn 1 0 1.192093E-07
vn 1 0 1.192093E-07
vn 1 0 1.192093E-07
vn 1 0 1.192093E-07
vn 1 0 1.192093E-07
vn 1 0 1.192093E-07
vn 1 0 1.192093E-07
vn 1 0 1.192093E-07
vn 1 0 1.192093E-07
vn 1 0 1.192093E-07
vn 1 0 1.192093E-07
vn 1 0 1.192093E-07
vn 1 0 1.192093E-07
vn 1 0 1.192093E-07
vn 1.192093E-07 0 -1
vn 1.192093E-07 0 -1
vn 1 0 1.192093E-07
vn 1 0 1.192093E-07
vn 1 0 1.192093E-07
vn 1 0 1.192093E-07
vn 1 0 1.192093E-07
vn 1 0 1.192093E-07
vn 1 0 1.192093E-07
vn 1 0 1.192093E-07
vn 1 0 1.192093E-07
vn 1 0 1.192093E-07
vn 1 0 1.192093E-07
vn 1 0 1.192093E-07
vn -1 0 -1.192093E-07
vn -1 0 -1.192093E-07
vn -1 0 -1.192093E-07
vn -1 0 -1.192093E-07
vn -1 0 -1.192093E-07
vn -1 0 -1.192093E-07
vn -1 0 -1.192093E-07
vn -1 0 -1.192093E-07
vn -1 0 -1.192093E-07
vn -1 0 -1.192093E-07
vn -1 0 -1.192093E-07
vn -1 0 -1.192093E-07
vn -1 0 -1.192093E-07
vn -1 0 -1.192093E-07
vn -1 0 -1.192093E-07
vn -1 0 -1.192093E-07
vn 1.192093E-07 0 -1
vn -1 0 -1.192093E-07
vn -1 0 -1.192093E-07
vn -1 0 -1.192093E-07
vn -1 0 -1.192093E-07
vn -1 0 -1.192093E-07
vn -1 0 -1.192093E-07
vn -1 0 -1.192093E-07
vn -1 0 -1.192093E-07
vn -1 0 -1.192093E-07
vn -1 0 -1.192093E-07
vn -1 0 -1.192093E-07
vn -1 0 -1.192093E-07
vn -1 0 -1.192093E-07
vn 0 1 0
vn 0 1 0
vn 0 1 0
vn 0 1 0
vn 0 1 0
vn 0 1 0
vn 1.192093E-07 0 -1
vn 1.192093E-07 0 -1
vn 1.192093E-07 0 -1
vn 1.192093E-07 0 -1
vn 1.192093E-07 0 -1
vn 1.192093E-07 0 -1
vn 0 -1 0
vn 0 -1 0
vn 0 -1 0
vn 0 -1 0
vn 0 -1 0
vn 0 -1 0
vn 1.192093E-07 0 -1
vn 1.192093E-07 0 -1
vn 1.192093E-07 0 -1
vn 1.192093E-07 0 -1
vn 1.192093E-07 0 -1
vn 1.192093E-07 0 -1
vn 0 1 0
vn 0 1 0
vn 0 1 0
vn 0 1 0
vn 0 1 0
vn 0 1 0
vn 1.192093E-07 0 -1
vn 1.192093E-07 0 -1
vn 1.192093E-07 0 -1
vn 1.192093E-07 0 -1
vn 1.192093E-07 0 -1
vn 1.192093E-07 0 -1
vn 0 -1 0
vn 0 -1 0
vn 0 -1 0
vn 0 -1 0
vn 0 -1 0
vn 0 -1 0
vn 1.192093E-07 0 -1
vn 1.192093E-07 0 -1
vn 1.192093E-07 0 -1
vn 1.192093E-07 0 -1
vn 1.192093E-07 0 -1
vn 1.192093E-07 0 -1
vn 0 1 0
vn 0 1 0
vn 0 1 0
vn 0 1 0
vn 0 1 0
vn 0 1 0
vn 1.192093E-07 0 -1
vn 1.192093E-07 0 -1
vn 1.192093E-07 0 -1
vn 1.192093E-07 0 -1
vn 1.192093E-07 0 -1
vn 1.192093E-07 0 -1
vn 0 -1 0
vn 0 -1 0
vn 0 -1 0
vn 0 -1 0
vn 0 -1 0
vn 0 -1 0
vn -1.192093E-07 0 1
vn -1.192093E-07 0 1
vn -1.192093E-07 0 1
vn -1.192093E-07 0 1
vn -1.192093E-07 0 1
vn -1.192093E-07 0 1
vt 0 1
vt 0.4969325 1
vt 0.7170246 0.9842857
vt 0 1
vt 0.7170246 0.9842857
vt 0.8742331 0.9371428
vt 0 1
vt 0.8742331 0.9371428
vt 0.9685583 0.8596428
vt 0 1
vt 0.9685583 0.8596428
vt 1 0.7528571
vt 1 0.7528571
vt 1 0.6542857
vt 0.9685583 0.5475
vt 1 0.7528571
vt 0.9685583 0.5475
vt 0.6625767 0.6442857
vt 1 0.7528571
vt 0.6625767 0.6442857
vt 0.6625767 0.7628571
vt 1 0.7528571
vt 0.6625767 0.7628571
vt 0.6522239 0.8067857
vt 1 0.7528571
vt 0.6522239 0.8067857
vt 0.6211657 0.8357143
vt 1 0.7528571
vt 0.6211657 0.8357143
vt 0.5694019 0.8517857
vt 0.6522239 0.6003571
vt 0.6625767 0.6442857
vt 0.9685583 0.5475
vt 0.6522239 0.6003571
vt 0.9685583 0.5475
vt 0.8742331 0.47
vt 0.6522239 0.6003571
vt 0.8742331 0.47
vt 0.7170246 0.4228571
vt 0.6522239 0.6003571
vt 0.7170246 0.4228571
vt 0.4969325 0.4071429
vt 0.3374233 0.4071429
vt 0.3374233 0
vt 0 0
vt 0.3374233 0.4071429
vt 0 0
vt 0 1
vt 0 1
vt 1 0.7528571
vt 0.5694019 0.8517857
vt 0 1
vt 0.5694019 0.8517857
vt 0.4969325 0.8571428
vt 0 1
vt 0.4969325 0.8571428
vt 0.3374233 0.8571428
vt 0 1
vt 0.3374233 0.8571428
vt 0.3374233 0.55
vt 0.6211657 0.5714285
vt 0.6522239 0.6003571
vt 0.4969325 0.4071429
vt 0.6211657 0.5714285
vt 0.4969325 0.4071429
vt 0.3374233 0.4071429
vt 0.3374233 0.4071429
vt 0 1
vt 0.3374233 0.55
vt 0.3374233 0.4071429
vt 0.3374233 0.55
vt 0.4969325 0.55
vt 0.3374233 0.4071429
vt 0.4969325 0.55
vt 0.5694019 0.5553572
vt 0.5694019 0.5553572
vt 0.6211657 0.5714285
vt 0.3374233 0.4071429
vt 0.7170246 0.9842857
vt 0.4969325 1
vt 0 1
vt 0.8742331 0.9371428
vt 0.7170246 0.9842857
vt 0 1
vt 0.9685583 0.8596428
vt 0.8742331 0.9371428
vt 0 1
vt 1 0.7528571
vt 0.9685583 0.8596428
vt 0 1
vt 0.9685583 0.5475
vt 1 0.6542857
vt 1 0.7528571
vt 0.6625767 0.6442857
vt 0.9685583 0.5475
vt 1 0.7528571
vt 0.6625767 0.7628571
vt 0.6625767 0.6442857
vt 1 0.7528571
vt 0.6522239 0.8067857
vt 0.6625767 0.7628571
vt 1 0.7528571
vt 0.6211657 0.8357143
vt 0.6522239 0.8067857
vt 1 0.7528571
vt 0.5694019 0.8517857
vt 0.6211657 0.8357143
vt 1 0.7528571
vt 0.9685583 0.5475
vt 0.6625767 0.6442857
vt 0.6522239 0.6003571
vt 0.8742331 0.47
vt 0.9685583 0.5475
vt 0.6522239 0.6003571
vt 0.7170246 0.4228571
vt 0.8742331 0.47
vt 0.6522239 0.6003571
vt 0.4969325 0.4071429
vt 0.7170246 0.4228571
vt 0.6522239 0.6003571
vt 0 0
vt 0.3374233 0
vt 0.3374233 0.4071429
vt 0 1
vt 0 0
vt 0.3374233 0.4071429
vt 0.5694019 0.8517857
vt 1 0.7528571
vt 0 1
vt 0.4969325 0.8571428
vt 0.5694019 0.8517857
vt 0 1
vt 0.3374233 0.8571428
vt 0.4969325 0.8571428
vt 0 1
vt 0.3374233 0.55
vt 0.3374233 0.8571428
vt 0 1
vt 0.4969325 0.4071429
vt 0.6522239 0.6003571
vt 0.6211657 0.5714285
vt 0.3374233 0.4071429
vt 0.4969325 0.4071429
vt 0.6211657 0.5714285
vt 0.3374233 0.55
vt 0 1
vt 0.3374233 0.4071429
vt 0.4969325 0.55
vt 0.3374233 0.55
vt 0.3374233 0.4071429
vt 0.5694019 0.5553572
vt 0.4969325 0.55
vt 0.3374233 0.4071429
vt 0.3374233 0.4071429
vt 0.6211657 0.5714285
vt 0.5694019 0.5553572
vt 0 1
vt 0 1
vt 0.4969325 1
vt 0 1
vt 0.4969325 1
vt 0.4969325 1
vt 0.4969325 1
vt 0.4969325 1
vt 0.7170246 0.9842857
vt 0.4969325 1
vt 0.7170246 0.9842857
vt 0.7170246 0.9842857
vt 0.7170246 0.9842857
vt 0.7170246 0.9842857
vt 0.8742331 0.9371428
vt 0.7170246 0.9842857
vt 0.8742331 0.9371428
vt 0.8742331 0.9371428
vt 0.8742331 0.9371428
vt 0.8742331 0.9371428
vt 0.9685583 0.8596428
vt 0.8742331 0.9371428
vt 0.9685583 0.8596428
vt 0.9685583 0.8596428
vt 0.9685583 0.8596428
vt 0.9685583 0.8596428
vt 1 0.7528571
vt 0.9685583 0.8596428
vt 1 0.7528571
vt 1 0.7528571
vt 1 0.7528571
vt 1 0.7528571
vt 1 0.6542857
vt 1 0.7528571
vt 1 0.6542857
vt 1 0.6542857
vt 1 0.6542857
vt 1 0.6542857
vt 0.9685583 0.5475
vt 1 0.6542857
vt 0.9685583 0.5475
vt 0.9685583 0.5475
vt 0.9685583 0.5475
vt 0.9685583 0.5475
vt 0.8742331 0.47
vt 0.9685583 0.5475
vt 0.8742331 0.47
vt 0.8742331 0.47
vt 0.8742331 0.47
vt 0.8742331 0.47
vt 0.7170246 0.4228571
vt 0.8742331 0.47
vt 0.7170246 0.4228571
vt 0.7170246 0.4228571
vt 0.7170246 0.4228571
vt 0.7170246 0.4228571
vt 0.4969325 0.4071429
vt 0.7170246 0.4228571
vt 0.4969325 0.4071429
vt 0.4969325 0.4071429
vt 0.4969325 0.4071429
vt 0.4969325 0.4071429
vt 0.3374233 0.4071429
vt 0.4969325 0.4071429
vt 0.3374233 0.4071429
vt 0.3374233 0.4071429
vt 0.3374233 0.4071429
vt 0.3374233 0.4071429
vt 0.3374233 0
vt 0.3374233 0.4071429
vt 0.3374233 0
vt 0.3374233 0
vt 0.3374233 0
vt 0.3374233 0
vt 0 0
vt 0.3374233 0
vt 0 0
vt 0 0
vt 0 0
vt 0 0
vt 0 1
vt 0 0
vt 0 1
vt 0 1
vt 0.4969325 0.55
vt 0.4969325 0.55
vt 0.5694019 0.5553572
vt 0.4969325 0.55
vt 0.5694019 0.5553572
vt 0.5694019 0.5553572
vt 0.5694019 0.5553572
vt 0.5694019 0.5553572
vt 0.6211657 0.5714285
vt 0.5694019 0.5553572
vt 0.6211657 0.5714285
vt 0.6211657 0.5714285
vt 0.6211657 0.5714285
vt 0.6211657 0.5714285
vt 0.6522239 0.6003571
vt 0.6211657 0.5714285
vt 0.6522239 0.6003571
vt 0.6522239 0.6003571
vt 0.6522239 0.6003571
vt 0.6522239 0.6003571
vt 0.6625767 0.6442857
vt 0.6522239 0.6003571
vt 0.6625767 0.6442857
vt 0.6625767 0.6442857
vt 0.6625767 0.6442857
vt 0.6625767 0.6442857
vt 0.6625767 0.7628571
vt 0.6625767 0.6442857
vt 0.6625767 0.7628571
vt 0.6625767 0.7628571
vt 0.6625767 0.7628571
vt 0.6625767 0.7628571
vt 0.6522239 0.8067857
vt 0.6625767 0.7628571
vt 0.6522239 0.8067857
vt 0.6522239 0.8067857
vt 0.6522239 0.8067857
vt 0.6522239 0.8067857
vt 0.6211657 0.8357143
vt 0.6522239 0.8067857
vt 0.6211657 0.8357143
vt 0.6211657 0.8357143
vt 0.6211657 0.8357143
vt 0.6211657 0.8357143
vt 0.5694019 0.8517857
vt 0.6211657 0.8357143
vt 0.5694019 0.8517857
vt 0.5694019 0.8517857
vt 0.5694019 0.8517857
vt 0.5694019 0.8517857
vt 0.4969325 0.8571428
vt 0.5694019 0.8517857
vt 0.4969325 0.8571428
vt 0.4969325 0.8571428
vt 0.4969325 0.8571428
vt 0.4969325 0.8571428
vt 0.3374233 0.8571428
vt 0.4969325 0.8571428
vt 0.3374233 0.8571428
vt 0.3374233 0.8571428
vt 0.3374233 0.8571428
vt 0.3374233 0.8571428
vt 0.3374233 0.55
vt 0.3374233 0.8571428
vt 0.3374233 0.55
vt 0.3374233 0.55
vt 0.3374233 0.55
vt 0.3374233 0.55
vt 0.4969325 0.55
vt 0.3374233 0.55
vt 0.4969325 0.55
vt 0.4969325 0.55
vt 0.2859281 0.01597222
vt 0.1287425 0.06388889
vt 0.03218564 0.1409722
vt 0.2859281 0.01597222
vt 0.03218564 0.1409722
vt 0 0.2444445
vt 0.2859281 0.01597222
vt 0 0.2444445
vt 0 0.7555556
vt 0.2859281 0.01597222
vt 0 0.7555556
vt 0.03218564 0.8590277
vt 0.2859281 0.01597222
vt 0.03218564 0.8590277
vt 0.1287425 0.9361111
vt 0.2859281 0.01597222
vt 0.1287425 0.9361111
vt 0.2859281 0.9840278
vt 0.2859281 0.9840278
vt 0.5 1
vt 0.7140719 0.9840278
vt 0.2859281 0.9840278
vt 0.7140719 0.9840278
vt 0.8712575 0.9361111
vt 0.2859281 0.9840278
vt 0.8712575 0.9361111
vt 0.9678144 0.8590277
vt 0.2859281 0.9840278
vt 0.9678144 0.8590277
vt 1 0.7555556
vt 1 0.7555556
vt 1 0.2444445
vt 0.9678144 0.1409722
vt 1 0.7555556
vt 0.9678144 0.1409722
vt 0.6706586 0.2347222
vt 1 0.7555556
vt 0.6706586 0.2347222
vt 0.6706586 0.7652777
vt 1 0.7555556
vt 0.6706586 0.7652777
vt 0.6279941 0.8371527
vt 0.6279941 0.1628472
vt 0.6706586 0.2347222
vt 0.9678144 0.1409722
vt 0.6279941 0.1628472
vt 0.9678144 0.1409722
vt 0.8712575 0.06388889
vt 0.6279941 0.1628472
vt 0.8712575 0.06388889
vt 0.7140719 0.01597222
vt 0.6279941 0.1628472
vt 0.7140719 0.01597222
vt 0.5 0
vt 0.6279941 0.1628472
vt 0.5 0
vt 0.2859281 0.01597222
vt 0.2859281 0.9840278
vt 1 0.7555556
vt 0.6279941 0.8371527
vt 0.2859281 0.9840278
vt 0.6279941 0.8371527
vt 0.5 0.8611111
vt 0.2859281 0.9840278
vt 0.5 0.8611111
vt 0.372006 0.8371527
vt 0.2859281 0.9840278
vt 0.372006 0.8371527
vt 0.3293413 0.7652777
vt 0.2859281 0.9840278
vt 0.3293413 0.7652777
vt 0.3293413 0.2347222
vt 0.5 0.1388889
vt 0.6279941 0.1628472
vt 0.2859281 0.01597222
vt 0.2859281 0.01597222
vt 0.2859281 0.9840278
vt 0.3293413 0.2347222
vt 0.2859281 0.01597222
vt 0.3293413 0.2347222
vt 0.372006 0.1628472
vt 0.372006 0.1628472
vt 0.5 0.1388889
vt 0.2859281 0.01597222
vt 0.03218564 0.1409722
vt 0.1287425 0.06388889
vt 0.2859281 0.01597222
vt 0 0.2444445
vt 0.03218564 0.1409722
vt 0.2859281 0.01597222
vt 0 0.7555556
vt 0 0.2444445
vt 0.2859281 0.01597222
vt 0.03218564 0.8590277
vt 0 0.7555556
vt 0.2859281 0.01597222
vt 0.1287425 0.9361111
vt 0.03218564 0.8590277
vt 0.2859281 0.01597222
vt 0.2859281 0.9840278
vt 0.1287425 0.9361111
vt 0.2859281 0.01597222
vt 0.7140719 0.9840278
vt 0.5 1
vt 0.2859281 0.9840278
vt 0.8712575 0.9361111
vt 0.7140719 0.9840278
vt 0.2859281 0.9840278
vt 0.9678144 0.8590277
vt 0.8712575 0.9361111
vt 0.2859281 0.9840278
vt 1 0.7555556
vt 0.9678144 0.8590277
vt 0.2859281 0.9840278
vt 0.9678144 0.1409722
vt 1 0.2444445
vt 1 0.7555556
vt 0.6706586 0.2347222
vt 0.9678144 0.1409722
vt 1 0.7555556
vt 0.6706586 0.7652777
vt 0.6706586 0.2347222
vt 1 0.7555556
vt 0.6279941 0.8371527
vt 0.6706586 0.7652777
vt 1 0.7555556
vt 0.9678144 0.1409722
vt 0.6706586 0.2347222
vt 0.6279941 0.1628472
vt 0.8712575 0.06388889
vt 0.9678144 0.1409722
vt 0.6279941 0.1628472
vt 0.7140719 0.01597222
vt 0.8712575 0.06388889
vt 0.6279941 0.1628472
vt 0.5 0
vt 0.7140719 0.01597222
vt 0.6279941 0.1628472
vt 0.2859281 0.01597222
vt 0.5 0
vt 0.6279941 0.1628472
vt 0.6279941 0.8371527
vt 1 0.7555556
vt 0.2859281 0.9840278
vt 0.5 0.8611111
vt 0.6279941 0.8371527
vt 0.2859281 0.9840278
vt 0.372006 0.8371527
vt 0.5 0.8611111
vt 0.2859281 0.9840278
vt 0.3293413 0.7652777
vt 0.372006 0.8371527
vt 0.2859281 0.9840278
vt 0.3293413 0.2347222
vt 0.3293413 0.7652777
vt 0.2859281 0.9840278
vt 0.2859281 0.01597222
vt 0.6279941 0.1628472
vt 0.5 0.1388889
vt 0.3293413 0.2347222
vt 0.2859281 0.9840278
vt 0.2859281 0.01597222
vt 0.372006 0.1628472
vt 0.3293413 0.2347222
vt 0.2859281 0.01597222
vt 0.2859281 0.01597222
vt 0.5 0.1388889
vt 0.372006 0.1628472
vt 0.1287425 0.06388889
vt 0.1287425 0.06388889
vt 0.03218564 0.1409722
vt 0.1287425 0.06388889
vt 0.03218564 0.1409722
vt 0.03218564 0.1409722
vt 0.03218564 0.1409722
vt 0.03218564 0.1409722
vt 0 0.2444445
vt 0.03218564 0.1409722
vt 0 0.2444445
vt 0 0.2444445
vt 0 0.2444445
vt 0 0.2444445
vt 0 0.7555556
vt 0 0.2444445
vt 0 0.7555556
vt 0 0.7555556
vt 0 0.7555556
vt 0 0.7555556
vt 0.03218564 0.8590277
vt 0 0.7555556
vt 0.03218564 0.8590277
vt 0.03218564 0.8590277
vt 0.03218564 0.8590277
vt 0.03218564 0.8590277
vt 0.1287425 0.9361111
vt 0.03218564 0.8590277
vt 0.1287425 0.9361111
vt 0.1287425 0.9361111
vt 0.1287425 0.9361111
vt 0.1287425 0.9361111
vt 0.2859281 0.9840278
vt 0.1287425 0.9361111
vt 0.2859281 0.9840278
vt 0.2859281 0.9840278
vt 0.2859281 0.9840278
vt 0.2859281 0.9840278
vt 0.5 1
vt 0.2859281 0.9840278
vt 0.5 1
vt 0.5 1
vt 0.5 1
vt 0.5 1
vt 0.7140719 0.9840278
vt 0.5 1
vt 0.7140719 0.9840278
vt 0.7140719 0.9840278
vt 0.7140719 0.9840278
vt 0.7140719 0.9840278
vt 0.8712575 0.9361111
vt 0.7140719 0.9840278
vt 0.8712575 0.9361111
vt 0.8712575 0.9361111
vt 0.8712575 0.9361111
vt 0.8712575 0.9361111
vt 0.9678144 0.8590277
vt 0.8712575 0.9361111
vt 0.9678144 0.8590277
vt 0.9678144 0.8590277
vt 0.9678144 0.8590277
vt 0.9678144 0.8590277
vt 1 0.7555556
vt 0.9678144 0.8590277
vt 1 0.7555556
vt 1 0.7555556
vt 1 0.7555556
vt 1 0.7555556
vt 1 0.2444445
vt 1 0.7555556
vt 1 0.2444445
vt 1 0.2444445
vt 1 0.2444445
vt 1 0.2444445
vt 0.9678144 0.1409722
vt 1 0.2444445
vt 0.9678144 0.1409722
vt 0.9678144 0.1409722
vt 0.9678144 0.1409722
vt 0.9678144 0.1409722
vt 0.8712575 0.06388889
vt 0.9678144 0.1409722
vt 0.8712575 0.06388889
vt 0.8712575 0.06388889
vt 0.8712575 0.06388889
vt 0.8712575 0.06388889
vt 0.7140719 0.01597222
vt 0.8712575 0.06388889
vt 0.7140719 0.01597222
vt 0.7140719 0.01597222
vt 0.7140719 0.01597222
vt 0.7140719 0.01597222
vt 0.5 0
vt 0.7140719 0.01597222
vt 0.5 0
vt 0.5 0
vt 0.5 0
vt 0.5 0
vt 0.2859281 0.01597222
vt 0.5 0
vt 0.2859281 0.01597222
vt 0.2859281 0.01597222
vt 0.2859281 0.01597222
vt 0.2859281 0.01597222
vt 0.1287425 0.06388889
vt 0.2859281 0.01597222
vt 0.1287425 0.06388889
vt 0.1287425 0.06388889
vt 0.6706586 0.2347222
vt 0.6706586 0.2347222
vt 0.6706586 0.7652777
vt 0.6706586 0.2347222
vt 0.6706586 0.7652777
vt 0.6706586 0.7652777
vt 0.6706586 0.7652777
vt 0.6706586 0.7652777
vt 0.6279941 0.8371527
vt 0.6706586 0.7652777
vt 0.6279941 0.8371527
vt 0.6279941 0.8371527
vt 0.6279941 0.8371527
vt 0.6279941 0.8371527
vt 0.5 0.8611111
vt 0.6279941 0.8371527
vt 0.5 0.8611111
vt 0.5 0.8611111
vt 0.5 0.8611111
vt 0.5 0.8611111
vt 0.372006 0.8371527
vt 0.5 0.8611111
vt 0.372006 0.8371527
vt 0.372006 0.8371527
vt 0.372006 0.8371527
vt 0.372006 0.8371527
vt 0.3293413 0.7652777
vt 0.372006 0.8371527
vt 0.3293413 0.7652777
vt 0.3293413 0.7652777
vt 0.3293413 0.7652777
vt 0.3293413 0.7652777
vt 0.3293413 0.2347222
vt 0.3293413 0.7652777
vt 0.3293413 0.2347222
vt 0.3293413 0.2347222
vt 0.3293413 0.2347222
vt 0.3293413 0.2347222
vt 0.372006 0.1628472
vt 0.3293413 0.2347222
vt 0.372006 0.1628472
vt 0.372006 0.1628472
vt 0.372006 0.1628472
vt 0.372006 0.1628472
vt 0.5 0.1388889
vt 0.372006 0.1628472
vt 0.5 0.1388889
vt 0.5 0.1388889
vt 0.5 0.1388889
vt 0.5 0.1388889
vt 0.6279941 0.1628472
vt 0.5 0.1388889
vt 0.6279941 0.1628472
vt 0.6279941 0.1628472
vt 0.6279941 0.1628472
vt 0.6279941 0.1628472
vt 0.6706586 0.2347222
vt 0.6279941 0.1628472
vt 0.6706586 0.2347222
vt 0.6706586 0.2347222
vt 0 0
vt 0 1
vt 0.3780069 1
vt 0 0
vt 0.3780069 1
vt 0.3780069 0.1428571
vt 0 0
vt 0.3780069 0.1428571
vt 1 0.1428571
vt 1 0.1428571
vt 1 0
vt 0 0
vt 0.3780069 1
vt 0 1
vt 0 0
vt 0.3780069 0.1428571
vt 0.3780069 1
vt 0 0
vt 1 0.1428571
vt 0.3780069 0.1428571
vt 0 0
vt 0 0
vt 1 0
vt 1 0.1428571
vt 0 1
vt 0 1
vt 0.3780069 1
vt 0 1
vt 0.3780069 1
vt 0.3780069 1
vt 0.3780069 1
vt 0.3780069 1
vt 0.3780069 0.1428571
vt 0.3780069 1
vt 0.3780069 0.1428571
vt 0.3780069 0.1428571
vt 0.3780069 0.1428571
vt 0.3780069 0.1428571
vt 1 0.1428571
vt 0.3780069 0.1428571
vt 1 0.1428571
vt 1 0.1428571
vt 1 0.1428571
vt 1 0.1428571
vt 1 0
vt 1 0.1428571
vt 1 0
vt 1 0
vt 1 0
vt 1 0
vt 0 0
vt 1 0
vt 0 0
vt 0 0
vt 0 0
vt 0 0
vt 0 1
vt 0 0
vt 0 1
vt 0 1
vt 0 0
vt 0 1
vt 1 1
vt 1 1
vt 1 0
vt 0 0
vt 1 1
vt 0 1
vt 0 0
vt 0 0
vt 1 0
vt 1 1
vt 0 1
vt 0 1
vt 1 1
vt 0 1
vt 1 1
vt 1 1
vt 1 1
vt 1 1
vt 1 0
vt 1 1
vt 1 0
vt 1 0
vt 1 0
vt 1 0
vt 0 0
vt 1 0
vt 0 0
vt 0 0
vt 0 0
vt 0 0
vt 0 1
vt 0 0
vt 0 1
vt 0 1
vt 0.285108 0.015625
vt 0.1280864 0.0625
vt 0.03202161 0.1378472
vt 0.285108 0.015625
vt 0.03202161 0.1378472
vt 0 0.2388889
vt 0.285108 0.015625
vt 0 0.2388889
vt 0 0.7611111
vt 0.285108 0.015625
vt 0 0.7611111
vt 0.03202161 0.8621528
vt 0.285108 0.015625
vt 0.03202161 0.8621528
vt 0.1280864 0.9375
vt 0.285108 0.015625
vt 0.1280864 0.9375
vt 0.285108 0.984375
vt 0.285108 0.984375
vt 0.5 1
vt 0.714892 0.984375
vt 0.285108 0.984375
vt 0.714892 0.984375
vt 0.8719136 0.9375
vt 0.285108 0.984375
vt 0.8719136 0.9375
vt 0.9679784 0.8621528
vt 0.285108 0.984375
vt 0.9679784 0.8621528
vt 1 0.7611111
vt 1 0.7611111
vt 1 0.6583333
vt 0.6790124 0.6583333
vt 1 0.7611111
vt 0.6790124 0.6583333
vt 0.6790124 0.7708333
vt 1 0.7611111
vt 0.6790124 0.7708333
vt 0.6365741 0.8385416
vt 0.6790124 0.2277778
vt 0.6790124 0.3763889
vt 1 0.3763889
vt 0.6790124 0.2277778
vt 1 0.3763889
vt 1 0.2388889
vt 0.6790124 0.2277778
vt 1 0.2388889
vt 0.9679784 0.1378472
vt 0.6790124 0.2277778
vt 0.9679784 0.1378472
vt 0.8719136 0.0625
vt 0.6790124 0.2277778
vt 0.8719136 0.0625
vt 0.714892 0.015625
vt 0.714892 0.015625
vt 0.5 0
vt 0.285108 0.015625
vt 0.285108 0.984375
vt 1 0.7611111
vt 0.6365741 0.8385416
vt 0.285108 0.984375
vt 0.6365741 0.8385416
vt 0.5092593 0.8611111
vt 0.285108 0.984375
vt 0.5092593 0.8611111
vt 0.3819445 0.8385416
vt 0.285108 0.984375
vt 0.3819445 0.8385416
vt 0.3395062 0.7708333
vt 0.285108 0.984375
vt 0.3395062 0.7708333
vt 0.3395062 0.2277778
vt 0.6365741 0.1611111
vt 0.6790124 0.2277778
vt 0.714892 0.015625
vt 0.6365741 0.1611111
vt 0.714892 0.015625
vt 0.285108 0.015625
vt 0.285108 0.015625
vt 0.285108 0.984375
vt 0.3395062 0.2277778
vt 0.285108 0.015625
vt 0.3395062 0.2277778
vt 0.3819445 0.1611111
vt 0.285108 0.015625
vt 0.3819445 0.1611111
vt 0.5092593 0.1388889
vt 0.5092593 0.1388889
vt 0.6365741 0.1611111
vt 0.285108 0.015625
vt 0.03202161 0.1378472
vt 0.1280864 0.0625
vt 0.285108 0.015625
vt 0 0.2388889
vt 0.03202161 0.1378472
vt 0.285108 0.015625
vt 0 0.7611111
vt 0 0.2388889
vt 0.285108 0.015625
vt 0.03202161 0.8621528
vt 0 0.7611111
vt 0.285108 0.015625
vt 0.1280864 0.9375
vt 0.03202161 0.8621528
vt 0.285108 0.015625
vt 0.285108 0.984375
vt 0.1280864 0.9375
vt 0.285108 0.015625
vt 0.714892 0.984375
vt 0.5 1
vt 0.285108 0.984375
vt 0.8719136 0.9375
vt 0.714892 0.984375
vt 0.285108 0.984375
vt 0.9679784 0.8621528
vt 0.8719136 0.9375
vt 0.285108 0.984375
vt 1 0.7611111
vt 0.9679784 0.8621528
vt 0.285108 0.984375
vt 0.6790124 0.6583333
vt 1 0.6583333
vt 1 0.7611111
vt 0.6790124 0.7708333
vt 0.6790124 0.6583333
vt 1 0.7611111
vt 0.6365741 0.8385416
vt 0.6790124 0.7708333
vt 1 0.7611111
vt 1 0.3763889
vt 0.6790124 0.3763889
vt 0.6790124 0.2277778
vt 1 0.2388889
vt 1 0.3763889
vt 0.6790124 0.2277778
vt 0.9679784 0.1378472
vt 1 0.2388889
vt 0.6790124 0.2277778
vt 0.8719136 0.0625
vt 0.9679784 0.1378472
vt 0.6790124 0.2277778
vt 0.714892 0.015625
vt 0.8719136 0.0625
vt 0.6790124 0.2277778
vt 0.285108 0.015625
vt 0.5 0
vt 0.714892 0.015625
vt 0.6365741 0.8385416
vt 1 0.7611111
vt 0.285108 0.984375
vt 0.5092593 0.8611111
vt 0.6365741 0.8385416
vt 0.285108 0.984375
vt 0.3819445 0.8385416
vt 0.5092593 0.8611111
vt 0.285108 0.984375
vt 0.3395062 0.7708333
vt 0.3819445 0.8385416
vt 0.285108 0.984375
vt 0.3395062 0.2277778
vt 0.3395062 0.7708333
vt 0.285108 0.984375
vt 0.714892 0.015625
vt 0.6790124 0.2277778
vt 0.6365741 0.1611111
vt 0.285108 0.015625
vt 0.714892 0.015625
vt 0.6365741 0.1611111
vt 0.3395062 0.2277778
vt 0.285108 0.984375
vt 0.285108 0.015625
vt 0.3819445 0.1611111
vt 0.3395062 0.2277778
vt 0.285108 0.015625
vt 0.5092593 0.1388889
vt 0.3819445 0.1611111
vt 0.285108 0.015625
vt 0.285108 0.015625
vt 0.6365741 0.1611111
vt 0.5092593 0.1388889
vt 0.1280864 0.0625
vt 0.1280864 0.0625
vt 0.03202161 0.1378472
vt 0.1280864 0.0625
vt 0.03202161 0.1378472
vt 0.03202161 0.1378472
vt 0.03202161 0.1378472
vt 0.03202161 0.1378472
vt 0 0.2388889
vt 0.03202161 0.1378472
vt 0 0.2388889
vt 0 0.2388889
vt 0 0.2388889
vt 0 0.2388889
vt 0 0.7611111
vt 0 0.2388889
vt 0 0.7611111
vt 0 0.7611111
vt 0 0.7611111
vt 0 0.7611111
vt 0.03202161 0.8621528
vt 0 0.7611111
vt 0.03202161 0.8621528
vt 0.03202161 0.8621528
vt 0.03202161 0.8621528
vt 0.03202161 0.8621528
vt 0.1280864 0.9375
vt 0.03202161 0.8621528
vt 0.1280864 0.9375
vt 0.1280864 0.9375
vt 0.1280864 0.9375
vt 0.1280864 0.9375
vt 0.285108 0.984375
vt 0.1280864 0.9375
vt 0.285108 0.984375
vt 0.285108 0.984375
vt 0.285108 0.984375
vt 0.285108 0.984375
vt 0.5 1
vt 0.285108 0.984375
vt 0.5 1
vt 0.5 1
vt 0.5 1
vt 0.5 1
vt 0.714892 0.984375
vt 0.5 1
vt 0.714892 0.984375
vt 0.714892 0.984375
vt 0.714892 0.984375
vt 0.714892 0.984375
vt 0.8719136 0.9375
vt 0.714892 0.984375
vt 0.8719136 0.9375
vt 0.8719136 0.9375
vt 0.8719136 0.9375
vt 0.8719136 0.9375
vt 0.9679784 0.8621528
vt 0.8719136 0.9375
vt 0.9679784 0.8621528
vt 0.9679784 0.8621528
vt 0.9679784 0.8621528
vt 0.9679784 0.8621528
vt 1 0.7611111
vt 0.9679784 0.8621528
vt 1 0.7611111
vt 1 0.7611111
vt 1 0.7611111
vt 1 0.7611111
vt 1 0.6583333
vt 1 0.7611111
vt 1 0.6583333
vt 1 0.6583333
vt 1 0.6583333
vt 1 0.6583333
vt 0.6790124 0.6583333
vt 1 0.6583333
vt 0.6790124 0.6583333
vt 0.6790124 0.6583333
vt 0.6790124 0.6583333
vt 0.6790124 0.6583333
vt 0.6790124 0.7708333
vt 0.6790124 0.6583333
vt 0.6790124 0.7708333
vt 0.6790124 0.7708333
vt 0.6790124 0.7708333
vt 0.6790124 0.7708333
vt 0.6365741 0.8385416
vt 0.6790124 0.7708333
vt 0.6365741 0.8385416
vt 0.6365741 0.8385416
vt 0.6365741 0.8385416
vt 0.6365741 0.8385416
vt 0.5092593 0.8611111
vt 0.6365741 0.8385416
vt 0.5092593 0.8611111
vt 0.5092593 0.8611111
vt 0.5092593 0.8611111
vt 0.5092593 0.8611111
vt 0.3819445 0.8385416
vt 0.5092593 0.8611111
vt 0.3819445 0.8385416
vt 0.3819445 0.8385416
vt 0.3819445 0.8385416
vt 0.3819445 0.8385416
vt 0.3395062 0.7708333
vt 0.3819445 0.8385416
vt 0.3395062 0.7708333
vt 0.3395062 0.7708333
vt 0.3395062 0.7708333
vt 0.3395062 0.7708333
vt 0.3395062 0.2277778
vt 0.3395062 0.7708333
vt 0.3395062 0.2277778
vt 0.3395062 0.2277778
vt 0.3395062 0.2277778
vt 0.3395062 0.2277778
vt 0.3819445 0.1611111
vt 0.3395062 0.2277778
vt 0.3819445 0.1611111
vt 0.3819445 0.1611111
vt 0.3819445 0.1611111
vt 0.3819445 0.1611111
vt 0.5092593 0.1388889
vt 0.3819445 0.1611111
vt 0.5092593 0.1388889
vt 0.5092593 0.1388889
vt 0.5092593 0.1388889
vt 0.5092593 0.1388889
vt 0.6365741 0.1611111
vt 0.5092593 0.1388889
vt 0.6365741 0.1611111
vt 0.6365741 0.1611111
vt 0.6365741 0.1611111
vt 0.6365741 0.1611111
vt 0.6790124 0.2277778
vt 0.6365741 0.1611111
vt 0.6790124 0.2277778
vt 0.6790124 0.2277778
vt 0.6790124 0.2277778
vt 0.6790124 0.2277778
vt 0.6790124 0.3763889
vt 0.6790124 0.2277778
vt 0.6790124 0.3763889
vt 0.6790124 0.3763889
vt 0.6790124 0.3763889
vt 0.6790124 0.3763889
vt 1 0.3763889
vt 0.6790124 0.3763889
vt 1 0.3763889
vt 1 0.3763889
vt 1 0.3763889
vt 1 0.3763889
vt 1 0.2388889
vt 1 0.3763889
vt 1 0.2388889
vt 1 0.2388889
vt 1 0.2388889
vt 1 0.2388889
vt 0.9679784 0.1378472
vt 1 0.2388889
vt 0.9679784 0.1378472
vt 0.9679784 0.1378472
vt 0.9679784 0.1378472
vt 0.9679784 0.1378472
vt 0.8719136 0.0625
vt 0.9679784 0.1378472
vt 0.8719136 0.0625
vt 0.8719136 0.0625
vt 0.8719136 0.0625
vt 0.8719136 0.0625
vt 0.714892 0.015625
vt 0.8719136 0.0625
vt 0.714892 0.015625
vt 0.714892 0.015625
vt 0.714892 0.015625
vt 0.714892 0.015625
vt 0.5 0
vt 0.714892 0.015625
vt 0.5 0
vt 0.5 0
vt 0.5 0
vt 0.5 0
vt 0.285108 0.015625
vt 0.5 0
vt 0.285108 0.015625
vt 0.285108 0.015625
vt 0.285108 0.015625
vt 0.285108 0.015625
vt 0.1280864 0.0625
vt 0.285108 0.015625
vt 0.1280864 0.0625
vt 0.1280864 0.0625
vt 0 1
vt 1 1
vt 1 0.8571428
vt 0 1
vt 1 0.8571428
vt 0.3666667 0.8571428
vt 0 1
vt 0.3666667 0.8571428
vt 0.3666667 0.5928571
vt 0.3666667 0.5928571
vt 0.87 0.5928571
vt 0.87 0.45
vt 0.3666667 0.5928571
vt 0.87 0.45
vt 0.3666667 0.45
vt 0.3666667 0.5928571
vt 0.3666667 0.45
vt 0.3666667 0.1428571
vt 0.3666667 0.1428571
vt 1 0.1428571
vt 1 0
vt 0.3666667 0.1428571
vt 1 0
vt 0 0
vt 0.3666667 0.1428571
vt 0 0
vt 0 1
vt 0 1
vt 0.3666667 0.5928571
vt 0.3666667 0.1428571
vt 1 0.8571428
vt 1 1
vt 0 1
vt 0.3666667 0.8571428
vt 1 0.8571428
vt 0 1
vt 0.3666667 0.5928571
vt 0.3666667 0.8571428
vt 0 1
vt 0.87 0.45
vt 0.87 0.5928571
vt 0.3666667 0.5928571
vt 0.3666667 0.45
vt 0.87 0.45
vt 0.3666667 0.5928571
vt 0.3666667 0.1428571
vt 0.3666667 0.45
vt 0.3666667 0.5928571
vt 1 0
vt 1 0.1428571
vt 0.3666667 0.1428571
vt 0 0
vt 1 0
vt 0.3666667 0.1428571
vt 0 1
vt 0 0
vt 0.3666667 0.1428571
vt 0.3666667 0.1428571
vt 0.3666667 0.5928571
vt 0 1
vt 0 1
vt 0 1
vt 1 1
vt 0 1
vt 1 1
vt 1 1
vt 1 1
vt 1 1
vt 1 0.8571428
vt 1 1
vt 1 0.8571428
vt 1 0.8571428
vt 1 0.8571428
vt 1 0.8571428
vt 0.3666667 0.8571428
vt 1 0.8571428
vt 0.3666667 0.8571428
vt 0.3666667 0.8571428
vt 0.3666667 0.8571428
vt 0.3666667 0.8571428
vt 0.3666667 0.5928571
vt 0.3666667 0.8571428
vt 0.3666667 0.5928571
vt 0.3666667 0.5928571
vt 0.3666667 0.5928571
vt 0.3666667 0.5928571
vt 0.87 0.5928571
vt 0.3666667 0.5928571
vt 0.87 0.5928571
vt 0.87 0.5928571
vt 0.87 0.5928571
vt 0.87 0.5928571
vt 0.87 0.45
vt 0.87 0.5928571
vt 0.87 0.45
vt 0.87 0.45
vt 0.87 0.45
vt 0.87 0.45
vt 0.3666667 0.45
vt 0.87 0.45
vt 0.3666667 0.45
vt 0.3666667 0.45
vt 0.3666667 0.45
vt 0.3666667 0.45
vt 0.3666667 0.1428571
vt 0.3666667 0.45
vt 0.3666667 0.1428571
vt 0.3666667 0.1428571
vt 0.3666667 0.1428571
vt 0.3666667 0.1428571
vt 1 0.1428571
vt 0.3666667 0.1428571
vt 1 0.1428571
vt 1 0.1428571
vt 1 0.1428571
vt 1 0.1428571
vt 1 0
vt 1 0.1428571
vt 1 0
vt 1 0
vt 1 0
vt 1 0
vt 0 0
vt 1 0
vt 0 0
vt 0 0
vt 0 0
vt 0 0
vt 0 1
vt 0 0
vt 0 1
vt 0 1
usemtl Default
f 1251/1251/1251 1250/1250/1250 1249/1249/1249
f 1254/1254/1254 1253/1253/1253 1252/1252/1252
f 1257/1257/1257 1256/1256/1256 1255/1255/1255
f 1260/1260/1260 1259/1259/1259 1258/1258/1258
f 1263/1263/1263 1262/1262/1262 1261/1261/1261
f 1266/1266/1266 1265/1265/1265 1264/1264/1264
f 1269/1269/1269 1268/1268/1268 1267/1267/1267
f 1272/1272/1272 1271/1271/1271 1270/1270/1270
f 1275/1275/1275 1274/1274/1274 1273/1273/1273
f 1278/1278/1278 1277/1277/1277 1276/1276/1276
f 1281/1281/1281 1280/1280/1280 1279/1279/1279
f 1284/1284/1284 1283/1283/1283 1282/1282/1282
f 1287/1287/1287 1286/1286/1286 1285/1285/1285
f 1290/1290/1290 1289/1289/1289 1288/1288/1288
f 1293/1293/1293 1292/1292/1292 1291/1291/1291
f 1296/1296/1296 1295/1295/1295 1294/1294/1294
f 1299/1299/1299 1298/1298/1298 1297/1297/1297
f 1302/1302/1302 1301/1301/1301 1300/1300/1300
f 1305/1305/1305 1304/1304/1304 1303/1303/1303
f 1308/1308/1308 1307/1307/1307 1306/1306/1306
f 1311/1311/1311 1310/1310/1310 1309/1309/1309
f 1314/1314/1314 1313/1313/1313 1312/1312/1312
f 1317/1317/1317 1316/1316/1316 1315/1315/1315
f 1320/1320/1320 1319/1319/1319 1318/1318/1318
f 1323/1323/1323 1322/1322/1322 1321/1321/1321
f 1326/1326/1326 1325/1325/1325 1324/1324/1324
f 1329/1329/1329 1328/1328/1328 1327/1327/1327
f 1332/1332/1332 1331/1331/1331 1330/1330/1330
f 1335/1335/1335 1334/1334/1334 1333/1333/1333
f 1338/1338/1338 1337/1337/1337 1336/1336/1336
f 1341/1341/1341 1340/1340/1340 1339/1339/1339
f 1344/1344/1344 1343/1343/1343 1342/1342/1342
f 1347/1347/1347 1346/1346/1346 1345/1345/1345
f 1350/1350/1350 1349/1349/1349 1348/1348/1348
f 1353/1353/1353 1352/1352/1352 1351/1351/1351
f 1356/1356/1356 1355/1355/1355 1354/1354/1354
f 1359/1359/1359 1358/1358/1358 1357/1357/1357
f 1362/1362/1362 1361/1361/1361 1360/1360/1360
f 1365/1365/1365 1364/1364/1364 1363/1363/1363
f 1368/1368/1368 1367/1367/1367 1366/1366/1366
f 1371/1371/1371 1370/1370/1370 1369/1369/1369
f 1374/1374/1374 1373/1373/1373 1372/1372/1372
f 1377/1377/1377 1376/1376/1376 1375/1375/1375
f 1380/1380/1380 1379/1379/1379 1378/1378/1378
f 1383/1383/1383 1382/1382/1382 1381/1381/1381
f 1386/1386/1386 1385/1385/1385 1384/1384/1384
f 1389/1389/1389 1388/1388/1388 1387/1387/1387
f 1392/1392/1392 1391/1391/1391 1390/1390/1390
f 1395/1395/1395 1394/1394/1394 1393/1393/1393
f 1398/1398/1398 1397/1397/1397 1396/1396/1396
f 1401/1401/1401 1400/1400/1400 1399/1399/1399
f 1404/1404/1404 1403/1403/1403 1402/1402/1402
f 1407/1407/1407 1406/1406/1406 1405/1405/1405
f 1410/1410/1410 1409/1409/1409 1408/1408/1408
f 1413/1413/1413 1412/1412/1412 1411/1411/1411
f 1416/1416/1416 1415/1415/1415 1414/1414/1414
f 1419/1419/1419 1418/1418/1418 1417/1417/1417
f 1422/1422/1422 1421/1421/1421 1420/1420/1420
f 1425/1425/1425 1424/1424/1424 1423/1423/1423
f 1428/1428/1428 1427/1427/1427 1426/1426/1426
f 1431/1431/1431 1430/1430/1430 1429/1429/1429
f 1434/1434/1434 1433/1433/1433 1432/1432/1432
f 1437/1437/1437 1436/1436/1436 1435/1435/1435
f 1440/1440/1440 1439/1439/1439 1438/1438/1438
f 1443/1443/1443 1442/1442/1442 1441/1441/1441
f 1446/1446/1446 1445/1445/1445 1444/1444/1444
f 1449/1449/1449 1448/1448/1448 1447/1447/1447
f 1452/1452/1452 1451/1451/1451 1450/1450/1450
f 1455/1455/1455 1454/1454/1454 1453/1453/1453
f 1458/1458/1458 1457/1457/1457 1456/1456/1456
f 1461/1461/1461 1460/1460/1460 1459/1459/1459
f 1464/1464/1464 1463/1463/1463 1462/1462/1462
f 1467/1467/1467 1466/1466/1466 1465/1465/1465
f 1470/1470/1470 1469/1469/1469 1468/1468/1468
f 1473/1473/1473 1472/1472/1472 1471/1471/1471
f 1476/1476/1476 1475/1475/1475 1474/1474/1474
f 1479/1479/1479 1478/1478/1478 1477/1477/1477
f 1482/1482/1482 1481/1481/1481 1480/1480/1480
f 1485/1485/1485 1484/1484/1484 1483/1483/1483
f 1488/1488/1488 1487/1487/1487 1486/1486/1486
f 1491/1491/1491 1490/1490/1490 1489/1489/1489
f 1494/1494/1494 1493/1493/1493 1492/1492/1492
f 1497/1497/1497 1496/1496/1496 1495/1495/1495
f 1500/1500/1500 1499/1499/1499 1498/1498/1498
f 1503/1503/1503 1502/1502/1502 1501/1501/1501
f 1506/1506/1506 1505/1505/1505 1504/1504/1504
f 1509/1509/1509 1508/1508/1508 1507/1507/1507
f 1512/1512/1512 1511/1511/1511 1510/1510/1510
f 1515/1515/1515 1514/1514/1514 1513/1513/1513
f 1518/1518/1518 1517/1517/1517 1516/1516/1516
f 1521/1521/1521 1520/1520/1520 1519/1519/1519
f 1524/1524/1524 1523/1523/1523 1522/1522/1522
f 1527/1527/1527 1526/1526/1526 1525/1525/1525
f 1530/1530/1530 1529/1529/1529 1528/1528/1528
f 1533/1533/1533 1532/1532/1532 1531/1531/1531
f 1536/1536/1536 1535/1535/1535 1534/1534/1534
f 1539/1539/1539 1538/1538/1538 1537/1537/1537
f 1542/1542/1542 1541/1541/1541 1540/1540/1540
f 1545/1545/1545 1544/1544/1544 1543/1543/1543
f 1548/1548/1548 1547/1547/1547 1546/1546/1546
f 1551/1551/1551 1550/1550/1550 1549/1549/1549
f 1554/1554/1554 1553/1553/1553 1552/1552/1552
f 1557/1557/1557 1556/1556/1556 1555/1555/1555
f 1560/1560/1560 1559/1559/1559 1558/1558/1558
f 1563/1563/1563 1562/1562/1562 1561/1561/1561
f 1566/1566/1566 1565/1565/1565 1564/1564/1564
f 1569/1569/1569 1568/1568/1568 1567/1567/1567
f 1572/1572/1572 1571/1571/1571 1570/1570/1570
f 1575/1575/1575 1574/1574/1574 1573/1573/1573
f 1578/1578/1578 1577/1577/1577 1576/1576/1576
f 1581/1581/1581 1580/1580/1580 1579/1579/1579
f 1584/1584/1584 1583/1583/1583 1582/1582/1582
f 1587/1587/1587 1586/1586/1586 1585/1585/1585
f 1590/1590/1590 1589/1589/1589 1588/1588/1588
f 1593/1593/1593 1592/1592/1592 1591/1591/1591
f 1596/1596/1596 1595/1595/1595 1594/1594/1594
f 1599/1599/1599 1598/1598/1598 1597/1597/1597
f 1602/1602/1602 1601/1601/1601 1600/1600/1600
f 1605/1605/1605 1604/1604/1604 1603/1603/1603
f 1608/1608/1608 1607/1607/1607 1606/1606/1606
f 1611/1611/1611 1610/1610/1610 1609/1609/1609
f 1614/1614/1614 1613/1613/1613 1612/1612/1612
f 1617/1617/1617 1616/1616/1616 1615/1615/1615
f 1620/1620/1620 1619/1619/1619 1618/1618/1618
f 1623/1623/1623 1622/1622/1622 1621/1621/1621
f 1626/1626/1626 1625/1625/1625 1624/1624/1624
f 1629/1629/1629 1628/1628/1628 1627/1627/1627
f 1632/1632/1632 1631/1631/1631 1630/1630/1630
f 1635/1635/1635 1634/1634/1634 1633/1633/1633
f 1638/1638/1638 1637/1637/1637 1636/1636/1636
f 1641/1641/1641 1640/1640/1640 1639/1639/1639
f 1644/1644/1644 1643/1643/1643 1642/1642/1642
f 1647/1647/1647 1646/1646/1646 1645/1645/1645
f 1650/1650/1650 1649/1649/1649 1648/1648/1648
f 1653/1653/1653 1652/1652/1652 1651/1651/1651
f 1656/1656/1656 1655/1655/1655 1654/1654/1654
f 1659/1659/1659 1658/1658/1658 1657/1657/1657
f 1662/1662/1662 1661/1661/1661 1660/1660/1660
f 1665/1665/1665 1664/1664/1664 1663/1663/1663
f 1668/1668/1668 1667/1667/1667 1666/1666/1666
f 1671/1671/1671 1670/1670/1670 1669/1669/1669
f 1674/1674/1674 1673/1673/1673 1672/1672/1672
f 1677/1677/1677 1676/1676/1676 1675/1675/1675
f 1680/1680/1680 1679/1679/1679 1678/1678/1678
f 1683/1683/1683 1682/1682/1682 1681/1681/1681
f 1686/1686/1686 1685/1685/1685 1684/1684/1684
f 1689/1689/1689 1688/1688/1688 1687/1687/1687
f 1692/1692/1692 1691/1691/1691 1690/1690/1690
f 1695/1695/1695 1694/1694/1694 1693/1693/1693
f 1698/1698/1698 1697/1697/1697 1696/1696/1696
f 1701/1701/1701 1700/1700/1700 1699/1699/1699
f 1704/1704/1704 1703/1703/1703 1702/1702/1702
f 1707/1707/1707 1706/1706/1706 1705/1705/1705
f 1710/1710/1710 1709/1709/1709 1708/1708/1708
f 1713/1713/1713 1712/1712/1712 1711/1711/1711
f 1716/1716/1716 1715/1715/1715 1714/1714/1714
f 1719/1719/1719 1718/1718/1718 1717/1717/1717
f 1722/1722/1722 1721/1721/1721 1720/1720/1720
f 1725/1725/1725 1724/1724/1724 1723/1723/1723
f 1728/1728/1728 1727/1727/1727 1726/1726/1726
f 1731/1731/1731 1730/1730/1730 1729/1729/1729
f 1734/1734/1734 1733/1733/1733 1732/1732/1732
f 1737/1737/1737 1736/1736/1736 1735/1735/1735
f 1740/1740/1740 1739/1739/1739 1738/1738/1738
f 1743/1743/1743 1742/1742/1742 1741/1741/1741
f 1746/1746/1746 1745/1745/1745 1744/1744/1744
f 1749/1749/1749 1748/1748/1748 1747/1747/1747
f 1752/1752/1752 1751/1751/1751 1750/1750/1750
f 1755/1755/1755 1754/1754/1754 1753/1753/1753
f 1758/1758/1758 1757/1757/1757 1756/1756/1756
f 1761/1761/1761 1760/1760/1760 1759/1759/1759
f 1764/1764/1764 1763/1763/1763 1762/1762/1762
f 1767/1767/1767 1766/1766/1766 1765/1765/1765
f 1770/1770/1770 1769/1769/1769 1768/1768/1768
f 1773/1773/1773 1772/1772/1772 1771/1771/1771
f 1776/1776/1776 1775/1775/1775 1774/1774/1774
f 1779/1779/1779 1778/1778/1778 1777/1777/1777
f 1782/1782/1782 1781/1781/1781 1780/1780/1780
f 1785/1785/1785 1784/1784/1784 1783/1783/1783
f 1788/1788/1788 1787/1787/1787 1786/1786/1786
f 1791/1791/1791 1790/1790/1790 1789/1789/1789
f 1794/1794/1794 1793/1793/1793 1792/1792/1792
f 1797/1797/1797 1796/1796/1796 1795/1795/1795
f 1800/1800/1800 1799/1799/1799 1798/1798/1798
f 1803/1803/1803 1802/1802/1802 1801/1801/1801
f 1806/1806/1806 1805/1805/1805 1804/1804/1804
f 1809/1809/1809 1808/1808/1808 1807/1807/1807
f 1812/1812/1812 1811/1811/1811 1810/1810/1810
f 1815/1815/1815 1814/1814/1814 1813/1813/1813
f 1818/1818/1818 1817/1817/1817 1816/1816/1816
f 1821/1821/1821 1820/1820/1820 1819/1819/1819
f 1824/1824/1824 1823/1823/1823 1822/1822/1822
f 1827/1827/1827 1826/1826/1826 1825/1825/1825
f 1830/1830/1830 1829/1829/1829 1828/1828/1828
f 1833/1833/1833 1832/1832/1832 1831/1831/1831
f 1836/1836/1836 1835/1835/1835 1834/1834/1834
f 1839/1839/1839 1838/1838/1838 1837/1837/1837
f 1842/1842/1842 1841/1841/1841 1840/1840/1840
f 1845/1845/1845 1844/1844/1844 1843/1843/1843
f 1848/1848/1848 1847/1847/1847 1846/1846/1846
f 1851/1851/1851 1850/1850/1850 1849/1849/1849
f 1854/1854/1854 1853/1853/1853 1852/1852/1852
f 1857/1857/1857 1856/1856/1856 1855/1855/1855
f 1860/1860/1860 1859/1859/1859 1858/1858/1858
f 1863/1863/1863 1862/1862/1862 1861/1861/1861
f 1866/1866/1866 1865/1865/1865 1864/1864/1864
f 1869/1869/1869 1868/1868/1868 1867/1867/1867
f 1872/1872/1872 1871/1871/1871 1870/1870/1870
f 1875/1875/1875 1874/1874/1874 1873/1873/1873
f 1878/1878/1878 1877/1877/1877 1876/1876/1876
f 1881/1881/1881 1880/1880/1880 1879/1879/1879
f 1884/1884/1884 1883/1883/1883 1882/1882/1882
f 1887/1887/1887 1886/1886/1886 1885/1885/1885
f 1890/1890/1890 1889/1889/1889 1888/1888/1888
f 1893/1893/1893 1892/1892/1892 1891/1891/1891
f 1896/1896/1896 1895/1895/1895 1894/1894/1894
f 1899/1899/1899 1898/1898/1898 1897/1897/1897
f 1902/1902/1902 1901/1901/1901 1900/1900/1900
f 1905/1905/1905 1904/1904/1904 1903/1903/1903
f 1908/1908/1908 1907/1907/1907 1906/1906/1906
f 1911/1911/1911 1910/1910/1910 1909/1909/1909
f 1914/1914/1914 1913/1913/1913 1912/1912/1912
f 1917/1917/1917 1916/1916/1916 1915/1915/1915
f 1920/1920/1920 1919/1919/1919 1918/1918/1918
f 1923/1923/1923 1922/1922/1922 1921/1921/1921
f 1926/1926/1926 1925/1925/1925 1924/1924/1924
f 1929/1929/1929 1928/1928/1928 1927/1927/1927
f 1932/1932/1932 1931/1931/1931 1930/1930/1930
f 1935/1935/1935 1934/1934/1934 1933/1933/1933
f 1938/1938/1938 1937/1937/1937 1936/1936/1936
f 1941/1941/1941 1940/1940/1940 1939/1939/1939
f 1944/1944/1944 1943/1943/1943 1942/1942/1942
f 1947/1947/1947 1946/1946/1946 1945/1945/1945
f 1950/1950/1950 1949/1949/1949 1948/1948/1948
f 1953/1953/1953 1952/1952/1952 1951/1951/1951
f 1956/1956/1956 1955/1955/1955 1954/1954/1954
f 1959/1959/1959 1958/1958/1958 1957/1957/1957
f 1962/1962/1962 1961/1961/1961 1960/1960/1960
f 1965/1965/1965 1964/1964/1964 1963/1963/1963
f 1968/1968/1968 1967/1967/1967 1966/1966/1966
f 1971/1971/1971 1970/1970/1970 1969/1969/1969
f 1974/1974/1974 1973/1973/1973 1972/1972/1972
f 1977/1977/1977 1976/1976/1976 1975/1975/1975
f 1980/1980/1980 1979/1979/1979 1978/1978/1978
f 1983/1983/1983 1982/1982/1982 1981/1981/1981
f 1986/1986/1986 1985/1985/1985 1984/1984/1984
f 1989/1989/1989 1988/1988/1988 1987/1987/1987
f 1992/1992/1992 1991/1991/1991 1990/1990/1990
f 1995/1995/1995 1994/1994/1994 1993/1993/1993
f 1998/1998/1998 1997/1997/1997 1996/1996/1996
f 2001/2001/2001 2000/2000/2000 1999/1999/1999
f 2004/2004/2004 2003/2003/2003 2002/2002/2002
f 2007/2007/2007 2006/2006/2006 2005/2005/2005
f 2010/2010/2010 2009/2009/2009 2008/2008/2008
f 2013/2013/2013 2012/2012/2012 2011/2011/2011
f 2016/2016/2016 2015/2015/2015 2014/2014/2014
f 2019/2019/2019 2018/2018/2018 2017/2017/2017
f 2022/2022/2022 2021/2021/2021 2020/2020/2020
f 2025/2025/2025 2024/2024/2024 2023/2023/2023
f 2028/2028/2028 2027/2027/2027 2026/2026/2026
f 2031/2031/2031 2030/2030/2030 2029/2029/2029
f 2034/2034/2034 2033/2033/2033 2032/2032/2032
f 2037/2037/2037 2036/2036/2036 2035/2035/2035
f 2040/2040/2040 2039/2039/2039 2038/2038/2038
f 2043/2043/2043 2042/2042/2042 2041/2041/2041
f 2046/2046/2046 2045/2045/2045 2044/2044/2044
f 2049/2049/2049 2048/2048/2048 2047/2047/2047
f 2052/2052/2052 2051/2051/2051 2050/2050/2050
f 2055/2055/2055 2054/2054/2054 2053/2053/2053
f 2058/2058/2058 2057/2057/2057 2056/2056/2056
f 2061/2061/2061 2060/2060/2060 2059/2059/2059
f 2064/2064/2064 2063/2063/2063 2062/2062/2062
f 2067/2067/2067 2066/2066/2066 2065/2065/2065
f 2070/2070/2070 2069/2069/2069 2068/2068/2068
f 2073/2073/2073 2072/2072/2072 2071/2071/2071
f 2076/2076/2076 2075/2075/2075 2074/2074/2074
f 2079/2079/2079 2078/2078/2078 2077/2077/2077
f 2082/2082/2082 2081/2081/2081 2080/2080/2080
f 2085/2085/2085 2084/2084/2084 2083/2083/2083
f 2088/2088/2088 2087/2087/2087 2086/2086/2086
f 2091/2091/2091 2090/2090/2090 2089/2089/2089
f 2094/2094/2094 2093/2093/2093 2092/2092/2092
f 2097/2097/2097 2096/2096/2096 2095/2095/2095
f 2100/2100/2100 2099/2099/2099 2098/2098/2098
f 2103/2103/2103 2102/2102/2102 2101/2101/2101
f 2106/2106/2106 2105/2105/2105 2104/2104/2104
f 2109/2109/2109 2108/2108/2108 2107/2107/2107
f 2112/2112/2112 2111/2111/2111 2110/2110/2110
f 2115/2115/2115 2114/2114/2114 2113/2113/2113
f 2118/2118/2118 2117/2117/2117 2116/2116/2116
f 2121/2121/2121 2120/2120/2120 2119/2119/2119
f 2124/2124/2124 2123/2123/2123 2122/2122/2122
f 2127/2127/2127 2126/2126/2126 2125/2125/2125
f 2130/2130/2130 2129/2129/2129 2128/2128/2128
f 2133/2133/2133 2132/2132/2132 2131/2131/2131
f 2136/2136/2136 2135/2135/2135 2134/2134/2134
f 2139/2139/2139 2138/2138/2138 2137/2137/2137
f 2142/2142/2142 2141/2141/2141 2140/2140/2140
f 2145/2145/2145 2144/2144/2144 2143/2143/2143
f 2148/2148/2148 2147/2147/2147 2146/2146/2146
f 2151/2151/2151 2150/2150/2150 2149/2149/2149
f 2154/2154/2154 2153/2153/2153 2152/2152/2152
f 2157/2157/2157 2156/2156/2156 2155/2155/2155
f 2160/2160/2160 2159/2159/2159 2158/2158/2158
f 2163/2163/2163 2162/2162/2162 2161/2161/2161
f 2166/2166/2166 2165/2165/2165 2164/2164/2164
f 2169/2169/2169 2168/2168/2168 2167/2167/2167
f 2172/2172/2172 2171/2171/2171 2170/2170/2170
f 2175/2175/2175 2174/2174/2174 2173/2173/2173
f 2178/2178/2178 2177/2177/2177 2176/2176/2176
f 2181/2181/2181 2180/2180/2180 2179/2179/2179
f 2184/2184/2184 2183/2183/2183 2182/2182/2182
f 2187/2187/2187 2186/2186/2186 2185/2185/2185
f 2190/2190/2190 2189/2189/2189 2188/2188/2188
f 2193/2193/2193 2192/2192/2192 2191/2191/2191
f 2196/2196/2196 2195/2195/2195 2194/2194/2194
f 2199/2199/2199 2198/2198/2198 2197/2197/2197
f 2202/2202/2202 2201/2201/2201 2200/2200/2200
f 2205/2205/2205 2204/2204/2204 2203/2203/2203
f 2208/2208/2208 2207/2207/2207 2206/2206/2206
f 2211/2211/2211 2210/2210/2210 2209/2209/2209
f 2214/2214/2214 2213/2213/2213 2212/2212/2212
f 2217/2217/2217 2216/2216/2216 2215/2215/2215
f 2220/2220/2220 2219/2219/2219 2218/2218/2218
f 2223/2223/2223 2222/2222/2222 2221/2221/2221
f 2226/2226/2226 2225/2225/2225 2224/2224/2224
f 2229/2229/2229 2228/2228/2228 2227/2227/2227
f 2232/2232/2232 2231/2231/2231 2230/2230/2230
f 2235/2235/2235 2234/2234/2234 2233/2233/2233
f 2238/2238/2238 2237/2237/2237 2236/2236/2236
f 2241/2241/2241 2240/2240/2240 2239/2239/2239
f 2244/2244/2244 2243/2243/2243 2242/2242/2242
f 2247/2247/2247 2246/2246/2246 2245/2245/2245
f 2250/2250/2250 2249/2249/2249 2248/2248/2248
f 2253/2253/2253 2252/2252/2252 2251/2251/2251
f 2256/2256/2256 2255/2255/2255 2254/2254/2254
f 2259/2259/2259 2258/2258/2258 2257/2257/2257
f 2262/2262/2262 2261/2261/2261 2260/2260/2260
f 2265/2265/2265 2264/2264/2264 2263/2263/2263
f 2268/2268/2268 2267/2267/2267 2266/2266/2266
f 2271/2271/2271 2270/2270/2270 2269/2269/2269
f 2274/2274/2274 2273/2273/2273 2272/2272/2272
f 2277/2277/2277 2276/2276/2276 2275/2275/2275
f 2280/2280/2280 2279/2279/2279 2278/2278/2278
f 2283/2283/2283 2282/2282/2282 2281/2281/2281
f 2286/2286/2286 2285/2285/2285 2284/2284/2284
f 2289/2289/2289 2288/2288/2288 2287/2287/2287
f 2292/2292/2292 2291/2291/2291 2290/2290/2290
f 2295/2295/2295 2294/2294/2294 2293/2293/2293
f 2298/2298/2298 2297/2297/2297 2296/2296/2296
f 2301/2301/2301 2300/2300/2300 2299/2299/2299
f 2304/2304/2304 2303/2303/2303 2302/2302/2302
f 2307/2307/2307 2306/2306/2306 2305/2305/2305
f 2310/2310/2310 2309/2309/2309 2308/2308/2308
f 2313/2313/2313 2312/2312/2312 2311/2311/2311
f 2316/2316/2316 2315/2315/2315 2314/2314/2314
f 2319/2319/2319 2318/2318/2318 2317/2317/2317
f 2322/2322/2322 2321/2321/2321 2320/2320/2320
f 2325/2325/2325 2324/2324/2324 2323/2323/2323
f 2328/2328/2328 2327/2327/2327 2326/2326/2326
f 2331/2331/2331 2330/2330/2330 2329/2329/2329
f 2334/2334/2334 2333/2333/2333 2332/2332/2332
f 2337/2337/2337 2336/2336/2336 2335/2335/2335
f 2340/2340/2340 2339/2339/2339 2338/2338/2338
f 2343/2343/2343 2342/2342/2342 2341/2341/2341
f 2346/2346/2346 2345/2345/2345 2344/2344/2344
f 2349/2349/2349 2348/2348/2348 2347/2347/2347
f 2352/2352/2352 2351/2351/2351 2350/2350/2350
f 2355/2355/2355 2354/2354/2354 2353/2353/2353
f 2358/2358/2358 2357/2357/2357 2356/2356/2356
f 2361/2361/2361 2360/2360/2360 2359/2359/2359
f 2364/2364/2364 2363/2363/2363 2362/2362/2362
f 2367/2367/2367 2366/2366/2366 2365/2365/2365
f 2370/2370/2370 2369/2369/2369 2368/2368/2368
f 2373/2373/2373 2372/2372/2372 2371/2371/2371
f 2376/2376/2376 2375/2375/2375 2374/2374/2374
f 2379/2379/2379 2378/2378/2378 2377/2377/2377
f 2382/2382/2382 2381/2381/2381 2380/2380/2380
f 2385/2385/2385 2384/2384/2384 2383/2383/2383
f 2388/2388/2388 2387/2387/2387 2386/2386/2386
f 2391/2391/2391 2390/2390/2390 2389/2389/2389
f 2394/2394/2394 2393/2393/2393 2392/2392/2392
f 2397/2397/2397 2396/2396/2396 2395/2395/2395
f 2400/2400/2400 2399/2399/2399 2398/2398/2398
f 2403/2403/2403 2402/2402/2402 2401/2401/2401
f 2406/2406/2406 2405/2405/2405 2404/2404/2404
f 2409/2409/2409 2408/2408/2408 2407/2407/2407
f 2412/2412/2412 2411/2411/2411 2410/2410/2410
f 2415/2415/2415 2414/2414/2414 2413/2413/2413
f 2418/2418/2418 2417/2417/2417 2416/2416/2416
f 2421/2421/2421 2420/2420/2420 2419/2419/2419
f 2424/2424/2424 2423/2423/2423 2422/2422/2422
f 2427/2427/2427 2426/2426/2426 2425/2425/2425
f 2430/2430/2430 2429/2429/2429 2428/2428/2428
f 2433/2433/2433 2432/2432/2432 2431/2431/2431
f 2436/2436/2436 2435/2435/2435 2434/2434/2434
f 2439/2439/2439 2438/2438/2438 2437/2437/2437
f 2442/2442/2442 2441/2441/2441 2440/2440/2440
f 2445/2445/2445 2444/2444/2444 2443/2443/2443
f 2448/2448/2448 2447/2447/2447 2446/2446/2446
f 2451/2451/2451 2450/2450/2450 2449/2449/2449
f 2454/2454/2454 2453/2453/2453 2452/2452/2452
f 2457/2457/2457 2456/2456/2456 2455/2455/2455
f 2460/2460/2460 2459/2459/2459 2458/2458/2458
f 2463/2463/2463 2462/2462/2462 2461/2461/2461
f 2466/2466/2466 2465/2465/2465 2464/2464/2464
f 2469/2469/2469 2468/2468/2468 2467/2467/2467
f 2472/2472/2472 2471/2471/2471 2470/2470/2470
f 2475/2475/2475 2474/2474/2474 2473/2473/2473
f 2478/2478/2478 2477/2477/2477 2476/2476/2476
f 2481/2481/2481 2480/2480/2480 2479/2479/2479
f 2484/2484/2484 2483/2483/2483 2482/2482/2482
f 2487/2487/2487 2486/2486/2486 2485/2485/2485
f 2490/2490/2490 2489/2489/2489 2488/2488/2488
f 2493/2493/2493 2492/2492/2492 2491/2491/2491
f 2496/2496/2496 2495/2495/2495 2494/2494/2494
o #E74C3C
v 0.8306215 1.40767 -0.4374551
v 0.8306215 1.710318 -0.4374551
v 0.274012 1.840617 -0.4374551
v 0.274012 1.40767 -0.4374551
v 0.274012 1.40767 -0.09956938
v 0.274012 1.840617 -0.09956938
v 0.8306215 1.710318 -0.09956938
v 0.8306215 1.40767 -0.09956938
v 0.8306215 1.40767 -0.09956938
v 0.8306215 1.710318 -0.09956938
v 0.8306215 1.710318 -0.4374551
v 0.8306215 1.40767 -0.4374551
v 0.274012 1.40767 -0.4374551
v 0.274012 1.840617 -0.4374551
v 0.274012 1.840617 -0.09956938
v 0.274012 1.40767 -0.09956938
v 0.8306215 1.710318 -0.4374551
v 0.8306215 1.710318 -0.09956938
v 0.274012 1.840617 -0.09956938
v 0.274012 1.840617 -0.4374551
v 0.274012 1.40767 -0.4374551
v 0.274012 1.40767 -0.09956938
v 0.8306215 1.40767 -0.09956938
v 0.8306215 1.40767 -0.4374551
vn 0 0 -1
vn 0 0 -1
vn 0 0 -1
vn 0 0 -1
vn 0 0 1
vn 0 0 1
vn 0 0 1
vn 0 0 1
vn 1 0 0
vn 1 0 0
vn 1 0 0
vn 1 0 0
vn -1 0 0
vn -1 0 0
vn -1 0 0
vn -1 0 0
vn 0.227933 0.9736768 0
vn 0.227933 0.9736768 0
vn 0.227933 0.9736768 0
vn 0.227933 0.9736768 0
vn 0 -1 0
vn 0 -1 0
vn 0 -1 0
vn 0 -1 0
vt 0 0
vt 0 1
vt 1 1
vt 1 0
vt 0 0
vt 0 1
vt 1 1
vt 1 0
vt 0 0
vt 0 1
vt 1 1
vt 1 0
vt 0 0
vt 0 1
vt 1 1
vt 1 0
vt 0 0
vt 0 1
vt 1 1
vt 1 0
vt 0 0
vt 0 1
vt 1 1
vt 1 0
usemtl Material
f 2499/2499/2499 2498/2498/2498 2497/2497/2497
f 2499/2499/2499 2497/2497/2497 2500/2500/2500
f 2503/2503/2503 2502/2502/2502 2501/2501/2501
f 2503/2503/2503 2501/2501/2501 2504/2504/2504
f 2507/2507/2507 2506/2506/2506 2505/2505/2505
f 2507/2507/2507 2505/2505/2505 2508/2508/2508
f 2511/2511/2511 2510/2510/2510 2509/2509/2509
f 2511/2511/2511 2509/2509/2509 2512/2512/2512
f 2515/2515/2515 2514/2514/2514 2513/2513/2513
f 2515/2515/2515 2513/2513/2513 2516/2516/2516
f 2519/2519/2519 2518/2518/2518 2517/2517/2517
f 2519/2519/2519 2517/2517/2517 2520/2520/2520
o #3298DB
v -0.2685961 1.40767 -0.4374551
v -0.2685961 1.840617 -0.4374551
v -0.8252056 1.710318 -0.4374551
v -0.8252056 1.40767 -0.4374551
v -0.8252056 1.40767 -0.09956938
v -0.8252056 1.710318 -0.09956938
v -0.2685961 1.840617 -0.09956938
v -0.2685961 1.40767 -0.09956938
v -0.2685961 1.40767 -0.09956938
v -0.2685961 1.840617 -0.09956938
v -0.2685961 1.840617 -0.4374551
v -0.2685961 1.40767 -0.4374551
v -0.8252056 1.40767 -0.4374551
v -0.8252056 1.710318 -0.4374551
v -0.8252056 1.710318 -0.09956938
v -0.8252056 1.40767 -0.09956938
v -0.2685961 1.840617 -0.4374551
v -0.2685961 1.840617 -0.09956938
v -0.8252056 1.710318 -0.09956938
v -0.8252056 1.710318 -0.4374551
v -0.8252056 1.40767 -0.4374551
v -0.8252056 1.40767 -0.09956938
v -0.2685961 1.40767 -0.09956938
v -0.2685961 1.40767 -0.4374551
vn 0 0 -1
vn 0 0 -1
vn 0 0 -1
vn 0 0 -1
vn 0 0 1
vn 0 0 1
vn 0 0 1
vn 0 0 1
vn 1 0 0
vn 1 0 0
vn 1 0 0
vn 1 0 0
vn -1 0 0
vn -1 0 0
vn -1 0 0
vn -1 0 0
vn -0.227933 0.9736768 0
vn -0.227933 0.9736768 0
vn -0.227933 0.9736768 0
vn -0.227933 0.9736768 0
vn 0 -1 0
vn 0 -1 0
vn 0 -1 0
vn 0 -1 0
vt 0 0
vt 0 1
vt 1 1
vt 1 0
vt 0 0
vt 0 1
vt 1 1
vt 1 0
vt 0 0
vt 0 1
vt 1 1
vt 1 0
vt 0 0
vt 0 1
vt 1 1
vt 1 0
vt 0 0
vt 0 1
vt 1 1
vt 1 0
vt 0 0
vt 0 1
vt 1 1
vt 1 0
usemtl Material 1
f 2523/2523/2523 2522/2522/2522 2521/2521/2521
f 2523/2523/2523 2521/2521/2521 2524/2524/2524
f 2527/2527/2527 2526/2526/2526 2525/2525/2525
f 2527/2527/2527 2525/2525/2525 2528/2528/2528
f 2531/2531/2531 2530/2530/2530 2529/2529/2529
f 2531/2531/2531 2529/2529/2529 2532/2532/2532
f 2535/2535/2535 2534/2534/2534 2533/2533/2533
f 2535/2535/2535 2533/2533/2533 2536/2536/2536
f 2539/2539/2539 2538/2538/2538 2537/2537/2537
f 2539/2539/2539 2537/2537/2537 2540/2540/2540
f 2543/2543/2543 2542/2542/2542 2541/2541/2541
f 2543/2543/2543 2541/2541/2541 2544/2544/2544
o #C7C7C7
v 0.2783048 1.40767 -0.4374551
v 0.2783048 1.840617 -0.4374551
v -0.2783048 1.840617 -0.4374551
v -0.2783048 1.40767 -0.4374551
v -0.2783048 1.40767 -0.09956938
v -0.2783048 1.840617 -0.09956938
v 0.2783048 1.840617 -0.09956938
v 0.2783048 1.40767 -0.09956938
v 0.2783048 1.40767 -0.09956938
v 0.2783048 1.840617 -0.09956938
v 0.2783048 1.840617 -0.4374551
v 0.2783048 1.40767 -0.4374551
v -0.2783048 1.40767 -0.4374551
v -0.2783048 1.840617 -0.4374551
v -0.2783048 1.840617 -0.09956938
v -0.2783048 1.40767 -0.09956938
v 0.2783048 1.840617 -0.4374551
v 0.2783048 1.840617 -0.09956938
v -0.2783048 1.840617 -0.09956938
v -0.2783048 1.840617 -0.4374551
v -0.2783048 1.40767 -0.4374551
v -0.2783048 1.40767 -0.09956938
v 0.2783048 1.40767 -0.09956938
v 0.2783048 1.40767 -0.4374551
vn 0 0 -1
vn 0 0 -1
vn 0 0 -1
vn 0 0 -1
vn 0 0 1
vn 0 0 1
vn 0 0 1
vn 0 0 1
vn 1 0 0
vn 1 0 0
vn 1 0 0
vn 1 0 0
vn -1 0 0
vn -1 0 0
vn -1 0 0
vn -1 0 0
vn 0 1 0
vn 0 1 0
vn 0 1 0
vn 0 1 0
vn 0 -1 0
vn 0 -1 0
vn 0 -1 0
vn 0 -1 0
vt 0 0
vt 0 1
vt 1 1
vt 1 0
vt 0 0
vt 0 1
vt 1 1
vt 1 0
vt 0 0
vt 0 1
vt 1 1
vt 1 0
vt 0 0
vt 0 1
vt 1 1
vt 1 0
vt 0 0
vt 0 1
vt 1 1
vt 1 0
vt 0 0
vt 0 1
vt 1 1
vt 1 0
usemtl Material 2
f 2547/2547/2547 2546/2546/2546 2545/2545/2545
f 2547/2547/2547 2545/2545/2545 2548/2548/2548
f 2551/2551/2551 2550/2550/2550 2549/2549/2549
f 2551/2551/2551 2549/2549/2549 2552/2552/2552
f 2555/2555/2555 2554/2554/2554 2553/2553/2553
f 2555/2555/2555 2553/2553/2553 2556/2556/2556
f 2559/2559/2559 2558/2558/2558 2557/2557/2557
f 2559/2559/2559 2557/2557/2557 2560/2560/2560
f 2563/2563/2563 2562/2562/2562 2561/2561/2561
f 2563/2563/2563 2561/2561/2561 2564/2564/2564
f 2567/2567/2567 2566/2566/2566 2565/2565/2565
f 2567/2567/2567 2565/2565/2565 2568/2568/2568
o #34495E
v 1.566385 0.7514228 -1.670285
v 1.583801 0.7560912 -1.669527
v 1.585244 0.7510667 -1.689207
v 1.566385 0.7514228 -1.670285
v 1.546159 0.7616578 -1.652705
v 1.579803 0.7706767 -1.651241
v 1.583801 0.7560912 -1.669527
v 1.546159 0.7616578 -1.652705
v 1.525944 0.7810743 -1.637666
v 1.573524 0.7938289 -1.635595
v 1.579803 0.7706767 -1.651241
v 1.525944 0.7810743 -1.637666
v 1.507117 0.8083491 -1.626191
v 1.565391 0.8239703 -1.623654
v 1.573524 0.7938289 -1.635595
v 1.507117 0.8083491 -1.626191
v 1.490963 0.8416235 -1.619063
v 1.555958 0.8590466 -1.616234
v 1.565391 0.8239703 -1.623654
v 1.490963 0.8416235 -1.619063
v 1.478581 0.8786299 -1.616767
v 1.545869 0.8966677 -1.613838
v 1.555958 0.8590466 -1.616234
v 1.478581 0.8786299 -1.616767
v 1.470815 0.9168463 -1.619461
v 1.53581 0.9342695 -1.616632
v 1.545869 0.8966677 -1.613838
v 1.470815 0.9168463 -1.619461
v 1.468195 0.9536684 -1.62696
v 1.526469 0.9692895 -1.624424
v 1.53581 0.9342695 -1.616632
v 1.468195 0.9536684 -1.62696
v 1.4709 0.9865867 -1.638754
v 1.51848 0.9993414 -1.636683
v 1.526469 0.9692895 -1.624424
v 1.4709 0.9865867 -1.638754
v 1.478744 1.013358 -1.654038
v 1.512388 1.022377 -1.652574
v 1.51848 0.9993414 -1.636683
v 1.478744 1.013358 -1.654038
v 1.491194 1.032158 -1.671772
v 1.508609 1.036827 -1.671014
v 1.512388 1.022377 -1.652574
v 1.491194 1.032158 -1.671772
v 1.507401 1.041705 -1.690746
v 1.508609 1.036827 -1.671014
v 1.550165 0.7470674 -1.672335
v 1.566385 0.7514228 -1.670285
v 1.585244 0.7510667 -1.689207
v 1.550165 0.7470674 -1.672335
v 1.514823 0.7532439 -1.656664
v 1.546159 0.7616578 -1.652705
v 1.566385 0.7514228 -1.670285
v 1.514823 0.7532439 -1.656664
v 1.481628 0.7691752 -1.643264
v 1.525944 0.7810743 -1.637666
v 1.546159 0.7616578 -1.652705
v 1.481628 0.7691752 -1.643264
v 1.452842 0.7937758 -1.633048
v 1.507117 0.8083491 -1.626191
v 1.525944 0.7810743 -1.637666
v 1.452842 0.7937758 -1.633048
v 1.430426 0.8253691 -1.626711
v 1.490963 0.8416235 -1.619063
v 1.507117 0.8083491 -1.626191
v 1.430426 0.8253691 -1.626711
v 1.415909 0.8618021 -1.624685
v 1.478581 0.8786299 -1.616767
v 1.490963 0.8416235 -1.619063
v 1.415909 0.8618021 -1.624685
v 1.410279 0.9005919 -1.627109
v 1.470815 0.9168463 -1.619461
v 1.478581 0.8786299 -1.616767
v 1.410279 0.9005919 -1.627109
v 1.41392 0.9390951 -1.633817
v 1.468195 0.9536684 -1.62696
v 1.470815 0.9168463 -1.619461
v 1.41392 0.9390951 -1.633817
v 1.426584 0.9746878 -1.644352
v 1.4709 0.9865867 -1.638754
v 1.468195 0.9536684 -1.62696
v 1.426584 0.9746878 -1.644352
v 1.447408 1.004944 -1.657997
v 1.478744 1.013358 -1.654038
v 1.4709 0.9865867 -1.638754
v 1.447408 1.004944 -1.657997
v 1.474973 1.027803 -1.673821
v 1.491194 1.032158 -1.671772
v 1.478744 1.013358 -1.654038
v 1.474973 1.027803 -1.673821
v 1.507401 1.041705 -1.690746
v 1.491194 1.032158 -1.671772
v 1.536244 0.7433221 -1.675535
v 1.550165 0.7470674 -1.672335
v 1.585244 0.7510667 -1.689207
v 1.536244 0.7433221 -1.675535
v 1.487931 0.7460084 -1.662848
v 1.514823 0.7532439 -1.656664
v 1.550165 0.7470674 -1.672335
v 1.487931 0.7460084 -1.662848
v 1.443597 0.7589427 -1.652009
v 1.481628 0.7691752 -1.643264
v 1.514823 0.7532439 -1.656664
v 1.443597 0.7589427 -1.652009
v 1.406263 0.7812436 -1.643758
v 1.452842 0.7937758 -1.633048
v 1.481628 0.7691752 -1.643264
v 1.406263 0.7812436 -1.643758
v 1.378475 0.8113913 -1.638656
v 1.430426 0.8253691 -1.626711
v 1.452842 0.7937758 -1.633048
v 1.378475 0.8113913 -1.638656
v 1.362125 0.8473312 -1.637052
v 1.415909 0.8618021 -1.624685
v 1.430426 0.8253691 -1.626711
v 1.362125 0.8473312 -1.637052
v 1.358327 0.8866141 -1.639055
v 1.410279 0.9005919 -1.627109
v 1.415909 0.8618021 -1.624685
v 1.358327 0.8866141 -1.639055
v 1.367342 0.9265629 -1.644527
v 1.41392 0.9390951 -1.633817
v 1.410279 0.9005919 -1.627109
v 1.367342 0.9265629 -1.644527
v 1.388553 0.9644552 -1.653097
v 1.426584 0.9746878 -1.644352
v 1.41392 0.9390951 -1.633817
v 1.388553 0.9644552 -1.653097
v 1.420516 0.9977088 -1.664181
v 1.447408 1.004944 -1.657997
v 1.426584 0.9746878 -1.644352
v 1.420516 0.9977088 -1.664181
v 1.461053 1.024057 -1.677022
v 1.474973 1.027803 -1.673821
v 1.447408 1.004944 -1.657997
v 1.461053 1.024057 -1.677022
v 1.507401 1.041705 -1.690746
v 1.474973 1.027803 -1.673821
v 1.525573 0.7404419 -1.67967
v 1.536244 0.7433221 -1.675535
v 1.585244 0.7510667 -1.689207
v 1.525573 0.7404419 -1.67967
v 1.467315 0.7404445 -1.670835
v 1.487931 0.7460084 -1.662848
v 1.536244 0.7433221 -1.675535
v 1.467315 0.7404445 -1.670835
v 1.414442 0.7510741 -1.663305
v 1.443597 0.7589427 -1.652009
v 1.487931 0.7460084 -1.662848
v 1.414442 0.7510741 -1.663305
v 1.370556 0.7716066 -1.657592
v 1.406263 0.7812436 -1.643758
v 1.443597 0.7589427 -1.652009
v 1.370556 0.7716066 -1.657592
v 1.338648 0.8006425 -1.654086
v 1.378475 0.8113913 -1.638656
v 1.406263 0.7812436 -1.643758
v 1.338648 0.8006425 -1.654086
v 1.320893 0.8362033 -1.653026
v 1.362125 0.8473312 -1.637052
v 1.378475 0.8113913 -1.638656
v 1.320893 0.8362033 -1.653026
v 1.318501 0.8758653 -1.654484
v 1.358327 0.8866141 -1.639055
v 1.362125 0.8473312 -1.637052
v 1.318501 0.8758653 -1.654484
v 1.331634 0.9169258 -1.658361
v 1.367342 0.9265629 -1.644527
v 1.358327 0.8866141 -1.639055
v 1.331634 0.9169258 -1.658361
v 1.359398 0.9565866 -1.664393
v 1.388553 0.9644552 -1.653097
v 1.367342 0.9265629 -1.644527
v 1.359398 0.9565866 -1.664393
v 1.3999 0.9921448 -1.672168
v 1.420516 0.9977088 -1.664181
v 1.388553 0.9644552 -1.653097
v 1.3999 0.9921448 -1.672168
v 1.450381 1.021177 -1.681156
v 1.461053 1.024057 -1.677022
v 1.420516 0.9977088 -1.664181
v 1.450381 1.021177 -1.681156
v 1.507401 1.041705 -1.690746
v 1.461053 1.024057 -1.677022
v 1.518878 0.7386233 -1.684456
v 1.525573 0.7404419 -1.67967
v 1.585244 0.7510667 -1.689207
v 1.518878 0.7386233 -1.684456
v 1.454381 0.7369312 -1.680081
v 1.467315 0.7404445 -1.670835
v 1.525573 0.7404419 -1.67967
v 1.454381 0.7369312 -1.680081
v 1.39615 0.7461056 -1.676381
v 1.414442 0.7510741 -1.663305
v 1.467315 0.7404445 -1.670835
v 1.39615 0.7461056 -1.676381
v 1.348153 0.7655214 -1.673607
v 1.370556 0.7716066 -1.657592
v 1.414442 0.7510741 -1.663305
v 1.348153 0.7655214 -1.673607
v 1.313661 0.7938554 -1.671948
v 1.338648 0.8006425 -1.654086
v 1.370556 0.7716066 -1.657592
v 1.313661 0.7938554 -1.671948
v 1.295024 0.8291767 -1.671518
v 1.320893 0.8362033 -1.653026
v 1.338648 0.8006425 -1.654086
v 1.295024 0.8291767 -1.671518
v 1.293514 0.8690782 -1.672346
v 1.318501 0.8758653 -1.654484
v 1.320893 0.8362033 -1.653026
v 1.293514 0.8690782 -1.672346
v 1.309231 0.9108407 -1.674376
v 1.331634 0.9169258 -1.658361
v 1.318501 0.8758653 -1.654484
v 1.309231 0.9108407 -1.674376
v 1.341106 0.9516181 -1.677469
v 1.359398 0.9565866 -1.664393
v 1.331634 0.9169258 -1.658361
v 1.341106 0.9516181 -1.677469
v 1.386966 0.9886315 -1.681414
v 1.3999 0.9921448 -1.672168
v 1.359398 0.9565866 -1.664393
v 1.386966 0.9886315 -1.681414
v 1.443686 1.019359 -1.685942
v 1.450381 1.021177 -1.681156
v 1.3999 0.9921448 -1.672168
v 1.443686 1.019359 -1.685942
v 1.507401 1.041705 -1.690746
v 1.450381 1.021177 -1.681156
v 1.516615 0.7379901 -1.689568
v 1.518878 0.7386233 -1.684456
v 1.585244 0.7510667 -1.689207
v 1.516615 0.7379901 -1.689568
v 1.450009 0.735708 -1.689956
v 1.454381 0.7369312 -1.680081
v 1.518878 0.7386233 -1.684456
v 1.450009 0.735708 -1.689956
v 1.389967 0.7443758 -1.690346
v 1.39615 0.7461056 -1.676381
v 1.454381 0.7369312 -1.680081
v 1.389967 0.7443758 -1.690346
v 1.340581 0.7634028 -1.69071
v 1.348153 0.7655214 -1.673607
v 1.39615 0.7461056 -1.676381
v 1.340581 0.7634028 -1.69071
v 1.305216 0.7914924 -1.691025
v 1.313661 0.7938554 -1.671948
v 1.348153 0.7655214 -1.673607
v 1.305216 0.7914924 -1.691025
v 1.286281 0.8267304 -1.691268
v 1.295024 0.8291767 -1.671518
v 1.313661 0.7938554 -1.671948
v 1.286281 0.8267304 -1.691268
v 1.285068 0.8667153 -1.691423
v 1.293514 0.8690782 -1.672346
v 1.295024 0.8291767 -1.671518
v 1.285068 0.8667153 -1.691423
v 1.301659 0.9087221 -1.69148
v 1.309231 0.9108407 -1.674376
v 1.293514 0.8690782 -1.672346
v 1.301659 0.9087221 -1.69148
v 1.334924 0.9498883 -1.691434
v 1.341106 0.9516181 -1.677469
v 1.309231 0.9108407 -1.674376
v 1.334924 0.9498883 -1.691434
v 1.382594 0.9874084 -1.691289
v 1.386966 0.9886315 -1.681414
v 1.341106 0.9516181 -1.677469
v 1.382594 0.9874084 -1.691289
v 1.441423 1.018726 -1.691054
v 1.443686 1.019359 -1.685942
v 1.386966 0.9886315 -1.681414
v 1.441423 1.018726 -1.691054
v 1.507401 1.041705 -1.690746
v 1.443686 1.019359 -1.685942
v 1.518938 0.7385856 -1.694656
v 1.516615 0.7379901 -1.689568
v 1.585244 0.7510667 -1.689207
v 1.518938 0.7385856 -1.694656
v 1.454498 0.7368583 -1.699787
v 1.450009 0.735708 -1.689956
v 1.516615 0.7379901 -1.689568
v 1.454498 0.7368583 -1.699787
v 1.396316 0.7460026 -1.704249
v 1.389967 0.7443758 -1.690346
v 1.450009 0.735708 -1.689956
v 1.396316 0.7460026 -1.704249
v 1.348356 0.7653952 -1.707738
v 1.340581 0.7634028 -1.69071
v 1.389967 0.7443758 -1.690346
v 1.348356 0.7653952 -1.707738
v 1.313888 0.7937146 -1.710017
v 1.305216 0.7914924 -1.691025
v 1.340581 0.7634028 -1.69071
v 1.313888 0.7937146 -1.710017
v 1.295259 0.8290309 -1.71093
v 1.286281 0.8267304 -1.691268
v 1.305216 0.7914924 -1.691025
v 1.295259 0.8290309 -1.71093
v 1.29374 0.8689374 -1.710415
v 1.285068 0.8667153 -1.691423
v 1.286281 0.8267304 -1.691268
v 1.29374 0.8689374 -1.710415
v 1.309434 0.9107144 -1.708508
v 1.301659 0.9087221 -1.69148
v 1.285068 0.8667153 -1.691423
v 1.309434 0.9107144 -1.708508
v 1.341272 0.951515 -1.705337
v 1.334924 0.9498883 -1.691434
v 1.301659 0.9087221 -1.69148
v 1.341272 0.951515 -1.705337
v 1.387083 0.9885587 -1.70112
v 1.382594 0.9874084 -1.691289
v 1.334924 0.9498883 -1.691434
v 1.387083 0.9885587 -1.70112
v 1.443747 1.019321 -1.696143
v 1.441423 1.018726 -1.691054
v 1.382594 0.9874084 -1.691289
v 1.443747 1.019321 -1.696143
v 1.507401 1.041705 -1.690746
v 1.441423 1.018726 -1.691054
v 1.52569 0.7403691 -1.699376
v 1.518938 0.7385856 -1.694656
v 1.585244 0.7510667 -1.689207
v 1.52569 0.7403691 -1.699376
v 1.467542 0.7403036 -1.708904
v 1.454498 0.7368583 -1.699787
v 1.518938 0.7385856 -1.694656
v 1.467542 0.7403036 -1.708904
v 1.414763 0.750875 -1.717142
v 1.396316 0.7460026 -1.704249
v 1.454498 0.7368583 -1.699787
v 1.414763 0.750875 -1.717142
v 1.370949 0.7713627 -1.723529
v 1.348356 0.7653952 -1.707738
v 1.396316 0.7460026 -1.704249
v 1.370949 0.7713627 -1.723529
v 1.339087 0.8003705 -1.72763
v 1.313888 0.7937146 -1.710017
v 1.348356 0.7653952 -1.707738
v 1.339087 0.8003705 -1.72763
v 1.321347 0.8359216 -1.729164
v 1.295259 0.8290309 -1.71093
v 1.313888 0.7937146 -1.710017
v 1.321347 0.8359216 -1.729164
v 1.318939 0.8755934 -1.728028
v 1.29374 0.8689374 -1.710415
v 1.295259 0.8290309 -1.71093
v 1.318939 0.8755934 -1.728028
v 1.332027 0.916682 -1.724299
v 1.309434 0.9107144 -1.708508
v 1.29374 0.8689374 -1.710415
v 1.332027 0.916682 -1.724299
v 1.359719 0.9563875 -1.71823
v 1.341272 0.951515 -1.705337
v 1.309434 0.9107144 -1.708508
v 1.359719 0.9563875 -1.71823
v 1.400127 0.992004 -1.710237
v 1.387083 0.9885587 -1.70112
v 1.341272 0.951515 -1.705337
v 1.400127 0.992004 -1.710237
v 1.450499 1.021104 -1.700862
v 1.443747 1.019321 -1.696143
v 1.387083 0.9885587 -1.70112
v 1.450499 1.021104 -1.700862
v 1.507401 1.041705 -1.690746
v 1.443747 1.019321 -1.696143
v 1.53641 0.743219 -1.703404
v 1.52569 0.7403691 -1.699376
v 1.585244 0.7510667 -1.689207
v 1.53641 0.743219 -1.703404
v 1.488252 0.7458093 -1.716686
v 1.467542 0.7403036 -1.708904
v 1.52569 0.7403691 -1.699376
v 1.488252 0.7458093 -1.716686
v 1.444051 0.7586612 -1.728147
v 1.414763 0.750875 -1.717142
v 1.467542 0.7403036 -1.708904
v 1.444051 0.7586612 -1.728147
v 1.406819 0.7808987 -1.737008
v 1.370949 0.7713627 -1.723529
v 1.414763 0.750875 -1.717142
v 1.406819 0.7808987 -1.737008
v 1.379095 0.8110066 -1.742663
v 1.339087 0.8003705 -1.72763
v 1.370949 0.7713627 -1.723529
v 1.379095 0.8110066 -1.742663
v 1.362766 0.8469329 -1.744728
v 1.321347 0.8359216 -1.729164
v 1.339087 0.8003705 -1.72763
v 1.362766 0.8469329 -1.744728
v 1.358947 0.8862294 -1.743061
v 1.318939 0.8755934 -1.728028
v 1.321347 0.8359216 -1.729164
v 1.358947 0.8862294 -1.743061
v 1.367897 0.926218 -1.737777
v 1.332027 0.916682 -1.724299
v 1.318939 0.8755934 -1.728028
v 1.367897 0.926218 -1.737777
v 1.389007 0.9641736 -1.729235
v 1.359719 0.9563875 -1.71823
v 1.332027 0.916682 -1.724299
v 1.389007 0.9641736 -1.729235
v 1.420837 0.9975097 -1.718018
v 1.400127 0.992004 -1.710237
v 1.359719 0.9563875 -1.71823
v 1.420837 0.9975097 -1.718018
v 1.461219 1.023954 -1.70489
v 1.450499 1.021104 -1.700862
v 1.400127 0.992004 -1.710237
v 1.461219 1.023954 -1.70489
v 1.507401 1.041705 -1.690746
v 1.450499 1.021104 -1.700862
v 1.550368 0.7469411 -1.706466
v 1.53641 0.743219 -1.703404
v 1.585244 0.7510667 -1.689207
v 1.550368 0.7469411 -1.706466
v 1.515216 0.753 -1.722602
v 1.488252 0.7458093 -1.716686
v 1.53641 0.743219 -1.703404
v 1.515216 0.753 -1.722602
v 1.482184 0.7688304 -1.736514
v 1.444051 0.7586612 -1.728147
v 1.488252 0.7458093 -1.716686
v 1.482184 0.7688304 -1.736514
v 1.453522 0.7933534 -1.747255
v 1.406819 0.7808987 -1.737008
v 1.444051 0.7586612 -1.728147
v 1.453522 0.7933534 -1.747255
v 1.431185 0.8248979 -1.754092
v 1.379095 0.8110066 -1.742663
v 1.406819 0.7808987 -1.737008
v 1.431185 0.8248979 -1.754092
v 1.416695 0.8613143 -1.75656
v 1.362766 0.8469329 -1.744728
v 1.379095 0.8110066 -1.742663
v 1.416695 0.8613143 -1.75656
v 1.411038 0.9001207 -1.75449
v 1.358947 0.8862294 -1.743061
v 1.362766 0.8469329 -1.744728
v 1.411038 0.9001207 -1.75449
v 1.4146 0.9386727 -1.748024
v 1.367897 0.926218 -1.737777
v 1.358947 0.8862294 -1.743061
v 1.4146 0.9386727 -1.748024
v 1.42714 0.9743428 -1.737602
v 1.389007 0.9641736 -1.729235
v 1.367897 0.926218 -1.737777
v 1.42714 0.9743428 -1.737602
v 1.447801 1.0047 -1.723934
v 1.420837 0.9975097 -1.718018
v 1.389007 0.9641736 -1.729235
v 1.447801 1.0047 -1.723934
v 1.475177 1.027676 -1.707953
v 1.461219 1.023954 -1.70489
v 1.420837 0.9975097 -1.718018
v 1.475177 1.027676 -1.707953
v 1.507401 1.041705 -1.690746
v 1.461219 1.023954 -1.70489
v 1.566612 0.7512819 -1.708354
v 1.550368 0.7469411 -1.706466
v 1.585244 0.7510667 -1.689207
v 1.566612 0.7512819 -1.708354
v 1.546597 0.7613857 -1.726249
v 1.515216 0.753 -1.722602
v 1.550368 0.7469411 -1.706466
v 1.546597 0.7613857 -1.726249
v 1.526564 0.7806896 -1.741672
v 1.482184 0.7688304 -1.736514
v 1.515216 0.753 -1.722602
v 1.526564 0.7806896 -1.741672
v 1.507876 0.807878 -1.753572
v 1.453522 0.7933534 -1.747255
v 1.482184 0.7688304 -1.736514
v 1.507876 0.807878 -1.753572
v 1.491809 0.841098 -1.761138
v 1.431185 0.8248979 -1.754092
v 1.453522 0.7933534 -1.747255
v 1.491809 0.841098 -1.761138
v 1.479457 0.8780858 -1.763855
v 1.416695 0.8613143 -1.75656
v 1.431185 0.8248979 -1.754092
v 1.479457 0.8780858 -1.763855
v 1.471662 0.9163208 -1.761536
v 1.411038 0.9001207 -1.75449
v 1.416695 0.8613143 -1.75656
v 1.471662 0.9163208 -1.761536
v 1.468954 0.9531972 -1.754341
v 1.4146 0.9386727 -1.748024
v 1.411038 0.9001207 -1.75449
v 1.468954 0.9531972 -1.754341
v 1.471519 0.9862021 -1.74276
v 1.42714 0.9743428 -1.737602
v 1.4146 0.9386727 -1.748024
v 1.471519 0.9862021 -1.74276
v 1.479182 1.013086 -1.727582
v 1.447801 1.0047 -1.723934
v 1.42714 0.9743428 -1.737602
v 1.479182 1.013086 -1.727582
v 1.491421 1.032017 -1.709841
v 1.475177 1.027676 -1.707953
v 1.447801 1.0047 -1.723934
v 1.491421 1.032017 -1.709841
v 1.507401 1.041705 -1.690746
v 1.475177 1.027676 -1.707953
v 1.584036 0.7559455 -1.708939
v 1.566612 0.7512819 -1.708354
v 1.585244 0.7510667 -1.689207
v 1.584036 0.7559455 -1.708939
v 1.580257 0.770395 -1.727379
v 1.546597 0.7613857 -1.726249
v 1.566612 0.7512819 -1.708354
v 1.580257 0.770395 -1.727379
v 1.574165 0.7934307 -1.74327
v 1.526564 0.7806896 -1.741672
v 1.546597 0.7613857 -1.726249
v 1.574165 0.7934307 -1.74327
v 1.566176 0.8234825 -1.755529
v 1.507876 0.807878 -1.753572
v 1.526564 0.7806896 -1.741672
v 1.566176 0.8234825 -1.755529
v 1.556834 0.8585026 -1.763321
v 1.491809 0.841098 -1.761138
v 1.507876 0.807878 -1.753572
v 1.556834 0.8585026 -1.763321
v 1.546776 0.8961045 -1.766114
v 1.479457 0.8780858 -1.763855
v 1.491809 0.841098 -1.761138
v 1.546776 0.8961045 -1.766114
v 1.536687 0.9337254 -1.763719
v 1.471662 0.9163208 -1.761536
v 1.479457 0.8780858 -1.763855
v 1.536687 0.9337254 -1.763719
v 1.527254 0.9688018 -1.756299
v 1.468954 0.9531972 -1.754341
v 1.471662 0.9163208 -1.761536
v 1.527254 0.9688018 -1.756299
v 1.519121 0.9989432 -1.744358
v 1.471519 0.9862021 -1.74276
v 1.468954 0.9531972 -1.754341
v 1.519121 0.9989432 -1.744358
v 1.512842 1.022095 -1.728712
v 1.479182 1.013086 -1.727582
v 1.471519 0.9862021 -1.74276
v 1.512842 1.022095 -1.728712
v 1.508844 1.036681 -1.710426
v 1.491421 1.032017 -1.709841
v 1.479182 1.013086 -1.727582
v 1.508844 1.036681 -1.710426
v 1.507401 1.041705 -1.690746
v 1.491421 1.032017 -1.709841
v 1.601451 0.760614 -1.708181
v 1.584036 0.7559455 -1.708939
v 1.585244 0.7510667 -1.689207
v 1.601451 0.760614 -1.708181
v 1.613901 0.7794139 -1.725915
v 1.580257 0.770395 -1.727379
v 1.584036 0.7559455 -1.708939
v 1.613901 0.7794139 -1.725915
v 1.621745 0.8061853 -1.741199
v 1.574165 0.7934307 -1.74327
v 1.580257 0.770395 -1.727379
v 1.621745 0.8061853 -1.741199
v 1.62445 0.8391037 -1.752993
v 1.566176 0.8234825 -1.755529
v 1.574165 0.7934307 -1.74327
v 1.62445 0.8391037 -1.752993
v 1.62183 0.8759258 -1.760492
v 1.556834 0.8585026 -1.763321
v 1.566176 0.8234825 -1.755529
v 1.62183 0.8759258 -1.760492
v 1.614064 0.9141423 -1.763186
v 1.546776 0.8961045 -1.766114
v 1.556834 0.8585026 -1.763321
v 1.614064 0.9141423 -1.763186
v 1.601682 0.9511486 -1.76089
v 1.536687 0.9337254 -1.763719
v 1.546776 0.8961045 -1.766114
v 1.601682 0.9511486 -1.76089
v 1.585528 0.984423 -1.753762
v 1.527254 0.9688018 -1.756299
v 1.536687 0.9337254 -1.763719
v 1.585528 0.984423 -1.753762
v 1.566701 1.011698 -1.742287
v 1.519121 0.9989432 -1.744358
v 1.527254 0.9688018 -1.756299
v 1.566701 1.011698 -1.742287
v 1.546486 1.031114 -1.727247
v 1.512842 1.022095 -1.728712
v 1.519121 0.9989432 -1.744358
v 1.546486 1.031114 -1.727247
v 1.52626 1.041349 -1.709668
v 1.508844 1.036681 -1.710426
v 1.512842 1.022095 -1.728712
v 1.52626 1.041349 -1.709668
v 1.507401 1.041705 -1.690746
v 1.508844 1.036681 -1.710426
v 1.617672 0.7649693 -1.706132
v 1.601451 0.760614 -1.708181
v 1.585244 0.7510667 -1.689207
v 1.617672 0.7649693 -1.706132
v 1.645237 0.7878278 -1.721956
v 1.613901 0.7794139 -1.725915
v 1.601451 0.760614 -1.708181
v 1.645237 0.7878278 -1.721956
v 1.666061 0.8180844 -1.7356
v 1.621745 0.8061853 -1.741199
v 1.613901 0.7794139 -1.725915
v 1.666061 0.8180844 -1.7356
v 1.678725 0.853677 -1.746136
v 1.62445 0.8391037 -1.752993
v 1.621745 0.8061853 -1.741199
v 1.678725 0.853677 -1.746136
v 1.682366 0.8921801 -1.752844
v 1.62183 0.8759258 -1.760492
v 1.62445 0.8391037 -1.752993
v 1.682366 0.8921801 -1.752844
v 1.676736 0.93097 -1.755268
v 1.614064 0.9141423 -1.763186
v 1.62183 0.8759258 -1.760492
v 1.676736 0.93097 -1.755268
v 1.662219 0.967403 -1.753242
v 1.601682 0.9511486 -1.76089
v 1.614064 0.9141423 -1.763186
v 1.662219 0.967403 -1.753242
v 1.639803 0.9989963 -1.746905
v 1.585528 0.984423 -1.753762
v 1.601682 0.9511486 -1.76089
v 1.639803 0.9989963 -1.746905
v 1.611017 1.023597 -1.736689
v 1.566701 1.011698 -1.742287
v 1.585528 0.984423 -1.753762
v 1.611017 1.023597 -1.736689
v 1.577822 1.039528 -1.723289
v 1.546486 1.031114 -1.727247
v 1.566701 1.011698 -1.742287
v 1.577822 1.039528 -1.723289
v 1.54248 1.045705 -1.707618
v 1.52626 1.041349 -1.709668
v 1.546486 1.031114 -1.727247
v 1.54248 1.045705 -1.707618
v 1.507401 1.041705 -1.690746
v 1.52626 1.041349 -1.709668
v 1.631592 0.7687147 -1.702931
v 1.617672 0.7649693 -1.706132
v 1.585244 0.7510667 -1.689207
v 1.631592 0.7687147 -1.702931
v 1.672129 0.7950633 -1.715772
v 1.645237 0.7878278 -1.721956
v 1.617672 0.7649693 -1.706132
v 1.672129 0.7950633 -1.715772
v 1.704092 0.8283168 -1.726856
v 1.666061 0.8180844 -1.7356
v 1.645237 0.7878278 -1.721956
v 1.704092 0.8283168 -1.726856
v 1.725303 0.8662091 -1.735425
v 1.678725 0.853677 -1.746136
v 1.666061 0.8180844 -1.7356
v 1.725303 0.8662091 -1.735425
v 1.734318 0.906158 -1.740898
v 1.682366 0.8921801 -1.752844
v 1.678725 0.853677 -1.746136
v 1.734318 0.906158 -1.740898
v 1.73052 0.9454409 -1.742901
v 1.676736 0.93097 -1.755268
v 1.682366 0.8921801 -1.752844
v 1.73052 0.9454409 -1.742901
v 1.71417 0.9813808 -1.741297
v 1.662219 0.967403 -1.753242
v 1.676736 0.93097 -1.755268
v 1.71417 0.9813808 -1.741297
v 1.686381 1.011528 -1.736195
v 1.639803 0.9989963 -1.746905
v 1.662219 0.967403 -1.753242
v 1.686381 1.011528 -1.736195
v 1.649048 1.033829 -1.727944
v 1.611017 1.023597 -1.736689
v 1.639803 0.9989963 -1.746905
v 1.649048 1.033829 -1.727944
v 1.604714 1.046764 -1.717105
v 1.577822 1.039528 -1.723289
v 1.611017 1.023597 -1.736689
v 1.604714 1.046764 -1.717105
v 1.556401 1.04945 -1.704417
v 1.54248 1.045705 -1.707618
v 1.577822 1.039528 -1.723289
v 1.556401 1.04945 -1.704417
v 1.507401 1.041705 -1.690746
v 1.54248 1.045705 -1.707618
v 1.642264 0.7715948 -1.698797
v 1.631592 0.7687147 -1.702931
v 1.585244 0.7510667 -1.689207
v 1.642264 0.7715948 -1.698797
v 1.692744 0.8006272 -1.707785
v 1.672129 0.7950633 -1.715772
v 1.631592 0.7687147 -1.702931
v 1.692744 0.8006272 -1.707785
v 1.733247 0.8361855 -1.71556
v 1.704092 0.8283168 -1.726856
v 1.672129 0.7950633 -1.715772
v 1.733247 0.8361855 -1.71556
v 1.761011 0.8758462 -1.721592
v 1.725303 0.8662091 -1.735425
v 1.704092 0.8283168 -1.726856
v 1.761011 0.8758462 -1.721592
v 1.774144 0.9169067 -1.725469
v 1.734318 0.906158 -1.740898
v 1.725303 0.8662091 -1.735425
v 1.774144 0.9169067 -1.725469
v 1.771752 0.9565688 -1.726927
v 1.73052 0.9454409 -1.742901
v 1.734318 0.906158 -1.740898
v 1.771752 0.9565688 -1.726927
v 1.753997 0.9921296 -1.725867
v 1.71417 0.9813808 -1.741297
v 1.73052 0.9454409 -1.742901
v 1.753997 0.9921296 -1.725867
v 1.722089 1.021165 -1.722361
v 1.686381 1.011528 -1.736195
v 1.71417 0.9813808 -1.741297
v 1.722089 1.021165 -1.722361
v 1.678203 1.041698 -1.716648
v 1.649048 1.033829 -1.727944
v 1.686381 1.011528 -1.736195
v 1.678203 1.041698 -1.716648
v 1.62533 1.052328 -1.709118
v 1.604714 1.046764 -1.717105
v 1.649048 1.033829 -1.727944
v 1.62533 1.052328 -1.709118
v 1.567072 1.05233 -1.700283
v 1.556401 1.04945 -1.704417
v 1.604714 1.046764 -1.717105
v 1.567072 1.05233 -1.700283
v 1.507401 1.041705 -1.690746
v 1.556401 1.04945 -1.704417
v 1.648959 0.7734134 -1.694011
v 1.642264 0.7715948 -1.698797
v 1.585244 0.7510667 -1.689207
v 1.648959 0.7734134 -1.694011
v 1.705679 0.8041405 -1.698539
v 1.692744 0.8006272 -1.707785
v 1.642264 0.7715948 -1.698797
v 1.705679 0.8041405 -1.698539
v 1.751539 0.8411539 -1.702484
v 1.733247 0.8361855 -1.71556
v 1.692744 0.8006272 -1.707785
v 1.751539 0.8411539 -1.702484
v 1.783414 0.8819314 -1.705577
v 1.761011 0.8758462 -1.721592
v 1.733247 0.8361855 -1.71556
v 1.783414 0.8819314 -1.705577
v 1.799131 0.9236938 -1.707607
v 1.774144 0.9169067 -1.725469
v 1.761011 0.8758462 -1.721592
v 1.799131 0.9236938 -1.707607
v 1.797621 0.9635953 -1.708435
v 1.771752 0.9565688 -1.726927
v 1.774144 0.9169067 -1.725469
v 1.797621 0.9635953 -1.708435
v 1.778984 0.9989166 -1.708005
v 1.753997 0.9921296 -1.725867
v 1.771752 0.9565688 -1.726927
v 1.778984 0.9989166 -1.708005
v 1.744492 1.027251 -1.706346
v 1.722089 1.021165 -1.722361
v 1.753997 0.9921296 -1.725867
v 1.744492 1.027251 -1.706346
v 1.696495 1.046666 -1.703572
v 1.678203 1.041698 -1.716648
v 1.722089 1.021165 -1.722361
v 1.696495 1.046666 -1.703572
v 1.638264 1.055841 -1.699872
v 1.62533 1.052328 -1.709118
v 1.678203 1.041698 -1.716648
v 1.638264 1.055841 -1.699872
v 1.573767 1.054149 -1.695497
v 1.567072 1.05233 -1.700283
v 1.62533 1.052328 -1.709118
v 1.573767 1.054149 -1.695497
v 1.507401 1.041705 -1.690746
v 1.567072 1.05233 -1.700283
v 1.651222 0.7740466 -1.688899
v 1.648959 0.7734134 -1.694011
v 1.585244 0.7510667 -1.689207
v 1.651222 0.7740466 -1.688899
v 1.71005 0.8053637 -1.688664
v 1.705679 0.8041405 -1.698539
v 1.648959 0.7734134 -1.694011
v 1.71005 0.8053637 -1.688664
v 1.757721 0.8428838 -1.688519
v 1.751539 0.8411539 -1.702484
v 1.705679 0.8041405 -1.698539
v 1.757721 0.8428838 -1.688519
v 1.790986 0.88405 -1.688473
v 1.783414 0.8819314 -1.705577
v 1.751539 0.8411539 -1.702484
v 1.790986 0.88405 -1.688473
v 1.807577 0.9260569 -1.68853
v 1.799131 0.9236938 -1.707607
v 1.783414 0.8819314 -1.705577
v 1.807577 0.9260569 -1.68853
v 1.806364 0.9660417 -1.688685
v 1.797621 0.9635953 -1.708435
v 1.799131 0.9236938 -1.707607
v 1.806364 0.9660417 -1.688685
v 1.787429 1.00128 -1.688928
v 1.778984 0.9989166 -1.708005
v 1.797621 0.9635953 -1.708435
v 1.787429 1.00128 -1.688928
v 1.752064 1.029369 -1.689242
v 1.744492 1.027251 -1.706346
v 1.778984 0.9989166 -1.708005
v 1.752064 1.029369 -1.689242
v 1.702677 1.048396 -1.689607
v 1.696495 1.046666 -1.703572
v 1.744492 1.027251 -1.706346
v 1.702677 1.048396 -1.689607
v 1.642636 1.057064 -1.689997
v 1.638264 1.055841 -1.699872
v 1.696495 1.046666 -1.703572
v 1.642636 1.057064 -1.689997
v 1.57603 1.054782 -1.690385
v 1.573767 1.054149 -1.695497
v 1.638264 1.055841 -1.699872
v 1.57603 1.054782 -1.690385
v 1.507401 1.041705 -1.690746
v 1.573767 1.054149 -1.695497
v 1.648898 0.7734511 -1.68381
v 1.651222 0.7740466 -1.688899
v 1.585244 0.7510667 -1.689207
v 1.648898 0.7734511 -1.68381
v 1.705561 0.8042134 -1.678833
v 1.71005 0.8053637 -1.688664
v 1.651222 0.7740466 -1.688899
v 1.705561 0.8042134 -1.678833
v 1.751373 0.841257 -1.674616
v 1.757721 0.8428838 -1.688519
v 1.71005 0.8053637 -1.688664
v 1.751373 0.841257 -1.674616
v 1.783211 0.8820576 -1.671445
v 1.790986 0.88405 -1.688473
v 1.757721 0.8428838 -1.688519
v 1.783211 0.8820576 -1.671445
v 1.798905 0.9238346 -1.669538
v 1.807577 0.9260569 -1.68853
v 1.790986 0.88405 -1.688473
v 1.798905 0.9238346 -1.669538
v 1.797386 0.9637411 -1.669023
v 1.806364 0.9660417 -1.688685
v 1.807577 0.9260569 -1.68853
v 1.797386 0.9637411 -1.669023
v 1.778757 0.9990575 -1.669936
v 1.787429 1.00128 -1.688928
v 1.806364 0.9660417 -1.688685
v 1.778757 0.9990575 -1.669936
v 1.744289 1.027377 -1.672215
v 1.752064 1.029369 -1.689242
v 1.787429 1.00128 -1.688928
v 1.744289 1.027377 -1.672215
v 1.696329 1.046769 -1.675704
v 1.702677 1.048396 -1.689607
v 1.752064 1.029369 -1.689242
v 1.696329 1.046769 -1.675704
v 1.638147 1.055914 -1.680166
v 1.642636 1.057064 -1.689997
v 1.702677 1.048396 -1.689607
v 1.638147 1.055914 -1.680166
v 1.573707 1.054186 -1.685296
v 1.57603 1.054782 -1.690385
v 1.642636 1.057064 -1.689997
v 1.573707 1.054186 -1.685296
v 1.507401 1.041705 -1.690746
v 1.57603 1.054782 -1.690385
v 1.642146 0.7716677 -1.679091
v 1.648898 0.7734511 -1.68381
v 1.585244 0.7510667 -1.689207
v 1.642146 0.7716677 -1.679091
v 1.692518 0.800768 -1.669716
v 1.705561 0.8042134 -1.678833
v 1.648898 0.7734511 -1.68381
v 1.692518 0.800768 -1.669716
v 1.732926 0.8363845 -1.661723
v 1.751373 0.841257 -1.674616
v 1.705561 0.8042134 -1.678833
v 1.732926 0.8363845 -1.661723
v 1.760618 0.8760901 -1.655654
v 1.783211 0.8820576 -1.671445
v 1.751373 0.841257 -1.674616
v 1.760618 0.8760901 -1.655654
v 1.773706 0.9171788 -1.651925
v 1.798905 0.9238346 -1.669538
v 1.783211 0.8820576 -1.671445
v 1.773706 0.9171788 -1.651925
v 1.771298 0.9568504 -1.650789
v 1.797386 0.9637411 -1.669023
v 1.798905 0.9238346 -1.669538
v 1.771298 0.9568504 -1.650789
v 1.753558 0.9924015 -1.652323
v 1.778757 0.9990575 -1.669936
v 1.797386 0.9637411 -1.669023
v 1.753558 0.9924015 -1.652323
v 1.721696 1.021409 -1.656424
v 1.744289 1.027377 -1.672215
v 1.778757 0.9990575 -1.669936
v 1.721696 1.021409 -1.656424
v 1.677882 1.041897 -1.662811
v 1.696329 1.046769 -1.675704
v 1.744289 1.027377 -1.672215
v 1.677882 1.041897 -1.662811
v 1.625103 1.052468 -1.671049
v 1.638147 1.055914 -1.680166
v 1.696329 1.046769 -1.675704
v 1.625103 1.052468 -1.671049
v 1.566955 1.052403 -1.680577
v 1.573707 1.054186 -1.685296
v 1.638147 1.055914 -1.680166
v 1.566955 1.052403 -1.680577
v 1.507401 1.041705 -1.690746
v 1.573707 1.054186 -1.685296
v 1.631426 0.7688178 -1.675063
v 1.642146 0.7716677 -1.679091
v 1.585244 0.7510667 -1.689207
v 1.631426 0.7688178 -1.675063
v 1.671808 0.7952624 -1.661934
v 1.692518 0.800768 -1.669716
v 1.642146 0.7716677 -1.679091
v 1.671808 0.7952624 -1.661934
v 1.703638 0.8285984 -1.650717
v 1.732926 0.8363845 -1.661723
v 1.692518 0.800768 -1.669716
v 1.703638 0.8285984 -1.650717
v 1.724748 0.866554 -1.642176
v 1.760618 0.8760901 -1.655654
v 1.732926 0.8363845 -1.661723
v 1.724748 0.866554 -1.642176
v 1.733698 0.9065427 -1.636892
v 1.773706 0.9171788 -1.651925
v 1.760618 0.8760901 -1.655654
v 1.733698 0.9065427 -1.636892
v 1.729879 0.9458392 -1.635225
v 1.771298 0.9568504 -1.650789
v 1.773706 0.9171788 -1.651925
v 1.729879 0.9458392 -1.635225
v 1.71355 0.9817654 -1.63729
v 1.753558 0.9924015 -1.652323
v 1.771298 0.9568504 -1.650789
v 1.71355 0.9817654 -1.63729
v 1.685826 1.011873 -1.642945
v 1.721696 1.021409 -1.656424
v 1.753558 0.9924015 -1.652323
v 1.685826 1.011873 -1.642945
v 1.648594 1.034111 -1.651806
v 1.677882 1.041897 -1.662811
v 1.721696 1.021409 -1.656424
v 1.648594 1.034111 -1.651806
v 1.604393 1.046963 -1.663267
v 1.625103 1.052468 -1.671049
v 1.677882 1.041897 -1.662811
v 1.604393 1.046963 -1.663267
v 1.556234 1.049553 -1.676549
v 1.566955 1.052403 -1.680577
v 1.625103 1.052468 -1.671049
v 1.556234 1.049553 -1.676549
v 1.507401 1.041705 -1.690746
v 1.566955 1.052403 -1.680577
v 1.617468 0.7650956 -1.672
v 1.631426 0.7688178 -1.675063
v 1.585244 0.7510667 -1.689207
v 1.617468 0.7650956 -1.672
v 1.644844 0.7880717 -1.656018
v 1.671808 0.7952624 -1.661934
v 1.631426 0.7688178 -1.675063
v 1.644844 0.7880717 -1.656018
v 1.665505 0.8184292 -1.642351
v 1.703638 0.8285984 -1.650717
v 1.671808 0.7952624 -1.661934
v 1.665505 0.8184292 -1.642351
v 1.678044 0.8540994 -1.631929
v 1.724748 0.866554 -1.642176
v 1.703638 0.8285984 -1.650717
v 1.678044 0.8540994 -1.631929
v 1.681607 0.8926513 -1.625463
v 1.733698 0.9065427 -1.636892
v 1.724748 0.866554 -1.642176
v 1.681607 0.8926513 -1.625463
v 1.67595 0.9314578 -1.623393
v 1.729879 0.9458392 -1.635225
v 1.733698 0.9065427 -1.636892
v 1.67595 0.9314578 -1.623393
v 1.661459 0.9678741 -1.625861
v 1.71355 0.9817654 -1.63729
v 1.729879 0.9458392 -1.635225
v 1.661459 0.9678741 -1.625861
v 1.639122 0.9994187 -1.632698
v 1.685826 1.011873 -1.642945
v 1.71355 0.9817654 -1.63729
v 1.639122 0.9994187 -1.632698
v 1.610461 1.023942 -1.643439
v 1.648594 1.034111 -1.651806
v 1.685826 1.011873 -1.642945
v 1.610461 1.023942 -1.643439
v 1.577429 1.039772 -1.657351
v 1.604393 1.046963 -1.663267
v 1.648594 1.034111 -1.651806
v 1.577429 1.039772 -1.657351
v 1.542277 1.045831 -1.673487
v 1.556234 1.049553 -1.676549
v 1.604393 1.046963 -1.663267
v 1.542277 1.045831 -1.673487
v 1.507401 1.041705 -1.690746
v 1.556234 1.049553 -1.676549
v 1.601224 0.7607548 -1.670112
v 1.617468 0.7650956 -1.672
v 1.585244 0.7510667 -1.689207
v 1.601224 0.7607548 -1.670112
v 1.613463 0.779686 -1.652371
v 1.644844 0.7880717 -1.656018
v 1.617468 0.7650956 -1.672
v 1.613463 0.779686 -1.652371
v 1.621125 0.80657 -1.637193
v 1.665505 0.8184292 -1.642351
v 1.644844 0.7880717 -1.656018
v 1.621125 0.80657 -1.637193
v 1.623691 0.8395749 -1.625612
v 1.678044 0.8540994 -1.631929
v 1.665505 0.8184292 -1.642351
v 1.623691 0.8395749 -1.625612
v 1.620983 0.8764513 -1.618417
v 1.681607 0.8926513 -1.625463
v 1.678044 0.8540994 -1.631929
v 1.620983 0.8764513 -1.618417
v 1.613188 0.9146863 -1.616098
v 1.67595 0.9314578 -1.623393
v 1.681607 0.8926513 -1.625463
v 1.613188 0.9146863 -1.616098
v 1.600836 0.9516741 -1.618815
v 1.661459 0.9678741 -1.625861
v 1.67595 0.9314578 -1.623393
v 1.600836 0.9516741 -1.618815
v 1.584769 0.9848942 -1.626381
v 1.639122 0.9994187 -1.632698
v 1.661459 0.9678741 -1.625861
v 1.584769 0.9848942 -1.626381
v 1.566081 1.012082 -1.638281
v 1.610461 1.023942 -1.643439
v 1.639122 0.9994187 -1.632698
v 1.566081 1.012082 -1.638281
v 1.546048 1.031386 -1.653704
v 1.577429 1.039772 -1.657351
v 1.610461 1.023942 -1.643439
v 1.546048 1.031386 -1.653704
v 1.526033 1.04149 -1.671599
v 1.542277 1.045831 -1.673487
v 1.577429 1.039772 -1.657351
v 1.526033 1.04149 -1.671599
v 1.507401 1.041705 -1.690746
v 1.542277 1.045831 -1.673487
v 1.583801 0.7560912 -1.669527
v 1.601224 0.7607548 -1.670112
v 1.585244 0.7510667 -1.689207
v 1.583801 0.7560912 -1.669527
v 1.579803 0.7706767 -1.651241
v 1.613463 0.779686 -1.652371
v 1.601224 0.7607548 -1.670112
v 1.579803 0.7706767 -1.651241
v 1.573524 0.7938289 -1.635595
v 1.621125 0.80657 -1.637193
v 1.613463 0.779686 -1.652371
v 1.573524 0.7938289 -1.635595
v 1.565391 0.8239703 -1.623654
v 1.623691 0.8395749 -1.625612
v 1.621125 0.80657 -1.637193
v 1.565391 0.8239703 -1.623654
v 1.555958 0.8590466 -1.616234
v 1.620983 0.8764513 -1.618417
v 1.623691 0.8395749 -1.625612
v 1.555958 0.8590466 -1.616234
v 1.545869 0.8966677 -1.613838
v 1.613188 0.9146863 -1.616098
v 1.620983 0.8764513 -1.618417
v 1.545869 0.8966677 -1.613838
v 1.53581 0.9342695 -1.616632
v 1.600836 0.9516741 -1.618815
v 1.613188 0.9146863 -1.616098
v 1.53581 0.9342695 -1.616632
v 1.526469 0.9692895 -1.624424
v 1.584769 0.9848942 -1.626381
v 1.600836 0.9516741 -1.618815
v 1.526469 0.9692895 -1.624424
v 1.51848 0.9993414 -1.636683
v 1.566081 1.012082 -1.638281
v 1.584769 0.9848942 -1.626381
v 1.51848 0.9993414 -1.636683
v 1.512388 1.022377 -1.652574
v 1.546048 1.031386 -1.653704
v 1.566081 1.012082 -1.638281
v 1.512388 1.022377 -1.652574
v 1.508609 1.036827 -1.671014
v 1.526033 1.04149 -1.671599
v 1.546048 1.031386 -1.653704
v 1.508609 1.036827 -1.671014
v 1.507401 1.041705 -1.690746
v 1.526033 1.04149 -1.671599
vn 0.198146 -0.8701342 0.4512256
vn 0.2273867 -0.8574494 0.4616013
vn 0.2587151 -0.9659401 0.005114233
vn 0.198146 -0.8701342 0.4512256
vn 0.1175301 -0.6684703 0.7343937
vn 0.1684071 -0.6425664 0.7474941
vn 0.2273867 -0.8574494 0.4616013
vn 0.1175301 -0.6684703 0.7343937
vn 0.05014827 -0.4687302 0.8819168
vn 0.1131605 -0.4389852 0.8913399
vn 0.1684071 -0.6425664 0.7474941
vn 0.05014827 -0.4687302 0.8819168
vn -0.001993187 -0.2989643 0.9542622
vn 0.06776675 -0.2707976 0.9602481
vn 0.1131605 -0.4389852 0.8913399
vn -0.001993187 -0.2989643 0.9542622
vn -0.04430638 -0.1522329 0.9873511
vn 0.0292667 -0.1276451 0.991388
vn 0.06776675 -0.2707976 0.9602481
vn -0.04430638 -0.1522329 0.9873511
vn -0.08151539 -0.01655663 0.9965345
vn -0.005958198 0.00369864 0.9999754
vn 0.0292667 -0.1276451 0.991388
vn -0.08151539 -0.01655663 0.9965345
vn -0.117075 0.1194565 0.9859126
vn -0.04107251 0.1349738 0.9899976
vn -0.005958198 0.00369864 0.9999754
vn -0.117075 0.1194565 0.9859126
vn -0.153676 0.2673593 0.9512637
vn -0.07919247 0.2778903 0.957343
vn -0.04107251 0.1349738 0.9899976
vn -0.153676 0.2673593 0.9512637
vn -0.1931732 0.4397361 0.8771068
vn -0.1237544 0.4455615 0.8866566
vn -0.07919247 0.2778903 0.957343
vn -0.1931732 0.4397361 0.8771068
vn -0.2342525 0.6449474 0.7274399
vn -0.177274 0.6480707 0.7406607
vn -0.1237544 0.4455615 0.8866566
vn -0.2342525 0.6449474 0.7274399
vn -0.2644721 0.8570995 0.4420804
vn -0.2328333 0.8608305 0.4525035
vn -0.177274 0.6480707 0.7406607
vn -0.2644721 0.8570995 0.4420804
vn -0.2587151 0.9659401 -0.005114289
vn -0.2328333 0.8608305 0.4525035
vn 0.1709992 -0.8916574 0.4191736
vn 0.198146 -0.8701342 0.4512256
vn 0.2587151 -0.9659401 0.005114233
vn 0.1709992 -0.8916574 0.4191736
vn 0.07152022 -0.7165401 0.6938695
vn 0.1175301 -0.6684703 0.7343937
vn 0.198146 -0.8701342 0.4512256
vn 0.07152022 -0.7165401 0.6938695
vn -0.0108666 -0.5247926 0.8511609
vn 0.05014827 -0.4687302 0.8819168
vn 0.1175301 -0.6684703 0.7343937
vn -0.0108666 -0.5247926 0.8511609
vn -0.07454832 -0.3490095 0.9341493
vn -0.001993187 -0.2989643 0.9542622
vn 0.05014827 -0.4687302 0.8819168
vn -0.07454832 -0.3490095 0.9341493
vn -0.1251466 -0.1900365 0.9737682
vn -0.04430638 -0.1522329 0.9873511
vn -0.001993187 -0.2989643 0.9542622
vn -0.1251466 -0.1900365 0.9737682
vn -0.1677936 -0.03972613 0.9850214
vn -0.08151539 -0.01655663 0.9965345
vn -0.04430638 -0.1522329 0.9873511
vn -0.1677936 -0.03972613 0.9850214
vn -0.205952 0.1116589 0.9721708
vn -0.117075 0.1194565 0.9859126
vn -0.08151539 -0.01655663 0.9965345
vn -0.205952 0.1116589 0.9721708
vn -0.241478 0.2742402 0.9308494
vn -0.153676 0.2673593 0.9512637
vn -0.117075 0.1194565 0.9859126
vn -0.241478 0.2742402 0.9308494
vn -0.2739591 0.457491 0.84596
vn -0.1931732 0.4397361 0.8771068
vn -0.153676 0.2673593 0.9512637
vn -0.2739591 0.457491 0.84596
vn -0.2980216 0.6631833 0.6865647
vn -0.2342525 0.6449474 0.7274399
vn -0.1931732 0.4397361 0.8771068
vn -0.2980216 0.6631833 0.6865647
vn -0.2986574 0.8618553 0.4098893
vn -0.2644721 0.8570995 0.4420804
vn -0.2342525 0.6449474 0.7274399
vn -0.2986574 0.8618553 0.4098893
vn -0.2587151 0.9659401 -0.005114289
vn -0.2644721 0.8570995 0.4420804
vn 0.1463089 -0.9203504 0.3626966
vn 0.1709992 -0.8916574 0.4191736
vn 0.2587151 -0.9659401 0.005114233
vn 0.1463089 -0.9203504 0.3626966
vn 0.02814543 -0.785841 0.6177878
vn 0.07152022 -0.7165401 0.6938695
vn 0.1709992 -0.8916574 0.4191736
vn 0.02814543 -0.785841 0.6177878
vn -0.07512966 -0.6128276 0.7866371
vn -0.0108666 -0.5247926 0.8511609
vn 0.07152022 -0.7165401 0.6938695
vn -0.07512966 -0.6128276 0.7866371
vn -0.1594854 -0.4310853 0.8881046
vn -0.07454832 -0.3490095 0.9341493
vn -0.0108666 -0.5247926 0.8511609
vn -0.1594854 -0.4310853 0.8881046
vn -0.2273441 -0.2503729 0.9410781
vn -0.1251466 -0.1900365 0.9737682
vn -0.07454832 -0.3490095 0.9341493
vn -0.2273441 -0.2503729 0.9410781
vn -0.2817521 -0.07039739 0.9569013
vn -0.1677936 -0.03972613 0.9850214
vn -0.1251466 -0.1900365 0.9737682
vn -0.2817521 -0.07039739 0.9569013
vn -0.3245386 0.1125132 0.9391568
vn -0.205952 0.1116589 0.9721708
vn -0.1677936 -0.03972613 0.9850214
vn -0.3245386 0.1125132 0.9391568
vn -0.3559451 0.3024175 0.884221
vn -0.241478 0.2742402 0.9308494
vn -0.205952 0.1116589 0.9721708
vn -0.3559451 0.3024175 0.884221
vn -0.3734492 0.50098 0.7807399
vn -0.2739591 0.457491 0.84596
vn -0.241478 0.2742402 0.9308494
vn -0.3734492 0.50098 0.7807399
vn -0.3700256 0.7007727 0.6099169
vn -0.2980216 0.6631833 0.6865647
vn -0.2739591 0.457491 0.84596
vn -0.3700256 0.7007727 0.6099169
vn -0.334234 0.8738074 0.3531972
vn -0.2986574 0.8618553 0.4098893
vn -0.2980216 0.6631833 0.6865647
vn -0.334234 0.8738074 0.3531972
vn -0.2587151 0.9659401 -0.005114289
vn -0.2986574 0.8618553 0.4098893
vn 0.1241731 -0.9523459 0.2786005
vn 0.1463089 -0.9203504 0.3626966
vn 0.2587151 -0.9659401 0.005114233
vn 0.1241731 -0.9523459 0.2786005
vn -0.013749 -0.8711847 0.490763
vn 0.02814543 -0.785841 0.6177878
vn 0.1463089 -0.9203504 0.3626966
vn -0.013749 -0.8711847 0.490763
vn -0.1475646 -0.737502 0.6590261
vn -0.07512966 -0.6128276 0.7866371
vn 0.02814543 -0.785841 0.6177878
vn -0.1475646 -0.737502 0.6590261
vn -0.2709958 -0.5623193 0.7812542
vn -0.1594854 -0.4310853 0.8881046
vn -0.07512966 -0.6128276 0.7866371
vn -0.2709958 -0.5623193 0.7812542
vn -0.3777198 -0.35286 0.8560477
vn -0.2273441 -0.2503729 0.9410781
vn -0.1594854 -0.4310853 0.8881046
vn -0.3777198 -0.35286 0.8560477
vn -0.4587393 -0.1182048 0.8806736
vn -0.2817521 -0.07039739 0.9569013
vn -0.2273441 -0.2503729 0.9410781
vn -0.4587393 -0.1182048 0.8806736
vn -0.5057826 0.1252765 0.853516
vn -0.3245386 0.1125132 0.9391568
vn -0.2817521 -0.07039739 0.9569013
vn -0.5057826 0.1252765 0.853516
vn -0.5178368 0.3592875 0.7763746
vn -0.3559451 0.3024175 0.884221
vn -0.3245386 0.1125132 0.9391568
vn -0.5178368 0.3592875 0.7763746
vn -0.4981629 0.5714937 0.6520956
vn -0.3734492 0.50098 0.7807399
vn -0.3559451 0.3024175 0.884221
vn -0.4981629 0.5714937 0.6520956
vn -0.448631 0.7524931 0.4821663
vn -0.3700256 0.7007727 0.6099169
vn -0.3734492 0.50098 0.7807399
vn -0.448631 0.7524931 0.4821663
vn -0.3691755 0.8896236 0.2688479
vn -0.334234 0.8738074 0.3531972
vn -0.3700256 0.7007727 0.6099169
vn -0.3691755 0.8896236 0.2688479
vn -0.2587151 0.9659401 -0.005114289
vn -0.334234 0.8738074 0.3531972
vn 0.1032656 -0.9813691 0.1620208
vn 0.1241731 -0.9523459 0.2786005
vn 0.2587151 -0.9659401 0.005114233
vn 0.1032656 -0.9813691 0.1620208
vn -0.05421388 -0.9551759 0.2910324
vn -0.013749 -0.8711847 0.490763
vn 0.1241731 -0.9523459 0.2786005
vn -0.05421388 -0.9551759 0.2910324
vn -0.2285818 -0.8814352 0.4133063
vn -0.1475646 -0.737502 0.6590261
vn -0.013749 -0.8711847 0.490763
vn -0.2285818 -0.8814352 0.4133063
vn -0.4200148 -0.74316 0.5208654
vn -0.2709958 -0.5623193 0.7812542
vn -0.1475646 -0.737502 0.6590261
vn -0.4200148 -0.74316 0.5208654
vn -0.6121201 -0.5165307 0.5987527
vn -0.3777198 -0.35286 0.8560477
vn -0.2709958 -0.5623193 0.7812542
vn -0.6121201 -0.5165307 0.5987527
vn -0.5496022 -0.142846 0.8231235
vn -0.4587393 -0.1182048 0.8806736
vn -0.3777198 -0.35286 0.8560477
vn -0.5496022 -0.142846 0.8231235
vn -0.7899274 0.1473315 0.5952379
vn -0.5057826 0.1252765 0.853516
vn -0.4587393 -0.1182048 0.8806736
vn -0.7899274 0.1473315 0.5952379
vn -0.7366032 0.4388568 0.5146071
vn -0.5178368 0.3592875 0.7763746
vn -0.5057826 0.1252765 0.853516
vn -0.7366032 0.4388568 0.5146071
vn -0.6396231 0.6532309 0.4051811
vn -0.4981629 0.5714937 0.6520956
vn -0.5178368 0.3592875 0.7763746
vn -0.6396231 0.6532309 0.4051811
vn -0.5251298 0.8030384 0.2817234
vn -0.448631 0.7524931 0.4821663
vn -0.4981629 0.5714937 0.6520956
vn -0.5251298 0.8030384 0.2817234
vn -0.4014817 0.9031585 0.152043
vn -0.3691755 0.8896236 0.2688479
vn -0.448631 0.7524931 0.4821663
vn -0.4014817 0.9031585 0.152043
vn -0.2587151 0.9659401 -0.005114289
vn -0.3691755 0.8896236 0.2688479
vn 0.09014677 -0.9959196 0.004220768
vn 0.1032656 -0.9813691 0.1620208
vn 0.2587151 -0.9659401 0.005114233
vn 0.09014677 -0.9959196 0.004220768
vn -0.07752793 -0.9969849 0.003225634
vn -0.05421388 -0.9551759 0.2910324
vn 0.1032656 -0.9813691 0.1620208
vn -0.07752793 -0.9969849 0.003225634
vn -0.2780081 -0.9605768 0.001896425
vn -0.2285818 -0.8814352 0.4133063
vn -0.05421388 -0.9551759 0.2910324
vn -0.2780081 -0.9605768 0.001896425
vn -0.495246 -0.8079392 0.3193206
vn -0.4200148 -0.74316 0.5208654
vn -0.2285818 -0.8814352 0.4133063
vn -0.495246 -0.8079392 0.3193206
vn -0.7205398 -0.5733437 0.3899991
vn -0.6121201 -0.5165307 0.5987527
vn -0.4200148 -0.74316 0.5208654
vn -0.7205398 -0.5733437 0.3899991
vn -0.8782229 -0.2330098 0.4176491
vn -0.8782229 -0.2330098 0.4176491
vn -0.6121201 -0.5165307 0.5987527
vn -0.8782229 -0.2330098 0.4176491
vn -0.9116763 0.1402848 0.3862208
vn -0.7899274 0.1473315 0.5952379
vn -0.8782229 -0.2330098 0.4176491
vn -0.9116763 0.1402848 0.3862208
vn -0.8336072 0.4553684 0.3126319
vn -0.7366032 0.4388568 0.5146071
vn -0.7899274 0.1473315 0.5952379
vn -0.8336072 0.4553684 0.3126319
vn -0.7208997 0.6930056 -0.006858615
vn -0.6396231 0.6532309 0.4051811
vn -0.7366032 0.4388568 0.5146071
vn -0.7208997 0.6930056 -0.006858615
vn -0.5654578 0.8247523 -0.006419719
vn -0.5251298 0.8030384 0.2817234
vn -0.6396231 0.6532309 0.4051811
vn -0.5654578 0.8247523 -0.006419719
vn -0.4196993 0.9076444 -0.005857843
vn -0.4014817 0.9031585 0.152043
vn -0.5251298 0.8030384 0.2817234
vn -0.4196993 0.9076444 -0.005857843
vn -0.2587151 0.9659401 -0.005114289
vn -0.4014817 0.9031585 0.152043
vn 0.1051456 -0.9825363 -0.1535151
vn 0.09014677 -0.9959196 0.004220768
vn 0.2587151 -0.9659401 0.005114233
vn 0.1051456 -0.9825363 -0.1535151
vn -0.05078417 -0.9573049 -0.2845844
vn -0.07752793 -0.9969849 0.003225634
vn 0.09014677 -0.9959196 0.004220768
vn -0.05078417 -0.9573049 -0.2845844
vn -0.2236794 -0.8844784 -0.4094697
vn -0.2780081 -0.9605768 0.001896425
vn -0.07752793 -0.9969849 0.003225634
vn -0.2236794 -0.8844784 -0.4094697
vn -0.413811 -0.7470111 -0.520322
vn -0.4914414 -0.810301 -0.3192142
vn -0.2780081 -0.9605768 0.001896425
vn -0.413811 -0.7470111 -0.520322
vn -0.6049646 -0.5209726 -0.6021672
vn -0.7158666 -0.5762447 -0.3943057
vn -0.4914414 -0.810301 -0.3192142
vn -0.6049646 -0.5209726 -0.6021672
vn -0.8731942 -0.2361316 -0.4263495
vn -0.8731941 -0.2361316 -0.4263494
vn -0.7158666 -0.5762447 -0.3943057
vn -0.8731942 -0.2361316 -0.4263495
vn -0.7827718 0.1428897 -0.6056821
vn -0.9070032 0.1373839 -0.3980841
vn -0.8731941 -0.2361316 -0.4263494
vn -0.7827718 0.1428897 -0.6056821
vn -0.7303995 0.4350057 -0.5265802
vn -0.8298026 0.4530067 -0.3259028
vn -0.9070032 0.1373839 -0.3980841
vn -0.7303995 0.4350057 -0.5265802
vn -0.6347207 0.6501877 -0.417595
vn -0.7208997 0.6930056 -0.006858615
vn -0.8298026 0.4530067 -0.3259028
vn -0.6347207 0.6501877 -0.417595
vn -0.5217 0.8009092 -0.2938935
vn -0.5654578 0.8247523 -0.006419719
vn -0.7208997 0.6930056 -0.006858615
vn -0.5217 0.8009092 -0.2938935
vn -0.3996018 0.9019914 -0.1634929
vn -0.4196993 0.9076444 -0.005857843
vn -0.5654578 0.8247523 -0.006419719
vn -0.3996018 0.9019914 -0.1634929
vn -0.2587151 0.9659401 -0.005114289
vn -0.4196993 0.9076444 -0.005857843
vn 0.1274422 -0.9543752 -0.2700489
vn 0.1051456 -0.9825363 -0.1535151
vn 0.2587151 -0.9659401 0.005114233
vn 0.1274422 -0.9543752 -0.2700489
vn -0.007938445 -0.8747916 -0.4844344
vn -0.05078417 -0.9573049 -0.2845844
vn 0.1051456 -0.9825363 -0.1535151
vn -0.007938445 -0.8747916 -0.4844344
vn -0.1397336 -0.7423632 -0.6552644
vn -0.2236794 -0.8844784 -0.4094697
vn -0.05078417 -0.9573049 -0.2845844
vn -0.1397336 -0.7423632 -0.6552644
vn -0.2616917 -0.5680948 -0.7802472
vn -0.413811 -0.7470111 -0.520322
vn -0.2236794 -0.8844784 -0.4094697
vn -0.2616917 -0.5680948 -0.7802472
vn -0.3675077 -0.3591993 -0.8578544
vn -0.6049646 -0.5209726 -0.6021672
vn -0.413811 -0.7470111 -0.520322
vn -0.3675077 -0.3591993 -0.8578544
vn -0.4482176 -0.1247362 -0.885179
vn -0.5397609 -0.148955 -0.8285351
vn -0.6049646 -0.5209726 -0.6021672
vn -0.4482176 -0.1247362 -0.885179
vn -0.4955706 0.1189371 -0.8603858
vn -0.7827718 0.1428897 -0.6056821
vn -0.5397609 -0.148955 -0.8285351
vn -0.4955706 0.1189371 -0.8603858
vn -0.5085327 0.3535118 -0.7851266
vn -0.7303995 0.4350057 -0.5265802
vn -0.7827718 0.1428897 -0.6056821
vn -0.5085327 0.3535118 -0.7851266
vn -0.4903318 0.5666325 -0.6621951
vn -0.6347207 0.6501877 -0.417595
vn -0.7303995 0.4350057 -0.5265802
vn -0.4903318 0.5666325 -0.6621951
vn -0.4428204 0.748886 -0.4930311
vn -0.5217 0.8009092 -0.2938935
vn -0.6347207 0.6501877 -0.417595
vn -0.4428204 0.748886 -0.4930311
vn -0.3659065 0.8875943 -0.2798013
vn -0.3996018 0.9019914 -0.1634929
vn -0.5217 0.8009092 -0.2938935
vn -0.3659065 0.8875943 -0.2798013
vn -0.2587151 0.9659401 -0.005114289
vn -0.3996018 0.9019914 -0.1634929
vn 0.1505799 -0.9230017 -0.3541096
vn 0.1274422 -0.9543752 -0.2700489
vn 0.2587151 -0.9659401 0.005114233
vn 0.1505799 -0.9230017 -0.3541096
vn 0.03547037 -0.790388 -0.6115788
vn -0.007938445 -0.8747916 -0.4844344
vn 0.1274422 -0.9543752 -0.2700489
vn 0.03547037 -0.790388 -0.6115788
vn -0.06577776 -0.618633 -0.7829218
vn -0.1397336 -0.7423632 -0.6552644
vn -0.007938445 -0.8747916 -0.4844344
vn -0.06577776 -0.618633 -0.7829218
vn -0.1489104 -0.4376501 -0.8867289
vn -0.2616917 -0.5680948 -0.7802472
vn -0.1397336 -0.7423632 -0.6552644
vn -0.1489104 -0.4376501 -0.8867289
vn -0.216125 -0.2573374 -0.9418426
vn -0.3675077 -0.3591993 -0.8578544
vn -0.2616917 -0.5680948 -0.7802472
vn -0.216125 -0.2573374 -0.9418426
vn -0.2703327 -0.07748619 -0.9596438
vn -0.4482176 -0.1247362 -0.885179
vn -0.3675077 -0.3591993 -0.8578544
vn -0.2703327 -0.07748619 -0.9596438
vn -0.3133196 0.1055488 -0.9437639
vn -0.4955706 0.1189371 -0.8603858
vn -0.4482176 -0.1247362 -0.885179
vn -0.3133196 0.1055488 -0.9437639
vn -0.3453701 0.2958529 -0.8906125
vn -0.5085327 0.3535118 -0.7851266
vn -0.4955706 0.1189371 -0.8603858
vn -0.3453701 0.2958529 -0.8906125
vn -0.3640973 0.4951746 -0.788819
vn -0.4903318 0.5666325 -0.6621951
vn -0.5085327 0.3535118 -0.7851266
vn -0.3640973 0.4951746 -0.788819
vn -0.3627007 0.6962256 -0.6194498
vn -0.4428204 0.748886 -0.4930311
vn -0.4903318 0.5666325 -0.6621951
vn -0.3627007 0.6962256 -0.6194498
vn -0.329963 0.8711562 -0.3636088
vn -0.3659065 0.8875943 -0.2798013
vn -0.4428204 0.748886 -0.4930311
vn -0.329963 0.8711562 -0.3636088
vn -0.2587151 0.9659401 -0.005114289
vn -0.3659065 0.8875943 -0.2798013
vn 0.1759427 -0.8947261 -0.4104991
vn 0.1505799 -0.9230017 -0.3541096
vn 0.2587151 -0.9659401 0.005114233
vn 0.1759427 -0.8947261 -0.4104991
vn 0.07975177 -0.7216499 -0.6876488
vn 0.03547037 -0.790388 -0.6115788
vn 0.1505799 -0.9230017 -0.3541096
vn 0.07975177 -0.7216499 -0.6876488
vn -0.0007464886 -0.5310748 -0.8473247
vn -0.06577776 -0.618633 -0.7829218
vn 0.03547037 -0.790388 -0.6115788
vn -0.0007464886 -0.5310748 -0.8473247
vn -0.06342704 -0.3559133 -0.9323641
vn -0.1489104 -0.4376501 -0.8867289
vn -0.06577776 -0.618633 -0.7829218
vn -0.06342704 -0.3559133 -0.9323641
vn -0.1135426 -0.1972399 -0.973758
vn -0.216125 -0.2573374 -0.9418426
vn -0.1489104 -0.4376501 -0.8867289
vn -0.1135426 -0.1972399 -0.973758
vn -0.1560458 -0.04701874 -0.9866301
vn -0.2703327 -0.07748619 -0.9596438
vn -0.216125 -0.2573374 -0.9418426
vn -0.1560458 -0.04701874 -0.9866301
vn -0.194348 0.1044555 -0.9753553
vn -0.3133196 0.1055488 -0.9437639
vn -0.2703327 -0.07748619 -0.9596438
vn -0.194348 0.1044555 -0.9753553
vn -0.2303568 0.2673365 -0.9356639
vn -0.3453701 0.2958529 -0.8906125
vn -0.3133196 0.1055488 -0.9437639
vn -0.2303568 0.2673365 -0.9356639
vn -0.263839 0.4512088 -0.8525254
vn -0.3640973 0.4951746 -0.788819
vn -0.3453701 0.2958529 -0.8906125
vn -0.263839 0.4512088 -0.8525254
vn -0.2897901 0.6580735 -0.694954
vn -0.3627007 0.6962256 -0.6194498
vn -0.3640973 0.4951746 -0.788819
vn -0.2897901 0.6580735 -0.694954
vn -0.2937139 0.8587865 -0.419783
vn -0.329963 0.8711562 -0.3636088
vn -0.3627007 0.6962256 -0.6194498
vn -0.2937139 0.8587865 -0.419783
vn -0.2587151 0.9659401 -0.005114289
vn -0.329963 0.8711562 -0.3636088
vn 0.2034704 -0.8734394 -0.4423837
vn 0.1759427 -0.8947261 -0.4104991
vn 0.2587151 -0.9659401 0.005114233
vn 0.2034704 -0.8734394 -0.4423837
vn 0.1262435 -0.6738792 -0.7279763
vn 0.07975177 -0.7216499 -0.6876488
vn 0.1759427 -0.8947261 -0.4104991
vn 0.1262435 -0.6738792 -0.7279763
vn 0.06063309 -0.4752388 -0.8777652
vn -0.0007464886 -0.5310748 -0.8473247
vn 0.07975177 -0.7216499 -0.6876488
vn 0.06063309 -0.4752388 -0.8777652
vn 0.009364881 -0.306015 -0.9519807
vn -0.06342704 -0.3559133 -0.9323641
vn -0.0007464886 -0.5310748 -0.8473247
vn 0.009364881 -0.306015 -0.9519807
vn -0.03254455 -0.1595341 -0.9866558
vn -0.1135426 -0.1972399 -0.973758
vn -0.06342704 -0.3559133 -0.9323641
vn -0.03254455 -0.1595341 -0.9866558
vn -0.0696355 -0.02393123 -0.9972854
vn -0.1560458 -0.04701874 -0.9866301
vn -0.1135426 -0.1972399 -0.973758
vn -0.0696355 -0.02393123 -0.9972854
vn -0.1053132 0.1121552 -0.9880943
vn -0.194348 0.1044555 -0.9753553
vn -0.1560458 -0.04701874 -0.9866301
vn -0.1053132 0.1121552 -0.9880943
vn -0.1423179 0.2603087 -0.9549791
vn -0.2303568 0.2673365 -0.9356639
vn -0.194348 0.1044555 -0.9753553
vn -0.1423179 0.2603087 -0.9549791
vn -0.1826884 0.4332275 -0.8825752
vn -0.263839 0.4512088 -0.8525254
vn -0.2303568 0.2673365 -0.9356639
vn -0.1826884 0.4332275 -0.8825752
vn -0.2255392 0.6395385 -0.7349305
vn -0.2897901 0.6580735 -0.694954
vn -0.263839 0.4512088 -0.8525254
vn -0.2255392 0.6395385 -0.7349305
vn -0.2591477 0.8537942 -0.4515285
vn -0.2937139 0.8587865 -0.419783
vn -0.2897901 0.6580735 -0.694954
vn -0.2591477 0.8537942 -0.4515285
vn -0.2587151 0.9659401 -0.005114289
vn -0.2937139 0.8587865 -0.419783
vn 0.2328333 -0.8608305 -0.4525038
vn 0.2034704 -0.8734394 -0.4423837
vn 0.2587151 -0.9659401 0.005114233
vn 0.2328333 -0.8608305 -0.4525038
vn 0.177274 -0.6480707 -0.7406607
vn 0.1262435 -0.6738792 -0.7279763
vn 0.2034704 -0.8734394 -0.4423837
vn 0.177274 -0.6480707 -0.7406607
vn 0.1237544 -0.4455615 -0.8866566
vn 0.06063309 -0.4752388 -0.8777652
vn 0.1262435 -0.6738792 -0.7279763
vn 0.1237544 -0.4455615 -0.8866566
vn 0.07919248 -0.2778901 -0.957343
vn 0.009364881 -0.306015 -0.9519807
vn 0.06063309 -0.4752388 -0.8777652
vn 0.07919248 -0.2778901 -0.957343
vn 0.04107253 -0.1349737 -0.9899976
vn -0.03254455 -0.1595341 -0.9866558
vn 0.009364881 -0.306015 -0.9519807
vn 0.04107253 -0.1349737 -0.9899976
vn 0.005958218 -0.003698633 -0.9999754
vn -0.0696355 -0.02393123 -0.9972854
vn -0.03254455 -0.1595341 -0.9866558
vn 0.005958218 -0.003698633 -0.9999754
vn -0.0292667 0.1276452 -0.991388
vn -0.1053132 0.1121552 -0.9880943
vn -0.0696355 -0.02393123 -0.9972854
vn -0.0292667 0.1276452 -0.991388
vn -0.06776677 0.2707976 -0.9602481
vn -0.1423179 0.2603087 -0.9549791
vn -0.1053132 0.1121552 -0.9880943
vn -0.06776677 0.2707976 -0.9602481
vn -0.1131605 0.4389852 -0.8913399
vn -0.1826884 0.4332275 -0.8825752
vn -0.1423179 0.2603087 -0.9549791
vn -0.1131605 0.4389852 -0.8913399
vn -0.1684071 0.6425664 -0.7474942
vn -0.2255392 0.6395385 -0.7349305
vn -0.1826884 0.4332275 -0.8825752
vn -0.1684071 0.6425664 -0.7474942
vn -0.2273867 0.8574495 -0.4616011
vn -0.2591477 0.8537942 -0.4515285
vn -0.2255392 0.6395385 -0.7349305
vn -0.2273867 0.8574495 -0.4616011
vn -0.2587151 0.9659401 -0.005114289
vn -0.2591477 0.8537942 -0.4515285
vn 0.2644721 -0.8570993 -0.4420806
vn 0.2328333 -0.8608305 -0.4525038
vn 0.2587151 -0.9659401 0.005114233
vn 0.2644721 -0.8570993 -0.4420806
vn 0.2342525 -0.6449474 -0.7274397
vn 0.177274 -0.6480707 -0.7406607
vn 0.2328333 -0.8608305 -0.4525038
vn 0.2342525 -0.6449474 -0.7274397
vn 0.1931732 -0.4397361 -0.8771068
vn 0.1237544 -0.4455615 -0.8866566
vn 0.177274 -0.6480707 -0.7406607
vn 0.1931732 -0.4397361 -0.8771068
vn 0.153676 -0.2673593 -0.9512637
vn 0.07919248 -0.2778901 -0.957343
vn 0.1237544 -0.4455615 -0.8866566
vn 0.153676 -0.2673593 -0.9512637
vn 0.1170751 -0.1194565 -0.9859126
vn 0.04107253 -0.1349737 -0.9899976
vn 0.07919248 -0.2778901 -0.957343
vn 0.1170751 -0.1194565 -0.9859126
vn 0.08151542 0.01655664 -0.9965345
vn 0.005958218 -0.003698633 -0.9999754
vn 0.04107253 -0.1349737 -0.9899976
vn 0.08151542 0.01655664 -0.9965345
vn 0.04430643 0.1522329 -0.9873511
vn -0.0292667 0.1276452 -0.991388
vn 0.005958218 -0.003698633 -0.9999754
vn 0.04430643 0.1522329 -0.9873511
vn 0.001993217 0.2989644 -0.9542622
vn -0.06776677 0.2707976 -0.9602481
vn -0.0292667 0.1276452 -0.991388
vn 0.001993217 0.2989644 -0.9542622
vn -0.05014823 0.4687302 -0.8819168
vn -0.1131605 0.4389852 -0.8913399
vn -0.06776677 0.2707976 -0.9602481
vn -0.05014823 0.4687302 -0.8819168
vn -0.1175301 0.6684701 -0.7343938
vn -0.1684071 0.6425664 -0.7474942
vn -0.1131605 0.4389852 -0.8913399
vn -0.1175301 0.6684701 -0.7343938
vn -0.198146 0.8701343 -0.4512254
vn -0.2273867 0.8574495 -0.4616011
vn -0.1684071 0.6425664 -0.7474942
vn -0.198146 0.8701343 -0.4512254
vn -0.2587151 0.9659401 -0.005114289
vn -0.2273867 0.8574495 -0.4616011
vn 0.2986574 -0.8618552 -0.4098895
vn 0.2644721 -0.8570993 -0.4420806
vn 0.2587151 -0.9659401 0.005114233
vn 0.2986574 -0.8618552 -0.4098895
vn 0.2980217 -0.6631833 -0.6865645
vn 0.2342525 -0.6449474 -0.7274397
vn 0.2644721 -0.8570993 -0.4420806
vn 0.2980217 -0.6631833 -0.6865645
vn 0.2739592 -0.457491 -0.8459601
vn 0.1931732 -0.4397361 -0.8771068
vn 0.2342525 -0.6449474 -0.7274397
vn 0.2739592 -0.457491 -0.8459601
vn 0.2414781 -0.2742401 -0.9308494
vn 0.153676 -0.2673593 -0.9512637
vn 0.1931732 -0.4397361 -0.8771068
vn 0.2414781 -0.2742401 -0.9308494
vn 0.205952 -0.1116589 -0.9721707
vn 0.1170751 -0.1194565 -0.9859126
vn 0.153676 -0.2673593 -0.9512637
vn 0.205952 -0.1116589 -0.9721707
vn 0.1677936 0.03972615 -0.9850214
vn 0.08151542 0.01655664 -0.9965345
vn 0.1170751 -0.1194565 -0.9859126
vn 0.1677936 0.03972615 -0.9850214
vn 0.1251466 0.1900366 -0.9737681
vn 0.04430643 0.1522329 -0.9873511
vn 0.08151542 0.01655664 -0.9965345
vn 0.1251466 0.1900366 -0.9737681
vn 0.07454836 0.3490095 -0.9341493
vn 0.001993217 0.2989644 -0.9542622
vn 0.04430643 0.1522329 -0.9873511
vn 0.07454836 0.3490095 -0.9341493
vn 0.01086666 0.5247926 -0.8511609
vn -0.05014823 0.4687302 -0.8819168
vn 0.001993217 0.2989644 -0.9542622
vn 0.01086666 0.5247926 -0.8511609
vn -0.07152013 0.71654 -0.6938697
vn -0.1175301 0.6684701 -0.7343938
vn -0.05014823 0.4687302 -0.8819168
vn -0.07152013 0.71654 -0.6938697
vn -0.1709992 0.8916574 -0.4191735
vn -0.198146 0.8701343 -0.4512254
vn -0.1175301 0.6684701 -0.7343938
vn -0.1709992 0.8916574 -0.4191735
vn -0.2587151 0.9659401 -0.005114289
vn -0.198146 0.8701343 -0.4512254
vn 0.3342341 -0.8738074 -0.3531972
vn 0.2986574 -0.8618552 -0.4098895
vn 0.2587151 -0.9659401 0.005114233
vn 0.3342341 -0.8738074 -0.3531972
vn 0.3700257 -0.7007728 -0.6099167
vn 0.2980217 -0.6631833 -0.6865645
vn 0.2986574 -0.8618552 -0.4098895
vn 0.3700257 -0.7007728 -0.6099167
vn 0.3734493 -0.5009801 -0.7807398
vn 0.2739592 -0.457491 -0.8459601
vn 0.2980217 -0.6631833 -0.6865645
vn 0.3734493 -0.5009801 -0.7807398
vn 0.3559452 -0.3024175 -0.884221
vn 0.2414781 -0.2742401 -0.9308494
vn 0.2739592 -0.457491 -0.8459601
vn 0.3559452 -0.3024175 -0.884221
vn 0.3245386 -0.1125131 -0.9391568
vn 0.205952 -0.1116589 -0.9721707
vn 0.2414781 -0.2742401 -0.9308494
vn 0.3245386 -0.1125131 -0.9391568
vn 0.2817522 0.07039741 -0.9569013
vn 0.1677936 0.03972615 -0.9850214
vn 0.205952 -0.1116589 -0.9721707
vn 0.2817522 0.07039741 -0.9569013
vn 0.2273441 0.250373 -0.9410781
vn 0.1251466 0.1900366 -0.9737681
vn 0.1677936 0.03972615 -0.9850214
vn 0.2273441 0.250373 -0.9410781
vn 0.1594855 0.4310855 -0.8881046
vn 0.07454836 0.3490095 -0.9341493
vn 0.1251466 0.1900366 -0.9737681
vn 0.1594855 0.4310855 -0.8881046
vn 0.07512976 0.6128275 -0.7866371
vn 0.01086666 0.5247926 -0.8511609
vn 0.07454836 0.3490095 -0.9341493
vn 0.07512976 0.6128275 -0.7866371
vn -0.02814534 0.7858409 -0.6177879
vn -0.07152013 0.71654 -0.6938697
vn 0.01086666 0.5247926 -0.8511609
vn -0.02814534 0.7858409 -0.6177879
vn -0.1463089 0.9203505 -0.3626965
vn -0.1709992 0.8916574 -0.4191735
vn -0.07152013 0.71654 -0.6938697
vn -0.1463089 0.9203505 -0.3626965
vn -0.2587151 0.9659401 -0.005114289
vn -0.1709992 0.8916574 -0.4191735
vn 0.3691756 -0.8896236 -0.268848
vn 0.3342341 -0.8738074 -0.3531972
vn 0.2587151 -0.9659401 0.005114233
vn 0.3691756 -0.8896236 -0.268848
vn 0.448631 -0.7524933 -0.4821662
vn 0.3700257 -0.7007728 -0.6099167
vn 0.3342341 -0.8738074 -0.3531972
vn 0.448631 -0.7524933 -0.4821662
vn 0.4981629 -0.5714938 -0.6520955
vn 0.3734493 -0.5009801 -0.7807398
vn 0.3700257 -0.7007728 -0.6099167
vn 0.4981629 -0.5714938 -0.6520955
vn 0.5178368 -0.3592874 -0.7763746
vn 0.3559452 -0.3024175 -0.884221
vn 0.3734493 -0.5009801 -0.7807398
vn 0.5178368 -0.3592874 -0.7763746
vn 0.5057827 -0.1252763 -0.8535161
vn 0.3245386 -0.1125131 -0.9391568
vn 0.3559452 -0.3024175 -0.884221
vn 0.5057827 -0.1252763 -0.8535161
vn 0.4587393 0.1182048 -0.8806736
vn 0.2817522 0.07039741 -0.9569013
vn 0.3245386 -0.1125131 -0.9391568
vn 0.4587393 0.1182048 -0.8806736
vn 0.3777197 0.3528601 -0.8560476
vn 0.2273441 0.250373 -0.9410781
vn 0.2817522 0.07039741 -0.9569013
vn 0.3777197 0.3528601 -0.8560476
vn 0.2709958 0.5623194 -0.7812542
vn 0.1594855 0.4310855 -0.8881046
vn 0.2273441 0.250373 -0.9410781
vn 0.2709958 0.5623194 -0.7812542
vn 0.1475647 0.7375019 -0.6590262
vn 0.07512976 0.6128275 -0.7866371
vn 0.1594855 0.4310855 -0.8881046
vn 0.1475647 0.7375019 -0.6590262
vn 0.01374905 0.8711846 -0.4907631
vn -0.02814534 0.7858409 -0.6177879
vn 0.07512976 0.6128275 -0.7866371
vn 0.01374905 0.8711846 -0.4907631
vn -0.1241732 0.9523459 -0.2786005
vn -0.1463089 0.9203505 -0.3626965
vn -0.02814534 0.7858409 -0.6177879
vn -0.1241732 0.9523459 -0.2786005
vn -0.2587151 0.9659401 -0.005114289
vn -0.1463089 0.9203505 -0.3626965
vn 0.4014818 -0.9031585 -0.152043
vn 0.3691756 -0.8896236 -0.268848
vn 0.2587151 -0.9659401 0.005114233
vn 0.4014818 -0.9031585 -0.152043
vn 0.5251298 -0.8030384 -0.2817234
vn 0.448631 -0.7524933 -0.4821662
vn 0.3691756 -0.8896236 -0.268848
vn 0.5251298 -0.8030384 -0.2817234
vn 0.6396231 -0.653231 -0.405181
vn 0.4981629 -0.5714938 -0.6520955
vn 0.448631 -0.7524933 -0.4821662
vn 0.6396231 -0.653231 -0.405181
vn 0.7366033 -0.4388566 -0.5146071
vn 0.5178368 -0.3592874 -0.7763746
vn 0.4981629 -0.5714938 -0.6520955
vn 0.7366033 -0.4388566 -0.5146071
vn 0.7899274 -0.1473314 -0.5952379
vn 0.5057827 -0.1252763 -0.8535161
vn 0.5178368 -0.3592874 -0.7763746
vn 0.7899274 -0.1473314 -0.5952379
vn 0.5496023 0.142846 -0.8231235
vn 0.4587393 0.1182048 -0.8806736
vn 0.5057827 -0.1252763 -0.8535161
vn 0.5496023 0.142846 -0.8231235
vn 0.6121201 0.5165308 -0.5987527
vn 0.3777197 0.3528601 -0.8560476
vn 0.4587393 0.1182048 -0.8806736
vn 0.6121201 0.5165308 -0.5987527
vn 0.4200147 0.7431602 -0.5208654
vn 0.2709958 0.5623194 -0.7812542
vn 0.3777197 0.3528601 -0.8560476
vn 0.4200147 0.7431602 -0.5208654
vn 0.2285818 0.8814352 -0.4133064
vn 0.1475647 0.7375019 -0.6590262
vn 0.2709958 0.5623194 -0.7812542
vn 0.2285818 0.8814352 -0.4133064
vn 0.054214 0.9551758 -0.2910325
vn 0.01374905 0.8711846 -0.4907631
vn 0.1475647 0.7375019 -0.6590262
vn 0.054214 0.9551758 -0.2910325
vn -0.1032656 0.9813691 -0.1620208
vn -0.1241732 0.9523459 -0.2786005
vn 0.01374905 0.8711846 -0.4907631
vn -0.1032656 0.9813691 -0.1620208
vn -0.2587151 0.9659401 -0.005114289
vn -0.1241732 0.9523459 -0.2786005
vn 0.4196993 -0.9076444 0.005857841
vn 0.4014818 -0.9031585 -0.152043
vn 0.2587151 -0.9659401 0.005114233
vn 0.4196993 -0.9076444 0.005857841
vn 0.5654576 -0.8247523 0.006419726
vn 0.5251298 -0.8030384 -0.2817234
vn 0.4014818 -0.9031585 -0.152043
vn 0.5654576 -0.8247523 0.006419726
vn 0.7208997 -0.6930056 0.006858687
vn 0.6396231 -0.653231 -0.405181
vn 0.5251298 -0.8030384 -0.2817234
vn 0.7208997 -0.6930056 0.006858687
vn 0.8336073 -0.4553683 -0.3126318
vn 0.7366033 -0.4388566 -0.5146071
vn 0.6396231 -0.653231 -0.405181
vn 0.8336073 -0.4553683 -0.3126318
vn 0.9116764 -0.1402847 -0.3862208
vn 0.7899274 -0.1473314 -0.5952379
vn 0.7366033 -0.4388566 -0.5146071
vn 0.9116764 -0.1402847 -0.3862208
vn 0.8782229 0.2330098 -0.4176493
vn 0.8782229 0.2330098 -0.4176492
vn 0.7899274 -0.1473314 -0.5952379
vn 0.8782229 0.2330098 -0.4176493
vn 0.7205397 0.5733438 -0.3899991
vn 0.6121201 0.5165308 -0.5987527
vn 0.8782229 0.2330098 -0.4176492
vn 0.7205397 0.5733438 -0.3899991
vn 0.4952459 0.8079393 -0.3193204
vn 0.4200147 0.7431602 -0.5208654
vn 0.6121201 0.5165308 -0.5987527
vn 0.4952459 0.8079393 -0.3193204
vn 0.2780081 0.9605768 -0.001896319
vn 0.2285818 0.8814352 -0.4133064
vn 0.4200147 0.7431602 -0.5208654
vn 0.2780081 0.9605768 -0.001896319
vn 0.07752798 0.9969849 -0.003225482
vn 0.054214 0.9551758 -0.2910325
vn 0.2285818 0.8814352 -0.4133064
vn 0.07752798 0.9969849 -0.003225482
vn -0.09014675 0.9959196 -0.004220619
vn -0.1032656 0.9813691 -0.1620208
vn 0.054214 0.9551758 -0.2910325
vn -0.09014675 0.9959196 -0.004220619
vn -0.2587151 0.9659401 -0.005114289
vn -0.1032656 0.9813691 -0.1620208
vn 0.3996018 -0.9019914 0.1634929
vn 0.4196993 -0.9076444 0.005857841
vn 0.2587151 -0.9659401 0.005114233
vn 0.3996018 -0.9019914 0.1634929
vn 0.5217001 -0.8009093 0.2938933
vn 0.5654576 -0.8247523 0.006419726
vn 0.4196993 -0.9076444 0.005857841
vn 0.5217001 -0.8009093 0.2938933
vn 0.6347207 -0.6501877 0.4175949
vn 0.7208997 -0.6930056 0.006858687
vn 0.5654576 -0.8247523 0.006419726
vn 0.6347207 -0.6501877 0.4175949
vn 0.7303995 -0.4350055 0.5265802
vn 0.8298026 -0.4530064 0.325903
vn 0.7208997 -0.6930056 0.006858687
vn 0.7303995 -0.4350055 0.5265802
vn 0.7827719 -0.1428896 0.6056821
vn 0.9070032 -0.1373838 0.3980842
vn 0.8298026 -0.4530064 0.325903
vn 0.7827719 -0.1428896 0.6056821
vn 0.8731941 0.2361315 0.4263496
vn 0.8731941 0.2361315 0.4263496
vn 0.9070032 -0.1373838 0.3980842
vn 0.8731941 0.2361315 0.4263496
vn 0.6049645 0.5209727 0.6021672
vn 0.7158665 0.5762447 0.3943058
vn 0.8731941 0.2361315 0.4263496
vn 0.6049645 0.5209727 0.6021672
vn 0.4138109 0.7470112 0.5203219
vn 0.4914413 0.810301 0.3192142
vn 0.7158665 0.5762447 0.3943058
vn 0.4138109 0.7470112 0.5203219
vn 0.2236795 0.8844784 0.4094696
vn 0.2780081 0.9605768 -0.001896319
vn 0.4914413 0.810301 0.3192142
vn 0.2236795 0.8844784 0.4094696
vn 0.05078422 0.957305 0.2845843
vn 0.07752798 0.9969849 -0.003225482
vn 0.2780081 0.9605768 -0.001896319
vn 0.05078422 0.957305 0.2845843
vn -0.1051457 0.9825363 0.153515
vn -0.09014675 0.9959196 -0.004220619
vn 0.07752798 0.9969849 -0.003225482
vn -0.1051457 0.9825363 0.153515
vn -0.2587151 0.9659401 -0.005114289
vn -0.09014675 0.9959196 -0.004220619
vn 0.3659065 -0.8875943 0.2798014
vn 0.3996018 -0.9019914 0.1634929
vn 0.2587151 -0.9659401 0.005114233
vn 0.3659065 -0.8875943 0.2798014
vn 0.4428204 -0.7488862 0.4930309
vn 0.5217001 -0.8009093 0.2938933
vn 0.3996018 -0.9019914 0.1634929
vn 0.4428204 -0.7488862 0.4930309
vn 0.4903319 -0.5666326 0.6621949
vn 0.6347207 -0.6501877 0.4175949
vn 0.5217001 -0.8009093 0.2938933
vn 0.4903319 -0.5666326 0.6621949
vn 0.5085328 -0.3535118 0.7851266
vn 0.7303995 -0.4350055 0.5265802
vn 0.6347207 -0.6501877 0.4175949
vn 0.5085328 -0.3535118 0.7851266
vn 0.4955707 -0.1189371 0.8603858
vn 0.7827719 -0.1428896 0.6056821
vn 0.7303995 -0.4350055 0.5265802
vn 0.4955707 -0.1189371 0.8603858
vn 0.4482177 0.1247362 0.885179
vn 0.5397611 0.1489551 0.828535
vn 0.7827719 -0.1428896 0.6056821
vn 0.4482177 0.1247362 0.885179
vn 0.3675077 0.3591994 0.8578542
vn 0.6049645 0.5209727 0.6021672
vn 0.5397611 0.1489551 0.828535
vn 0.3675077 0.3591994 0.8578542
vn 0.2616918 0.568095 0.7802471
vn 0.4138109 0.7470112 0.5203219
vn 0.6049645 0.5209727 0.6021672
vn 0.2616918 0.568095 0.7802471
vn 0.1397337 0.7423632 0.6552643
vn 0.2236795 0.8844784 0.4094696
vn 0.4138109 0.7470112 0.5203219
vn 0.1397337 0.7423632 0.6552643
vn 0.007938504 0.8747916 0.4844344
vn 0.05078422 0.957305 0.2845843
vn 0.2236795 0.8844784 0.4094696
vn 0.007938504 0.8747916 0.4844344
vn -0.1274422 0.9543752 0.2700489
vn -0.1051457 0.9825363 0.153515
vn 0.05078422 0.957305 0.2845843
vn -0.1274422 0.9543752 0.2700489
vn -0.2587151 0.9659401 -0.005114289
vn -0.1051457 0.9825363 0.153515
vn 0.329963 -0.8711561 0.363609
vn 0.3659065 -0.8875943 0.2798014
vn 0.2587151 -0.9659401 0.005114233
vn 0.329963 -0.8711561 0.363609
vn 0.3627006 -0.6962256 0.6194499
vn 0.4428204 -0.7488862 0.4930309
vn 0.3659065 -0.8875943 0.2798014
vn 0.3627006 -0.6962256 0.6194499
vn 0.3640973 -0.4951746 0.788819
vn 0.4903319 -0.5666326 0.6621949
vn 0.4428204 -0.7488862 0.4930309
vn 0.3640973 -0.4951746 0.788819
vn 0.3453701 -0.2958528 0.8906125
vn 0.5085328 -0.3535118 0.7851266
vn 0.4903319 -0.5666326 0.6621949
vn 0.3453701 -0.2958528 0.8906125
vn 0.3133194 -0.1055487 0.9437639
vn 0.4955707 -0.1189371 0.8603858
vn 0.5085328 -0.3535118 0.7851266
vn 0.3133194 -0.1055487 0.9437639
vn 0.2703326 0.07748617 0.9596438
vn 0.4482177 0.1247362 0.885179
vn 0.4955707 -0.1189371 0.8603858
vn 0.2703326 0.07748617 0.9596438
vn 0.2161249 0.2573374 0.9418426
vn 0.3675077 0.3591994 0.8578542
vn 0.4482177 0.1247362 0.885179
vn 0.2161249 0.2573374 0.9418426
vn 0.1489104 0.43765 0.8867289
vn 0.2616918 0.568095 0.7802471
vn 0.3675077 0.3591994 0.8578542
vn 0.1489104 0.43765 0.8867289
vn 0.06577769 0.618633 0.7829218
vn 0.1397337 0.7423632 0.6552643
vn 0.2616918 0.568095 0.7802471
vn 0.06577769 0.618633 0.7829218
vn -0.03547037 0.7903879 0.611579
vn 0.007938504 0.8747916 0.4844344
vn 0.1397337 0.7423632 0.6552643
vn -0.03547037 0.7903879 0.611579
vn -0.1505799 0.9230016 0.3541096
vn -0.1274422 0.9543752 0.2700489
vn 0.007938504 0.8747916 0.4844344
vn -0.1505799 0.9230016 0.3541096
vn -0.2587151 0.9659401 -0.005114289
vn -0.1274422 0.9543752 0.2700489
vn 0.2937139 -0.8587865 0.4197833
vn 0.329963 -0.8711561 0.363609
vn 0.2587151 -0.9659401 0.005114233
vn 0.2937139 -0.8587865 0.4197833
vn 0.28979 -0.6580735 0.694954
vn 0.3627006 -0.6962256 0.6194499
vn 0.329963 -0.8711561 0.363609
vn 0.28979 -0.6580735 0.694954
vn 0.2638389 -0.4512088 0.8525255
vn 0.3640973 -0.4951746 0.788819
vn 0.3627006 -0.6962256 0.6194499
vn 0.2638389 -0.4512088 0.8525255
vn 0.2303566 -0.2673364 0.935664
vn 0.3453701 -0.2958528 0.8906125
vn 0.3640973 -0.4951746 0.788819
vn 0.2303566 -0.2673364 0.935664
vn 0.1943478 -0.1044554 0.9753553
vn 0.3133194 -0.1055487 0.9437639
vn 0.3453701 -0.2958528 0.8906125
vn 0.1943478 -0.1044554 0.9753553
vn 0.1560457 0.04701872 0.9866301
vn 0.2703326 0.07748617 0.9596438
vn 0.3133194 -0.1055487 0.9437639
vn 0.1560457 0.04701872 0.9866301
vn 0.1135425 0.1972399 0.973758
vn 0.2161249 0.2573374 0.9418426
vn 0.2703326 0.07748617 0.9596438
vn 0.1135425 0.1972399 0.973758
vn 0.06342691 0.3559132 0.9323642
vn 0.1489104 0.43765 0.8867289
vn 0.2161249 0.2573374 0.9418426
vn 0.06342691 0.3559132 0.9323642
vn 0.0007463843 0.5310746 0.8473247
vn 0.06577769 0.618633 0.7829218
vn 0.1489104 0.43765 0.8867289
vn 0.0007463843 0.5310746 0.8473247
vn -0.07975175 0.7216498 0.6876491
vn -0.03547037 0.7903879 0.611579
vn 0.06577769 0.618633 0.7829218
vn -0.07975175 0.7216498 0.6876491
vn -0.1759428 0.8947261 0.4104989
vn -0.1505799 0.9230016 0.3541096
vn -0.03547037 0.7903879 0.611579
vn -0.1759428 0.8947261 0.4104989
vn -0.2587151 0.9659401 -0.005114289
vn -0.1505799 0.9230016 0.3541096
vn 0.2591476 -0.853794 0.4515286
vn 0.2937139 -0.8587865 0.4197833
vn 0.2587151 -0.9659401 0.005114233
vn 0.2591476 -0.853794 0.4515286
vn 0.2255392 -0.6395385 0.7349303
vn 0.28979 -0.6580735 0.694954
vn 0.2937139 -0.8587865 0.4197833
vn 0.2255392 -0.6395385 0.7349303
vn 0.1826884 -0.4332275 0.8825752
vn 0.2638389 -0.4512088 0.8525255
vn 0.28979 -0.6580735 0.694954
vn 0.1826884 -0.4332275 0.8825752
vn 0.1423179 -0.2603086 0.9549791
vn 0.2303566 -0.2673364 0.935664
vn 0.2638389 -0.4512088 0.8525255
vn 0.1423179 -0.2603086 0.9549791
vn 0.1053131 -0.1121551 0.9880943
vn 0.1943478 -0.1044554 0.9753553
vn 0.2303566 -0.2673364 0.935664
vn 0.1053131 -0.1121551 0.9880943
vn 0.06963549 0.02393123 0.9972854
vn 0.1560457 0.04701872 0.9866301
vn 0.1943478 -0.1044554 0.9753553
vn 0.06963549 0.02393123 0.9972854
vn 0.03254453 0.1595342 0.9866558
vn 0.1135425 0.1972399 0.973758
vn 0.1560457 0.04701872 0.9866301
vn 0.03254453 0.1595342 0.9866558
vn -0.009364896 0.3060151 0.9519807
vn 0.06342691 0.3559132 0.9323642
vn 0.1135425 0.1972399 0.973758
vn -0.009364896 0.3060151 0.9519807
vn -0.06063309 0.4752388 0.8777652
vn 0.0007463843 0.5310746 0.8473247
vn 0.06342691 0.3559132 0.9323642
vn -0.06063309 0.4752388 0.8777652
vn -0.1262435 0.6738791 0.7279764
vn -0.07975175 0.7216498 0.6876491
vn 0.0007463843 0.5310746 0.8473247
vn -0.1262435 0.6738791 0.7279764
vn -0.2034705 0.8734396 0.4423834
vn -0.1759428 0.8947261 0.4104989
vn -0.07975175 0.7216498 0.6876491
vn -0.2034705 0.8734396 0.4423834
vn -0.2587151 0.9659401 -0.005114289
vn -0.1759428 0.8947261 0.4104989
vn 0.2273867 -0.8574494 0.4616013
vn 0.2591476 -0.853794 0.4515286
vn 0.2587151 -0.9659401 0.005114233
vn 0.2273867 -0.8574494 0.4616013
vn 0.1684071 -0.6425664 0.7474941
vn 0.2255392 -0.6395385 0.7349303
vn 0.2591476 -0.853794 0.4515286
vn 0.1684071 -0.6425664 0.7474941
vn 0.1131605 -0.4389852 0.8913399
vn 0.1826884 -0.4332275 0.8825752
vn 0.2255392 -0.6395385 0.7349303
vn 0.1131605 -0.4389852 0.8913399
vn 0.06776675 -0.2707976 0.9602481
vn 0.1423179 -0.2603086 0.9549791
vn 0.1826884 -0.4332275 0.8825752
vn 0.06776675 -0.2707976 0.9602481
vn 0.0292667 -0.1276451 0.991388
vn 0.1053131 -0.1121551 0.9880943
vn 0.1423179 -0.2603086 0.9549791
vn 0.0292667 -0.1276451 0.991388
vn -0.005958198 0.00369864 0.9999754
vn 0.06963549 0.02393123 0.9972854
vn 0.1053131 -0.1121551 0.9880943
vn -0.005958198 0.00369864 0.9999754
vn -0.04107251 0.1349738 0.9899976
vn 0.03254453 0.1595342 0.9866558
vn 0.06963549 0.02393123 0.9972854
vn -0.04107251 0.1349738 0.9899976
vn -0.07919247 0.2778903 0.957343
vn -0.009364896 0.3060151 0.9519807
vn 0.03254453 0.1595342 0.9866558
vn -0.07919247 0.2778903 0.957343
vn -0.1237544 0.4455615 0.8866566
vn -0.06063309 0.4752388 0.8777652
vn -0.009364896 0.3060151 0.9519807
vn -0.1237544 0.4455615 0.8866566
vn -0.177274 0.6480707 0.7406607
vn -0.1262435 0.6738791 0.7279764
vn -0.06063309 0.4752388 0.8777652
vn -0.177274 0.6480707 0.7406607
vn -0.2328333 0.8608305 0.4525035
vn -0.2034705 0.8734396 0.4423834
vn -0.1262435 0.6738791 0.7279764
vn -0.2328333 0.8608305 0.4525035
vn -0.2587151 0.9659401 -0.005114289
vn -0.2034705 0.8734396 0.4423834
vt -0.04166667 0.08333334
vt 0 0.08333334
vt 0 0.08333334
vt -0.04166667 0.08333334
vt -0.04166667 0.1666667
vt 0 0.1666667
vt 0 0.08333334
vt -0.04166667 0.1666667
vt -0.04166667 0.25
vt 0 0.25
vt 0 0.1666667
vt -0.04166667 0.25
vt -0.04166667 0.3333333
vt 0 0.3333333
vt 0 0.25
vt -0.04166667 0.3333333
vt -0.04166667 0.4166667
vt 0 0.4166667
vt 0 0.3333333
vt -0.04166667 0.4166667
vt -0.04166667 0.5
vt 0 0.5
vt 0 0.4166667
vt -0.04166667 0.5
vt -0.04166667 0.5833334
vt 0 0.5833334
vt 0 0.5
vt -0.04166667 0.5833334
vt -0.04166667 0.6666667
vt 0 0.6666667
vt 0 0.5833334
vt -0.04166667 0.6666667
vt -0.04166667 0.75
vt 0 0.75
vt 0 0.6666667
vt -0.04166667 0.75
vt -0.04166667 0.8333334
vt 0 0.8333334
vt 0 0.75
vt -0.04166667 0.8333334
vt -0.04166667 0.9166667
vt 0 0.9166667
vt 0 0.8333334
vt -0.04166667 0.9166667
vt -0.04166667 1
vt 0 0.9166667
vt -0.08333334 0.08333334
vt -0.04166667 0.08333334
vt -0.04166667 0.08333334
vt -0.08333334 0.08333334
vt -0.08333334 0.1666667
vt -0.04166667 0.1666667
vt -0.04166667 0.08333334
vt -0.08333334 0.1666667
vt -0.08333334 0.25
vt -0.04166667 0.25
vt -0.04166667 0.1666667
vt -0.08333334 0.25
vt -0.08333334 0.3333333
vt -0.04166667 0.3333333
vt -0.04166667 0.25
vt -0.08333334 0.3333333
vt -0.08333334 0.4166667
vt -0.04166667 0.4166667
vt -0.04166667 0.3333333
vt -0.08333334 0.4166667
vt -0.08333334 0.5
vt -0.04166667 0.5
vt -0.04166667 0.4166667
vt -0.08333334 0.5
vt -0.08333334 0.5833334
vt -0.04166667 0.5833334
vt -0.04166667 0.5
vt -0.08333334 0.5833334
vt -0.08333334 0.6666667
vt -0.04166667 0.6666667
vt -0.04166667 0.5833334
vt -0.08333334 0.6666667
vt -0.08333334 0.75
vt -0.04166667 0.75
vt -0.04166667 0.6666667
vt -0.08333334 0.75
vt -0.08333334 0.8333334
vt -0.04166667 0.8333334
vt -0.04166667 0.75
vt -0.08333334 0.8333334
vt -0.08333334 0.9166667
vt -0.04166667 0.9166667
vt -0.04166667 0.8333334
vt -0.08333334 0.9166667
vt -0.08333334 1
vt -0.04166667 0.9166667
vt -0.125 0.08333334
vt -0.08333334 0.08333334
vt -0.08333334 0.08333334
vt -0.125 0.08333334
vt -0.125 0.1666667
vt -0.08333334 0.1666667
vt -0.08333334 0.08333334
vt -0.125 0.1666667
vt -0.125 0.25
vt -0.08333334 0.25
vt -0.08333334 0.1666667
vt -0.125 0.25
vt -0.125 0.3333333
vt -0.08333334 0.3333333
vt -0.08333334 0.25
vt -0.125 0.3333333
vt -0.125 0.4166667
vt -0.08333334 0.4166667
vt -0.08333334 0.3333333
vt -0.125 0.4166667
vt -0.125 0.5
vt -0.08333334 0.5
vt -0.08333334 0.4166667
vt -0.125 0.5
vt -0.125 0.5833334
vt -0.08333334 0.5833334
vt -0.08333334 0.5
vt -0.125 0.5833334
vt -0.125 0.6666667
vt -0.08333334 0.6666667
vt -0.08333334 0.5833334
vt -0.125 0.6666667
vt -0.125 0.75
vt -0.08333334 0.75
vt -0.08333334 0.6666667
vt -0.125 0.75
vt -0.125 0.8333334
vt -0.08333334 0.8333334
vt -0.08333334 0.75
vt -0.125 0.8333334
vt -0.125 0.9166667
vt -0.08333334 0.9166667
vt -0.08333334 0.8333334
vt -0.125 0.9166667
vt -0.125 1
vt -0.08333334 0.9166667
vt -0.1666667 0.08333334
vt -0.125 0.08333334
vt -0.125 0.08333334
vt -0.1666667 0.08333334
vt -0.1666667 0.1666667
vt -0.125 0.1666667
vt -0.125 0.08333334
vt -0.1666667 0.1666667
vt -0.1666667 0.25
vt -0.125 0.25
vt -0.125 0.1666667
vt -0.1666667 0.25
vt -0.1666667 0.3333333
vt -0.125 0.3333333
vt -0.125 0.25
vt -0.1666667 0.3333333
vt -0.1666667 0.4166667
vt -0.125 0.4166667
vt -0.125 0.3333333
vt -0.1666667 0.4166667
vt -0.1666667 0.5
vt -0.125 0.5
vt -0.125 0.4166667
vt -0.1666667 0.5
vt -0.1666667 0.5833334
vt -0.125 0.5833334
vt -0.125 0.5
vt -0.1666667 0.5833334
vt -0.1666667 0.6666667
vt -0.125 0.6666667
vt -0.125 0.5833334
vt -0.1666667 0.6666667
vt -0.1666667 0.75
vt -0.125 0.75
vt -0.125 0.6666667
vt -0.1666667 0.75
vt -0.1666667 0.8333334
vt -0.125 0.8333334
vt -0.125 0.75
vt -0.1666667 0.8333334
vt -0.1666667 0.9166667
vt -0.125 0.9166667
vt -0.125 0.8333334
vt -0.1666667 0.9166667
vt -0.1666667 1
vt -0.125 0.9166667
vt -0.2083333 0.08333334
vt -0.1666667 0.08333334
vt -0.1666667 0.08333334
vt -0.2083333 0.08333334
vt -0.2083333 0.1666667
vt -0.1666667 0.1666667
vt -0.1666667 0.08333334
vt -0.2083333 0.1666667
vt -0.2083333 0.25
vt -0.1666667 0.25
vt -0.1666667 0.1666667
vt -0.2083333 0.25
vt -0.2083333 0.3333333
vt -0.1666667 0.3333333
vt -0.1666667 0.25
vt -0.2083333 0.3333333
vt -0.2083333 0.4166667
vt -0.1666667 0.4166667
vt -0.1666667 0.3333333
vt -0.2083333 0.4166667
vt -0.2083333 0.5
vt -0.1666667 0.5
vt -0.1666667 0.4166667
vt -0.2083333 0.5
vt -0.2083333 0.5833334
vt -0.1666667 0.5833334
vt -0.1666667 0.5
vt -0.2083333 0.5833334
vt -0.2083333 0.6666667
vt -0.1666667 0.6666667
vt -0.1666667 0.5833334
vt -0.2083333 0.6666667
vt -0.2083333 0.75
vt -0.1666667 0.75
vt -0.1666667 0.6666667
vt -0.2083333 0.75
vt -0.2083333 0.8333334
vt -0.1666667 0.8333334
vt -0.1666667 0.75
vt -0.2083333 0.8333334
vt -0.2083333 0.9166667
vt -0.1666667 0.9166667
vt -0.1666667 0.8333334
vt -0.2083333 0.9166667
vt -0.2083333 1
vt -0.1666667 0.9166667
vt -0.25 0.08333334
vt -0.2083333 0.08333334
vt -0.2083333 0.08333334
vt -0.25 0.08333334
vt -0.25 0.1666667
vt -0.2083333 0.1666667
vt -0.2083333 0.08333334
vt -0.25 0.1666667
vt -0.25 0.25
vt -0.2083333 0.25
vt -0.2083333 0.1666667
vt -0.25 0.25
vt -0.25 0.3333333
vt -0.2083333 0.3333333
vt -0.2083333 0.25
vt -0.25 0.3333333
vt -0.25 0.4166667
vt -0.2083333 0.4166667
vt -0.2083333 0.3333333
vt -0.25 0.4166667
vt -0.25 0.5
vt -0.2083333 0.5
vt -0.2083333 0.4166667
vt -0.25 0.5
vt -0.25 0.5833334
vt -0.2083333 0.5833334
vt -0.2083333 0.5
vt -0.25 0.5833334
vt -0.25 0.6666667
vt -0.2083333 0.6666667
vt -0.2083333 0.5833334
vt -0.25 0.6666667
vt -0.25 0.75
vt -0.2083333 0.75
vt -0.2083333 0.6666667
vt -0.25 0.75
vt -0.25 0.8333334
vt -0.2083333 0.8333334
vt -0.2083333 0.75
vt -0.25 0.8333334
vt -0.25 0.9166667
vt -0.2083333 0.9166667
vt -0.2083333 0.8333334
vt -0.25 0.9166667
vt -0.25 1
vt -0.2083333 0.9166667
vt -0.2916667 0.08333334
vt -0.25 0.08333334
vt -0.25 0.08333334
vt -0.2916667 0.08333334
vt -0.2916667 0.1666667
vt -0.25 0.1666667
vt -0.25 0.08333334
vt -0.2916667 0.1666667
vt -0.2916667 0.25
vt -0.25 0.25
vt -0.25 0.1666667
vt -0.2916667 0.25
vt -0.2916667 0.3333333
vt -0.25 0.3333333
vt -0.25 0.25
vt -0.2916667 0.3333333
vt -0.2916667 0.4166667
vt -0.25 0.4166667
vt -0.25 0.3333333
vt -0.2916667 0.4166667
vt -0.2916667 0.5
vt -0.25 0.5
vt -0.25 0.4166667
vt -0.2916667 0.5
vt -0.2916667 0.5833334
vt -0.25 0.5833334
vt -0.25 0.5
vt -0.2916667 0.5833334
vt -0.2916667 0.6666667
vt -0.25 0.6666667
vt -0.25 0.5833334
vt -0.2916667 0.6666667
vt -0.2916667 0.75
vt -0.25 0.75
vt -0.25 0.6666667
vt -0.2916667 0.75
vt -0.2916667 0.8333334
vt -0.25 0.8333334
vt -0.25 0.75
vt -0.2916667 0.8333334
vt -0.2916667 0.9166667
vt -0.25 0.9166667
vt -0.25 0.8333334
vt -0.2916667 0.9166667
vt -0.2916667 1
vt -0.25 0.9166667
vt -0.3333333 0.08333334
vt -0.2916667 0.08333334
vt -0.2916667 0.08333334
vt -0.3333333 0.08333334
vt -0.3333333 0.1666667
vt -0.2916667 0.1666667
vt -0.2916667 0.08333334
vt -0.3333333 0.1666667
vt -0.3333333 0.25
vt -0.2916667 0.25
vt -0.2916667 0.1666667
vt -0.3333333 0.25
vt -0.3333333 0.3333333
vt -0.2916667 0.3333333
vt -0.2916667 0.25
vt -0.3333333 0.3333333
vt -0.3333333 0.4166667
vt -0.2916667 0.4166667
vt -0.2916667 0.3333333
vt -0.3333333 0.4166667
vt -0.3333333 0.5
vt -0.2916667 0.5
vt -0.2916667 0.4166667
vt -0.3333333 0.5
vt -0.3333333 0.5833334
vt -0.2916667 0.5833334
vt -0.2916667 0.5
vt -0.3333333 0.5833334
vt -0.3333333 0.6666667
vt -0.2916667 0.6666667
vt -0.2916667 0.5833334
vt -0.3333333 0.6666667
vt -0.3333333 0.75
vt -0.2916667 0.75
vt -0.2916667 0.6666667
vt -0.3333333 0.75
vt -0.3333333 0.8333334
vt -0.2916667 0.8333334
vt -0.2916667 0.75
vt -0.3333333 0.8333334
vt -0.3333333 0.9166667
vt -0.2916667 0.9166667
vt -0.2916667 0.8333334
vt -0.3333333 0.9166667
vt -0.3333333 1
vt -0.2916667 0.9166667
vt -0.375 0.08333334
vt -0.3333333 0.08333334
vt -0.3333333 0.08333334
vt -0.375 0.08333334
vt -0.375 0.1666667
vt -0.3333333 0.1666667
vt -0.3333333 0.08333334
vt -0.375 0.1666667
vt -0.375 0.25
vt -0.3333333 0.25
vt -0.3333333 0.1666667
vt -0.375 0.25
vt -0.375 0.3333333
vt -0.3333333 0.3333333
vt -0.3333333 0.25
vt -0.375 0.3333333
vt -0.375 0.4166667
vt -0.3333333 0.4166667
vt -0.3333333 0.3333333
vt -0.375 0.4166667
vt -0.375 0.5
vt -0.3333333 0.5
vt -0.3333333 0.4166667
vt -0.375 0.5
vt -0.375 0.5833334
vt -0.3333333 0.5833334
vt -0.3333333 0.5
vt -0.375 0.5833334
vt -0.375 0.6666667
vt -0.3333333 0.6666667
vt -0.3333333 0.5833334
vt -0.375 0.6666667
vt -0.375 0.75
vt -0.3333333 0.75
vt -0.3333333 0.6666667
vt -0.375 0.75
vt -0.375 0.8333334
vt -0.3333333 0.8333334
vt -0.3333333 0.75
vt -0.375 0.8333334
vt -0.375 0.9166667
vt -0.3333333 0.9166667
vt -0.3333333 0.8333334
vt -0.375 0.9166667
vt -0.375 1
vt -0.3333333 0.9166667
vt -0.4166667 0.08333334
vt -0.375 0.08333334
vt -0.375 0.08333334
vt -0.4166667 0.08333334
vt -0.4166667 0.1666667
vt -0.375 0.1666667
vt -0.375 0.08333334
vt -0.4166667 0.1666667
vt -0.4166667 0.25
vt -0.375 0.25
vt -0.375 0.1666667
vt -0.4166667 0.25
vt -0.4166667 0.3333333
vt -0.375 0.3333333
vt -0.375 0.25
vt -0.4166667 0.3333333
vt -0.4166667 0.4166667
vt -0.375 0.4166667
vt -0.375 0.3333333
vt -0.4166667 0.4166667
vt -0.4166667 0.5
vt -0.375 0.5
vt -0.375 0.4166667
vt -0.4166667 0.5
vt -0.4166667 0.5833334
vt -0.375 0.5833334
vt -0.375 0.5
vt -0.4166667 0.5833334
vt -0.4166667 0.6666667
vt -0.375 0.6666667
vt -0.375 0.5833334
vt -0.4166667 0.6666667
vt -0.4166667 0.75
vt -0.375 0.75
vt -0.375 0.6666667
vt -0.4166667 0.75
vt -0.4166667 0.8333334
vt -0.375 0.8333334
vt -0.375 0.75
vt -0.4166667 0.8333334
vt -0.4166667 0.9166667
vt -0.375 0.9166667
vt -0.375 0.8333334
vt -0.4166667 0.9166667
vt -0.4166667 1
vt -0.375 0.9166667
vt -0.4583333 0.08333334
vt -0.4166667 0.08333334
vt -0.4166667 0.08333334
vt -0.4583333 0.08333334
vt -0.4583333 0.1666667
vt -0.4166667 0.1666667
vt -0.4166667 0.08333334
vt -0.4583333 0.1666667
vt -0.4583333 0.25
vt -0.4166667 0.25
vt -0.4166667 0.1666667
vt -0.4583333 0.25
vt -0.4583333 0.3333333
vt -0.4166667 0.3333333
vt -0.4166667 0.25
vt -0.4583333 0.3333333
vt -0.4583333 0.4166667
vt -0.4166667 0.4166667
vt -0.4166667 0.3333333
vt -0.4583333 0.4166667
vt -0.4583333 0.5
vt -0.4166667 0.5
vt -0.4166667 0.4166667
vt -0.4583333 0.5
vt -0.4583333 0.5833334
vt -0.4166667 0.5833334
vt -0.4166667 0.5
vt -0.4583333 0.5833334
vt -0.4583333 0.6666667
vt -0.4166667 0.6666667
vt -0.4166667 0.5833334
vt -0.4583333 0.6666667
vt -0.4583333 0.75
vt -0.4166667 0.75
vt -0.4166667 0.6666667
vt -0.4583333 0.75
vt -0.4583333 0.8333334
vt -0.4166667 0.8333334
vt -0.4166667 0.75
vt -0.4583333 0.8333334
vt -0.4583333 0.9166667
vt -0.4166667 0.9166667
vt -0.4166667 0.8333334
vt -0.4583333 0.9166667
vt -0.4583333 1
vt -0.4166667 0.9166667
vt -0.5 0.08333334
vt -0.4583333 0.08333334
vt -0.4583333 0.08333334
vt -0.5 0.08333334
vt -0.5 0.1666667
vt -0.4583333 0.1666667
vt -0.4583333 0.08333334
vt -0.5 0.1666667
vt -0.5 0.25
vt -0.4583333 0.25
vt -0.4583333 0.1666667
vt -0.5 0.25
vt -0.5 0.3333333
vt -0.4583333 0.3333333
vt -0.4583333 0.25
vt -0.5 0.3333333
vt -0.5 0.4166667
vt -0.4583333 0.4166667
vt -0.4583333 0.3333333
vt -0.5 0.4166667
vt -0.5 0.5
vt -0.4583333 0.5
vt -0.4583333 0.4166667
vt -0.5 0.5
vt -0.5 0.5833334
vt -0.4583333 0.5833334
vt -0.4583333 0.5
vt -0.5 0.5833334
vt -0.5 0.6666667
vt -0.4583333 0.6666667
vt -0.4583333 0.5833334
vt -0.5 0.6666667
vt -0.5 0.75
vt -0.4583333 0.75
vt -0.4583333 0.6666667
vt -0.5 0.75
vt -0.5 0.8333334
vt -0.4583333 0.8333334
vt -0.4583333 0.75
vt -0.5 0.8333334
vt -0.5 0.9166667
vt -0.4583333 0.9166667
vt -0.4583333 0.8333334
vt -0.5 0.9166667
vt -0.5 1
vt -0.4583333 0.9166667
vt -0.5416667 0.08333334
vt -0.5 0.08333334
vt -0.5 0.08333334
vt -0.5416667 0.08333334
vt -0.5416667 0.1666667
vt -0.5 0.1666667
vt -0.5 0.08333334
vt -0.5416667 0.1666667
vt -0.5416667 0.25
vt -0.5 0.25
vt -0.5 0.1666667
vt -0.5416667 0.25
vt -0.5416667 0.3333333
vt -0.5 0.3333333
vt -0.5 0.25
vt -0.5416667 0.3333333
vt -0.5416667 0.4166667
vt -0.5 0.4166667
vt -0.5 0.3333333
vt -0.5416667 0.4166667
vt -0.5416667 0.5
vt -0.5 0.5
vt -0.5 0.4166667
vt -0.5416667 0.5
vt -0.5416667 0.5833334
vt -0.5 0.5833334
vt -0.5 0.5
vt -0.5416667 0.5833334
vt -0.5416667 0.6666667
vt -0.5 0.6666667
vt -0.5 0.5833334
vt -0.5416667 0.6666667
vt -0.5416667 0.75
vt -0.5 0.75
vt -0.5 0.6666667
vt -0.5416667 0.75
vt -0.5416667 0.8333334
vt -0.5 0.8333334
vt -0.5 0.75
vt -0.5416667 0.8333334
vt -0.5416667 0.9166667
vt -0.5 0.9166667
vt -0.5 0.8333334
vt -0.5416667 0.9166667
vt -0.5416667 1
vt -0.5 0.9166667
vt -0.5833334 0.08333334
vt -0.5416667 0.08333334
vt -0.5416667 0.08333334
vt -0.5833334 0.08333334
vt -0.5833334 0.1666667
vt -0.5416667 0.1666667
vt -0.5416667 0.08333334
vt -0.5833334 0.1666667
vt -0.5833334 0.25
vt -0.5416667 0.25
vt -0.5416667 0.1666667
vt -0.5833334 0.25
vt -0.5833334 0.3333333
vt -0.5416667 0.3333333
vt -0.5416667 0.25
vt -0.5833334 0.3333333
vt -0.5833334 0.4166667
vt -0.5416667 0.4166667
vt -0.5416667 0.3333333
vt -0.5833334 0.4166667
vt -0.5833334 0.5
vt -0.5416667 0.5
vt -0.5416667 0.4166667
vt -0.5833334 0.5
vt -0.5833334 0.5833334
vt -0.5416667 0.5833334
vt -0.5416667 0.5
vt -0.5833334 0.5833334
vt -0.5833334 0.6666667
vt -0.5416667 0.6666667
vt -0.5416667 0.5833334
vt -0.5833334 0.6666667
vt -0.5833334 0.75
vt -0.5416667 0.75
vt -0.5416667 0.6666667
vt -0.5833334 0.75
vt -0.5833334 0.8333334
vt -0.5416667 0.8333334
vt -0.5416667 0.75
vt -0.5833334 0.8333334
vt -0.5833334 0.9166667
vt -0.5416667 0.9166667
vt -0.5416667 0.8333334
vt -0.5833334 0.9166667
vt -0.5833334 1
vt -0.5416667 0.9166667
vt -0.625 0.08333334
vt -0.5833334 0.08333334
vt -0.5833334 0.08333334
vt -0.625 0.08333334
vt -0.625 0.1666667
vt -0.5833334 0.1666667
vt -0.5833334 0.08333334
vt -0.625 0.1666667
vt -0.625 0.25
vt -0.5833334 0.25
vt -0.5833334 0.1666667
vt -0.625 0.25
vt -0.625 0.3333333
vt -0.5833334 0.3333333
vt -0.5833334 0.25
vt -0.625 0.3333333
vt -0.625 0.4166667
vt -0.5833334 0.4166667
vt -0.5833334 0.3333333
vt -0.625 0.4166667
vt -0.625 0.5
vt -0.5833334 0.5
vt -0.5833334 0.4166667
vt -0.625 0.5
vt -0.625 0.5833334
vt -0.5833334 0.5833334
vt -0.5833334 0.5
vt -0.625 0.5833334
vt -0.625 0.6666667
vt -0.5833334 0.6666667
vt -0.5833334 0.5833334
vt -0.625 0.6666667
vt -0.625 0.75
vt -0.5833334 0.75
vt -0.5833334 0.6666667
vt -0.625 0.75
vt -0.625 0.8333334
vt -0.5833334 0.8333334
vt -0.5833334 0.75
vt -0.625 0.8333334
vt -0.625 0.9166667
vt -0.5833334 0.9166667
vt -0.5833334 0.8333334
vt -0.625 0.9166667
vt -0.625 1
vt -0.5833334 0.9166667
vt -0.6666667 0.08333334
vt -0.625 0.08333334
vt -0.625 0.08333334
vt -0.6666667 0.08333334
vt -0.6666667 0.1666667
vt -0.625 0.1666667
vt -0.625 0.08333334
vt -0.6666667 0.1666667
vt -0.6666667 0.25
vt -0.625 0.25
vt -0.625 0.1666667
vt -0.6666667 0.25
vt -0.6666667 0.3333333
vt -0.625 0.3333333
vt -0.625 0.25
vt -0.6666667 0.3333333
vt -0.6666667 0.4166667
vt -0.625 0.4166667
vt -0.625 0.3333333
vt -0.6666667 0.4166667
vt -0.6666667 0.5
vt -0.625 0.5
vt -0.625 0.4166667
vt -0.6666667 0.5
vt -0.6666667 0.5833334
vt -0.625 0.5833334
vt -0.625 0.5
vt -0.6666667 0.5833334
vt -0.6666667 0.6666667
vt -0.625 0.6666667
vt -0.625 0.5833334
vt -0.6666667 0.6666667
vt -0.6666667 0.75
vt -0.625 0.75
vt -0.625 0.6666667
vt -0.6666667 0.75
vt -0.6666667 0.8333334
vt -0.625 0.8333334
vt -0.625 0.75
vt -0.6666667 0.8333334
vt -0.6666667 0.9166667
vt -0.625 0.9166667
vt -0.625 0.8333334
vt -0.6666667 0.9166667
vt -0.6666667 1
vt -0.625 0.9166667
vt -0.7083334 0.08333334
vt -0.6666667 0.08333334
vt -0.6666667 0.08333334
vt -0.7083334 0.08333334
vt -0.7083334 0.1666667
vt -0.6666667 0.1666667
vt -0.6666667 0.08333334
vt -0.7083334 0.1666667
vt -0.7083334 0.25
vt -0.6666667 0.25
vt -0.6666667 0.1666667
vt -0.7083334 0.25
vt -0.7083334 0.3333333
vt -0.6666667 0.3333333
vt -0.6666667 0.25
vt -0.7083334 0.3333333
vt -0.7083334 0.4166667
vt -0.6666667 0.4166667
vt -0.6666667 0.3333333
vt -0.7083334 0.4166667
vt -0.7083334 0.5
vt -0.6666667 0.5
vt -0.6666667 0.4166667
vt -0.7083334 0.5
vt -0.7083334 0.5833334
vt -0.6666667 0.5833334
vt -0.6666667 0.5
vt -0.7083334 0.5833334
vt -0.7083334 0.6666667
vt -0.6666667 0.6666667
vt -0.6666667 0.5833334
vt -0.7083334 0.6666667
vt -0.7083334 0.75
vt -0.6666667 0.75
vt -0.6666667 0.6666667
vt -0.7083334 0.75
vt -0.7083334 0.8333334
vt -0.6666667 0.8333334
vt -0.6666667 0.75
vt -0.7083334 0.8333334
vt -0.7083334 0.9166667
vt -0.6666667 0.9166667
vt -0.6666667 0.8333334
vt -0.7083334 0.9166667
vt -0.7083334 1
vt -0.6666667 0.9166667
vt -0.75 0.08333334
vt -0.7083334 0.08333334
vt -0.7083334 0.08333334
vt -0.75 0.08333334
vt -0.75 0.1666667
vt -0.7083334 0.1666667
vt -0.7083334 0.08333334
vt -0.75 0.1666667
vt -0.75 0.25
vt -0.7083334 0.25
vt -0.7083334 0.1666667
vt -0.75 0.25
vt -0.75 0.3333333
vt -0.7083334 0.3333333
vt -0.7083334 0.25
vt -0.75 0.3333333
vt -0.75 0.4166667
vt -0.7083334 0.4166667
vt -0.7083334 0.3333333
vt -0.75 0.4166667
vt -0.75 0.5
vt -0.7083334 0.5
vt -0.7083334 0.4166667
vt -0.75 0.5
vt -0.75 0.5833334
vt -0.7083334 0.5833334
vt -0.7083334 0.5
vt -0.75 0.5833334
vt -0.75 0.6666667
vt -0.7083334 0.6666667
vt -0.7083334 0.5833334
vt -0.75 0.6666667
vt -0.75 0.75
vt -0.7083334 0.75
vt -0.7083334 0.6666667
vt -0.75 0.75
vt -0.75 0.8333334
vt -0.7083334 0.8333334
vt -0.7083334 0.75
vt -0.75 0.8333334
vt -0.75 0.9166667
vt -0.7083334 0.9166667
vt -0.7083334 0.8333334
vt -0.75 0.9166667
vt -0.75 1
vt -0.7083334 0.9166667
vt -0.7916667 0.08333334
vt -0.75 0.08333334
vt -0.75 0.08333334
vt -0.7916667 0.08333334
vt -0.7916667 0.1666667
vt -0.75 0.1666667
vt -0.75 0.08333334
vt -0.7916667 0.1666667
vt -0.7916667 0.25
vt -0.75 0.25
vt -0.75 0.1666667
vt -0.7916667 0.25
vt -0.7916667 0.3333333
vt -0.75 0.3333333
vt -0.75 0.25
vt -0.7916667 0.3333333
vt -0.7916667 0.4166667
vt -0.75 0.4166667
vt -0.75 0.3333333
vt -0.7916667 0.4166667
vt -0.7916667 0.5
vt -0.75 0.5
vt -0.75 0.4166667
vt -0.7916667 0.5
vt -0.7916667 0.5833334
vt -0.75 0.5833334
vt -0.75 0.5
vt -0.7916667 0.5833334
vt -0.7916667 0.6666667
vt -0.75 0.6666667
vt -0.75 0.5833334
vt -0.7916667 0.6666667
vt -0.7916667 0.75
vt -0.75 0.75
vt -0.75 0.6666667
vt -0.7916667 0.75
vt -0.7916667 0.8333334
vt -0.75 0.8333334
vt -0.75 0.75
vt -0.7916667 0.8333334
vt -0.7916667 0.9166667
vt -0.75 0.9166667
vt -0.75 0.8333334
vt -0.7916667 0.9166667
vt -0.7916667 1
vt -0.75 0.9166667
vt -0.8333334 0.08333334
vt -0.7916667 0.08333334
vt -0.7916667 0.08333334
vt -0.8333334 0.08333334
vt -0.8333334 0.1666667
vt -0.7916667 0.1666667
vt -0.7916667 0.08333334
vt -0.8333334 0.1666667
vt -0.8333334 0.25
vt -0.7916667 0.25
vt -0.7916667 0.1666667
vt -0.8333334 0.25
vt -0.8333334 0.3333333
vt -0.7916667 0.3333333
vt -0.7916667 0.25
vt -0.8333334 0.3333333
vt -0.8333334 0.4166667
vt -0.7916667 0.4166667
vt -0.7916667 0.3333333
vt -0.8333334 0.4166667
vt -0.8333334 0.5
vt -0.7916667 0.5
vt -0.7916667 0.4166667
vt -0.8333334 0.5
vt -0.8333334 0.5833334
vt -0.7916667 0.5833334
vt -0.7916667 0.5
vt -0.8333334 0.5833334
vt -0.8333334 0.6666667
vt -0.7916667 0.6666667
vt -0.7916667 0.5833334
vt -0.8333334 0.6666667
vt -0.8333334 0.75
vt -0.7916667 0.75
vt -0.7916667 0.6666667
vt -0.8333334 0.75
vt -0.8333334 0.8333334
vt -0.7916667 0.8333334
vt -0.7916667 0.75
vt -0.8333334 0.8333334
vt -0.8333334 0.9166667
vt -0.7916667 0.9166667
vt -0.7916667 0.8333334
vt -0.8333334 0.9166667
vt -0.8333334 1
vt -0.7916667 0.9166667
vt -0.875 0.08333334
vt -0.8333334 0.08333334
vt -0.8333334 0.08333334
vt -0.875 0.08333334
vt -0.875 0.1666667
vt -0.8333334 0.1666667
vt -0.8333334 0.08333334
vt -0.875 0.1666667
vt -0.875 0.25
vt -0.8333334 0.25
vt -0.8333334 0.1666667
vt -0.875 0.25
vt -0.875 0.3333333
vt -0.8333334 0.3333333
vt -0.8333334 0.25
vt -0.875 0.3333333
vt -0.875 0.4166667
vt -0.8333334 0.4166667
vt -0.8333334 0.3333333
vt -0.875 0.4166667
vt -0.875 0.5
vt -0.8333334 0.5
vt -0.8333334 0.4166667
vt -0.875 0.5
vt -0.875 0.5833334
vt -0.8333334 0.5833334
vt -0.8333334 0.5
vt -0.875 0.5833334
vt -0.875 0.6666667
vt -0.8333334 0.6666667
vt -0.8333334 0.5833334
vt -0.875 0.6666667
vt -0.875 0.75
vt -0.8333334 0.75
vt -0.8333334 0.6666667
vt -0.875 0.75
vt -0.875 0.8333334
vt -0.8333334 0.8333334
vt -0.8333334 0.75
vt -0.875 0.8333334
vt -0.875 0.9166667
vt -0.8333334 0.9166667
vt -0.8333334 0.8333334
vt -0.875 0.9166667
vt -0.875 1
vt -0.8333334 0.9166667
vt -0.9166667 0.08333334
vt -0.875 0.08333334
vt -0.875 0.08333334
vt -0.9166667 0.08333334
vt -0.9166667 0.1666667
vt -0.875 0.1666667
vt -0.875 0.08333334
vt -0.9166667 0.1666667
vt -0.9166667 0.25
vt -0.875 0.25
vt -0.875 0.1666667
vt -0.9166667 0.25
vt -0.9166667 0.3333333
vt -0.875 0.3333333
vt -0.875 0.25
vt -0.9166667 0.3333333
vt -0.9166667 0.4166667
vt -0.875 0.4166667
vt -0.875 0.3333333
vt -0.9166667 0.4166667
vt -0.9166667 0.5
vt -0.875 0.5
vt -0.875 0.4166667
vt -0.9166667 0.5
vt -0.9166667 0.5833334
vt -0.875 0.5833334
vt -0.875 0.5
vt -0.9166667 0.5833334
vt -0.9166667 0.6666667
vt -0.875 0.6666667
vt -0.875 0.5833334
vt -0.9166667 0.6666667
vt -0.9166667 0.75
vt -0.875 0.75
vt -0.875 0.6666667
vt -0.9166667 0.75
vt -0.9166667 0.8333334
vt -0.875 0.8333334
vt -0.875 0.75
vt -0.9166667 0.8333334
vt -0.9166667 0.9166667
vt -0.875 0.9166667
vt -0.875 0.8333334
vt -0.9166667 0.9166667
vt -0.9166667 1
vt -0.875 0.9166667
vt -0.9583334 0.08333334
vt -0.9166667 0.08333334
vt -0.9166667 0.08333334
vt -0.9583334 0.08333334
vt -0.9583334 0.1666667
vt -0.9166667 0.1666667
vt -0.9166667 0.08333334
vt -0.9583334 0.1666667
vt -0.9583334 0.25
vt -0.9166667 0.25
vt -0.9166667 0.1666667
vt -0.9583334 0.25
vt -0.9583334 0.3333333
vt -0.9166667 0.3333333
vt -0.9166667 0.25
vt -0.9583334 0.3333333
vt -0.9583334 0.4166667
vt -0.9166667 0.4166667
vt -0.9166667 0.3333333
vt -0.9583334 0.4166667
vt -0.9583334 0.5
vt -0.9166667 0.5
vt -0.9166667 0.4166667
vt -0.9583334 0.5
vt -0.9583334 0.5833334
vt -0.9166667 0.5833334
vt -0.9166667 0.5
vt -0.9583334 0.5833334
vt -0.9583334 0.6666667
vt -0.9166667 0.6666667
vt -0.9166667 0.5833334
vt -0.9583334 0.6666667
vt -0.9583334 0.75
vt -0.9166667 0.75
vt -0.9166667 0.6666667
vt -0.9583334 0.75
vt -0.9583334 0.8333334
vt -0.9166667 0.8333334
vt -0.9166667 0.75
vt -0.9583334 0.8333334
vt -0.9583334 0.9166667
vt -0.9166667 0.9166667
vt -0.9166667 0.8333334
vt -0.9583334 0.9166667
vt -0.9583334 1
vt -0.9166667 0.9166667
vt -1 0.08333334
vt -0.9583334 0.08333334
vt -0.9583334 0.08333334
vt -1 0.08333334
vt -1 0.1666667
vt -0.9583334 0.1666667
vt -0.9583334 0.08333334
vt -1 0.1666667
vt -1 0.25
vt -0.9583334 0.25
vt -0.9583334 0.1666667
vt -1 0.25
vt -1 0.3333333
vt -0.9583334 0.3333333
vt -0.9583334 0.25
vt -1 0.3333333
vt -1 0.4166667
vt -0.9583334 0.4166667
vt -0.9583334 0.3333333
vt -1 0.4166667
vt -1 0.5
vt -0.9583334 0.5
vt -0.9583334 0.4166667
vt -1 0.5
vt -1 0.5833334
vt -0.9583334 0.5833334
vt -0.9583334 0.5
vt -1 0.5833334
vt -1 0.6666667
vt -0.9583334 0.6666667
vt -0.9583334 0.5833334
vt -1 0.6666667
vt -1 0.75
vt -0.9583334 0.75
vt -0.9583334 0.6666667
vt -1 0.75
vt -1 0.8333334
vt -0.9583334 0.8333334
vt -0.9583334 0.75
vt -1 0.8333334
vt -1 0.9166667
vt -0.9583334 0.9166667
vt -0.9583334 0.8333334
vt -1 0.9166667
vt -1 1
vt -0.9583334 0.9166667
usemtl Material 3
f 2571/2571/2571 2570/2570/2570 2569/2569/2569
f 2574/2574/2574 2573/2573/2573 2572/2572/2572
f 2574/2574/2574 2572/2572/2572 2575/2575/2575
f 2578/2578/2578 2577/2577/2577 2576/2576/2576
f 2578/2578/2578 2576/2576/2576 2579/2579/2579
f 2582/2582/2582 2581/2581/2581 2580/2580/2580
f 2582/2582/2582 2580/2580/2580 2583/2583/2583
f 2586/2586/2586 2585/2585/2585 2584/2584/2584
f 2586/2586/2586 2584/2584/2584 2587/2587/2587
f 2590/2590/2590 2589/2589/2589 2588/2588/2588
f 2590/2590/2590 2588/2588/2588 2591/2591/2591
f 2594/2594/2594 2593/2593/2593 2592/2592/2592
f 2594/2594/2594 2592/2592/2592 2595/2595/2595
f 2598/2598/2598 2597/2597/2597 2596/2596/2596
f 2598/2598/2598 2596/2596/2596 2599/2599/2599
f 2602/2602/2602 2601/2601/2601 2600/2600/2600
f 2602/2602/2602 2600/2600/2600 2603/2603/2603
f 2606/2606/2606 2605/2605/2605 2604/2604/2604
f 2606/2606/2606 2604/2604/2604 2607/2607/2607
f 2610/2610/2610 2609/2609/2609 2608/2608/2608
f 2610/2610/2610 2608/2608/2608 2611/2611/2611
f 2614/2614/2614 2613/2613/2613 2612/2612/2612
f 2617/2617/2617 2616/2616/2616 2615/2615/2615
f 2620/2620/2620 2619/2619/2619 2618/2618/2618
f 2620/2620/2620 2618/2618/2618 2621/2621/2621
f 2624/2624/2624 2623/2623/2623 2622/2622/2622
f 2624/2624/2624 2622/2622/2622 2625/2625/2625
f 2628/2628/2628 2627/2627/2627 2626/2626/2626
f 2628/2628/2628 2626/2626/2626 2629/2629/2629
f 2632/2632/2632 2631/2631/2631 2630/2630/2630
f 2632/2632/2632 2630/2630/2630 2633/2633/2633
f 2636/2636/2636 2635/2635/2635 2634/2634/2634
f 2636/2636/2636 2634/2634/2634 2637/2637/2637
f 2640/2640/2640 2639/2639/2639 2638/2638/2638
f 2640/2640/2640 2638/2638/2638 2641/2641/2641
f 2644/2644/2644 2643/2643/2643 2642/2642/2642
f 2644/2644/2644 2642/2642/2642 2645/2645/2645
f 2648/2648/2648 2647/2647/2647 2646/2646/2646
f 2648/2648/2648 2646/2646/2646 2649/2649/2649
f 2652/2652/2652 2651/2651/2651 2650/2650/2650
f 2652/2652/2652 2650/2650/2650 2653/2653/2653
f 2656/2656/2656 2655/2655/2655 2654/2654/2654
f 2656/2656/2656 2654/2654/2654 2657/2657/2657
f 2660/2660/2660 2659/2659/2659 2658/2658/2658
f 2663/2663/2663 2662/2662/2662 2661/2661/2661
f 2666/2666/2666 2665/2665/2665 2664/2664/2664
f 2666/2666/2666 2664/2664/2664 2667/2667/2667
f 2670/2670/2670 2669/2669/2669 2668/2668/2668
f 2670/2670/2670 2668/2668/2668 2671/2671/2671
f 2674/2674/2674 2673/2673/2673 2672/2672/2672
f 2674/2674/2674 2672/2672/2672 2675/2675/2675
f 2678/2678/2678 2677/2677/2677 2676/2676/2676
f 2678/2678/2678 2676/2676/2676 2679/2679/2679
f 2682/2682/2682 2681/2681/2681 2680/2680/2680
f 2682/2682/2682 2680/2680/2680 2683/2683/2683
f 2686/2686/2686 2685/2685/2685 2684/2684/2684
f 2686/2686/2686 2684/2684/2684 2687/2687/2687
f 2690/2690/2690 2689/2689/2689 2688/2688/2688
f 2690/2690/2690 2688/2688/2688 2691/2691/2691
f 2694/2694/2694 2693/2693/2693 2692/2692/2692
f 2694/2694/2694 2692/2692/2692 2695/2695/2695
f 2698/2698/2698 2697/2697/2697 2696/2696/2696
f 2698/2698/2698 2696/2696/2696 2699/2699/2699
f 2702/2702/2702 2701/2701/2701 2700/2700/2700
f 2702/2702/2702 2700/2700/2700 2703/2703/2703
f 2706/2706/2706 2705/2705/2705 2704/2704/2704
f 2709/2709/2709 2708/2708/2708 2707/2707/2707
f 2712/2712/2712 2711/2711/2711 2710/2710/2710
f 2712/2712/2712 2710/2710/2710 2713/2713/2713
f 2716/2716/2716 2715/2715/2715 2714/2714/2714
f 2716/2716/2716 2714/2714/2714 2717/2717/2717
f 2720/2720/2720 2719/2719/2719 2718/2718/2718
f 2720/2720/2720 2718/2718/2718 2721/2721/2721
f 2724/2724/2724 2723/2723/2723 2722/2722/2722
f 2724/2724/2724 2722/2722/2722 2725/2725/2725
f 2728/2728/2728 2727/2727/2727 2726/2726/2726
f 2728/2728/2728 2726/2726/2726 2729/2729/2729
f 2732/2732/2732 2731/2731/2731 2730/2730/2730
f 2732/2732/2732 2730/2730/2730 2733/2733/2733
f 2736/2736/2736 2735/2735/2735 2734/2734/2734
f 2736/2736/2736 2734/2734/2734 2737/2737/2737
f 2740/2740/2740 2739/2739/2739 2738/2738/2738
f 2740/2740/2740 2738/2738/2738 2741/2741/2741
f 2744/2744/2744 2743/2743/2743 2742/2742/2742
f 2744/2744/2744 2742/2742/2742 2745/2745/2745
f 2748/2748/2748 2747/2747/2747 2746/2746/2746
f 2748/2748/2748 2746/2746/2746 2749/2749/2749
f 2752/2752/2752 2751/2751/2751 2750/2750/2750
f 2755/2755/2755 2754/2754/2754 2753/2753/2753
f 2758/2758/2758 2757/2757/2757 2756/2756/2756
f 2758/2758/2758 2756/2756/2756 2759/2759/2759
f 2762/2762/2762 2761/2761/2761 2760/2760/2760
f 2762/2762/2762 2760/2760/2760 2763/2763/2763
f 2766/2766/2766 2765/2765/2765 2764/2764/2764
f 2766/2766/2766 2764/2764/2764 2767/2767/2767
f 2770/2770/2770 2769/2769/2769 2768/2768/2768
f 2770/2770/2770 2768/2768/2768 2771/2771/2771
f 2774/2774/2774 2773/2773/2773 2772/2772/2772
f 2774/2774/2774 2772/2772/2772 2775/2775/2775
f 2778/2778/2778 2777/2777/2777 2776/2776/2776
f 2778/2778/2778 2776/2776/2776 2779/2779/2779
f 2782/2782/2782 2781/2781/2781 2780/2780/2780
f 2782/2782/2782 2780/2780/2780 2783/2783/2783
f 2786/2786/2786 2785/2785/2785 2784/2784/2784
f 2786/2786/2786 2784/2784/2784 2787/2787/2787
f 2790/2790/2790 2789/2789/2789 2788/2788/2788
f 2790/2790/2790 2788/2788/2788 2791/2791/2791
f 2794/2794/2794 2793/2793/2793 2792/2792/2792
f 2794/2794/2794 2792/2792/2792 2795/2795/2795
f 2798/2798/2798 2797/2797/2797 2796/2796/2796
f 2801/2801/2801 2800/2800/2800 2799/2799/2799
f 2804/2804/2804 2803/2803/2803 2802/2802/2802
f 2804/2804/2804 2802/2802/2802 2805/2805/2805
f 2808/2808/2808 2807/2807/2807 2806/2806/2806
f 2808/2808/2808 2806/2806/2806 2809/2809/2809
f 2812/2812/2812 2811/2811/2811 2810/2810/2810
f 2812/2812/2812 2810/2810/2810 2813/2813/2813
f 2816/2816/2816 2815/2815/2815 2814/2814/2814
f 2816/2816/2816 2814/2814/2814 2817/2817/2817
f 2820/2820/2820 2819/2819/2819 2818/2818/2818
f 2820/2820/2820 2818/2818/2818 2821/2821/2821
f 2824/2824/2824 2823/2823/2823 2822/2822/2822
f 2824/2824/2824 2822/2822/2822 2825/2825/2825
f 2828/2828/2828 2827/2827/2827 2826/2826/2826
f 2828/2828/2828 2826/2826/2826 2829/2829/2829
f 2832/2832/2832 2831/2831/2831 2830/2830/2830
f 2832/2832/2832 2830/2830/2830 2833/2833/2833
f 2836/2836/2836 2835/2835/2835 2834/2834/2834
f 2836/2836/2836 2834/2834/2834 2837/2837/2837
f 2840/2840/2840 2839/2839/2839 2838/2838/2838
f 2840/2840/2840 2838/2838/2838 2841/2841/2841
f 2844/2844/2844 2843/2843/2843 2842/2842/2842
f 2847/2847/2847 2846/2846/2846 2845/2845/2845
f 2850/2850/2850 2849/2849/2849 2848/2848/2848
f 2850/2850/2850 2848/2848/2848 2851/2851/2851
f 2854/2854/2854 2853/2853/2853 2852/2852/2852
f 2854/2854/2854 2852/2852/2852 2855/2855/2855
f 2858/2858/2858 2857/2857/2857 2856/2856/2856
f 2858/2858/2858 2856/2856/2856 2859/2859/2859
f 2862/2862/2862 2861/2861/2861 2860/2860/2860
f 2862/2862/2862 2860/2860/2860 2863/2863/2863
f 2866/2866/2866 2865/2865/2865 2864/2864/2864
f 2866/2866/2866 2864/2864/2864 2867/2867/2867
f 2870/2870/2870 2869/2869/2869 2868/2868/2868
f 2870/2870/2870 2868/2868/2868 2871/2871/2871
f 2874/2874/2874 2873/2873/2873 2872/2872/2872
f 2874/2874/2874 2872/2872/2872 2875/2875/2875
f 2878/2878/2878 2877/2877/2877 2876/2876/2876
f 2878/2878/2878 2876/2876/2876 2879/2879/2879
f 2882/2882/2882 2881/2881/2881 2880/2880/2880
f 2882/2882/2882 2880/2880/2880 2883/2883/2883
f 2886/2886/2886 2885/2885/2885 2884/2884/2884
f 2886/2886/2886 2884/2884/2884 2887/2887/2887
f 2890/2890/2890 2889/2889/2889 2888/2888/2888
f 2893/2893/2893 2892/2892/2892 2891/2891/2891
f 2896/2896/2896 2895/2895/2895 2894/2894/2894
f 2896/2896/2896 2894/2894/2894 2897/2897/2897
f 2900/2900/2900 2899/2899/2899 2898/2898/2898
f 2900/2900/2900 2898/2898/2898 2901/2901/2901
f 2904/2904/2904 2903/2903/2903 2902/2902/2902
f 2904/2904/2904 2902/2902/2902 2905/2905/2905
f 2908/2908/2908 2907/2907/2907 2906/2906/2906
f 2908/2908/2908 2906/2906/2906 2909/2909/2909
f 2912/2912/2912 2911/2911/2911 2910/2910/2910
f 2912/2912/2912 2910/2910/2910 2913/2913/2913
f 2916/2916/2916 2915/2915/2915 2914/2914/2914
f 2916/2916/2916 2914/2914/2914 2917/2917/2917
f 2920/2920/2920 2919/2919/2919 2918/2918/2918
f 2920/2920/2920 2918/2918/2918 2921/2921/2921
f 2924/2924/2924 2923/2923/2923 2922/2922/2922
f 2924/2924/2924 2922/2922/2922 2925/2925/2925
f 2928/2928/2928 2927/2927/2927 2926/2926/2926
f 2928/2928/2928 2926/2926/2926 2929/2929/2929
f 2932/2932/2932 2931/2931/2931 2930/2930/2930
f 2932/2932/2932 2930/2930/2930 2933/2933/2933
f 2936/2936/2936 2935/2935/2935 2934/2934/2934
f 2939/2939/2939 2938/2938/2938 2937/2937/2937
f 2942/2942/2942 2941/2941/2941 2940/2940/2940
f 2942/2942/2942 2940/2940/2940 2943/2943/2943
f 2946/2946/2946 2945/2945/2945 2944/2944/2944
f 2946/2946/2946 2944/2944/2944 2947/2947/2947
f 2950/2950/2950 2949/2949/2949 2948/2948/2948
f 2950/2950/2950 2948/2948/2948 2951/2951/2951
f 2954/2954/2954 2953/2953/2953 2952/2952/2952
f 2954/2954/2954 2952/2952/2952 2955/2955/2955
f 2958/2958/2958 2957/2957/2957 2956/2956/2956
f 2958/2958/2958 2956/2956/2956 2959/2959/2959
f 2962/2962/2962 2961/2961/2961 2960/2960/2960
f 2962/2962/2962 2960/2960/2960 2963/2963/2963
f 2966/2966/2966 2965/2965/2965 2964/2964/2964
f 2966/2966/2966 2964/2964/2964 2967/2967/2967
f 2970/2970/2970 2969/2969/2969 2968/2968/2968
f 2970/2970/2970 2968/2968/2968 2971/2971/2971
f 2974/2974/2974 2973/2973/2973 2972/2972/2972
f 2974/2974/2974 2972/2972/2972 2975/2975/2975
f 2978/2978/2978 2977/2977/2977 2976/2976/2976
f 2978/2978/2978 2976/2976/2976 2979/2979/2979
f 2982/2982/2982 2981/2981/2981 2980/2980/2980
f 2985/2985/2985 2984/2984/2984 2983/2983/2983
f 2988/2988/2988 2987/2987/2987 2986/2986/2986
f 2988/2988/2988 2986/2986/2986 2989/2989/2989
f 2992/2992/2992 2991/2991/2991 2990/2990/2990
f 2992/2992/2992 2990/2990/2990 2993/2993/2993
f 2996/2996/2996 2995/2995/2995 2994/2994/2994
f 2996/2996/2996 2994/2994/2994 2997/2997/2997
f 3000/3000/3000 2999/2999/2999 2998/2998/2998
f 3000/3000/3000 2998/2998/2998 3001/3001/3001
f 3004/3004/3004 3003/3003/3003 3002/3002/3002
f 3004/3004/3004 3002/3002/3002 3005/3005/3005
f 3008/3008/3008 3007/3007/3007 3006/3006/3006
f 3008/3008/3008 3006/3006/3006 3009/3009/3009
f 3012/3012/3012 3011/3011/3011 3010/3010/3010
f 3012/3012/3012 3010/3010/3010 3013/3013/3013
f 3016/3016/3016 3015/3015/3015 3014/3014/3014
f 3016/3016/3016 3014/3014/3014 3017/3017/3017
f 3020/3020/3020 3019/3019/3019 3018/3018/3018
f 3020/3020/3020 3018/3018/3018 3021/3021/3021
f 3024/3024/3024 3023/3023/3023 3022/3022/3022
f 3024/3024/3024 3022/3022/3022 3025/3025/3025
f 3028/3028/3028 3027/3027/3027 3026/3026/3026
f 3031/3031/3031 3030/3030/3030 3029/3029/3029
f 3034/3034/3034 3033/3033/3033 3032/3032/3032
f 3034/3034/3034 3032/3032/3032 3035/3035/3035
f 3038/3038/3038 3037/3037/3037 3036/3036/3036
f 3038/3038/3038 3036/3036/3036 3039/3039/3039
f 3042/3042/3042 3041/3041/3041 3040/3040/3040
f 3042/3042/3042 3040/3040/3040 3043/3043/3043
f 3046/3046/3046 3045/3045/3045 3044/3044/3044
f 3046/3046/3046 3044/3044/3044 3047/3047/3047
f 3050/3050/3050 3049/3049/3049 3048/3048/3048
f 3050/3050/3050 3048/3048/3048 3051/3051/3051
f 3054/3054/3054 3053/3053/3053 3052/3052/3052
f 3054/3054/3054 3052/3052/3052 3055/3055/3055
f 3058/3058/3058 3057/3057/3057 3056/3056/3056
f 3058/3058/3058 3056/3056/3056 3059/3059/3059
f 3062/3062/3062 3061/3061/3061 3060/3060/3060
f 3062/3062/3062 3060/3060/3060 3063/3063/3063
f 3066/3066/3066 3065/3065/3065 3064/3064/3064
f 3066/3066/3066 3064/3064/3064 3067/3067/3067
f 3070/3070/3070 3069/3069/3069 3068/3068/3068
f 3070/3070/3070 3068/3068/3068 3071/3071/3071
f 3074/3074/3074 3073/3073/3073 3072/3072/3072
f 3077/3077/3077 3076/3076/3076 3075/3075/3075
f 3080/3080/3080 3079/3079/3079 3078/3078/3078
f 3080/3080/3080 3078/3078/3078 3081/3081/3081
f 3084/3084/3084 3083/3083/3083 3082/3082/3082
f 3084/3084/3084 3082/3082/3082 3085/3085/3085
f 3088/3088/3088 3087/3087/3087 3086/3086/3086
f 3088/3088/3088 3086/3086/3086 3089/3089/3089
f 3092/3092/3092 3091/3091/3091 3090/3090/3090
f 3092/3092/3092 3090/3090/3090 3093/3093/3093
f 3096/3096/3096 3095/3095/3095 3094/3094/3094
f 3096/3096/3096 3094/3094/3094 3097/3097/3097
f 3100/3100/3100 3099/3099/3099 3098/3098/3098
f 3100/3100/3100 3098/3098/3098 3101/3101/3101
f 3104/3104/3104 3103/3103/3103 3102/3102/3102
f 3104/3104/3104 3102/3102/3102 3105/3105/3105
f 3108/3108/3108 3107/3107/3107 3106/3106/3106
f 3108/3108/3108 3106/3106/3106 3109/3109/3109
f 3112/3112/3112 3111/3111/3111 3110/3110/3110
f 3112/3112/3112 3110/3110/3110 3113/3113/3113
f 3116/3116/3116 3115/3115/3115 3114/3114/3114
f 3116/3116/3116 3114/3114/3114 3117/3117/3117
f 3120/3120/3120 3119/3119/3119 3118/3118/3118
f 3123/3123/3123 3122/3122/3122 3121/3121/3121
f 3126/3126/3126 3125/3125/3125 3124/3124/3124
f 3126/3126/3126 3124/3124/3124 3127/3127/3127
f 3130/3130/3130 3129/3129/3129 3128/3128/3128
f 3130/3130/3130 3128/3128/3128 3131/3131/3131
f 3134/3134/3134 3133/3133/3133 3132/3132/3132
f 3134/3134/3134 3132/3132/3132 3135/3135/3135
f 3138/3138/3138 3137/3137/3137 3136/3136/3136
f 3138/3138/3138 3136/3136/3136 3139/3139/3139
f 3142/3142/3142 3141/3141/3141 3140/3140/3140
f 3142/3142/3142 3140/3140/3140 3143/3143/3143
f 3146/3146/3146 3145/3145/3145 3144/3144/3144
f 3146/3146/3146 3144/3144/3144 3147/3147/3147
f 3150/3150/3150 3149/3149/3149 3148/3148/3148
f 3150/3150/3150 3148/3148/3148 3151/3151/3151
f 3154/3154/3154 3153/3153/3153 3152/3152/3152
f 3154/3154/3154 3152/3152/3152 3155/3155/3155
f 3158/3158/3158 3157/3157/3157 3156/3156/3156
f 3158/3158/3158 3156/3156/3156 3159/3159/3159
f 3162/3162/3162 3161/3161/3161 3160/3160/3160
f 3162/3162/3162 3160/3160/3160 3163/3163/3163
f 3166/3166/3166 3165/3165/3165 3164/3164/3164
f 3169/3169/3169 3168/3168/3168 3167/3167/3167
f 3172/3172/3172 3171/3171/3171 3170/3170/3170
f 3172/3172/3172 3170/3170/3170 3173/3173/3173
f 3176/3176/3176 3175/3175/3175 3174/3174/3174
f 3176/3176/3176 3174/3174/3174 3177/3177/3177
f 3180/3180/3180 3179/3179/3179 3178/3178/3178
f 3180/3180/3180 3178/3178/3178 3181/3181/3181
f 3184/3184/3184 3183/3183/3183 3182/3182/3182
f 3184/3184/3184 3182/3182/3182 3185/3185/3185
f 3188/3188/3188 3187/3187/3187 3186/3186/3186
f 3188/3188/3188 3186/3186/3186 3189/3189/3189
f 3192/3192/3192 3191/3191/3191 3190/3190/3190
f 3192/3192/3192 3190/3190/3190 3193/3193/3193
f 3196/3196/3196 3195/3195/3195 3194/3194/3194
f 3196/3196/3196 3194/3194/3194 3197/3197/3197
f 3200/3200/3200 3199/3199/3199 3198/3198/3198
f 3200/3200/3200 3198/3198/3198 3201/3201/3201
f 3204/3204/3204 3203/3203/3203 3202/3202/3202
f 3204/3204/3204 3202/3202/3202 3205/3205/3205
f 3208/3208/3208 3207/3207/3207 3206/3206/3206
f 3208/3208/3208 3206/3206/3206 3209/3209/3209
f 3212/3212/3212 3211/3211/3211 3210/3210/3210
f 3215/3215/3215 3214/3214/3214 3213/3213/3213
f 3218/3218/3218 3217/3217/3217 3216/3216/3216
f 3218/3218/3218 3216/3216/3216 3219/3219/3219
f 3222/3222/3222 3221/3221/3221 3220/3220/3220
f 3222/3222/3222 3220/3220/3220 3223/3223/3223
f 3226/3226/3226 3225/3225/3225 3224/3224/3224
f 3226/3226/3226 3224/3224/3224 3227/3227/3227
f 3230/3230/3230 3229/3229/3229 3228/3228/3228
f 3230/3230/3230 3228/3228/3228 3231/3231/3231
f 3234/3234/3234 3233/3233/3233 3232/3232/3232
f 3234/3234/3234 3232/3232/3232 3235/3235/3235
f 3238/3238/3238 3237/3237/3237 3236/3236/3236
f 3238/3238/3238 3236/3236/3236 3239/3239/3239
f 3242/3242/3242 3241/3241/3241 3240/3240/3240
f 3242/3242/3242 3240/3240/3240 3243/3243/3243
f 3246/3246/3246 3245/3245/3245 3244/3244/3244
f 3246/3246/3246 3244/3244/3244 3247/3247/3247
f 3250/3250/3250 3249/3249/3249 3248/3248/3248
f 3250/3250/3250 3248/3248/3248 3251/3251/3251
f 3254/3254/3254 3253/3253/3253 3252/3252/3252
f 3254/3254/3254 3252/3252/3252 3255/3255/3255
f 3258/3258/3258 3257/3257/3257 3256/3256/3256
f 3261/3261/3261 3260/3260/3260 3259/3259/3259
f 3264/3264/3264 3263/3263/3263 3262/3262/3262
f 3264/3264/3264 3262/3262/3262 3265/3265/3265
f 3268/3268/3268 3267/3267/3267 3266/3266/3266
f 3268/3268/3268 3266/3266/3266 3269/3269/3269
f 3272/3272/3272 3271/3271/3271 3270/3270/3270
f 3272/3272/3272 3270/3270/3270 3273/3273/3273
f 3276/3276/3276 3275/3275/3275 3274/3274/3274
f 3276/3276/3276 3274/3274/3274 3277/3277/3277
f 3280/3280/3280 3279/3279/3279 3278/3278/3278
f 3280/3280/3280 3278/3278/3278 3281/3281/3281
f 3284/3284/3284 3283/3283/3283 3282/3282/3282
f 3284/3284/3284 3282/3282/3282 3285/3285/3285
f 3288/3288/3288 3287/3287/3287 3286/3286/3286
f 3288/3288/3288 3286/3286/3286 3289/3289/3289
f 3292/3292/3292 3291/3291/3291 3290/3290/3290
f 3292/3292/3292 3290/3290/3290 3293/3293/3293
f 3296/3296/3296 3295/3295/3295 3294/3294/3294
f 3296/3296/3296 3294/3294/3294 3297/3297/3297
f 3300/3300/3300 3299/3299/3299 3298/3298/3298
f 3300/3300/3300 3298/3298/3298 3301/3301/3301
f 3304/3304/3304 3303/3303/3303 3302/3302/3302
f 3307/3307/3307 3306/3306/3306 3305/3305/3305
f 3310/3310/3310 3309/3309/3309 3308/3308/3308
f 3310/3310/3310 3308/3308/3308 3311/3311/3311
f 3314/3314/3314 3313/3313/3313 3312/3312/3312
f 3314/3314/3314 3312/3312/3312 3315/3315/3315
f 3318/3318/3318 3317/3317/3317 3316/3316/3316
f 3318/3318/3318 3316/3316/3316 3319/3319/3319
f 3322/3322/3322 3321/3321/3321 3320/3320/3320
f 3322/3322/3322 3320/3320/3320 3323/3323/3323
f 3326/3326/3326 3325/3325/3325 3324/3324/3324
f 3326/3326/3326 3324/3324/3324 3327/3327/3327
f 3330/3330/3330 3329/3329/3329 3328/3328/3328
f 3330/3330/3330 3328/3328/3328 3331/3331/3331
f 3334/3334/3334 3333/3333/3333 3332/3332/3332
f 3334/3334/3334 3332/3332/3332 3335/3335/3335
f 3338/3338/3338 3337/3337/3337 3336/3336/3336
f 3338/3338/3338 3336/3336/3336 3339/3339/3339
f 3342/3342/3342 3341/3341/3341 3340/3340/3340
f 3342/3342/3342 3340/3340/3340 3343/3343/3343
f 3346/3346/3346 3345/3345/3345 3344/3344/3344
f 3346/3346/3346 3344/3344/3344 3347/3347/3347
f 3350/3350/3350 3349/3349/3349 3348/3348/3348
f 3353/3353/3353 3352/3352/3352 3351/3351/3351
f 3356/3356/3356 3355/3355/3355 3354/3354/3354
f 3356/3356/3356 3354/3354/3354 3357/3357/3357
f 3360/3360/3360 3359/3359/3359 3358/3358/3358
f 3360/3360/3360 3358/3358/3358 3361/3361/3361
f 3364/3364/3364 3363/3363/3363 3362/3362/3362
f 3364/3364/3364 3362/3362/3362 3365/3365/3365
f 3368/3368/3368 3367/3367/3367 3366/3366/3366
f 3368/3368/3368 3366/3366/3366 3369/3369/3369
f 3372/3372/3372 3371/3371/3371 3370/3370/3370
f 3372/3372/3372 3370/3370/3370 3373/3373/3373
f 3376/3376/3376 3375/3375/3375 3374/3374/3374
f 3376/3376/3376 3374/3374/3374 3377/3377/3377
f 3380/3380/3380 3379/3379/3379 3378/3378/3378
f 3380/3380/3380 3378/3378/3378 3381/3381/3381
f 3384/3384/3384 3383/3383/3383 3382/3382/3382
f 3384/3384/3384 3382/3382/3382 3385/3385/3385
f 3388/3388/3388 3387/3387/3387 3386/3386/3386
f 3388/3388/3388 3386/3386/3386 3389/3389/3389
f 3392/3392/3392 3391/3391/3391 3390/3390/3390
f 3392/3392/3392 3390/3390/3390 3393/3393/3393
f 3396/3396/3396 3395/3395/3395 3394/3394/3394
f 3399/3399/3399 3398/3398/3398 3397/3397/3397
f 3402/3402/3402 3401/3401/3401 3400/3400/3400
f 3402/3402/3402 3400/3400/3400 3403/3403/3403
f 3406/3406/3406 3405/3405/3405 3404/3404/3404
f 3406/3406/3406 3404/3404/3404 3407/3407/3407
f 3410/3410/3410 3409/3409/3409 3408/3408/3408
f 3410/3410/3410 3408/3408/3408 3411/3411/3411
f 3414/3414/3414 3413/3413/3413 3412/3412/3412
f 3414/3414/3414 3412/3412/3412 3415/3415/3415
f 3418/3418/3418 3417/3417/3417 3416/3416/3416
f 3418/3418/3418 3416/3416/3416 3419/3419/3419
f 3422/3422/3422 3421/3421/3421 3420/3420/3420
f 3422/3422/3422 3420/3420/3420 3423/3423/3423
f 3426/3426/3426 3425/3425/3425 3424/3424/3424
f 3426/3426/3426 3424/3424/3424 3427/3427/3427
f 3430/3430/3430 3429/3429/3429 3428/3428/3428
f 3430/3430/3430 3428/3428/3428 3431/3431/3431
f 3434/3434/3434 3433/3433/3433 3432/3432/3432
f 3434/3434/3434 3432/3432/3432 3435/3435/3435
f 3438/3438/3438 3437/3437/3437 3436/3436/3436
f 3438/3438/3438 3436/3436/3436 3439/3439/3439
f 3442/3442/3442 3441/3441/3441 3440/3440/3440
f 3445/3445/3445 3444/3444/3444 3443/3443/3443
f 3448/3448/3448 3447/3447/3447 3446/3446/3446
f 3448/3448/3448 3446/3446/3446 3449/3449/3449
f 3452/3452/3452 3451/3451/3451 3450/3450/3450
f 3452/3452/3452 3450/3450/3450 3453/3453/3453
f 3456/3456/3456 3455/3455/3455 3454/3454/3454
f 3456/3456/3456 3454/3454/3454 3457/3457/3457
f 3460/3460/3460 3459/3459/3459 3458/3458/3458
f 3460/3460/3460 3458/3458/3458 3461/3461/3461
f 3464/3464/3464 3463/3463/3463 3462/3462/3462
f 3464/3464/3464 3462/3462/3462 3465/3465/3465
f 3468/3468/3468 3467/3467/3467 3466/3466/3466
f 3468/3468/3468 3466/3466/3466 3469/3469/3469
f 3472/3472/3472 3471/3471/3471 3470/3470/3470
f 3472/3472/3472 3470/3470/3470 3473/3473/3473
f 3476/3476/3476 3475/3475/3475 3474/3474/3474
f 3476/3476/3476 3474/3474/3474 3477/3477/3477
f 3480/3480/3480 3479/3479/3479 3478/3478/3478
f 3480/3480/3480 3478/3478/3478 3481/3481/3481
f 3484/3484/3484 3483/3483/3483 3482/3482/3482
f 3484/3484/3484 3482/3482/3482 3485/3485/3485
f 3488/3488/3488 3487/3487/3487 3486/3486/3486
f 3491/3491/3491 3490/3490/3490 3489/3489/3489
f 3494/3494/3494 3493/3493/3493 3492/3492/3492
f 3494/3494/3494 3492/3492/3492 3495/3495/3495
f 3498/3498/3498 3497/3497/3497 3496/3496/3496
f 3498/3498/3498 3496/3496/3496 3499/3499/3499
f 3502/3502/3502 3501/3501/3501 3500/3500/3500
f 3502/3502/3502 3500/3500/3500 3503/3503/3503
f 3506/3506/3506 3505/3505/3505 3504/3504/3504
f 3506/3506/3506 3504/3504/3504 3507/3507/3507
f 3510/3510/3510 3509/3509/3509 3508/3508/3508
f 3510/3510/3510 3508/3508/3508 3511/3511/3511
f 3514/3514/3514 3513/3513/3513 3512/3512/3512
f 3514/3514/3514 3512/3512/3512 3515/3515/3515
f 3518/3518/3518 3517/3517/3517 3516/3516/3516
f 3518/3518/3518 3516/3516/3516 3519/3519/3519
f 3522/3522/3522 3521/3521/3521 3520/3520/3520
f 3522/3522/3522 3520/3520/3520 3523/3523/3523
f 3526/3526/3526 3525/3525/3525 3524/3524/3524
f 3526/3526/3526 3524/3524/3524 3527/3527/3527
f 3530/3530/3530 3529/3529/3529 3528/3528/3528
f 3530/3530/3530 3528/3528/3528 3531/3531/3531
f 3534/3534/3534 3533/3533/3533 3532/3532/3532
f 3537/3537/3537 3536/3536/3536 3535/3535/3535
f 3540/3540/3540 3539/3539/3539 3538/3538/3538
f 3540/3540/3540 3538/3538/3538 3541/3541/3541
f 3544/3544/3544 3543/3543/3543 3542/3542/3542
f 3544/3544/3544 3542/3542/3542 3545/3545/3545
f 3548/3548/3548 3547/3547/3547 3546/3546/3546
f 3548/3548/3548 3546/3546/3546 3549/3549/3549
f 3552/3552/3552 3551/3551/3551 3550/3550/3550
f 3552/3552/3552 3550/3550/3550 3553/3553/3553
f 3556/3556/3556 3555/3555/3555 3554/3554/3554
f 3556/3556/3556 3554/3554/3554 3557/3557/3557
f 3560/3560/3560 3559/3559/3559 3558/3558/3558
f 3560/3560/3560 3558/3558/3558 3561/3561/3561
f 3564/3564/3564 3563/3563/3563 3562/3562/3562
f 3564/3564/3564 3562/3562/3562 3565/3565/3565
f 3568/3568/3568 3567/3567/3567 3566/3566/3566
f 3568/3568/3568 3566/3566/3566 3569/3569/3569
f 3572/3572/3572 3571/3571/3571 3570/3570/3570
f 3572/3572/3572 3570/3570/3570 3573/3573/3573
f 3576/3576/3576 3575/3575/3575 3574/3574/3574
f 3576/3576/3576 3574/3574/3574 3577/3577/3577
f 3580/3580/3580 3579/3579/3579 3578/3578/3578
f 3583/3583/3583 3582/3582/3582 3581/3581/3581
f 3586/3586/3586 3585/3585/3585 3584/3584/3584
f 3586/3586/3586 3584/3584/3584 3587/3587/3587
f 3590/3590/3590 3589/3589/3589 3588/3588/3588
f 3590/3590/3590 3588/3588/3588 3591/3591/3591
f 3594/3594/3594 3593/3593/3593 3592/3592/3592
f 3594/3594/3594 3592/3592/3592 3595/3595/3595
f 3598/3598/3598 3597/3597/3597 3596/3596/3596
f 3598/3598/3598 3596/3596/3596 3599/3599/3599
f 3602/3602/3602 3601/3601/3601 3600/3600/3600
f 3602/3602/3602 3600/3600/3600 3603/3603/3603
f 3606/3606/3606 3605/3605/3605 3604/3604/3604
f 3606/3606/3606 3604/3604/3604 3607/3607/3607
f 3610/3610/3610 3609/3609/3609 3608/3608/3608
f 3610/3610/3610 3608/3608/3608 3611/3611/3611
f 3614/3614/3614 3613/3613/3613 3612/3612/3612
f 3614/3614/3614 3612/3612/3612 3615/3615/3615
f 3618/3618/3618 3617/3617/3617 3616/3616/3616
f 3618/3618/3618 3616/3616/3616 3619/3619/3619
f 3622/3622/3622 3621/3621/3621 3620/3620/3620
f 3622/3622/3622 3620/3620/3620 3623/3623/3623
f 3626/3626/3626 3625/3625/3625 3624/3624/3624
f 3629/3629/3629 3628/3628/3628 3627/3627/3627
f 3632/3632/3632 3631/3631/3631 3630/3630/3630
f 3632/3632/3632 3630/3630/3630 3633/3633/3633
f 3636/3636/3636 3635/3635/3635 3634/3634/3634
f 3636/3636/3636 3634/3634/3634 3637/3637/3637
f 3640/3640/3640 3639/3639/3639 3638/3638/3638
f 3640/3640/3640 3638/3638/3638 3641/3641/3641
f 3644/3644/3644 3643/3643/3643 3642/3642/3642
f 3644/3644/3644 3642/3642/3642 3645/3645/3645
f 3648/3648/3648 3647/3647/3647 3646/3646/3646
f 3648/3648/3648 3646/3646/3646 3649/3649/3649
f 3652/3652/3652 3651/3651/3651 3650/3650/3650
f 3652/3652/3652 3650/3650/3650 3653/3653/3653
f 3656/3656/3656 3655/3655/3655 3654/3654/3654
f 3656/3656/3656 3654/3654/3654 3657/3657/3657
f 3660/3660/3660 3659/3659/3659 3658/3658/3658
f 3660/3660/3660 3658/3658/3658 3661/3661/3661
f 3664/3664/3664 3663/3663/3663 3662/3662/3662
f 3664/3664/3664 3662/3662/3662 3665/3665/3665
f 3668/3668/3668 3667/3667/3667 3666/3666/3666
f 3668/3668/3668 3666/3666/3666 3669/3669/3669
f 3672/3672/3672 3671/3671/3671 3670/3670/3670
o #34495E 1
v -1.61207 0.7602139 -1.66939
v -1.594616 0.7556379 -1.669669
v -1.596941 0.7508597 -1.689325
v -1.61207 0.7602139 -1.66939
v -1.62357 0.778848 -1.650858
v -1.589851 0.7700078 -1.651396
v -1.594616 0.7556379 -1.669669
v -1.62357 0.778848 -1.650858
v -1.630655 0.8054921 -1.634992
v -1.582969 0.7929901 -1.635752
v -1.589851 0.7700078 -1.651396
v -1.630655 0.8054921 -1.634992
v -1.632843 0.8383305 -1.622872
v -1.57444 0.8230188 -1.623804
v -1.582969 0.7929901 -1.635752
v -1.632843 0.8383305 -1.622872
v -1.629986 0.8751253 -1.615326
v -1.564846 0.8580472 -1.616365
v -1.57444 0.8230188 -1.623804
v -1.629986 0.8751253 -1.615326
v -1.622277 0.9133689 -1.612867
v -1.554839 0.8956885 -1.613943
v -1.564846 0.8580472 -1.616365
v -1.622277 0.9133689 -1.612867
v -1.610242 0.9504552 -1.615663
v -1.545102 0.9333773 -1.616702
v -1.554839 0.8956885 -1.613943
v -1.610242 0.9504552 -1.615663
v -1.594701 0.9838569 -1.623523
v -1.536298 0.9685451 -1.624455
v -1.545102 0.9333773 -1.616702
v -1.594701 0.9838569 -1.623523
v -1.576713 1.011297 -1.635912
v -1.529027 0.9987954 -1.636673
v -1.536298 0.9685451 -1.624455
v -1.576713 1.011297 -1.635912
v -1.557505 1.030907 -1.651986
v -1.523786 1.022067 -1.652523
v -1.529027 0.9987954 -1.636673
v -1.557505 1.030907 -1.651986
v -1.538384 1.041349 -1.670648
v -1.52093 1.036773 -1.670926
v -1.523786 1.022067 -1.652523
v -1.538384 1.041349 -1.670648
v -1.520655 1.041912 -1.690628
v -1.52093 1.036773 -1.670926
v -1.628405 0.7644904 -1.670472
v -1.61207 0.7602139 -1.66939
v -1.596941 0.7508597 -1.689325
v -1.628405 0.7644904 -1.670472
v -1.655126 0.7871096 -1.652948
v -1.62357 0.778848 -1.650858
v -1.61207 0.7602139 -1.66939
v -1.655126 0.7871096 -1.652948
v -1.675282 0.8171757 -1.637947
v -1.630655 0.8054921 -1.634992
v -1.62357 0.778848 -1.650858
v -1.675282 0.8171757 -1.637947
v -1.6875 0.8526399 -1.626491
v -1.632843 0.8383305 -1.622872
v -1.630655 0.8054921 -1.634992
v -1.6875 0.8526399 -1.626491
v -1.690947 0.8910854 -1.619363
v -1.629986 0.8751253 -1.615326
v -1.632843 0.8383305 -1.622872
v -1.690947 0.8910854 -1.619363
v -1.685389 0.9298921 -1.617046
v -1.622277 0.9133689 -1.612867
v -1.629986 0.8751253 -1.615326
v -1.685389 0.9298921 -1.617046
v -1.671203 0.9664153 -1.6197
v -1.610242 0.9504552 -1.615663
v -1.622277 0.9133689 -1.612867
v -1.671203 0.9664153 -1.6197
v -1.649357 0.9981663 -1.627143
v -1.594701 0.9838569 -1.623523
v -1.610242 0.9504552 -1.615663
v -1.649357 0.9981663 -1.627143
v -1.62134 1.022981 -1.638867
v -1.576713 1.011297 -1.635912
v -1.594701 0.9838569 -1.623523
v -1.62134 1.022981 -1.638867
v -1.589061 1.039168 -1.654075
v -1.557505 1.030907 -1.651986
v -1.576713 1.011297 -1.635912
v -1.589061 1.039168 -1.654075
v -1.554719 1.045626 -1.67173
v -1.538384 1.041349 -1.670648
v -1.557505 1.030907 -1.651986
v -1.554719 1.045626 -1.67173
v -1.520655 1.041912 -1.690628
v -1.538384 1.041349 -1.670648
v -1.642507 0.7681759 -1.67284
v -1.628405 0.7644904 -1.670472
v -1.596941 0.7508597 -1.689325
v -1.642507 0.7681759 -1.67284
v -1.682368 0.7942294 -1.657522
v -1.655126 0.7871096 -1.652948
v -1.628405 0.7644904 -1.670472
v -1.682368 0.7942294 -1.657522
v -1.713809 0.8272447 -1.644416
v -1.675282 0.8171757 -1.637947
v -1.655126 0.7871096 -1.652948
v -1.713809 0.8272447 -1.644416
v -1.734686 0.8649719 -1.634415
v -1.6875 0.8526399 -1.626491
v -1.675282 0.8171757 -1.637947
v -1.734686 0.8649719 -1.634415
v -1.743576 0.9048399 -1.6282
v -1.690947 0.8910854 -1.619363
v -1.6875 0.8526399 -1.626491
v -1.743576 0.9048399 -1.6282
v -1.739874 0.9441317 -1.626195
v -1.685389 0.9298921 -1.617046
v -1.690947 0.8910854 -1.619363
v -1.739874 0.9441317 -1.626195
v -1.723832 0.9801698 -1.628537
v -1.671203 0.9664153 -1.6197
v -1.685389 0.9298921 -1.617046
v -1.723832 0.9801698 -1.628537
v -1.696543 1.010498 -1.635066
v -1.649357 0.9981663 -1.627143
v -1.671203 0.9664153 -1.6197
v -1.696543 1.010498 -1.635066
v -1.659867 1.03305 -1.645337
v -1.62134 1.022981 -1.638867
v -1.649357 0.9981663 -1.627143
v -1.659867 1.03305 -1.645337
v -1.616303 1.046288 -1.65865
v -1.589061 1.039168 -1.654075
v -1.62134 1.022981 -1.638867
v -1.616303 1.046288 -1.65865
v -1.568821 1.049311 -1.674098
v -1.554719 1.045626 -1.67173
v -1.589061 1.039168 -1.654075
v -1.568821 1.049311 -1.674098
v -1.520655 1.041912 -1.690628
v -1.554719 1.045626 -1.67173
v -1.653415 0.7710193 -1.676333
v -1.642507 0.7681759 -1.67284
v -1.596941 0.7508597 -1.689325
v -1.653415 0.7710193 -1.676333
v -1.703441 0.7997224 -1.66427
v -1.682368 0.7942294 -1.657522
v -1.642507 0.7681759 -1.67284
v -1.703441 0.7997224 -1.66427
v -1.74361 0.8350129 -1.653959
v -1.713809 0.8272447 -1.644416
v -1.682368 0.7942294 -1.657522
v -1.74361 0.8350129 -1.653959
v -1.771184 0.874486 -1.646103
v -1.734686 0.8649719 -1.634415
v -1.713809 0.8272447 -1.644416
v -1.771184 0.874486 -1.646103
v -1.784285 0.9154515 -1.641236
v -1.743576 0.9048399 -1.6282
v -1.734686 0.8649719 -1.634415
v -1.784285 0.9154515 -1.641236
v -1.782019 0.9551177 -1.639691
v -1.739874 0.9441317 -1.626195
v -1.743576 0.9048399 -1.6282
v -1.782019 0.9551177 -1.639691
v -1.764541 0.9907814 -1.641573
v -1.723832 0.9801698 -1.628537
v -1.739874 0.9441317 -1.626195
v -1.764541 0.9907814 -1.641573
v -1.733042 1.020012 -1.646754
v -1.696543 1.010498 -1.635066
v -1.723832 0.9801698 -1.628537
v -1.733042 1.020012 -1.646754
v -1.689668 1.040818 -1.65488
v -1.659867 1.03305 -1.645337
v -1.696543 1.010498 -1.635066
v -1.689668 1.040818 -1.65488
v -1.637376 1.051781 -1.665398
v -1.616303 1.046288 -1.65865
v -1.659867 1.03305 -1.645337
v -1.637376 1.051781 -1.665398
v -1.579729 1.052155 -1.677591
v -1.568821 1.049311 -1.674098
v -1.616303 1.046288 -1.65865
v -1.579729 1.052155 -1.677591
v -1.520655 1.041912 -1.690628
v -1.568821 1.049311 -1.674098
v -1.660385 0.7728267 -1.680713
v -1.653415 0.7710193 -1.676333
v -1.596941 0.7508597 -1.689325
v -1.660385 0.7728267 -1.680713
v -1.716907 0.8032141 -1.672731
v -1.703441 0.7997224 -1.66427
v -1.653415 0.7710193 -1.676333
v -1.716907 0.8032141 -1.672731
v -1.762654 0.839951 -1.665925
v -1.74361 0.8350129 -1.653959
v -1.703441 0.7997224 -1.66427
v -1.762654 0.839951 -1.665925
v -1.794509 0.8805338 -1.660758
v -1.771184 0.874486 -1.646103
v -1.74361 0.8350129 -1.653959
v -1.794509 0.8805338 -1.660758
v -1.8103 0.9221969 -1.657582
v -1.784285 0.9154515 -1.641236
v -1.771184 0.874486 -1.646103
v -1.8103 0.9221969 -1.657582
v -1.808952 0.9621011 -1.656614
v -1.782019 0.9551177 -1.639691
v -1.784285 0.9154515 -1.641236
v -1.808952 0.9621011 -1.656614
v -1.790556 0.9975269 -1.657919
v -1.764541 0.9907814 -1.641573
v -1.782019 0.9551177 -1.639691
v -1.790556 0.9975269 -1.657919
v -1.756366 1.02606 -1.661409
v -1.733042 1.020012 -1.646754
v -1.764541 0.9907814 -1.641573
v -1.756366 1.02606 -1.661409
v -1.708712 1.045756 -1.666846
v -1.689668 1.040818 -1.65488
v -1.733042 1.020012 -1.646754
v -1.708712 1.045756 -1.666846
v -1.650842 1.055273 -1.673859
v -1.637376 1.051781 -1.665398
v -1.689668 1.040818 -1.65488
v -1.650842 1.055273 -1.673859
v -1.586699 1.053962 -1.68197
v -1.579729 1.052155 -1.677591
v -1.637376 1.051781 -1.665398
v -1.586699 1.053962 -1.68197
v -1.520655 1.041912 -1.690628
v -1.579729 1.052155 -1.677591
v -1.662944 0.7734751 -1.685681
v -1.660385 0.7728267 -1.680713
v -1.596941 0.7508597 -1.689325
v -1.662944 0.7734751 -1.685681
v -1.72185 0.8044666 -1.68233
v -1.716907 0.8032141 -1.672731
v -1.660385 0.7728267 -1.680713
v -1.72185 0.8044666 -1.68233
v -1.769644 0.8417223 -1.679499
v -1.762654 0.839951 -1.665925
v -1.716907 0.8032141 -1.672731
v -1.769644 0.8417223 -1.679499
v -1.80307 0.8827033 -1.677383
v -1.794509 0.8805338 -1.660758
v -1.762654 0.839951 -1.665925
v -1.80307 0.8827033 -1.677383
v -1.819849 0.9246167 -1.676124
v -1.8103 0.9221969 -1.657582
v -1.794509 0.8805338 -1.660758
v -1.819849 0.9246167 -1.676124
v -1.818837 0.9646062 -1.67581
v -1.808952 0.9621011 -1.656614
v -1.8103 0.9221969 -1.657582
v -1.818837 0.9646062 -1.67581
v -1.800104 0.9999467 -1.676461
v -1.790556 0.9975269 -1.657919
v -1.808952 0.9621011 -1.656614
v -1.800104 0.9999467 -1.676461
v -1.764927 1.02823 -1.678034
v -1.756366 1.02606 -1.661409
v -1.790556 0.9975269 -1.657919
v -1.764927 1.02823 -1.678034
v -1.715702 1.047528 -1.68042
v -1.708712 1.045756 -1.666846
v -1.756366 1.02606 -1.661409
v -1.715702 1.047528 -1.68042
v -1.655785 1.056526 -1.683457
v -1.650842 1.055273 -1.673859
v -1.708712 1.045756 -1.666846
v -1.655785 1.056526 -1.683457
v -1.589258 1.05461 -1.686939
v -1.586699 1.053962 -1.68197
v -1.650842 1.055273 -1.673859
v -1.589258 1.05461 -1.686939
v -1.520655 1.041912 -1.690628
v -1.586699 1.053962 -1.68197
v -1.660916 0.7729202 -1.690899
v -1.662944 0.7734751 -1.685681
v -1.596941 0.7508597 -1.689325
v -1.660916 0.7729202 -1.690899
v -1.717932 0.8033946 -1.69241
v -1.72185 0.8044666 -1.68233
v -1.662944 0.7734751 -1.685681
v -1.717932 0.8033946 -1.69241
v -1.764103 0.8402063 -1.693756
v -1.769644 0.8417223 -1.679499
v -1.72185 0.8044666 -1.68233
v -1.764103 0.8402063 -1.693756
v -1.796284 0.8808465 -1.694843
v -1.80307 0.8827033 -1.677383
v -1.769644 0.8417223 -1.679499
v -1.796284 0.8808465 -1.694843
v -1.812279 0.9225457 -1.695599
v -1.819849 0.9246167 -1.676124
v -1.80307 0.8827033 -1.677383
v -1.812279 0.9225457 -1.695599
v -1.811001 0.9624622 -1.695972
v -1.818837 0.9646062 -1.67581
v -1.819849 0.9246167 -1.676124
v -1.811001 0.9624622 -1.695972
v -1.792535 0.9978757 -1.695936
v -1.800104 0.9999467 -1.676461
v -1.818837 0.9646062 -1.67581
v -1.792535 0.9978757 -1.695936
v -1.758141 1.026373 -1.695494
v -1.764927 1.02823 -1.678034
v -1.800104 0.9999467 -1.676461
v -1.758141 1.026373 -1.695494
v -1.710161 1.046012 -1.694676
v -1.715702 1.047528 -1.68042
v -1.764927 1.02823 -1.678034
v -1.710161 1.046012 -1.694676
v -1.651867 1.055454 -1.693538
v -1.655785 1.056526 -1.683457
v -1.715702 1.047528 -1.68042
v -1.651867 1.055454 -1.693538
v -1.58723 1.054055 -1.692157
v -1.589258 1.05461 -1.686939
v -1.655785 1.056526 -1.683457
v -1.58723 1.054055 -1.692157
v -1.520655 1.041912 -1.690628
v -1.589258 1.05461 -1.686939
v -1.654439 0.7711998 -1.696012
v -1.660916 0.7729202 -1.690899
v -1.596941 0.7508597 -1.689325
v -1.654439 0.7711998 -1.696012
v -1.70542 0.8000711 -1.702287
v -1.717932 0.8033946 -1.69241
v -1.660916 0.7729202 -1.690899
v -1.70542 0.8000711 -1.702287
v -1.746409 0.8355061 -1.707723
v -1.764103 0.8402063 -1.693756
v -1.717932 0.8033946 -1.69241
v -1.746409 0.8355061 -1.707723
v -1.774613 0.8750901 -1.71195
v -1.796284 0.8808465 -1.694843
v -1.764103 0.8402063 -1.693756
v -1.774613 0.8750901 -1.71195
v -1.788109 0.9161252 -1.714679
v -1.812279 0.9225457 -1.695599
v -1.796284 0.8808465 -1.694843
v -1.788109 0.9161252 -1.714679
v -1.785978 0.9558152 -1.715725
v -1.811001 0.9624622 -1.695972
v -1.812279 0.9225457 -1.695599
v -1.785978 0.9558152 -1.715725
v -1.768365 0.9914552 -1.715016
v -1.792535 0.9978757 -1.695936
v -1.811001 0.9624622 -1.695972
v -1.768365 0.9914552 -1.715016
v -1.73647 1.020616 -1.712601
v -1.758141 1.026373 -1.695494
v -1.792535 0.9978757 -1.695936
v -1.73647 1.020616 -1.712601
v -1.692467 1.041311 -1.708644
v -1.710161 1.046012 -1.694676
v -1.758141 1.026373 -1.695494
v -1.692467 1.041311 -1.708644
v -1.639355 1.05213 -1.703415
v -1.651867 1.055454 -1.693538
v -1.710161 1.046012 -1.694676
v -1.639355 1.05213 -1.703415
v -1.580753 1.052335 -1.69727
v -1.58723 1.054055 -1.692157
v -1.651867 1.055454 -1.693538
v -1.580753 1.052335 -1.69727
v -1.520655 1.041912 -1.690628
v -1.58723 1.054055 -1.692157
v -1.643956 0.7684312 -1.70067
v -1.654439 0.7711998 -1.696012
v -1.596941 0.7508597 -1.689325
v -1.643956 0.7684312 -1.70067
v -1.685168 0.7947226 -1.711286
v -1.70542 0.8000711 -1.702287
v -1.654439 0.7711998 -1.696012
v -1.685168 0.7947226 -1.711286
v -1.717768 0.8279423 -1.72045
v -1.746409 0.8355061 -1.707723
v -1.70542 0.8000711 -1.702287
v -1.717768 0.8279423 -1.72045
v -1.739534 0.8658262 -1.727537
v -1.774613 0.8750901 -1.71195
v -1.746409 0.8355061 -1.707723
v -1.739534 0.8658262 -1.727537
v -1.748984 0.9057927 -1.732064
v -1.788109 0.9161252 -1.714679
v -1.774613 0.8750901 -1.71195
v -1.748984 0.9057927 -1.732064
v -1.745473 0.9451182 -1.733723
v -1.785978 0.9558152 -1.715725
v -1.788109 0.9161252 -1.714679
v -1.745473 0.9451182 -1.733723
v -1.72924 0.9811227 -1.732401
v -1.768365 0.9914552 -1.715016
v -1.785978 0.9558152 -1.715725
v -1.72924 0.9811227 -1.732401
v -1.701392 1.011353 -1.728188
v -1.73647 1.020616 -1.712601
v -1.768365 0.9914552 -1.715016
v -1.701392 1.011353 -1.728188
v -1.663826 1.033748 -1.721371
v -1.692467 1.041311 -1.708644
v -1.73647 1.020616 -1.712601
v -1.663826 1.033748 -1.721371
v -1.619103 1.046782 -1.712414
v -1.639355 1.05213 -1.703415
v -1.692467 1.041311 -1.708644
v -1.619103 1.046782 -1.712414
v -1.57027 1.049567 -1.701928
v -1.580753 1.052335 -1.69727
v -1.639355 1.05213 -1.703415
v -1.57027 1.049567 -1.701928
v -1.520655 1.041912 -1.690628
v -1.580753 1.052335 -1.69727
v -1.63018 0.7648031 -1.704557
v -1.643956 0.7684312 -1.70067
v -1.596941 0.7508597 -1.689325
v -1.63018 0.7648031 -1.704557
v -1.658555 0.7877136 -1.718795
v -1.685168 0.7947226 -1.711286
v -1.643956 0.7684312 -1.70067
v -1.658555 0.7877136 -1.718795
v -1.680131 0.81803 -1.731068
v -1.717768 0.8279423 -1.72045
v -1.685168 0.7947226 -1.711286
v -1.680131 0.81803 -1.731068
v -1.693439 0.8536862 -1.740542
v -1.739534 0.8658262 -1.727537
v -1.717768 0.8279423 -1.72045
v -1.693439 0.8536862 -1.740542
v -1.697571 0.8922523 -1.74657
v -1.748984 0.9057927 -1.732064
v -1.739534 0.8658262 -1.727537
v -1.697571 0.8922523 -1.74657
v -1.692246 0.9311002 -1.74874
v -1.745473 0.9451182 -1.733723
v -1.748984 0.9057927 -1.732064
v -1.692246 0.9311002 -1.74874
v -1.677827 0.9675823 -1.746907
v -1.72924 0.9811227 -1.732401
v -1.745473 0.9451182 -1.733723
v -1.677827 0.9675823 -1.746907
v -1.655296 0.9992126 -1.741193
v -1.701392 1.011353 -1.728188
v -1.72924 0.9811227 -1.732401
v -1.655296 0.9992126 -1.741193
v -1.626189 1.023835 -1.731989
v -1.663826 1.033748 -1.721371
v -1.701392 1.011353 -1.728188
v -1.626189 1.023835 -1.731989
v -1.592489 1.039773 -1.719922
v -1.619103 1.046782 -1.712414
v -1.663826 1.033748 -1.721371
v -1.592489 1.039773 -1.719922
v -1.556494 1.045938 -1.705815
v -1.57027 1.049567 -1.701928
v -1.619103 1.046782 -1.712414
v -1.556494 1.045938 -1.705815
v -1.520655 1.041912 -1.690628
v -1.57027 1.049567 -1.701928
v -1.61405 0.7605627 -1.707407
v -1.63018 0.7648031 -1.704557
v -1.596941 0.7508597 -1.689325
v -1.61405 0.7605627 -1.707407
v -1.627394 0.7795218 -1.724301
v -1.658555 0.7877136 -1.718795
v -1.63018 0.7648031 -1.704557
v -1.627394 0.7795218 -1.724301
v -1.636063 0.8064449 -1.738855
v -1.680131 0.81803 -1.731068
v -1.658555 0.7877136 -1.718795
v -1.636063 0.8064449 -1.738855
v -1.639467 0.8394975 -1.750079
v -1.693439 0.8536862 -1.740542
v -1.680131 0.81803 -1.731068
v -1.639467 0.8394975 -1.750079
v -1.637374 0.8764269 -1.757207
v -1.697571 0.8922523 -1.74657
v -1.693439 0.8536862 -1.740542
v -1.637374 0.8764269 -1.757207
v -1.629925 0.9147165 -1.759753
v -1.692246 0.9311002 -1.74874
v -1.697571 0.8922523 -1.74657
v -1.629925 0.9147165 -1.759753
v -1.617629 0.9517569 -1.757544
v -1.677827 0.9675823 -1.746907
v -1.692246 0.9311002 -1.74874
v -1.617629 0.9517569 -1.757544
v -1.601324 0.9850238 -1.75073
v -1.655296 0.9992126 -1.741193
v -1.677827 0.9675823 -1.746907
v -1.601324 0.9850238 -1.75073
v -1.582121 1.01225 -1.739776
v -1.626189 1.023835 -1.731989
v -1.655296 0.9992126 -1.741193
v -1.582121 1.01225 -1.739776
v -1.561329 1.031581 -1.725428
v -1.592489 1.039773 -1.719922
v -1.626189 1.023835 -1.731989
v -1.561329 1.031581 -1.725428
v -1.540364 1.041698 -1.708665
v -1.556494 1.045938 -1.705815
v -1.592489 1.039773 -1.719922
v -1.540364 1.041698 -1.708665
v -1.520655 1.041912 -1.690628
v -1.556494 1.045938 -1.705815
v -1.596666 0.7559989 -1.709027
v -1.61405 0.7605627 -1.707407
v -1.596941 0.7508597 -1.689325
v -1.596666 0.7559989 -1.709027
v -1.59381 0.7707053 -1.72743
v -1.627394 0.7795218 -1.724301
v -1.61405 0.7605627 -1.707407
v -1.59381 0.7707053 -1.72743
v -1.588568 0.7939766 -1.74328
v -1.636063 0.8064449 -1.738855
v -1.627394 0.7795218 -1.724301
v -1.588568 0.7939766 -1.74328
v -1.581298 0.824227 -1.755498
v -1.639467 0.8394975 -1.750079
v -1.636063 0.8064449 -1.738855
v -1.581298 0.824227 -1.755498
v -1.572494 0.8593948 -1.763251
v -1.637374 0.8764269 -1.757207
v -1.639467 0.8394975 -1.750079
v -1.572494 0.8593948 -1.763251
v -1.562757 0.8970836 -1.76601
v -1.629925 0.9147165 -1.759753
v -1.637374 0.8764269 -1.757207
v -1.562757 0.8970836 -1.76601
v -1.55275 0.9347248 -1.763588
v -1.617629 0.9517569 -1.757544
v -1.629925 0.9147165 -1.759753
v -1.55275 0.9347248 -1.763588
v -1.543155 0.9697533 -1.756149
v -1.601324 0.9850238 -1.75073
v -1.617629 0.9517569 -1.757544
v -1.543155 0.9697533 -1.756149
v -1.534626 0.9997819 -1.744201
v -1.582121 1.01225 -1.739776
v -1.601324 0.9850238 -1.75073
v -1.534626 0.9997819 -1.744201
v -1.527745 1.022764 -1.728557
v -1.561329 1.031581 -1.725428
v -1.582121 1.01225 -1.739776
v -1.527745 1.022764 -1.728557
v -1.522979 1.037134 -1.710284
v -1.540364 1.041698 -1.708665
v -1.561329 1.031581 -1.725428
v -1.522979 1.037134 -1.710284
v -1.520655 1.041912 -1.690628
v -1.540364 1.041698 -1.708665
v -1.579211 0.7514229 -1.709305
v -1.596666 0.7559989 -1.709027
v -1.596941 0.7508597 -1.689325
v -1.579211 0.7514229 -1.709305
v -1.560091 0.7618651 -1.727967
v -1.59381 0.7707053 -1.72743
v -1.596666 0.7559989 -1.709027
v -1.560091 0.7618651 -1.727967
v -1.540882 0.7814746 -1.744041
v -1.588568 0.7939766 -1.74328
v -1.59381 0.7707053 -1.72743
v -1.540882 0.7814746 -1.744041
v -1.522895 0.8089153 -1.75643
v -1.581298 0.824227 -1.755498
v -1.588568 0.7939766 -1.74328
v -1.522895 0.8089153 -1.75643
v -1.507354 0.8423168 -1.76429
v -1.572494 0.8593948 -1.763251
v -1.581298 0.824227 -1.755498
v -1.507354 0.8423168 -1.76429
v -1.495319 0.8794031 -1.767086
v -1.562757 0.8970836 -1.76601
v -1.572494 0.8593948 -1.763251
v -1.495319 0.8794031 -1.767086
v -1.48761 0.9176468 -1.764627
v -1.55275 0.9347248 -1.763588
v -1.562757 0.8970836 -1.76601
v -1.48761 0.9176468 -1.764627
v -1.484752 0.9544415 -1.757081
v -1.543155 0.9697533 -1.756149
v -1.55275 0.9347248 -1.763588
v -1.484752 0.9544415 -1.757081
v -1.486941 0.98728 -1.744961
v -1.534626 0.9997819 -1.744201
v -1.543155 0.9697533 -1.756149
v -1.486941 0.98728 -1.744961
v -1.494026 1.013924 -1.729095
v -1.527745 1.022764 -1.728557
v -1.534626 0.9997819 -1.744201
v -1.494026 1.013924 -1.729095
v -1.505525 1.032558 -1.710563
v -1.522979 1.037134 -1.710284
v -1.527745 1.022764 -1.728557
v -1.505525 1.032558 -1.710563
v -1.520655 1.041912 -1.690628
v -1.522979 1.037134 -1.710284
v -1.562877 0.7471464 -1.708223
v -1.579211 0.7514229 -1.709305
v -1.596941 0.7508597 -1.689325
v -1.562877 0.7471464 -1.708223
v -1.528535 0.7536035 -1.725878
v -1.560091 0.7618651 -1.727967
v -1.579211 0.7514229 -1.709305
v -1.528535 0.7536035 -1.725878
v -1.496256 0.769791 -1.741086
v -1.540882 0.7814746 -1.744041
v -1.560091 0.7618651 -1.727967
v -1.496256 0.769791 -1.741086
v -1.468238 0.7946058 -1.75281
v -1.522895 0.8089153 -1.75643
v -1.540882 0.7814746 -1.744041
v -1.468238 0.7946058 -1.75281
v -1.446392 0.8263567 -1.760253
v -1.507354 0.8423168 -1.76429
v -1.522895 0.8089153 -1.75643
v -1.446392 0.8263567 -1.760253
v -1.432207 0.86288 -1.762907
v -1.495319 0.8794031 -1.767086
v -1.507354 0.8423168 -1.76429
v -1.432207 0.86288 -1.762907
v -1.426648 0.9016867 -1.76059
v -1.48761 0.9176468 -1.764627
v -1.495319 0.8794031 -1.767086
v -1.426648 0.9016867 -1.76059
v -1.430096 0.9401321 -1.753461
v -1.484752 0.9544415 -1.757081
v -1.48761 0.9176468 -1.764627
v -1.430096 0.9401321 -1.753461
v -1.442314 0.9755963 -1.742006
v -1.486941 0.98728 -1.744961
v -1.484752 0.9544415 -1.757081
v -1.442314 0.9755963 -1.742006
v -1.46247 1.005663 -1.727005
v -1.494026 1.013924 -1.729095
v -1.486941 0.98728 -1.744961
v -1.46247 1.005663 -1.727005
v -1.489191 1.028282 -1.709481
v -1.505525 1.032558 -1.710563
v -1.494026 1.013924 -1.729095
v -1.489191 1.028282 -1.709481
v -1.520655 1.041912 -1.690628
v -1.505525 1.032558 -1.710563
v -1.548775 0.7434609 -1.705855
v -1.562877 0.7471464 -1.708223
v -1.596941 0.7508597 -1.689325
v -1.548775 0.7434609 -1.705855
v -1.501292 0.7464837 -1.721303
v -1.528535 0.7536035 -1.725878
v -1.562877 0.7471464 -1.708223
v -1.501292 0.7464837 -1.721303
v -1.457729 0.7597221 -1.734616
v -1.496256 0.769791 -1.741086
v -1.528535 0.7536035 -1.725878
v -1.457729 0.7597221 -1.734616
v -1.421053 0.7822738 -1.744887
v -1.468238 0.7946058 -1.75281
v -1.496256 0.769791 -1.741086
v -1.421053 0.7822738 -1.744887
v -1.393764 0.8126022 -1.751416
v -1.446392 0.8263567 -1.760253
v -1.468238 0.7946058 -1.75281
v -1.393764 0.8126022 -1.751416
v -1.377722 0.8486403 -1.753757
v -1.432207 0.86288 -1.762907
v -1.446392 0.8263567 -1.760253
v -1.377722 0.8486403 -1.753757
v -1.37402 0.8879322 -1.751753
v -1.426648 0.9016867 -1.76059
v -1.432207 0.86288 -1.762907
v -1.37402 0.8879322 -1.751753
v -1.38291 0.9278002 -1.745538
v -1.430096 0.9401321 -1.753461
v -1.426648 0.9016867 -1.76059
v -1.38291 0.9278002 -1.745538
v -1.403787 0.9655274 -1.735537
v -1.442314 0.9755963 -1.742006
v -1.430096 0.9401321 -1.753461
v -1.403787 0.9655274 -1.735537
v -1.435227 0.9985427 -1.722431
v -1.46247 1.005663 -1.727005
v -1.442314 0.9755963 -1.742006
v -1.435227 0.9985427 -1.722431
v -1.475089 1.024596 -1.707113
v -1.489191 1.028282 -1.709481
v -1.46247 1.005663 -1.727005
v -1.475089 1.024596 -1.707113
v -1.520655 1.041912 -1.690628
v -1.489191 1.028282 -1.709481
v -1.537867 0.7406175 -1.702362
v -1.548775 0.7434609 -1.705855
v -1.596941 0.7508597 -1.689325
v -1.537867 0.7406175 -1.702362
v -1.48022 0.7409907 -1.714555
v -1.501292 0.7464837 -1.721303
v -1.548775 0.7434609 -1.705855
v -1.48022 0.7409907 -1.714555
v -1.427928 0.7519538 -1.725073
v -1.457729 0.7597221 -1.734616
v -1.501292 0.7464837 -1.721303
v -1.427928 0.7519538 -1.725073
v -1.384554 0.7727598 -1.733199
v -1.421053 0.7822738 -1.744887
v -1.457729 0.7597221 -1.734616
v -1.384554 0.7727598 -1.733199
v -1.353055 0.8019906 -1.73838
v -1.393764 0.8126022 -1.751416
v -1.421053 0.7822738 -1.744887
v -1.353055 0.8019906 -1.73838
v -1.335577 0.8376544 -1.740262
v -1.377722 0.8486403 -1.753757
v -1.393764 0.8126022 -1.751416
v -1.335577 0.8376544 -1.740262
v -1.333311 0.8773206 -1.738717
v -1.37402 0.8879322 -1.751753
v -1.377722 0.8486403 -1.753757
v -1.333311 0.8773206 -1.738717
v -1.346411 0.9182861 -1.73385
v -1.38291 0.9278002 -1.745538
v -1.37402 0.8879322 -1.751753
v -1.346411 0.9182861 -1.73385
v -1.373986 0.9577591 -1.725994
v -1.403787 0.9655274 -1.735537
v -1.38291 0.9278002 -1.745538
v -1.373986 0.9577591 -1.725994
v -1.414155 0.9930497 -1.715683
v -1.435227 0.9985427 -1.722431
v -1.403787 0.9655274 -1.735537
v -1.414155 0.9930497 -1.715683
v -1.464181 1.021753 -1.70362
v -1.475089 1.024596 -1.707113
v -1.435227 0.9985427 -1.722431
v -1.464181 1.021753 -1.70362
v -1.520655 1.041912 -1.690628
v -1.475089 1.024596 -1.707113
v -1.530896 0.7388101 -1.697982
v -1.537867 0.7406175 -1.702362
v -1.596941 0.7508597 -1.689325
v -1.530896 0.7388101 -1.697982
v -1.466753 0.737499 -1.706094
v -1.48022 0.7409907 -1.714555
v -1.537867 0.7406175 -1.702362
v -1.466753 0.737499 -1.706094
v -1.408883 0.7470158 -1.713107
v -1.427928 0.7519538 -1.725073
v -1.48022 0.7409907 -1.714555
v -1.408883 0.7470158 -1.713107
v -1.36123 0.766712 -1.718544
v -1.384554 0.7727598 -1.733199
v -1.427928 0.7519538 -1.725073
v -1.36123 0.766712 -1.718544
v -1.32704 0.7952452 -1.722034
v -1.353055 0.8019906 -1.73838
v -1.384554 0.7727598 -1.733199
v -1.32704 0.7952452 -1.722034
v -1.308644 0.830671 -1.723339
v -1.335577 0.8376544 -1.740262
v -1.353055 0.8019906 -1.73838
v -1.308644 0.830671 -1.723339
v -1.307296 0.8705751 -1.722371
v -1.333311 0.8773206 -1.738717
v -1.335577 0.8376544 -1.740262
v -1.307296 0.8705751 -1.722371
v -1.323087 0.9122382 -1.719195
v -1.346411 0.9182861 -1.73385
v -1.333311 0.8773206 -1.738717
v -1.323087 0.9122382 -1.719195
v -1.354941 0.9528211 -1.714028
v -1.373986 0.9577591 -1.725994
v -1.346411 0.9182861 -1.73385
v -1.354941 0.9528211 -1.714028
v -1.400688 0.989558 -1.707222
v -1.414155 0.9930497 -1.715683
v -1.373986 0.9577591 -1.725994
v -1.400688 0.989558 -1.707222
v -1.45721 1.019945 -1.69924
v -1.464181 1.021753 -1.70362
v -1.414155 0.9930497 -1.715683
v -1.45721 1.019945 -1.69924
v -1.520655 1.041912 -1.690628
v -1.464181 1.021753 -1.70362
v -1.528338 0.7381617 -1.693014
v -1.530896 0.7388101 -1.697982
v -1.596941 0.7508597 -1.689325
v -1.528338 0.7381617 -1.693014
v -1.461811 0.7362465 -1.696496
v -1.466753 0.737499 -1.706094
v -1.530896 0.7388101 -1.697982
v -1.461811 0.7362465 -1.696496
v -1.401893 0.7452444 -1.699533
v -1.408883 0.7470158 -1.713107
v -1.466753 0.737499 -1.706094
v -1.401893 0.7452444 -1.699533
v -1.352669 0.7645425 -1.701919
v -1.36123 0.766712 -1.718544
v -1.408883 0.7470158 -1.713107
v -1.352669 0.7645425 -1.701919
v -1.317491 0.7928254 -1.703492
v -1.32704 0.7952452 -1.722034
v -1.36123 0.766712 -1.718544
v -1.317491 0.7928254 -1.703492
v -1.298759 0.8281659 -1.704143
v -1.308644 0.830671 -1.723339
v -1.32704 0.7952452 -1.722034
v -1.298759 0.8281659 -1.704143
v -1.297747 0.8681554 -1.703829
v -1.307296 0.8705751 -1.722371
v -1.308644 0.830671 -1.723339
v -1.297747 0.8681554 -1.703829
v -1.314526 0.9100688 -1.70257
v -1.323087 0.9122382 -1.719195
v -1.307296 0.8705751 -1.722371
v -1.314526 0.9100688 -1.70257
v -1.347951 0.9510497 -1.700454
v -1.354941 0.9528211 -1.714028
v -1.323087 0.9122382 -1.719195
v -1.347951 0.9510497 -1.700454
v -1.395746 0.9883054 -1.697623
v -1.400688 0.989558 -1.707222
v -1.354941 0.9528211 -1.714028
v -1.395746 0.9883054 -1.697623
v -1.454652 1.019297 -1.694272
v -1.45721 1.019945 -1.69924
v -1.400688 0.989558 -1.707222
v -1.454652 1.019297 -1.694272
v -1.520655 1.041912 -1.690628
v -1.45721 1.019945 -1.69924
v -1.530366 0.7387166 -1.687796
v -1.528338 0.7381617 -1.693014
v -1.596941 0.7508597 -1.689325
v -1.530366 0.7387166 -1.687796
v -1.465729 0.7373185 -1.686415
v -1.461811 0.7362465 -1.696496
v -1.528338 0.7381617 -1.693014
v -1.465729 0.7373185 -1.686415
v -1.407434 0.7467605 -1.685277
v -1.401893 0.7452444 -1.699533
v -1.461811 0.7362465 -1.696496
v -1.407434 0.7467605 -1.685277
v -1.359455 0.7663993 -1.684459
v -1.352669 0.7645425 -1.701919
v -1.401893 0.7452444 -1.699533
v -1.359455 0.7663993 -1.684459
v -1.32506 0.7948964 -1.684017
v -1.317491 0.7928254 -1.703492
v -1.352669 0.7645425 -1.701919
v -1.32506 0.7948964 -1.684017
v -1.306595 0.8303099 -1.683981
v -1.298759 0.8281659 -1.704143
v -1.317491 0.7928254 -1.703492
v -1.306595 0.8303099 -1.683981
v -1.305316 0.8702264 -1.684354
v -1.297747 0.8681554 -1.703829
v -1.298759 0.8281659 -1.704143
v -1.305316 0.8702264 -1.684354
v -1.321312 0.9119256 -1.68511
v -1.314526 0.9100688 -1.70257
v -1.297747 0.8681554 -1.703829
v -1.321312 0.9119256 -1.68511
v -1.353492 0.9525658 -1.686197
v -1.347951 0.9510497 -1.700454
v -1.314526 0.9100688 -1.70257
v -1.353492 0.9525658 -1.686197
v -1.399664 0.9893774 -1.687543
v -1.395746 0.9883054 -1.697623
v -1.347951 0.9510497 -1.700454
v -1.399664 0.9893774 -1.687543
v -1.45668 1.019852 -1.689054
v -1.454652 1.019297 -1.694272
v -1.395746 0.9883054 -1.697623
v -1.45668 1.019852 -1.689054
v -1.520655 1.041912 -1.690628
v -1.454652 1.019297 -1.694272
v -1.536842 0.740437 -1.682683
v -1.530366 0.7387166 -1.687796
v -1.596941 0.7508597 -1.689325
v -1.536842 0.740437 -1.682683
v -1.47824 0.740642 -1.676538
v -1.465729 0.7373185 -1.686415
v -1.530366 0.7387166 -1.687796
v -1.47824 0.740642 -1.676538
v -1.425128 0.7514606 -1.671309
v -1.407434 0.7467605 -1.685277
v -1.465729 0.7373185 -1.686415
v -1.425128 0.7514606 -1.671309
v -1.381125 0.7721557 -1.667352
v -1.359455 0.7663993 -1.684459
v -1.407434 0.7467605 -1.685277
v -1.381125 0.7721557 -1.667352
v -1.349231 0.8013169 -1.664937
v -1.32506 0.7948964 -1.684017
v -1.359455 0.7663993 -1.684459
v -1.349231 0.8013169 -1.664937
v -1.331618 0.8369569 -1.664228
v -1.306595 0.8303099 -1.683981
v -1.32506 0.7948964 -1.684017
v -1.331618 0.8369569 -1.664228
v -1.329487 0.8766469 -1.665274
v -1.305316 0.8702264 -1.684354
v -1.306595 0.8303099 -1.683981
v -1.329487 0.8766469 -1.665274
v -1.342983 0.9176821 -1.668003
v -1.321312 0.9119256 -1.68511
v -1.305316 0.8702264 -1.684354
v -1.342983 0.9176821 -1.668003
v -1.371186 0.9572659 -1.67223
v -1.353492 0.9525658 -1.686197
v -1.321312 0.9119256 -1.68511
v -1.371186 0.9572659 -1.67223
v -1.412175 0.9927009 -1.677666
v -1.399664 0.9893774 -1.687543
v -1.353492 0.9525658 -1.686197
v -1.412175 0.9927009 -1.677666
v -1.463156 1.021572 -1.683941
v -1.45668 1.019852 -1.689054
v -1.399664 0.9893774 -1.687543
v -1.463156 1.021572 -1.683941
v -1.520655 1.041912 -1.690628
v -1.45668 1.019852 -1.689054
v -1.547326 0.7432056 -1.678025
v -1.536842 0.740437 -1.682683
v -1.596941 0.7508597 -1.689325
v -1.547326 0.7432056 -1.678025
v -1.498493 0.7459905 -1.667539
v -1.47824 0.740642 -1.676538
v -1.536842 0.740437 -1.682683
v -1.498493 0.7459905 -1.667539
v -1.45377 0.7590245 -1.658582
v -1.425128 0.7514606 -1.671309
v -1.47824 0.740642 -1.676538
v -1.45377 0.7590245 -1.658582
v -1.416204 0.7814196 -1.651765
v -1.381125 0.7721557 -1.667352
v -1.425128 0.7514606 -1.671309
v -1.416204 0.7814196 -1.651765
v -1.388356 0.8116494 -1.647552
v -1.349231 0.8013169 -1.664937
v -1.381125 0.7721557 -1.667352
v -1.388356 0.8116494 -1.647552
v -1.372123 0.8476539 -1.64623
v -1.331618 0.8369569 -1.664228
v -1.349231 0.8013169 -1.664937
v -1.372123 0.8476539 -1.64623
v -1.368612 0.8869794 -1.647889
v -1.329487 0.8766469 -1.665274
v -1.331618 0.8369569 -1.664228
v -1.368612 0.8869794 -1.647889
v -1.378061 0.9269459 -1.652416
v -1.342983 0.9176821 -1.668003
v -1.329487 0.8766469 -1.665274
v -1.378061 0.9269459 -1.652416
v -1.399828 0.9648298 -1.659503
v -1.371186 0.9572659 -1.67223
v -1.342983 0.9176821 -1.668003
v -1.399828 0.9648298 -1.659503
v -1.432428 0.9980494 -1.668667
v -1.412175 0.9927009 -1.677666
v -1.371186 0.9572659 -1.67223
v -1.432428 0.9980494 -1.668667
v -1.47364 1.024341 -1.679283
v -1.463156 1.021572 -1.683941
v -1.412175 0.9927009 -1.677666
v -1.47364 1.024341 -1.679283
v -1.520655 1.041912 -1.690628
v -1.463156 1.021572 -1.683941
v -1.561102 0.7468337 -1.674138
v -1.547326 0.7432056 -1.678025
v -1.596941 0.7508597 -1.689325
v -1.561102 0.7468337 -1.674138
v -1.525106 0.7529995 -1.660031
v -1.498493 0.7459905 -1.667539
v -1.547326 0.7432056 -1.678025
v -1.525106 0.7529995 -1.660031
v -1.491407 0.7689368 -1.647964
v -1.45377 0.7590245 -1.658582
v -1.498493 0.7459905 -1.667539
v -1.491407 0.7689368 -1.647964
v -1.4623 0.7935596 -1.63876
v -1.416204 0.7814196 -1.651765
v -1.45377 0.7590245 -1.658582
v -1.4623 0.7935596 -1.63876
v -1.439769 0.8251898 -1.633046
v -1.388356 0.8116494 -1.647552
v -1.416204 0.7814196 -1.651765
v -1.439769 0.8251898 -1.633046
v -1.42535 0.8616719 -1.631212
v -1.372123 0.8476539 -1.64623
v -1.388356 0.8116494 -1.647552
v -1.42535 0.8616719 -1.631212
v -1.420025 0.9005197 -1.633383
v -1.368612 0.8869794 -1.647889
v -1.372123 0.8476539 -1.64623
v -1.420025 0.9005197 -1.633383
v -1.424157 0.9390858 -1.639411
v -1.378061 0.9269459 -1.652416
v -1.368612 0.8869794 -1.647889
v -1.424157 0.9390858 -1.639411
v -1.437465 0.9747421 -1.648884
v -1.399828 0.9648298 -1.659503
v -1.378061 0.9269459 -1.652416
v -1.437465 0.9747421 -1.648884
v -1.459041 1.005058 -1.661158
v -1.432428 0.9980494 -1.668667
v -1.399828 0.9648298 -1.659503
v -1.459041 1.005058 -1.661158
v -1.487416 1.027969 -1.675396
v -1.47364 1.024341 -1.679283
v -1.432428 0.9980494 -1.668667
v -1.487416 1.027969 -1.675396
v -1.520655 1.041912 -1.690628
v -1.47364 1.024341 -1.679283
v -1.577232 0.7510741 -1.671288
v -1.561102 0.7468337 -1.674138
v -1.596941 0.7508597 -1.689325
v -1.577232 0.7510741 -1.671288
v -1.556267 0.7611913 -1.654524
v -1.525106 0.7529995 -1.660031
v -1.561102 0.7468337 -1.674138
v -1.556267 0.7611913 -1.654524
v -1.535474 0.7805218 -1.640177
v -1.491407 0.7689368 -1.647964
v -1.525106 0.7529995 -1.660031
v -1.535474 0.7805218 -1.640177
v -1.516271 0.8077483 -1.629223
v -1.4623 0.7935596 -1.63876
v -1.491407 0.7689368 -1.647964
v -1.516271 0.8077483 -1.629223
v -1.499966 0.8410152 -1.622409
v -1.439769 0.8251898 -1.633046
v -1.4623 0.7935596 -1.63876
v -1.499966 0.8410152 -1.622409
v -1.487671 0.8780556 -1.6202
v -1.42535 0.8616719 -1.631212
v -1.439769 0.8251898 -1.633046
v -1.487671 0.8780556 -1.6202
v -1.480222 0.9163452 -1.622746
v -1.420025 0.9005197 -1.633383
v -1.42535 0.8616719 -1.631212
v -1.480222 0.9163452 -1.622746
v -1.478128 0.9532746 -1.629874
v -1.424157 0.9390858 -1.639411
v -1.420025 0.9005197 -1.633383
v -1.478128 0.9532746 -1.629874
v -1.481532 0.9863271 -1.641097
v -1.437465 0.9747421 -1.648884
v -1.424157 0.9390858 -1.639411
v -1.481532 0.9863271 -1.641097
v -1.490202 1.01325 -1.655652
v -1.459041 1.005058 -1.661158
v -1.437465 0.9747421 -1.648884
v -1.490202 1.01325 -1.655652
v -1.503546 1.032209 -1.672546
v -1.487416 1.027969 -1.675396
v -1.459041 1.005058 -1.661158
v -1.503546 1.032209 -1.672546
v -1.520655 1.041912 -1.690628
v -1.487416 1.027969 -1.675396
v -1.594616 0.7556379 -1.669669
v -1.577232 0.7510741 -1.671288
v -1.596941 0.7508597 -1.689325
v -1.594616 0.7556379 -1.669669
v -1.589851 0.7700078 -1.651396
v -1.556267 0.7611913 -1.654524
v -1.577232 0.7510741 -1.671288
v -1.589851 0.7700078 -1.651396
v -1.582969 0.7929901 -1.635752
v -1.535474 0.7805218 -1.640177
v -1.556267 0.7611913 -1.654524
v -1.582969 0.7929901 -1.635752
v -1.57444 0.8230188 -1.623804
v -1.516271 0.8077483 -1.629223
v -1.535474 0.7805218 -1.640177
v -1.57444 0.8230188 -1.623804
v -1.564846 0.8580472 -1.616365
v -1.499966 0.8410152 -1.622409
v -1.516271 0.8077483 -1.629223
v -1.564846 0.8580472 -1.616365
v -1.554839 0.8956885 -1.613943
v -1.487671 0.8780556 -1.6202
v -1.499966 0.8410152 -1.622409
v -1.554839 0.8956885 -1.613943
v -1.545102 0.9333773 -1.616702
v -1.480222 0.9163452 -1.622746
v -1.487671 0.8780556 -1.6202
v -1.545102 0.9333773 -1.616702
v -1.536298 0.9685451 -1.624455
v -1.478128 0.9532746 -1.629874
v -1.480222 0.9163452 -1.622746
v -1.536298 0.9685451 -1.624455
v -1.529027 0.9987954 -1.636673
v -1.481532 0.9863271 -1.641097
v -1.478128 0.9532746 -1.629874
v -1.529027 0.9987954 -1.636673
v -1.523786 1.022067 -1.652523
v -1.490202 1.01325 -1.655652
v -1.481532 0.9863271 -1.641097
v -1.523786 1.022067 -1.652523
v -1.52093 1.036773 -1.670926
v -1.503546 1.032209 -1.672546
v -1.490202 1.01325 -1.655652
v -1.52093 1.036773 -1.670926
v -1.520655 1.041912 -1.690628
v -1.503546 1.032209 -1.672546
vn -0.2339453 -0.8609388 0.4517232
vn -0.2017367 -0.8645512 0.4602754
vn -0.2535356 -0.9673164 0.004327625
vn -0.2339453 -0.8609388 0.4517232
vn -0.1883529 -0.6501755 0.7360673
vn -0.1306888 -0.6530548 0.745949
vn -0.2017367 -0.8645512 0.4602754
vn -0.1883529 -0.6501755 0.7360673
vn -0.1397434 -0.4455553 0.8842807
vn -0.06985863 -0.451048 0.8897616
vn -0.1306888 -0.6530548 0.745949
vn -0.1397434 -0.4455553 0.8842807
vn -0.09691631 -0.2733676 0.9570148
vn -0.02215186 -0.2835187 0.9587108
vn -0.06985863 -0.451048 0.8897616
vn -0.09691631 -0.2733676 0.9570148
vn -0.05914157 -0.1254547 0.990335
vn 0.01704984 -0.1405727 0.9899236
vn -0.02215186 -0.2835187 0.9587108
vn -0.05914157 -0.1254547 0.990335
vn -0.02373619 0.01069367 0.999661
vn 0.05199805 -0.009161158 0.9986052
vn 0.01704984 -0.1405727 0.9899236
vn -0.02373619 0.01069367 0.999661
vn 0.01217025 0.1466218 0.9891177
vn 0.08598088 0.1224205 0.988747
vn 0.05199805 -0.009161158 0.9986052
vn 0.01217025 0.1466218 0.9891177
vn 0.05172977 0.293763 0.9544775
vn 0.1218653 0.2659509 0.9562526
vn 0.08598088 0.1224205 0.988747
vn 0.05172977 0.293763 0.9544775
vn 0.09870669 0.4642053 0.8802105
vn 0.1623132 0.4347591 0.8857986
vn 0.1218653 0.2659509 0.9562526
vn 0.09870669 0.4642053 0.8802105
vn 0.156387 0.6651135 0.730183
vn 0.2080718 0.6394212 0.7401667
vn 0.1623132 0.4347591 0.8857986
vn 0.156387 0.6651135 0.730183
vn 0.2194112 0.8687557 0.4439845
vn 0.2492696 0.8561769 0.4525769
vn 0.2080718 0.6394212 0.7401667
vn 0.2194112 0.8687557 0.4439845
vn 0.2535356 0.9673164 -0.004327681
vn 0.2492696 0.8561769 0.4525769
vn -0.2699127 -0.8657092 0.4215386
vn -0.2339453 -0.8609388 0.4517232
vn -0.2535356 -0.9673164 0.004327625
vn -0.2699127 -0.8657092 0.4215386
vn -0.2542868 -0.6685421 0.6988487
vn -0.1883529 -0.6501755 0.7360673
vn -0.2339453 -0.8609388 0.4517232
vn -0.2542868 -0.6685421 0.6988487
vn -0.2221043 -0.4635882 0.8577621
vn -0.1397434 -0.4455553 0.8842807
vn -0.1883529 -0.6501755 0.7360673
vn -0.2221043 -0.4635882 0.8577621
vn -0.1857164 -0.2806238 0.9416792
vn -0.09691631 -0.2733676 0.9570148
vn -0.1397434 -0.4455553 0.8842807
vn -0.1857164 -0.2806238 0.9416792
vn -0.1487048 -0.118075 0.9818072
vn -0.05914157 -0.1254547 0.990335
vn -0.09691631 -0.2733676 0.9570148
vn -0.1487048 -0.118075 0.9818072
vn -0.1106561 0.03344706 0.9932958
vn -0.02373619 0.01069367 0.999661
vn -0.05914157 -0.1254547 0.990335
vn -0.1106561 0.03344706 0.9932958
vn -0.06951711 0.1840503 0.9804555
vn 0.01217025 0.1466218 0.9891177
vn -0.02373619 0.01069367 0.999661
vn -0.06951711 0.1840503 0.9804555
vn -0.02212867 0.3435139 0.9388868
vn 0.05172977 0.293763 0.9544775
vn 0.01217025 0.1466218 0.9891177
vn -0.02212867 0.3435139 0.9388868
vn 0.03572103 0.5200949 0.8533612
vn 0.09870669 0.4642053 0.8802105
vn 0.05172977 0.293763 0.9544775
vn 0.03572103 0.5200949 0.8533612
vn 0.1078568 0.713147 0.6926675
vn 0.156387 0.6651135 0.730183
vn 0.09870669 0.4642053 0.8802105
vn 0.1078568 0.713147 0.6926675
vn 0.1903414 0.8903018 0.4136822
vn 0.2194112 0.8687557 0.4439845
vn 0.156387 0.6651135 0.730183
vn 0.1903414 0.8903018 0.4136822
vn 0.2535356 0.9673164 -0.004327681
vn 0.2194112 0.8687557 0.4439845
vn -0.3086508 -0.8775502 0.3669336
vn -0.2699127 -0.8657092 0.4215386
vn -0.2535356 -0.9673164 0.004327625
vn -0.3086508 -0.8775502 0.3669336
vn -0.330413 -0.7061131 0.626284
vn -0.2542868 -0.6685421 0.6988487
vn -0.2699127 -0.8657092 0.4215386
vn -0.330413 -0.7061131 0.626284
vn -0.3249773 -0.5072727 0.7981631
vn -0.2221043 -0.4635882 0.8577621
vn -0.2542868 -0.6685421 0.6988487
vn -0.3249773 -0.5072727 0.7981631
vn -0.3025438 -0.3091811 0.9015954
vn -0.1857164 -0.2806238 0.9416792
vn -0.2221043 -0.4635882 0.8577621
vn -0.3025438 -0.3091811 0.9015954
vn -0.2689986 -0.1194068 0.9557101
vn -0.1487048 -0.118075 0.9818072
vn -0.1857164 -0.2806238 0.9416792
vn -0.2689986 -0.1194068 0.9557101
vn -0.2262106 0.06363885 0.9719973
vn -0.1106561 0.03344706 0.9932958
vn -0.1487048 -0.118075 0.9818072
vn -0.2262106 0.06363885 0.9719973
vn -0.1737499 0.2439964 0.9540843
vn -0.06951711 0.1840503 0.9804555
vn -0.1106561 0.03344706 0.9932958
vn -0.1737499 0.2439964 0.9540843
vn -0.1100174 0.4253668 0.8983091
vn -0.02212867 0.3435139 0.9388868
vn -0.06951711 0.1840503 0.9804555
vn -0.1100174 0.4253668 0.8983091
vn -0.03263012 0.6081218 0.7931729
vn 0.03572103 0.5200949 0.8533612
vn -0.02212867 0.3435139 0.9388868
vn -0.03263012 0.6081218 0.7931729
vn 0.05978663 0.7826187 0.6196237
vn 0.1078568 0.713147 0.6926675
vn 0.03572103 0.5200949 0.8533612
vn 0.05978663 0.7826187 0.6196237
vn 0.1622717 0.9191638 0.3588952
vn 0.1903414 0.8903018 0.4136822
vn 0.1078568 0.713147 0.6926675
vn 0.1622717 0.9191638 0.3588952
vn 0.2535356 0.9673164 -0.004327681
vn 0.1903414 0.8903018 0.4136822
vn -0.3483369 -0.8931015 0.2846595
vn -0.3086508 -0.8775502 0.3669336
vn -0.2535356 -0.9673164 0.004327625
vn -0.3483369 -0.8931015 0.2846595
vn -0.4160159 -0.7575737 0.503004
vn -0.330413 -0.7061131 0.626284
vn -0.3086508 -0.8775502 0.3669336
vn -0.4160159 -0.7575737 0.503004
vn -0.4565642 -0.5777767 0.6765524
vn -0.3249773 -0.5072727 0.7981631
vn -0.330413 -0.7061131 0.626284
vn -0.4565642 -0.5777767 0.6765524
vn -0.4701122 -0.3663604 0.8029786
vn -0.3025438 -0.3091811 0.9015954
vn -0.3249773 -0.5072727 0.7981631
vn -0.4701122 -0.3663604 0.8029786
vn -0.4548303 -0.1327086 0.8806349
vn -0.2689986 -0.1194068 0.9557101
vn -0.3025438 -0.3091811 0.9015954
vn -0.4548303 -0.1327086 0.8806349
vn -0.4075632 0.1108784 0.9064206
vn -0.2262106 0.06363885 0.9719973
vn -0.2689986 -0.1194068 0.9557101
vn -0.4075632 0.1108784 0.9064206
vn -0.3293312 0.3461092 0.8784927
vn -0.1737499 0.2439964 0.9540843
vn -0.2262106 0.06363885 0.9719973
vn -0.3293312 0.3461092 0.8784927
vn -0.228213 0.5565594 0.7988495
vn -0.1100174 0.4253668 0.8983091
vn -0.1737499 0.2439964 0.9540843
vn -0.228213 0.5565594 0.7988495
vn -0.112985 0.733084 0.6706879
vn -0.03263012 0.6081218 0.7931729
vn -0.1100174 0.4253668 0.8983091
vn -0.112985 0.733084 0.6706879
vn 0.01015972 0.8684175 0.4957295
vn 0.05978663 0.7826187 0.6196237
vn -0.03263012 0.6081218 0.7931729
vn 0.01015972 0.8684175 0.4957295
vn 0.1351349 0.9514923 0.2764069
vn 0.1622717 0.9191638 0.3588952
vn 0.05978663 0.7826187 0.6196237
vn 0.1351349 0.9514923 0.2764069
vn 0.2535356 0.9673164 -0.004327681
vn 0.1622717 0.9191638 0.3588952
vn -0.3872842 -0.9061808 0.1698451
vn -0.3483369 -0.8931015 0.2846595
vn -0.2535356 -0.9673164 0.004327625
vn -0.3872842 -0.9061808 0.1698451
vn -0.5037329 -0.8074527 0.3070396
vn -0.4160159 -0.7575737 0.503004
vn -0.3483369 -0.8931015 0.2846595
vn -0.5037329 -0.8074527 0.3070396
vn -0.611662 -0.6589542 0.437777
vn -0.4565642 -0.5777767 0.6765524
vn -0.4160159 -0.7575737 0.503004
vn -0.611662 -0.6589542 0.437777
vn -0.7032572 -0.4457178 0.5538637
vn -0.4701122 -0.3663604 0.8029786
vn -0.4565642 -0.5777767 0.6765524
vn -0.7032572 -0.4457178 0.5538637
vn -0.7533406 -0.1549345 0.639119
vn -0.4548303 -0.1327086 0.8806349
vn -0.4701122 -0.3663604 0.8029786
vn -0.7533406 -0.1549345 0.639119
vn -0.5017347 0.135328 0.8543702
vn -0.4075632 0.1108784 0.9064206
vn -0.4548303 -0.1327086 0.8806349
vn -0.5017347 0.135328 0.8543702
vn -0.579093 0.5098736 0.6361448
vn -0.3293312 0.3461092 0.8784927
vn -0.4075632 0.1108784 0.9064206
vn -0.579093 0.5098736 0.6361448
vn -0.3930067 0.7379831 0.548568
vn -0.228213 0.5565594 0.7988495
vn -0.3293312 0.3461092 0.8784927
vn -0.3930067 0.7379831 0.548568
vn -0.2088498 0.8778984 0.4309015
vn -0.112985 0.733084 0.6706879
vn -0.228213 0.5565594 0.7988495
vn -0.2088498 0.8778984 0.4309015
vn -0.04224478 0.9532666 0.2991624
vn 0.01015972 0.8684175 0.4957295
vn -0.112985 0.733084 0.6706879
vn -0.04224478 0.9532666 0.2991624
vn 0.1073581 0.981032 0.1614019
vn 0.1351349 0.9514923 0.2764069
vn 0.01015972 0.8684175 0.4957295
vn 0.1073581 0.981032 0.1614019
vn 0.2535356 0.9673164 -0.004327681
vn 0.1351349 0.9514923 0.2764069
vn -0.4145944 -0.90991 0.01324074
vn -0.3872842 -0.9061808 0.1698451
vn -0.2535356 -0.9673164 0.004327625
vn -0.4145944 -0.90991 0.01324074
vn -0.5605708 -0.8278248 0.02159487
vn -0.5037329 -0.8074527 0.3070396
vn -0.3872842 -0.9061808 0.1698451
vn -0.5605708 -0.8278248 0.02159487
vn -0.7164623 -0.6969406 0.03091295
vn -0.611662 -0.6589542 0.437777
vn -0.5037329 -0.8074527 0.3070396
vn -0.7164623 -0.6969406 0.03091295
vn -0.8117109 -0.4616696 0.3577522
vn -0.7032572 -0.4457178 0.5538637
vn -0.611662 -0.6589542 0.437777
vn -0.8117109 -0.4616696 0.3577522
vn -0.8870282 -0.1474275 0.4375455
vn -0.7533406 -0.1549345 0.639119
vn -0.7032572 -0.4457178 0.5538637
vn -0.8870282 -0.1474275 0.4375455
vn -0.8537577 0.2258705 0.469127
vn -0.8537577 0.2258705 0.469127
vn -0.7533406 -0.1549345 0.639119
vn -0.8537577 0.2258705 0.469127
vn -0.6997182 0.5672178 0.4343483
vn -0.579093 0.5098736 0.6361448
vn -0.8537577 0.2258705 0.469127
vn -0.6997182 0.5672178 0.4343483
vn -0.4801235 0.8034379 0.3520922
vn -0.3930067 0.7379831 0.548568
vn -0.579093 0.5098736 0.6361448
vn -0.4801235 0.8034379 0.3520922
vn -0.2824374 0.9589977 0.02350451
vn -0.2088498 0.8778984 0.4309015
vn -0.3930067 0.7379831 0.548568
vn -0.2824374 0.9589977 0.02350451
vn -0.08240962 0.996508 0.01343305
vn -0.04224478 0.9532666 0.2991624
vn -0.2088498 0.8778984 0.4309015
vn -0.08240962 0.996508 0.01343305
vn 0.08504452 0.9963661 0.004712291
vn 0.1073581 0.981032 0.1614019
vn -0.04224478 0.9532666 0.2991624
vn 0.08504452 0.9963661 0.004712291
vn 0.2535356 0.9673164 -0.004327681
vn 0.1073581 0.981032 0.1614019
vn -0.4036919 -0.90329 -0.1452584
vn -0.4145944 -0.90991 0.01324074
vn -0.2535356 -0.9673164 0.004327625
vn -0.4036919 -0.90329 -0.1452584
vn -0.5336645 -0.8021792 -0.2677884
vn -0.5605708 -0.8278248 0.02159487
vn -0.4145944 -0.90991 0.01324074
vn -0.5336645 -0.8021792 -0.2677884
vn -0.6544458 -0.6514165 -0.3838715
vn -0.7164623 -0.6969406 0.03091295
vn -0.5605708 -0.8278248 0.02159487
vn -0.6544458 -0.6514165 -0.3838715
vn -0.7573982 -0.4361791 -0.485897
vn -0.8449143 -0.4558198 -0.2799076
vn -0.7164623 -0.6969406 0.03091295
vn -0.7573982 -0.4361791 -0.485897
vn -0.8157876 -0.1439325 -0.5601553
vn -0.9278116 -0.1402422 -0.3456846
vn -0.8449143 -0.4558198 -0.2799076
vn -0.8157876 -0.1439325 -0.5601553
vn -0.8976452 0.2336026 -0.3737151
vn -0.8976451 0.2336026 -0.373715
vn -0.9278116 -0.1402422 -0.3456846
vn -0.8976452 0.2336026 -0.3737151
vn -0.6415399 0.5208756 -0.5631297
vn -0.7405016 0.5744032 -0.3488818
vn -0.8976451 0.2336026 -0.373715
vn -0.6415399 0.5208756 -0.5631297
vn -0.4471477 0.7475218 -0.4911926
vn -0.5133269 0.8092877 -0.2855675
vn -0.7405016 0.5744032 -0.3488818
vn -0.4471477 0.7475218 -0.4911926
vn -0.2516336 0.8854361 -0.3907471
vn -0.2824374 0.9589977 0.02350451
vn -0.5133269 0.8092877 -0.2855675
vn -0.2516336 0.8854361 -0.3907471
vn -0.07217646 0.95854 -0.2756658
vn -0.08240962 0.996508 0.01343305
vn -0.2824374 0.9589977 0.02350451
vn -0.07217646 0.95854 -0.2756658
vn 0.09095043 0.9839227 -0.1537016
vn 0.08504452 0.9963661 0.004712291
vn -0.08240962 0.996508 0.01343305
vn 0.09095043 0.9839227 -0.1537016
vn 0.2535356 0.9673164 -0.004327681
vn 0.08504452 0.9963661 0.004712291
vn -0.3768663 -0.8880751 -0.2632382
vn -0.4036919 -0.90329 -0.1452584
vn -0.2535356 -0.9673164 0.004327625
vn -0.3768663 -0.8880751 -0.2632382
vn -0.4667255 -0.7486395 -0.4708571
vn -0.5336645 -0.8021792 -0.2677884
vn -0.4036919 -0.90329 -0.1452584
vn -0.4667255 -0.7486395 -0.4708571
vn -0.5249064 -0.565736 -0.6359372
vn -0.6544458 -0.6514165 -0.3838715
vn -0.5336645 -0.8021792 -0.2677884
vn -0.5249064 -0.565736 -0.6359372
vn -0.5513091 -0.3520549 -0.7563832
vn -0.7573982 -0.4361791 -0.485897
vn -0.6544458 -0.6514165 -0.3838715
vn -0.5513091 -0.3520549 -0.7563832
vn -0.543952 -0.1170069 -0.8309186
vn -0.8157876 -0.1439325 -0.5601553
vn -0.7573982 -0.4361791 -0.485897
vn -0.543952 -0.1170069 -0.8309186
vn -0.4993863 0.127056 -0.8570123
vn -0.5876197 0.1504595 -0.7950252
vn -0.8157876 -0.1439325 -0.5601553
vn -0.4993863 0.127056 -0.8570123
vn -0.4184529 0.3618108 -0.8330606
vn -0.6415399 0.5208756 -0.5631297
vn -0.5876197 0.1504595 -0.7950252
vn -0.4184529 0.3618108 -0.8330606
vn -0.30941 0.5708648 -0.7605122
vn -0.4471477 0.7475218 -0.4911926
vn -0.6415399 0.5208756 -0.5631297
vn -0.30941 0.5708648 -0.7605122
vn -0.1813272 0.7451247 -0.6418019
vn -0.2516336 0.8854361 -0.3907471
vn -0.4471477 0.7475218 -0.4911926
vn -0.1813272 0.7451247 -0.6418019
vn -0.04054995 0.8773515 -0.4781316
vn -0.07217646 0.95854 -0.2756658
vn -0.2516336 0.8854361 -0.3907471
vn -0.04054995 0.8773515 -0.4781316
vn 0.1066055 0.9565187 -0.2714905
vn 0.09095043 0.9839227 -0.1537016
vn -0.07217646 0.95854 -0.2756658
vn 0.1066055 0.9565187 -0.2714905
vn 0.2535356 0.9673164 -0.004327681
vn 0.09095043 0.9839227 -0.1537016
vn -0.3459243 -0.8709833 -0.3488904
vn -0.3768663 -0.8880751 -0.2632382
vn -0.2535356 -0.9673164 0.004327625
vn -0.3459243 -0.8709833 -0.3488904
vn -0.3943392 -0.6948503 -0.6013981
vn -0.4667255 -0.7486395 -0.4708571
vn -0.3768663 -0.8880751 -0.2632382
vn -0.3943392 -0.6948503 -0.6013981
vn -0.4065933 -0.4928933 -0.7692451
vn -0.5249064 -0.565736 -0.6359372
vn -0.4667255 -0.7486395 -0.4708571
vn -0.4065933 -0.4928933 -0.7692451
vn -0.3948341 -0.2929212 -0.870806
vn -0.5513091 -0.3520549 -0.7563832
vn -0.5249064 -0.565736 -0.6359372
vn -0.3948341 -0.2929212 -0.870806
vn -0.3669093 -0.1021567 -0.9246305
vn -0.543952 -0.1170069 -0.8309186
vn -0.5513091 -0.3520549 -0.7563832
vn -0.3669093 -0.1021567 -0.9246305
vn -0.3258697 0.08119707 -0.9419214
vn -0.4993863 0.127056 -0.8570123
vn -0.543952 -0.1170069 -0.8309186
vn -0.3258697 0.08119707 -0.9419214
vn -0.2716605 0.2612465 -0.9262563
vn -0.4184529 0.3618108 -0.8330606
vn -0.4993863 0.127056 -0.8570123
vn -0.2716605 0.2612465 -0.9262563
vn -0.2023076 0.4416268 -0.8740923
vn -0.30941 0.5708648 -0.7605122
vn -0.4184529 0.3618108 -0.8330606
vn -0.2023076 0.4416268 -0.8740923
vn -0.1142462 0.6225011 -0.7742352
vn -0.1813272 0.7451247 -0.6418019
vn -0.30941 0.5708648 -0.7605122
vn -0.1142462 0.6225011 -0.7742352
vn -0.004139647 0.7938814 -0.6080585
vn -0.04054995 0.8773515 -0.4781316
vn -0.1813272 0.7451247 -0.6418019
vn -0.004139647 0.7938814 -0.6080585
vn 0.1249982 0.9257308 -0.3569286
vn 0.1066055 0.9565187 -0.2714905
vn -0.04054995 0.8773515 -0.4781316
vn 0.1249982 0.9257308 -0.3569286
vn 0.2535356 0.9673164 -0.004327681
vn 0.1066055 0.9565187 -0.2714905
vn -0.3130551 -0.8581083 -0.4069973
vn -0.3459243 -0.8709833 -0.3488904
vn -0.2535356 -0.9673164 0.004327625
vn -0.3130551 -0.8581083 -0.4069973
vn -0.3261248 -0.6558855 -0.6807765
vn -0.3943392 -0.6948503 -0.6013981
vn -0.3459243 -0.8709833 -0.3488904
vn -0.3261248 -0.6558855 -0.6807765
vn -0.3104244 -0.4480277 -0.8383961
vn -0.4065933 -0.4928933 -0.7692451
vn -0.3943392 -0.6948503 -0.6013981
vn -0.3104244 -0.4480277 -0.8383961
vn -0.2827739 -0.263524 -0.9222766
vn -0.3948341 -0.2929212 -0.870806
vn -0.4065933 -0.4928933 -0.7692451
vn -0.2827739 -0.263524 -0.9222766
vn -0.2499748 -0.1002329 -0.9630503
vn -0.3669093 -0.1021567 -0.9246305
vn -0.3948341 -0.2929212 -0.870806
vn -0.2499748 -0.1002329 -0.9630503
vn -0.2131807 0.05151013 -0.9756541
vn -0.3258697 0.08119707 -0.9419214
vn -0.3669093 -0.1021567 -0.9246305
vn -0.2131807 0.05151013 -0.9756541
vn -0.1707872 0.2018924 -0.964402
vn -0.2716605 0.2612465 -0.9262563
vn -0.3258697 0.08119707 -0.9419214
vn -0.1707872 0.2018924 -0.964402
vn -0.1191861 0.3606138 -0.9250689
vn -0.2023076 0.4416268 -0.8740923
vn -0.2716605 0.2612465 -0.9262563
vn -0.1191861 0.3606138 -0.9250689
vn -0.05259912 0.5356554 -0.8427969
vn -0.1142462 0.6225011 -0.7742352
vn -0.2023076 0.4416268 -0.8740923
vn -0.05259912 0.5356554 -0.8427969
vn 0.03601871 0.7258038 -0.6869582
vn -0.004139647 0.7938814 -0.6080585
vn -0.1142462 0.6225011 -0.7742352
vn 0.03601871 0.7258038 -0.6869582
vn 0.147199 0.8979027 -0.4148532
vn 0.1249982 0.9257308 -0.3569286
vn -0.004139647 0.7938814 -0.6080585
vn 0.147199 0.8979027 -0.4148532
vn 0.2535356 0.9673164 -0.004327681
vn 0.1249982 0.9257308 -0.3569286
vn -0.2804123 -0.8527521 -0.4406616
vn -0.3130551 -0.8581083 -0.4069973
vn -0.2535356 -0.9673164 0.004327625
vn -0.2804123 -0.8527521 -0.4406616
vn -0.2643952 -0.6367782 -0.7242988
vn -0.3261248 -0.6558855 -0.6807765
vn -0.3130551 -0.8581083 -0.4069973
vn -0.2643952 -0.6367782 -0.7242988
vn -0.2312457 -0.4294343 -0.8729901
vn -0.3104244 -0.4480277 -0.8383961
vn -0.3261248 -0.6558855 -0.6807765
vn -0.2312457 -0.4294343 -0.8729901
vn -0.1960396 -0.2559038 -0.9466159
vn -0.2827739 -0.263524 -0.9222766
vn -0.3104244 -0.4480277 -0.8383961
vn -0.1960396 -0.2559038 -0.9466159
vn -0.1617886 -0.10737 -0.9809669
vn -0.2499748 -0.1002329 -0.9630503
vn -0.2827739 -0.263524 -0.9222766
vn -0.1617886 -0.10737 -0.9809669
vn -0.1274135 0.02895981 -0.9914268
vn -0.2131807 0.05151013 -0.9756541
vn -0.2499748 -0.1002329 -0.9630503
vn -0.1274135 0.02895981 -0.9914268
vn -0.09047678 0.1647065 -0.9821842
vn -0.1707872 0.2018924 -0.964402
vn -0.2131807 0.05151013 -0.9756541
vn -0.09047678 0.1647065 -0.9821842
vn -0.04739358 0.3112268 -0.9491532
vn -0.1191861 0.3606138 -0.9250689
vn -0.1707872 0.2018924 -0.964402
vn -0.04739358 0.3112268 -0.9491532
vn 0.007204413 0.4803264 -0.8770603
vn -0.05259912 0.5356554 -0.8427969
vn -0.1191861 0.3606138 -0.9250689
vn 0.007204413 0.4803264 -0.8770603
vn 0.08034472 0.6785108 -0.7301834
vn 0.03601871 0.7258038 -0.6869582
vn -0.05259912 0.5356554 -0.8427969
vn 0.08034472 0.6785108 -0.7301834
vn 0.1729442 0.8769424 -0.4483998
vn 0.147199 0.8979027 -0.4148532
vn 0.03601871 0.7258038 -0.6869582
vn 0.1729442 0.8769424 -0.4483998
vn 0.2535356 0.9673164 -0.004327681
vn 0.147199 0.8979027 -0.4148532
vn -0.2492696 -0.8561768 -0.4525771
vn -0.2804123 -0.8527521 -0.4406616
vn -0.2535356 -0.9673164 0.004327625
vn -0.2492696 -0.8561768 -0.4525771
vn -0.2080718 -0.6394212 -0.7401666
vn -0.2643952 -0.6367782 -0.7242988
vn -0.2804123 -0.8527521 -0.4406616
vn -0.2080718 -0.6394212 -0.7401666
vn -0.1623132 -0.4347591 -0.8857986
vn -0.2312457 -0.4294343 -0.8729901
vn -0.2643952 -0.6367782 -0.7242988
vn -0.1623132 -0.4347591 -0.8857986
vn -0.1218652 -0.2659509 -0.9562526
vn -0.1960396 -0.2559038 -0.9466159
vn -0.2312457 -0.4294343 -0.8729901
vn -0.1218652 -0.2659509 -0.9562526
vn -0.08598083 -0.1224204 -0.988747
vn -0.1617886 -0.10737 -0.9809669
vn -0.1960396 -0.2559038 -0.9466159
vn -0.08598083 -0.1224204 -0.988747
vn -0.05199803 0.009161154 -0.9986052
vn -0.1274135 0.02895981 -0.9914268
vn -0.1617886 -0.10737 -0.9809669
vn -0.05199803 0.009161154 -0.9986052
vn -0.01704982 0.1405727 -0.9899236
vn -0.09047678 0.1647065 -0.9821842
vn -0.1274135 0.02895981 -0.9914268
vn -0.01704982 0.1405727 -0.9899236
vn 0.02215185 0.2835187 -0.9587108
vn -0.04739358 0.3112268 -0.9491532
vn -0.09047678 0.1647065 -0.9821842
vn 0.02215185 0.2835187 -0.9587108
vn 0.06985863 0.451048 -0.8897616
vn 0.007204413 0.4803264 -0.8770603
vn -0.04739358 0.3112268 -0.9491532
vn 0.06985863 0.451048 -0.8897616
vn 0.1306888 0.6530547 -0.745949
vn 0.08034472 0.6785108 -0.7301834
vn 0.007204413 0.4803264 -0.8770603
vn 0.1306888 0.6530547 -0.745949
vn 0.2017368 0.8645514 -0.4602752
vn 0.1729442 0.8769424 -0.4483998
vn 0.08034472 0.6785108 -0.7301834
vn 0.2017368 0.8645514 -0.4602752
vn 0.2535356 0.9673164 -0.004327681
vn 0.1729442 0.8769424 -0.4483998
vn -0.2194112 -0.8687555 -0.4439847
vn -0.2492696 -0.8561768 -0.4525771
vn -0.2535356 -0.9673164 0.004327625
vn -0.2194112 -0.8687555 -0.4439847
vn -0.156387 -0.6651136 -0.7301828
vn -0.2080718 -0.6394212 -0.7401666
vn -0.2492696 -0.8561768 -0.4525771
vn -0.156387 -0.6651136 -0.7301828
vn -0.09870664 -0.4642053 -0.8802105
vn -0.1623132 -0.4347591 -0.8857986
vn -0.2080718 -0.6394212 -0.7401666
vn -0.09870664 -0.4642053 -0.8802105
vn -0.05172969 -0.2937629 -0.9544775
vn -0.1218652 -0.2659509 -0.9562526
vn -0.1623132 -0.4347591 -0.8857986
vn -0.05172969 -0.2937629 -0.9544775
vn -0.01217018 -0.1466218 -0.9891177
vn -0.08598083 -0.1224204 -0.988747
vn -0.1218652 -0.2659509 -0.9562526
vn -0.01217018 -0.1466218 -0.9891177
vn 0.02373622 -0.01069367 -0.999661
vn -0.05199803 0.009161154 -0.9986052
vn -0.08598083 -0.1224204 -0.988747
vn 0.02373622 -0.01069367 -0.999661
vn 0.05914164 0.1254547 -0.990335
vn -0.01704982 0.1405727 -0.9899236
vn -0.05199803 0.009161154 -0.9986052
vn 0.05914164 0.1254547 -0.990335
vn 0.0969164 0.2733677 -0.9570148
vn 0.02215185 0.2835187 -0.9587108
vn -0.01704982 0.1405727 -0.9899236
vn 0.0969164 0.2733677 -0.9570148
vn 0.1397435 0.4455554 -0.8842807
vn 0.06985863 0.451048 -0.8897616
vn 0.02215185 0.2835187 -0.9587108
vn 0.1397435 0.4455554 -0.8842807
vn 0.1883529 0.6501753 -0.7360674
vn 0.1306888 0.6530547 -0.745949
vn 0.06985863 0.451048 -0.8897616
vn 0.1883529 0.6501753 -0.7360674
vn 0.2339453 0.860939 -0.451723
vn 0.2017368 0.8645514 -0.4602752
vn 0.1306888 0.6530547 -0.745949
vn 0.2339453 0.860939 -0.451723
vn 0.2535356 0.9673164 -0.004327681
vn 0.2017368 0.8645514 -0.4602752
vn -0.1903413 -0.8903017 -0.4136823
vn -0.2194112 -0.8687555 -0.4439847
vn -0.2535356 -0.9673164 0.004327625
vn -0.1903413 -0.8903017 -0.4136823
vn -0.1078567 -0.7131472 -0.6926672
vn -0.156387 -0.6651136 -0.7301828
vn -0.2194112 -0.8687555 -0.4439847
vn -0.1078567 -0.7131472 -0.6926672
vn -0.03572102 -0.5200949 -0.8533612
vn -0.09870664 -0.4642053 -0.8802105
vn -0.156387 -0.6651136 -0.7301828
vn -0.03572102 -0.5200949 -0.8533612
vn 0.02212876 -0.3435139 -0.9388868
vn -0.05172969 -0.2937629 -0.9544775
vn -0.09870664 -0.4642053 -0.8802105
vn 0.02212876 -0.3435139 -0.9388868
vn 0.06951718 -0.1840504 -0.9804553
vn -0.01217018 -0.1466218 -0.9891177
vn -0.05172969 -0.2937629 -0.9544775
vn 0.06951718 -0.1840504 -0.9804553
vn 0.1106562 -0.03344708 -0.9932958
vn 0.02373622 -0.01069367 -0.999661
vn -0.01217018 -0.1466218 -0.9891177
vn 0.1106562 -0.03344708 -0.9932958
vn 0.1487048 0.118075 -0.9818071
vn 0.05914164 0.1254547 -0.990335
vn 0.02373622 -0.01069367 -0.999661
vn 0.1487048 0.118075 -0.9818071
vn 0.1857165 0.2806238 -0.9416792
vn 0.0969164 0.2733677 -0.9570148
vn 0.05914164 0.1254547 -0.990335
vn 0.1857165 0.2806238 -0.9416792
vn 0.2221043 0.4635882 -0.8577621
vn 0.1397435 0.4455554 -0.8842807
vn 0.0969164 0.2733677 -0.9570148
vn 0.2221043 0.4635882 -0.8577621
vn 0.2542868 0.668542 -0.6988488
vn 0.1883529 0.6501753 -0.7360674
vn 0.1397435 0.4455554 -0.8842807
vn 0.2542868 0.668542 -0.6988488
vn 0.2699127 0.8657093 -0.4215384
vn 0.2339453 0.860939 -0.451723
vn 0.1883529 0.6501753 -0.7360674
vn 0.2699127 0.8657093 -0.4215384
vn 0.2535356 0.9673164 -0.004327681
vn 0.2339453 0.860939 -0.451723
vn -0.1622716 -0.9191638 -0.3588952
vn -0.1903413 -0.8903017 -0.4136823
vn -0.2535356 -0.9673164 0.004327625
vn -0.1622716 -0.9191638 -0.3588952
vn -0.05978665 -0.7826188 -0.6196235
vn -0.1078567 -0.7131472 -0.6926672
vn -0.1903413 -0.8903017 -0.4136823
vn -0.05978665 -0.7826188 -0.6196235
vn 0.03263013 -0.6081219 -0.7931728
vn -0.03572102 -0.5200949 -0.8533612
vn -0.1078567 -0.7131472 -0.6926672
vn 0.03263013 -0.6081219 -0.7931728
vn 0.1100174 -0.4253668 -0.8983091
vn 0.02212876 -0.3435139 -0.9388868
vn -0.03572102 -0.5200949 -0.8533612
vn 0.1100174 -0.4253668 -0.8983091
vn 0.1737499 -0.2439963 -0.9540843
vn 0.06951718 -0.1840504 -0.9804553
vn 0.02212876 -0.3435139 -0.9388868
vn 0.1737499 -0.2439963 -0.9540843
vn 0.2262107 -0.06363888 -0.9719973
vn 0.1106562 -0.03344708 -0.9932958
vn 0.06951718 -0.1840504 -0.9804553
vn 0.2262107 -0.06363888 -0.9719973
vn 0.2689987 0.1194069 -0.9557101
vn 0.1487048 0.118075 -0.9818071
vn 0.1106562 -0.03344708 -0.9932958
vn 0.2689987 0.1194069 -0.9557101
vn 0.3025441 0.3091812 -0.9015954
vn 0.1857165 0.2806238 -0.9416792
vn 0.1487048 0.118075 -0.9818071
vn 0.3025441 0.3091812 -0.9015954
vn 0.3249773 0.5072727 -0.7981631
vn 0.2221043 0.4635882 -0.8577621
vn 0.1857165 0.2806238 -0.9416792
vn 0.3249773 0.5072727 -0.7981631
vn 0.330413 0.706113 -0.6262841
vn 0.2542868 0.668542 -0.6988488
vn 0.2221043 0.4635882 -0.8577621
vn 0.330413 0.706113 -0.6262841
vn 0.3086508 0.8775503 -0.3669335
vn 0.2699127 0.8657093 -0.4215384
vn 0.2542868 0.668542 -0.6988488
vn 0.3086508 0.8775503 -0.3669335
vn 0.2535356 0.9673164 -0.004327681
vn 0.2699127 0.8657093 -0.4215384
vn -0.1351348 -0.9514923 -0.276407
vn -0.1622716 -0.9191638 -0.3588952
vn -0.2535356 -0.9673164 0.004327625
vn -0.1351348 -0.9514923 -0.276407
vn -0.01015973 -0.8684176 -0.4957294
vn -0.05978665 -0.7826188 -0.6196235
vn -0.1622716 -0.9191638 -0.3588952
vn -0.01015973 -0.8684176 -0.4957294
vn 0.1129849 -0.7330841 -0.6706877
vn 0.03263013 -0.6081219 -0.7931728
vn -0.05978665 -0.7826188 -0.6196235
vn 0.1129849 -0.7330841 -0.6706877
vn 0.2282131 -0.5565593 -0.7988495
vn 0.1100174 -0.4253668 -0.8983091
vn 0.03263013 -0.6081219 -0.7931728
vn 0.2282131 -0.5565593 -0.7988495
vn 0.3293313 -0.346109 -0.8784928
vn 0.1737499 -0.2439963 -0.9540843
vn 0.1100174 -0.4253668 -0.8983091
vn 0.3293313 -0.346109 -0.8784928
vn 0.4075633 -0.1108784 -0.9064206
vn 0.2262107 -0.06363888 -0.9719973
vn 0.1737499 -0.2439963 -0.9540843
vn 0.4075633 -0.1108784 -0.9064206
vn 0.4548303 0.1327086 -0.8806348
vn 0.2689987 0.1194069 -0.9557101
vn 0.2262107 -0.06363888 -0.9719973
vn 0.4548303 0.1327086 -0.8806348
vn 0.4701122 0.3663605 -0.8029786
vn 0.3025441 0.3091812 -0.9015954
vn 0.2689987 0.1194069 -0.9557101
vn 0.4701122 0.3663605 -0.8029786
vn 0.4565642 0.5777766 -0.6765525
vn 0.3249773 0.5072727 -0.7981631
vn 0.3025441 0.3091812 -0.9015954
vn 0.4565642 0.5777766 -0.6765525
vn 0.4160159 0.7575736 -0.5030041
vn 0.330413 0.706113 -0.6262841
vn 0.3249773 0.5072727 -0.7981631
vn 0.4160159 0.7575736 -0.5030041
vn 0.3483369 0.8931015 -0.2846594
vn 0.3086508 0.8775503 -0.3669335
vn 0.330413 0.706113 -0.6262841
vn 0.3483369 0.8931015 -0.2846594
vn 0.2535356 0.9673164 -0.004327681
vn 0.3086508 0.8775503 -0.3669335
vn -0.1073581 -0.981032 -0.1614019
vn -0.1351348 -0.9514923 -0.276407
vn -0.2535356 -0.9673164 0.004327625
vn -0.1073581 -0.981032 -0.1614019
vn 0.04224475 -0.9532666 -0.2991624
vn -0.01015973 -0.8684176 -0.4957294
vn -0.1351348 -0.9514923 -0.276407
vn 0.04224475 -0.9532666 -0.2991624
vn 0.2088497 -0.8778985 -0.4309015
vn 0.1129849 -0.7330841 -0.6706877
vn -0.01015973 -0.8684176 -0.4957294
vn 0.2088497 -0.8778985 -0.4309015
vn 0.3930068 -0.7379829 -0.548568
vn 0.2282131 -0.5565593 -0.7988495
vn 0.1129849 -0.7330841 -0.6706877
vn 0.3930068 -0.7379829 -0.548568
vn 0.579093 -0.5098734 -0.6361448
vn 0.3293313 -0.346109 -0.8784928
vn 0.2282131 -0.5565593 -0.7988495
vn 0.579093 -0.5098734 -0.6361448
vn 0.5017348 -0.1353281 -0.8543702
vn 0.4075633 -0.1108784 -0.9064206
vn 0.3293313 -0.346109 -0.8784928
vn 0.5017348 -0.1353281 -0.8543702
vn 0.7533406 0.1549346 -0.639119
vn 0.4548303 0.1327086 -0.8806348
vn 0.4075633 -0.1108784 -0.9064206
vn 0.7533406 0.1549346 -0.639119
vn 0.7032572 0.445718 -0.5538637
vn 0.4701122 0.3663605 -0.8029786
vn 0.4548303 0.1327086 -0.8806348
vn 0.7032572 0.445718 -0.5538637
vn 0.611662 0.6589542 -0.4377772
vn 0.4565642 0.5777766 -0.6765525
vn 0.4701122 0.3663605 -0.8029786
vn 0.611662 0.6589542 -0.4377772
vn 0.5037329 0.8074526 -0.3070397
vn 0.4160159 0.7575736 -0.5030041
vn 0.4565642 0.5777766 -0.6765525
vn 0.5037329 0.8074526 -0.3070397
vn 0.3872842 0.9061807 -0.169845
vn 0.3483369 0.8931015 -0.2846594
vn 0.4160159 0.7575736 -0.5030041
vn 0.3872842 0.9061807 -0.169845
vn 0.2535356 0.9673164 -0.004327681
vn 0.3483369 0.8931015 -0.2846594
vn -0.08504449 -0.9963661 -0.004712294
vn -0.1073581 -0.981032 -0.1614019
vn -0.2535356 -0.9673164 0.004327625
vn -0.08504449 -0.9963661 -0.004712294
vn 0.08240953 -0.996508 -0.01343304
vn 0.04224475 -0.9532666 -0.2991624
vn -0.1073581 -0.981032 -0.1614019
vn 0.08240953 -0.996508 -0.01343304
vn 0.2824374 -0.9589977 -0.02350444
vn 0.2088497 -0.8778985 -0.4309015
vn 0.04224475 -0.9532666 -0.2991624
vn 0.2824374 -0.9589977 -0.02350444
vn 0.4801238 -0.8034378 -0.3520921
vn 0.3930068 -0.7379829 -0.548568
vn 0.2088497 -0.8778985 -0.4309015
vn 0.4801238 -0.8034378 -0.3520921
vn 0.6997184 -0.5672178 -0.4343483
vn 0.579093 -0.5098734 -0.6361448
vn 0.3930068 -0.7379829 -0.548568
vn 0.6997184 -0.5672178 -0.4343483
vn 0.8537577 -0.2258704 -0.4691271
vn 0.8537577 -0.2258704 -0.4691271
vn 0.579093 -0.5098734 -0.6361448
vn 0.8537577 -0.2258704 -0.4691271
vn 0.8870283 0.1474276 -0.4375455
vn 0.7533406 0.1549346 -0.639119
vn 0.8537577 -0.2258704 -0.4691271
vn 0.8870283 0.1474276 -0.4375455
vn 0.8117109 0.4616697 -0.3577521
vn 0.7032572 0.445718 -0.5538637
vn 0.7533406 0.1549346 -0.639119
vn 0.8117109 0.4616697 -0.3577521
vn 0.7164623 0.6969406 -0.03091285
vn 0.611662 0.6589542 -0.4377772
vn 0.7032572 0.445718 -0.5538637
vn 0.7164623 0.6969406 -0.03091285
vn 0.560571 0.8278248 -0.02159473
vn 0.5037329 0.8074526 -0.3070397
vn 0.611662 0.6589542 -0.4377772
vn 0.560571 0.8278248 -0.02159473
vn 0.4145944 0.90991 -0.01324059
vn 0.3872842 0.9061807 -0.169845
vn 0.5037329 0.8074526 -0.3070397
vn 0.4145944 0.90991 -0.01324059
vn 0.2535356 0.9673164 -0.004327681
vn 0.3872842 0.9061807 -0.169845
vn -0.09095043 -0.9839227 0.1537016
vn -0.08504449 -0.9963661 -0.004712294
vn -0.2535356 -0.9673164 0.004327625
vn -0.09095043 -0.9839227 0.1537016
vn 0.07217643 -0.9585401 0.2756656
vn 0.08240953 -0.996508 -0.01343304
vn -0.08504449 -0.9963661 -0.004712294
vn 0.07217643 -0.9585401 0.2756656
vn 0.2516336 -0.8854361 0.3907469
vn 0.2824374 -0.9589977 -0.02350444
vn 0.08240953 -0.996508 -0.01343304
vn 0.2516336 -0.8854361 0.3907469
vn 0.4471478 -0.7475216 0.4911925
vn 0.5133271 -0.8092876 0.2855677
vn 0.2824374 -0.9589977 -0.02350444
vn 0.4471478 -0.7475216 0.4911925
vn 0.6415401 -0.5208756 0.5631295
vn 0.7405016 -0.574403 0.3488819
vn 0.5133271 -0.8092876 0.2855677
vn 0.6415401 -0.5208756 0.5631295
vn 0.8976451 -0.2336027 0.3737152
vn 0.8976451 -0.2336027 0.3737152
vn 0.7405016 -0.574403 0.3488819
vn 0.8976451 -0.2336027 0.3737152
vn 0.8157876 0.1439326 0.5601553
vn 0.9278115 0.1402422 0.3456847
vn 0.8976451 -0.2336027 0.3737152
vn 0.8157876 0.1439326 0.5601553
vn 0.7573981 0.4361793 0.4858969
vn 0.8449142 0.4558198 0.2799076
vn 0.9278115 0.1402422 0.3456847
vn 0.7573981 0.4361793 0.4858969
vn 0.6544458 0.6514165 0.3838714
vn 0.7164623 0.6969406 -0.03091285
vn 0.8449142 0.4558198 0.2799076
vn 0.6544458 0.6514165 0.3838714
vn 0.5336646 0.8021792 0.2677883
vn 0.560571 0.8278248 -0.02159473
vn 0.7164623 0.6969406 -0.03091285
vn 0.5336646 0.8021792 0.2677883
vn 0.4036918 0.90329 0.1452584
vn 0.4145944 0.90991 -0.01324059
vn 0.560571 0.8278248 -0.02159473
vn 0.4036918 0.90329 0.1452584
vn 0.2535356 0.9673164 -0.004327681
vn 0.4145944 0.90991 -0.01324059
vn -0.1066055 -0.9565187 0.2714906
vn -0.09095043 -0.9839227 0.1537016
vn -0.2535356 -0.9673164 0.004327625
vn -0.1066055 -0.9565187 0.2714906
vn 0.04054986 -0.8773516 0.4781314
vn 0.07217643 -0.9585401 0.2756656
vn -0.09095043 -0.9839227 0.1537016
vn 0.04054986 -0.8773516 0.4781314
vn 0.1813272 -0.7451249 0.6418017
vn 0.2516336 -0.8854361 0.3907469
vn 0.07217643 -0.9585401 0.2756656
vn 0.1813272 -0.7451249 0.6418017
vn 0.3094101 -0.5708649 0.7605121
vn 0.4471478 -0.7475216 0.4911925
vn 0.2516336 -0.8854361 0.3907469
vn 0.3094101 -0.5708649 0.7605121
vn 0.418453 -0.3618108 0.8330606
vn 0.6415401 -0.5208756 0.5631295
vn 0.4471478 -0.7475216 0.4911925
vn 0.418453 -0.3618108 0.8330606
vn 0.4993864 -0.127056 0.8570123
vn 0.5876199 -0.1504595 0.795025
vn 0.6415401 -0.5208756 0.5631295
vn 0.4993864 -0.127056 0.8570123
vn 0.543952 0.117007 0.8309184
vn 0.8157876 0.1439326 0.5601553
vn 0.5876199 -0.1504595 0.795025
vn 0.543952 0.117007 0.8309184
vn 0.5513092 0.3520551 0.7563831
vn 0.7573981 0.4361793 0.4858969
vn 0.8157876 0.1439326 0.5601553
vn 0.5513092 0.3520551 0.7563831
vn 0.5249065 0.5657359 0.635937
vn 0.6544458 0.6514165 0.3838714
vn 0.7573981 0.4361793 0.4858969
vn 0.5249065 0.5657359 0.635937
vn 0.4667255 0.7486394 0.4708571
vn 0.5336646 0.8021792 0.2677883
vn 0.6544458 0.6514165 0.3838714
vn 0.4667255 0.7486394 0.4708571
vn 0.3768663 0.8880751 0.2632381
vn 0.4036918 0.90329 0.1452584
vn 0.5336646 0.8021792 0.2677883
vn 0.3768663 0.8880751 0.2632381
vn 0.2535356 0.9673164 -0.004327681
vn 0.4036918 0.90329 0.1452584
vn -0.1249982 -0.9257307 0.3569287
vn -0.1066055 -0.9565187 0.2714906
vn -0.2535356 -0.9673164 0.004327625
vn -0.1249982 -0.9257307 0.3569287
vn 0.004139572 -0.7938814 0.6080586
vn 0.04054986 -0.8773516 0.4781314
vn -0.1066055 -0.9565187 0.2714906
vn 0.004139572 -0.7938814 0.6080586
vn 0.1142461 -0.6225011 0.7742352
vn 0.1813272 -0.7451249 0.6418017
vn 0.04054986 -0.8773516 0.4781314
vn 0.1142461 -0.6225011 0.7742352
vn 0.2023076 -0.4416267 0.8740923
vn 0.3094101 -0.5708649 0.7605121
vn 0.1813272 -0.7451249 0.6418017
vn 0.2023076 -0.4416267 0.8740923
vn 0.2716605 -0.2612463 0.9262563
vn 0.418453 -0.3618108 0.8330606
vn 0.3094101 -0.5708649 0.7605121
vn 0.2716605 -0.2612463 0.9262563
vn 0.3258696 -0.08119705 0.9419215
vn 0.4993864 -0.127056 0.8570123
vn 0.418453 -0.3618108 0.8330606
vn 0.3258696 -0.08119705 0.9419215
vn 0.3669092 0.1021567 0.9246305
vn 0.543952 0.117007 0.8309184
vn 0.4993864 -0.127056 0.8570123
vn 0.3669092 0.1021567 0.9246305
vn 0.394834 0.2929212 0.870806
vn 0.5513092 0.3520551 0.7563831
vn 0.543952 0.117007 0.8309184
vn 0.394834 0.2929212 0.870806
vn 0.4065933 0.4928933 0.7692451
vn 0.5249065 0.5657359 0.635937
vn 0.5513092 0.3520551 0.7563831
vn 0.4065933 0.4928933 0.7692451
vn 0.3943392 0.6948503 0.6013983
vn 0.4667255 0.7486394 0.4708571
vn 0.5249065 0.5657359 0.635937
vn 0.3943392 0.6948503 0.6013983
vn 0.3459242 0.8709833 0.3488903
vn 0.3768663 0.8880751 0.2632381
vn 0.4667255 0.7486394 0.4708571
vn 0.3459242 0.8709833 0.3488903
vn 0.2535356 0.9673164 -0.004327681
vn 0.3768663 0.8880751 0.2632381
vn -0.147199 -0.8979027 0.4148535
vn -0.1249982 -0.9257307 0.3569287
vn -0.2535356 -0.9673164 0.004327625
vn -0.147199 -0.8979027 0.4148535
vn -0.03601875 -0.7258037 0.6869583
vn 0.004139572 -0.7938814 0.6080586
vn -0.1249982 -0.9257307 0.3569287
vn -0.03601875 -0.7258037 0.6869583
vn 0.052599 -0.5356554 0.8427969
vn 0.1142461 -0.6225011 0.7742352
vn 0.004139572 -0.7938814 0.6080586
vn 0.052599 -0.5356554 0.8427969
vn 0.1191861 -0.3606136 0.925069
vn 0.2023076 -0.4416267 0.8740923
vn 0.1142461 -0.6225011 0.7742352
vn 0.1191861 -0.3606136 0.925069
vn 0.1707871 -0.2018922 0.964402
vn 0.2716605 -0.2612463 0.9262563
vn 0.2023076 -0.4416267 0.8740923
vn 0.1707871 -0.2018922 0.964402
vn 0.2131806 -0.0515101 0.9756541
vn 0.3258696 -0.08119705 0.9419215
vn 0.2716605 -0.2612463 0.9262563
vn 0.2131806 -0.0515101 0.9756541
vn 0.2499747 0.100233 0.9630503
vn 0.3669092 0.1021567 0.9246305
vn 0.3258696 -0.08119705 0.9419215
vn 0.2499747 0.100233 0.9630503
vn 0.2827738 0.263524 0.9222766
vn 0.394834 0.2929212 0.870806
vn 0.3669092 0.1021567 0.9246305
vn 0.2827738 0.263524 0.9222766
vn 0.3104243 0.4480277 0.8383961
vn 0.4065933 0.4928933 0.7692451
vn 0.394834 0.2929212 0.870806
vn 0.3104243 0.4480277 0.8383961
vn 0.3261248 0.6558853 0.6807768
vn 0.3943392 0.6948503 0.6013983
vn 0.4065933 0.4928933 0.7692451
vn 0.3261248 0.6558853 0.6807768
vn 0.313055 0.8581083 0.4069971
vn 0.3459242 0.8709833 0.3488903
vn 0.3943392 0.6948503 0.6013983
vn 0.313055 0.8581083 0.4069971
vn 0.2535356 0.9673164 -0.004327681
vn 0.3459242 0.8709833 0.3488903
vn -0.1729441 -0.8769422 0.4484
vn -0.147199 -0.8979027 0.4148535
vn -0.2535356 -0.9673164 0.004327625
vn -0.1729441 -0.8769422 0.4484
vn -0.08034478 -0.6785109 0.7301832
vn -0.03601875 -0.7258037 0.6869583
vn -0.147199 -0.8979027 0.4148535
vn -0.08034478 -0.6785109 0.7301832
vn -0.007204451 -0.4803264 0.8770603
vn 0.052599 -0.5356554 0.8427969
vn -0.03601875 -0.7258037 0.6869583
vn -0.007204451 -0.4803264 0.8770603
vn 0.04739355 -0.3112267 0.9491532
vn 0.1191861 -0.3606136 0.925069
vn 0.052599 -0.5356554 0.8427969
vn 0.04739355 -0.3112267 0.9491532
vn 0.09047678 -0.1647063 0.9821842
vn 0.1707871 -0.2018922 0.964402
vn 0.1191861 -0.3606136 0.925069
vn 0.09047678 -0.1647063 0.9821842
vn 0.1274135 -0.0289598 0.9914268
vn 0.2131806 -0.0515101 0.9756541
vn 0.1707871 -0.2018922 0.964402
vn 0.1274135 -0.0289598 0.9914268
vn 0.1617886 0.1073701 0.9809669
vn 0.2499747 0.100233 0.9630503
vn 0.2131806 -0.0515101 0.9756541
vn 0.1617886 0.1073701 0.9809669
vn 0.1960397 0.2559039 0.9466159
vn 0.2827738 0.263524 0.9222766
vn 0.2499747 0.100233 0.9630503
vn 0.1960397 0.2559039 0.9466159
vn 0.2312457 0.4294342 0.8729901
vn 0.3104243 0.4480277 0.8383961
vn 0.2827738 0.263524 0.9222766
vn 0.2312457 0.4294342 0.8729901
vn 0.2643952 0.6367781 0.7242989
vn 0.3261248 0.6558853 0.6807768
vn 0.3104243 0.4480277 0.8383961
vn 0.2643952 0.6367781 0.7242989
vn 0.2804124 0.8527523 0.4406613
vn 0.313055 0.8581083 0.4069971
vn 0.3261248 0.6558853 0.6807768
vn 0.2804124 0.8527523 0.4406613
vn 0.2535356 0.9673164 -0.004327681
vn 0.313055 0.8581083 0.4069971
vn -0.2017367 -0.8645512 0.4602754
vn -0.1729441 -0.8769422 0.4484
vn -0.2535356 -0.9673164 0.004327625
vn -0.2017367 -0.8645512 0.4602754
vn -0.1306888 -0.6530548 0.745949
vn -0.08034478 -0.6785109 0.7301832
vn -0.1729441 -0.8769422 0.4484
vn -0.1306888 -0.6530548 0.745949
vn -0.06985863 -0.451048 0.8897616
vn -0.007204451 -0.4803264 0.8770603
vn -0.08034478 -0.6785109 0.7301832
vn -0.06985863 -0.451048 0.8897616
vn -0.02215186 -0.2835187 0.9587108
vn 0.04739355 -0.3112267 0.9491532
vn -0.007204451 -0.4803264 0.8770603
vn -0.02215186 -0.2835187 0.9587108
vn 0.01704984 -0.1405727 0.9899236
vn 0.09047678 -0.1647063 0.9821842
vn 0.04739355 -0.3112267 0.9491532
vn 0.01704984 -0.1405727 0.9899236
vn 0.05199805 -0.009161158 0.9986052
vn 0.1274135 -0.0289598 0.9914268
vn 0.09047678 -0.1647063 0.9821842
vn 0.05199805 -0.009161158 0.9986052
vn 0.08598088 0.1224205 0.988747
vn 0.1617886 0.1073701 0.9809669
vn 0.1274135 -0.0289598 0.9914268
vn 0.08598088 0.1224205 0.988747
vn 0.1218653 0.2659509 0.9562526
vn 0.1960397 0.2559039 0.9466159
vn 0.1617886 0.1073701 0.9809669
vn 0.1218653 0.2659509 0.9562526
vn 0.1623132 0.4347591 0.8857986
vn 0.2312457 0.4294342 0.8729901
vn 0.1960397 0.2559039 0.9466159
vn 0.1623132 0.4347591 0.8857986
vn 0.2080718 0.6394212 0.7401667
vn 0.2643952 0.6367781 0.7242989
vn 0.2312457 0.4294342 0.8729901
vn 0.2080718 0.6394212 0.7401667
vn 0.2492696 0.8561769 0.4525769
vn 0.2804124 0.8527523 0.4406613
vn 0.2643952 0.6367781 0.7242989
vn 0.2492696 0.8561769 0.4525769
vn 0.2535356 0.9673164 -0.004327681
vn 0.2804124 0.8527523 0.4406613
vt -0.04166667 0.08333334
vt 0 0.08333334
vt 0 0.08333334
vt -0.04166667 0.08333334
vt -0.04166667 0.1666667
vt 0 0.1666667
vt 0 0.08333334
vt -0.04166667 0.1666667
vt -0.04166667 0.25
vt 0 0.25
vt 0 0.1666667
vt -0.04166667 0.25
vt -0.04166667 0.3333333
vt 0 0.3333333
vt 0 0.25
vt -0.04166667 0.3333333
vt -0.04166667 0.4166667
vt 0 0.4166667
vt 0 0.3333333
vt -0.04166667 0.4166667
vt -0.04166667 0.5
vt 0 0.5
vt 0 0.4166667
vt -0.04166667 0.5
vt -0.04166667 0.5833334
vt 0 0.5833334
vt 0 0.5
vt -0.04166667 0.5833334
vt -0.04166667 0.6666667
vt 0 0.6666667
vt 0 0.5833334
vt -0.04166667 0.6666667
vt -0.04166667 0.75
vt 0 0.75
vt 0 0.6666667
vt -0.04166667 0.75
vt -0.04166667 0.8333334
vt 0 0.8333334
vt 0 0.75
vt -0.04166667 0.8333334
vt -0.04166667 0.9166667
vt 0 0.9166667
vt 0 0.8333334
vt -0.04166667 0.9166667
vt -0.04166667 1
vt 0 0.9166667
vt -0.08333334 0.08333334
vt -0.04166667 0.08333334
vt -0.04166667 0.08333334
vt -0.08333334 0.08333334
vt -0.08333334 0.1666667
vt -0.04166667 0.1666667
vt -0.04166667 0.08333334
vt -0.08333334 0.1666667
vt -0.08333334 0.25
vt -0.04166667 0.25
vt -0.04166667 0.1666667
vt -0.08333334 0.25
vt -0.08333334 0.3333333
vt -0.04166667 0.3333333
vt -0.04166667 0.25
vt -0.08333334 0.3333333
vt -0.08333334 0.4166667
vt -0.04166667 0.4166667
vt -0.04166667 0.3333333
vt -0.08333334 0.4166667
vt -0.08333334 0.5
vt -0.04166667 0.5
vt -0.04166667 0.4166667
vt -0.08333334 0.5
vt -0.08333334 0.5833334
vt -0.04166667 0.5833334
vt -0.04166667 0.5
vt -0.08333334 0.5833334
vt -0.08333334 0.6666667
vt -0.04166667 0.6666667
vt -0.04166667 0.5833334
vt -0.08333334 0.6666667
vt -0.08333334 0.75
vt -0.04166667 0.75
vt -0.04166667 0.6666667
vt -0.08333334 0.75
vt -0.08333334 0.8333334
vt -0.04166667 0.8333334
vt -0.04166667 0.75
vt -0.08333334 0.8333334
vt -0.08333334 0.9166667
vt -0.04166667 0.9166667
vt -0.04166667 0.8333334
vt -0.08333334 0.9166667
vt -0.08333334 1
vt -0.04166667 0.9166667
vt -0.125 0.08333334
vt -0.08333334 0.08333334
vt -0.08333334 0.08333334
vt -0.125 0.08333334
vt -0.125 0.1666667
vt -0.08333334 0.1666667
vt -0.08333334 0.08333334
vt -0.125 0.1666667
vt -0.125 0.25
vt -0.08333334 0.25
vt -0.08333334 0.1666667
vt -0.125 0.25
vt -0.125 0.3333333
vt -0.08333334 0.3333333
vt -0.08333334 0.25
vt -0.125 0.3333333
vt -0.125 0.4166667
vt -0.08333334 0.4166667
vt -0.08333334 0.3333333
vt -0.125 0.4166667
vt -0.125 0.5
vt -0.08333334 0.5
vt -0.08333334 0.4166667
vt -0.125 0.5
vt -0.125 0.5833334
vt -0.08333334 0.5833334
vt -0.08333334 0.5
vt -0.125 0.5833334
vt -0.125 0.6666667
vt -0.08333334 0.6666667
vt -0.08333334 0.5833334
vt -0.125 0.6666667
vt -0.125 0.75
vt -0.08333334 0.75
vt -0.08333334 0.6666667
vt -0.125 0.75
vt -0.125 0.8333334
vt -0.08333334 0.8333334
vt -0.08333334 0.75
vt -0.125 0.8333334
vt -0.125 0.9166667
vt -0.08333334 0.9166667
vt -0.08333334 0.8333334
vt -0.125 0.9166667
vt -0.125 1
vt -0.08333334 0.9166667
vt -0.1666667 0.08333334
vt -0.125 0.08333334
vt -0.125 0.08333334
vt -0.1666667 0.08333334
vt -0.1666667 0.1666667
vt -0.125 0.1666667
vt -0.125 0.08333334
vt -0.1666667 0.1666667
vt -0.1666667 0.25
vt -0.125 0.25
vt -0.125 0.1666667
vt -0.1666667 0.25
vt -0.1666667 0.3333333
vt -0.125 0.3333333
vt -0.125 0.25
vt -0.1666667 0.3333333
vt -0.1666667 0.4166667
vt -0.125 0.4166667
vt -0.125 0.3333333
vt -0.1666667 0.4166667
vt -0.1666667 0.5
vt -0.125 0.5
vt -0.125 0.4166667
vt -0.1666667 0.5
vt -0.1666667 0.5833334
vt -0.125 0.5833334
vt -0.125 0.5
vt -0.1666667 0.5833334
vt -0.1666667 0.6666667
vt -0.125 0.6666667
vt -0.125 0.5833334
vt -0.1666667 0.6666667
vt -0.1666667 0.75
vt -0.125 0.75
vt -0.125 0.6666667
vt -0.1666667 0.75
vt -0.1666667 0.8333334
vt -0.125 0.8333334
vt -0.125 0.75
vt -0.1666667 0.8333334
vt -0.1666667 0.9166667
vt -0.125 0.9166667
vt -0.125 0.8333334
vt -0.1666667 0.9166667
vt -0.1666667 1
vt -0.125 0.9166667
vt -0.2083333 0.08333334
vt -0.1666667 0.08333334
vt -0.1666667 0.08333334
vt -0.2083333 0.08333334
vt -0.2083333 0.1666667
vt -0.1666667 0.1666667
vt -0.1666667 0.08333334
vt -0.2083333 0.1666667
vt -0.2083333 0.25
vt -0.1666667 0.25
vt -0.1666667 0.1666667
vt -0.2083333 0.25
vt -0.2083333 0.3333333
vt -0.1666667 0.3333333
vt -0.1666667 0.25
vt -0.2083333 0.3333333
vt -0.2083333 0.4166667
vt -0.1666667 0.4166667
vt -0.1666667 0.3333333
vt -0.2083333 0.4166667
vt -0.2083333 0.5
vt -0.1666667 0.5
vt -0.1666667 0.4166667
vt -0.2083333 0.5
vt -0.2083333 0.5833334
vt -0.1666667 0.5833334
vt -0.1666667 0.5
vt -0.2083333 0.5833334
vt -0.2083333 0.6666667
vt -0.1666667 0.6666667
vt -0.1666667 0.5833334
vt -0.2083333 0.6666667
vt -0.2083333 0.75
vt -0.1666667 0.75
vt -0.1666667 0.6666667
vt -0.2083333 0.75
vt -0.2083333 0.8333334
vt -0.1666667 0.8333334
vt -0.1666667 0.75
vt -0.2083333 0.8333334
vt -0.2083333 0.9166667
vt -0.1666667 0.9166667
vt -0.1666667 0.8333334
vt -0.2083333 0.9166667
vt -0.2083333 1
vt -0.1666667 0.9166667
vt -0.25 0.08333334
vt -0.2083333 0.08333334
vt -0.2083333 0.08333334
vt -0.25 0.08333334
vt -0.25 0.1666667
vt -0.2083333 0.1666667
vt -0.2083333 0.08333334
vt -0.25 0.1666667
vt -0.25 0.25
vt -0.2083333 0.25
vt -0.2083333 0.1666667
vt -0.25 0.25
vt -0.25 0.3333333
vt -0.2083333 0.3333333
vt -0.2083333 0.25
vt -0.25 0.3333333
vt -0.25 0.4166667
vt -0.2083333 0.4166667
vt -0.2083333 0.3333333
vt -0.25 0.4166667
vt -0.25 0.5
vt -0.2083333 0.5
vt -0.2083333 0.4166667
vt -0.25 0.5
vt -0.25 0.5833334
vt -0.2083333 0.5833334
vt -0.2083333 0.5
vt -0.25 0.5833334
vt -0.25 0.6666667
vt -0.2083333 0.6666667
vt -0.2083333 0.5833334
vt -0.25 0.6666667
vt -0.25 0.75
vt -0.2083333 0.75
vt -0.2083333 0.6666667
vt -0.25 0.75
vt -0.25 0.8333334
vt -0.2083333 0.8333334
vt -0.2083333 0.75
vt -0.25 0.8333334
vt -0.25 0.9166667
vt -0.2083333 0.9166667
vt -0.2083333 0.8333334
vt -0.25 0.9166667
vt -0.25 1
vt -0.2083333 0.9166667
vt -0.2916667 0.08333334
vt -0.25 0.08333334
vt -0.25 0.08333334
vt -0.2916667 0.08333334
vt -0.2916667 0.1666667
vt -0.25 0.1666667
vt -0.25 0.08333334
vt -0.2916667 0.1666667
vt -0.2916667 0.25
vt -0.25 0.25
vt -0.25 0.1666667
vt -0.2916667 0.25
vt -0.2916667 0.3333333
vt -0.25 0.3333333
vt -0.25 0.25
vt -0.2916667 0.3333333
vt -0.2916667 0.4166667
vt -0.25 0.4166667
vt -0.25 0.3333333
vt -0.2916667 0.4166667
vt -0.2916667 0.5
vt -0.25 0.5
vt -0.25 0.4166667
vt -0.2916667 0.5
vt -0.2916667 0.5833334
vt -0.25 0.5833334
vt -0.25 0.5
vt -0.2916667 0.5833334
vt -0.2916667 0.6666667
vt -0.25 0.6666667
vt -0.25 0.5833334
vt -0.2916667 0.6666667
vt -0.2916667 0.75
vt -0.25 0.75
vt -0.25 0.6666667
vt -0.2916667 0.75
vt -0.2916667 0.8333334
vt -0.25 0.8333334
vt -0.25 0.75
vt -0.2916667 0.8333334
vt -0.2916667 0.9166667
vt -0.25 0.9166667
vt -0.25 0.8333334
vt -0.2916667 0.9166667
vt -0.2916667 1
vt -0.25 0.9166667
vt -0.3333333 0.08333334
vt -0.2916667 0.08333334
vt -0.2916667 0.08333334
vt -0.3333333 0.08333334
vt -0.3333333 0.1666667
vt -0.2916667 0.1666667
vt -0.2916667 0.08333334
vt -0.3333333 0.1666667
vt -0.3333333 0.25
vt -0.2916667 0.25
vt -0.2916667 0.1666667
vt -0.3333333 0.25
vt -0.3333333 0.3333333
vt -0.2916667 0.3333333
vt -0.2916667 0.25
vt -0.3333333 0.3333333
vt -0.3333333 0.4166667
vt -0.2916667 0.4166667
vt -0.2916667 0.3333333
vt -0.3333333 0.4166667
vt -0.3333333 0.5
vt -0.2916667 0.5
vt -0.2916667 0.4166667
vt -0.3333333 0.5
vt -0.3333333 0.5833334
vt -0.2916667 0.5833334
vt -0.2916667 0.5
vt -0.3333333 0.5833334
vt -0.3333333 0.6666667
vt -0.2916667 0.6666667
vt -0.2916667 0.5833334
vt -0.3333333 0.6666667
vt -0.3333333 0.75
vt -0.2916667 0.75
vt -0.2916667 0.6666667
vt -0.3333333 0.75
vt -0.3333333 0.8333334
vt -0.2916667 0.8333334
vt -0.2916667 0.75
vt -0.3333333 0.8333334
vt -0.3333333 0.9166667
vt -0.2916667 0.9166667
vt -0.2916667 0.8333334
vt -0.3333333 0.9166667
vt -0.3333333 1
vt -0.2916667 0.9166667
vt -0.375 0.08333334
vt -0.3333333 0.08333334
vt -0.3333333 0.08333334
vt -0.375 0.08333334
vt -0.375 0.1666667
vt -0.3333333 0.1666667
vt -0.3333333 0.08333334
vt -0.375 0.1666667
vt -0.375 0.25
vt -0.3333333 0.25
vt -0.3333333 0.1666667
vt -0.375 0.25
vt -0.375 0.3333333
vt -0.3333333 0.3333333
vt -0.3333333 0.25
vt -0.375 0.3333333
vt -0.375 0.4166667
vt -0.3333333 0.4166667
vt -0.3333333 0.3333333
vt -0.375 0.4166667
vt -0.375 0.5
vt -0.3333333 0.5
vt -0.3333333 0.4166667
vt -0.375 0.5
vt -0.375 0.5833334
vt -0.3333333 0.5833334
vt -0.3333333 0.5
vt -0.375 0.5833334
vt -0.375 0.6666667
vt -0.3333333 0.6666667
vt -0.3333333 0.5833334
vt -0.375 0.6666667
vt -0.375 0.75
vt -0.3333333 0.75
vt -0.3333333 0.6666667
vt -0.375 0.75
vt -0.375 0.8333334
vt -0.3333333 0.8333334
vt -0.3333333 0.75
vt -0.375 0.8333334
vt -0.375 0.9166667
vt -0.3333333 0.9166667
vt -0.3333333 0.8333334
vt -0.375 0.9166667
vt -0.375 1
vt -0.3333333 0.9166667
vt -0.4166667 0.08333334
vt -0.375 0.08333334
vt -0.375 0.08333334
vt -0.4166667 0.08333334
vt -0.4166667 0.1666667
vt -0.375 0.1666667
vt -0.375 0.08333334
vt -0.4166667 0.1666667
vt -0.4166667 0.25
vt -0.375 0.25
vt -0.375 0.1666667
vt -0.4166667 0.25
vt -0.4166667 0.3333333
vt -0.375 0.3333333
vt -0.375 0.25
vt -0.4166667 0.3333333
vt -0.4166667 0.4166667
vt -0.375 0.4166667
vt -0.375 0.3333333
vt -0.4166667 0.4166667
vt -0.4166667 0.5
vt -0.375 0.5
vt -0.375 0.4166667
vt -0.4166667 0.5
vt -0.4166667 0.5833334
vt -0.375 0.5833334
vt -0.375 0.5
vt -0.4166667 0.5833334
vt -0.4166667 0.6666667
vt -0.375 0.6666667
vt -0.375 0.5833334
vt -0.4166667 0.6666667
vt -0.4166667 0.75
vt -0.375 0.75
vt -0.375 0.6666667
vt -0.4166667 0.75
vt -0.4166667 0.8333334
vt -0.375 0.8333334
vt -0.375 0.75
vt -0.4166667 0.8333334
vt -0.4166667 0.9166667
vt -0.375 0.9166667
vt -0.375 0.8333334
vt -0.4166667 0.9166667
vt -0.4166667 1
vt -0.375 0.9166667
vt -0.4583333 0.08333334
vt -0.4166667 0.08333334
vt -0.4166667 0.08333334
vt -0.4583333 0.08333334
vt -0.4583333 0.1666667
vt -0.4166667 0.1666667
vt -0.4166667 0.08333334
vt -0.4583333 0.1666667
vt -0.4583333 0.25
vt -0.4166667 0.25
vt -0.4166667 0.1666667
vt -0.4583333 0.25
vt -0.4583333 0.3333333
vt -0.4166667 0.3333333
vt -0.4166667 0.25
vt -0.4583333 0.3333333
vt -0.4583333 0.4166667
vt -0.4166667 0.4166667
vt -0.4166667 0.3333333
vt -0.4583333 0.4166667
vt -0.4583333 0.5
vt -0.4166667 0.5
vt -0.4166667 0.4166667
vt -0.4583333 0.5
vt -0.4583333 0.5833334
vt -0.4166667 0.5833334
vt -0.4166667 0.5
vt -0.4583333 0.5833334
vt -0.4583333 0.6666667
vt -0.4166667 0.6666667
vt -0.4166667 0.5833334
vt -0.4583333 0.6666667
vt -0.4583333 0.75
vt -0.4166667 0.75
vt -0.4166667 0.6666667
vt -0.4583333 0.75
vt -0.4583333 0.8333334
vt -0.4166667 0.8333334
vt -0.4166667 0.75
vt -0.4583333 0.8333334
vt -0.4583333 0.9166667
vt -0.4166667 0.9166667
vt -0.4166667 0.8333334
vt -0.4583333 0.9166667
vt -0.4583333 1
vt -0.4166667 0.9166667
vt -0.5 0.08333334
vt -0.4583333 0.08333334
vt -0.4583333 0.08333334
vt -0.5 0.08333334
vt -0.5 0.1666667
vt -0.4583333 0.1666667
vt -0.4583333 0.08333334
vt -0.5 0.1666667
vt -0.5 0.25
vt -0.4583333 0.25
vt -0.4583333 0.1666667
vt -0.5 0.25
vt -0.5 0.3333333
vt -0.4583333 0.3333333
vt -0.4583333 0.25
vt -0.5 0.3333333
vt -0.5 0.4166667
vt -0.4583333 0.4166667
vt -0.4583333 0.3333333
vt -0.5 0.4166667
vt -0.5 0.5
vt -0.4583333 0.5
vt -0.4583333 0.4166667
vt -0.5 0.5
vt -0.5 0.5833334
vt -0.4583333 0.5833334
vt -0.4583333 0.5
vt -0.5 0.5833334
vt -0.5 0.6666667
vt -0.4583333 0.6666667
vt -0.4583333 0.5833334
vt -0.5 0.6666667
vt -0.5 0.75
vt -0.4583333 0.75
vt -0.4583333 0.6666667
vt -0.5 0.75
vt -0.5 0.8333334
vt -0.4583333 0.8333334
vt -0.4583333 0.75
vt -0.5 0.8333334
vt -0.5 0.9166667
vt -0.4583333 0.9166667
vt -0.4583333 0.8333334
vt -0.5 0.9166667
vt -0.5 1
vt -0.4583333 0.9166667
vt -0.5416667 0.08333334
vt -0.5 0.08333334
vt -0.5 0.08333334
vt -0.5416667 0.08333334
vt -0.5416667 0.1666667
vt -0.5 0.1666667
vt -0.5 0.08333334
vt -0.5416667 0.1666667
vt -0.5416667 0.25
vt -0.5 0.25
vt -0.5 0.1666667
vt -0.5416667 0.25
vt -0.5416667 0.3333333
vt -0.5 0.3333333
vt -0.5 0.25
vt -0.5416667 0.3333333
vt -0.5416667 0.4166667
vt -0.5 0.4166667
vt -0.5 0.3333333
vt -0.5416667 0.4166667
vt -0.5416667 0.5
vt -0.5 0.5
vt -0.5 0.4166667
vt -0.5416667 0.5
vt -0.5416667 0.5833334
vt -0.5 0.5833334
vt -0.5 0.5
vt -0.5416667 0.5833334
vt -0.5416667 0.6666667
vt -0.5 0.6666667
vt -0.5 0.5833334
vt -0.5416667 0.6666667
vt -0.5416667 0.75
vt -0.5 0.75
vt -0.5 0.6666667
vt -0.5416667 0.75
vt -0.5416667 0.8333334
vt -0.5 0.8333334
vt -0.5 0.75
vt -0.5416667 0.8333334
vt -0.5416667 0.9166667
vt -0.5 0.9166667
vt -0.5 0.8333334
vt -0.5416667 0.9166667
vt -0.5416667 1
vt -0.5 0.9166667
vt -0.5833334 0.08333334
vt -0.5416667 0.08333334
vt -0.5416667 0.08333334
vt -0.5833334 0.08333334
vt -0.5833334 0.1666667
vt -0.5416667 0.1666667
vt -0.5416667 0.08333334
vt -0.5833334 0.1666667
vt -0.5833334 0.25
vt -0.5416667 0.25
vt -0.5416667 0.1666667
vt -0.5833334 0.25
vt -0.5833334 0.3333333
vt -0.5416667 0.3333333
vt -0.5416667 0.25
vt -0.5833334 0.3333333
vt -0.5833334 0.4166667
vt -0.5416667 0.4166667
vt -0.5416667 0.3333333
vt -0.5833334 0.4166667
vt -0.5833334 0.5
vt -0.5416667 0.5
vt -0.5416667 0.4166667
vt -0.5833334 0.5
vt -0.5833334 0.5833334
vt -0.5416667 0.5833334
vt -0.5416667 0.5
vt -0.5833334 0.5833334
vt -0.5833334 0.6666667
vt -0.5416667 0.6666667
vt -0.5416667 0.5833334
vt -0.5833334 0.6666667
vt -0.5833334 0.75
vt -0.5416667 0.75
vt -0.5416667 0.6666667
vt -0.5833334 0.75
vt -0.5833334 0.8333334
vt -0.5416667 0.8333334
vt -0.5416667 0.75
vt -0.5833334 0.8333334
vt -0.5833334 0.9166667
vt -0.5416667 0.9166667
vt -0.5416667 0.8333334
vt -0.5833334 0.9166667
vt -0.5833334 1
vt -0.5416667 0.9166667
vt -0.625 0.08333334
vt -0.5833334 0.08333334
vt -0.5833334 0.08333334
vt -0.625 0.08333334
vt -0.625 0.1666667
vt -0.5833334 0.1666667
vt -0.5833334 0.08333334
vt -0.625 0.1666667
vt -0.625 0.25
vt -0.5833334 0.25
vt -0.5833334 0.1666667
vt -0.625 0.25
vt -0.625 0.3333333
vt -0.5833334 0.3333333
vt -0.5833334 0.25
vt -0.625 0.3333333
vt -0.625 0.4166667
vt -0.5833334 0.4166667
vt -0.5833334 0.3333333
vt -0.625 0.4166667
vt -0.625 0.5
vt -0.5833334 0.5
vt -0.5833334 0.4166667
vt -0.625 0.5
vt -0.625 0.5833334
vt -0.5833334 0.5833334
vt -0.5833334 0.5
vt -0.625 0.5833334
vt -0.625 0.6666667
vt -0.5833334 0.6666667
vt -0.5833334 0.5833334
vt -0.625 0.6666667
vt -0.625 0.75
vt -0.5833334 0.75
vt -0.5833334 0.6666667
vt -0.625 0.75
vt -0.625 0.8333334
vt -0.5833334 0.8333334
vt -0.5833334 0.75
vt -0.625 0.8333334
vt -0.625 0.9166667
vt -0.5833334 0.9166667
vt -0.5833334 0.8333334
vt -0.625 0.9166667
vt -0.625 1
vt -0.5833334 0.9166667
vt -0.6666667 0.08333334
vt -0.625 0.08333334
vt -0.625 0.08333334
vt -0.6666667 0.08333334
vt -0.6666667 0.1666667
vt -0.625 0.1666667
vt -0.625 0.08333334
vt -0.6666667 0.1666667
vt -0.6666667 0.25
vt -0.625 0.25
vt -0.625 0.1666667
vt -0.6666667 0.25
vt -0.6666667 0.3333333
vt -0.625 0.3333333
vt -0.625 0.25
vt -0.6666667 0.3333333
vt -0.6666667 0.4166667
vt -0.625 0.4166667
vt -0.625 0.3333333
vt -0.6666667 0.4166667
vt -0.6666667 0.5
vt -0.625 0.5
vt -0.625 0.4166667
vt -0.6666667 0.5
vt -0.6666667 0.5833334
vt -0.625 0.5833334
vt -0.625 0.5
vt -0.6666667 0.5833334
vt -0.6666667 0.6666667
vt -0.625 0.6666667
vt -0.625 0.5833334
vt -0.6666667 0.6666667
vt -0.6666667 0.75
vt -0.625 0.75
vt -0.625 0.6666667
vt -0.6666667 0.75
vt -0.6666667 0.8333334
vt -0.625 0.8333334
vt -0.625 0.75
vt -0.6666667 0.8333334
vt -0.6666667 0.9166667
vt -0.625 0.9166667
vt -0.625 0.8333334
vt -0.6666667 0.9166667
vt -0.6666667 1
vt -0.625 0.9166667
vt -0.7083334 0.08333334
vt -0.6666667 0.08333334
vt -0.6666667 0.08333334
vt -0.7083334 0.08333334
vt -0.7083334 0.1666667
vt -0.6666667 0.1666667
vt -0.6666667 0.08333334
vt -0.7083334 0.1666667
vt -0.7083334 0.25
vt -0.6666667 0.25
vt -0.6666667 0.1666667
vt -0.7083334 0.25
vt -0.7083334 0.3333333
vt -0.6666667 0.3333333
vt -0.6666667 0.25
vt -0.7083334 0.3333333
vt -0.7083334 0.4166667
vt -0.6666667 0.4166667
vt -0.6666667 0.3333333
vt -0.7083334 0.4166667
vt -0.7083334 0.5
vt -0.6666667 0.5
vt -0.6666667 0.4166667
vt -0.7083334 0.5
vt -0.7083334 0.5833334
vt -0.6666667 0.5833334
vt -0.6666667 0.5
vt -0.7083334 0.5833334
vt -0.7083334 0.6666667
vt -0.6666667 0.6666667
vt -0.6666667 0.5833334
vt -0.7083334 0.6666667
vt -0.7083334 0.75
vt -0.6666667 0.75
vt -0.6666667 0.6666667
vt -0.7083334 0.75
vt -0.7083334 0.8333334
vt -0.6666667 0.8333334
vt -0.6666667 0.75
vt -0.7083334 0.8333334
vt -0.7083334 0.9166667
vt -0.6666667 0.9166667
vt -0.6666667 0.8333334
vt -0.7083334 0.9166667
vt -0.7083334 1
vt -0.6666667 0.9166667
vt -0.75 0.08333334
vt -0.7083334 0.08333334
vt -0.7083334 0.08333334
vt -0.75 0.08333334
vt -0.75 0.1666667
vt -0.7083334 0.1666667
vt -0.7083334 0.08333334
vt -0.75 0.1666667
vt -0.75 0.25
vt -0.7083334 0.25
vt -0.7083334 0.1666667
vt -0.75 0.25
vt -0.75 0.3333333
vt -0.7083334 0.3333333
vt -0.7083334 0.25
vt -0.75 0.3333333
vt -0.75 0.4166667
vt -0.7083334 0.4166667
vt -0.7083334 0.3333333
vt -0.75 0.4166667
vt -0.75 0.5
vt -0.7083334 0.5
vt -0.7083334 0.4166667
vt -0.75 0.5
vt -0.75 0.5833334
vt -0.7083334 0.5833334
vt -0.7083334 0.5
vt -0.75 0.5833334
vt -0.75 0.6666667
vt -0.7083334 0.6666667
vt -0.7083334 0.5833334
vt -0.75 0.6666667
vt -0.75 0.75
vt -0.7083334 0.75
vt -0.7083334 0.6666667
vt -0.75 0.75
vt -0.75 0.8333334
vt -0.7083334 0.8333334
vt -0.7083334 0.75
vt -0.75 0.8333334
vt -0.75 0.9166667
vt -0.7083334 0.9166667
vt -0.7083334 0.8333334
vt -0.75 0.9166667
vt -0.75 1
vt -0.7083334 0.9166667
vt -0.7916667 0.08333334
vt -0.75 0.08333334
vt -0.75 0.08333334
vt -0.7916667 0.08333334
vt -0.7916667 0.1666667
vt -0.75 0.1666667
vt -0.75 0.08333334
vt -0.7916667 0.1666667
vt -0.7916667 0.25
vt -0.75 0.25
vt -0.75 0.1666667
vt -0.7916667 0.25
vt -0.7916667 0.3333333
vt -0.75 0.3333333
vt -0.75 0.25
vt -0.7916667 0.3333333
vt -0.7916667 0.4166667
vt -0.75 0.4166667
vt -0.75 0.3333333
vt -0.7916667 0.4166667
vt -0.7916667 0.5
vt -0.75 0.5
vt -0.75 0.4166667
vt -0.7916667 0.5
vt -0.7916667 0.5833334
vt -0.75 0.5833334
vt -0.75 0.5
vt -0.7916667 0.5833334
vt -0.7916667 0.6666667
vt -0.75 0.6666667
vt -0.75 0.5833334
vt -0.7916667 0.6666667
vt -0.7916667 0.75
vt -0.75 0.75
vt -0.75 0.6666667
vt -0.7916667 0.75
vt -0.7916667 0.8333334
vt -0.75 0.8333334
vt -0.75 0.75
vt -0.7916667 0.8333334
vt -0.7916667 0.9166667
vt -0.75 0.9166667
vt -0.75 0.8333334
vt -0.7916667 0.9166667
vt -0.7916667 1
vt -0.75 0.9166667
vt -0.8333334 0.08333334
vt -0.7916667 0.08333334
vt -0.7916667 0.08333334
vt -0.8333334 0.08333334
vt -0.8333334 0.1666667
vt -0.7916667 0.1666667
vt -0.7916667 0.08333334
vt -0.8333334 0.1666667
vt -0.8333334 0.25
vt -0.7916667 0.25
vt -0.7916667 0.1666667
vt -0.8333334 0.25
vt -0.8333334 0.3333333
vt -0.7916667 0.3333333
vt -0.7916667 0.25
vt -0.8333334 0.3333333
vt -0.8333334 0.4166667
vt -0.7916667 0.4166667
vt -0.7916667 0.3333333
vt -0.8333334 0.4166667
vt -0.8333334 0.5
vt -0.7916667 0.5
vt -0.7916667 0.4166667
vt -0.8333334 0.5
vt -0.8333334 0.5833334
vt -0.7916667 0.5833334
vt -0.7916667 0.5
vt -0.8333334 0.5833334
vt -0.8333334 0.6666667
vt -0.7916667 0.6666667
vt -0.7916667 0.5833334
vt -0.8333334 0.6666667
vt -0.8333334 0.75
vt -0.7916667 0.75
vt -0.7916667 0.6666667
vt -0.8333334 0.75
vt -0.8333334 0.8333334
vt -0.7916667 0.8333334
vt -0.7916667 0.75
vt -0.8333334 0.8333334
vt -0.8333334 0.9166667
vt -0.7916667 0.9166667
vt -0.7916667 0.8333334
vt -0.8333334 0.9166667
vt -0.8333334 1
vt -0.7916667 0.9166667
vt -0.875 0.08333334
vt -0.8333334 0.08333334
vt -0.8333334 0.08333334
vt -0.875 0.08333334
vt -0.875 0.1666667
vt -0.8333334 0.1666667
vt -0.8333334 0.08333334
vt -0.875 0.1666667
vt -0.875 0.25
vt -0.8333334 0.25
vt -0.8333334 0.1666667
vt -0.875 0.25
vt -0.875 0.3333333
vt -0.8333334 0.3333333
vt -0.8333334 0.25
vt -0.875 0.3333333
vt -0.875 0.4166667
vt -0.8333334 0.4166667
vt -0.8333334 0.3333333
vt -0.875 0.4166667
vt -0.875 0.5
vt -0.8333334 0.5
vt -0.8333334 0.4166667
vt -0.875 0.5
vt -0.875 0.5833334
vt -0.8333334 0.5833334
vt -0.8333334 0.5
vt -0.875 0.5833334
vt -0.875 0.6666667
vt -0.8333334 0.6666667
vt -0.8333334 0.5833334
vt -0.875 0.6666667
vt -0.875 0.75
vt -0.8333334 0.75
vt -0.8333334 0.6666667
vt -0.875 0.75
vt -0.875 0.8333334
vt -0.8333334 0.8333334
vt -0.8333334 0.75
vt -0.875 0.8333334
vt -0.875 0.9166667
vt -0.8333334 0.9166667
vt -0.8333334 0.8333334
vt -0.875 0.9166667
vt -0.875 1
vt -0.8333334 0.9166667
vt -0.9166667 0.08333334
vt -0.875 0.08333334
vt -0.875 0.08333334
vt -0.9166667 0.08333334
vt -0.9166667 0.1666667
vt -0.875 0.1666667
vt -0.875 0.08333334
vt -0.9166667 0.1666667
vt -0.9166667 0.25
vt -0.875 0.25
vt -0.875 0.1666667
vt -0.9166667 0.25
vt -0.9166667 0.3333333
vt -0.875 0.3333333
vt -0.875 0.25
vt -0.9166667 0.3333333
vt -0.9166667 0.4166667
vt -0.875 0.4166667
vt -0.875 0.3333333
vt -0.9166667 0.4166667
vt -0.9166667 0.5
vt -0.875 0.5
vt -0.875 0.4166667
vt -0.9166667 0.5
vt -0.9166667 0.5833334
vt -0.875 0.5833334
vt -0.875 0.5
vt -0.9166667 0.5833334
vt -0.9166667 0.6666667
vt -0.875 0.6666667
vt -0.875 0.5833334
vt -0.9166667 0.6666667
vt -0.9166667 0.75
vt -0.875 0.75
vt -0.875 0.6666667
vt -0.9166667 0.75
vt -0.9166667 0.8333334
vt -0.875 0.8333334
vt -0.875 0.75
vt -0.9166667 0.8333334
vt -0.9166667 0.9166667
vt -0.875 0.9166667
vt -0.875 0.8333334
vt -0.9166667 0.9166667
vt -0.9166667 1
vt -0.875 0.9166667
vt -0.9583334 0.08333334
vt -0.9166667 0.08333334
vt -0.9166667 0.08333334
vt -0.9583334 0.08333334
vt -0.9583334 0.1666667
vt -0.9166667 0.1666667
vt -0.9166667 0.08333334
vt -0.9583334 0.1666667
vt -0.9583334 0.25
vt -0.9166667 0.25
vt -0.9166667 0.1666667
vt -0.9583334 0.25
vt -0.9583334 0.3333333
vt -0.9166667 0.3333333
vt -0.9166667 0.25
vt -0.9583334 0.3333333
vt -0.9583334 0.4166667
vt -0.9166667 0.4166667
vt -0.9166667 0.3333333
vt -0.9583334 0.4166667
vt -0.9583334 0.5
vt -0.9166667 0.5
vt -0.9166667 0.4166667
vt -0.9583334 0.5
vt -0.9583334 0.5833334
vt -0.9166667 0.5833334
vt -0.9166667 0.5
vt -0.9583334 0.5833334
vt -0.9583334 0.6666667
vt -0.9166667 0.6666667
vt -0.9166667 0.5833334
vt -0.9583334 0.6666667
vt -0.9583334 0.75
vt -0.9166667 0.75
vt -0.9166667 0.6666667
vt -0.9583334 0.75
vt -0.9583334 0.8333334
vt -0.9166667 0.8333334
vt -0.9166667 0.75
vt -0.9583334 0.8333334
vt -0.9583334 0.9166667
vt -0.9166667 0.9166667
vt -0.9166667 0.8333334
vt -0.9583334 0.9166667
vt -0.9583334 1
vt -0.9166667 0.9166667
vt -1 0.08333334
vt -0.9583334 0.08333334
vt -0.9583334 0.08333334
vt -1 0.08333334
vt -1 0.1666667
vt -0.9583334 0.1666667
vt -0.9583334 0.08333334
vt -1 0.1666667
vt -1 0.25
vt -0.9583334 0.25
vt -0.9583334 0.1666667
vt -1 0.25
vt -1 0.3333333
vt -0.9583334 0.3333333
vt -0.9583334 0.25
vt -1 0.3333333
vt -1 0.4166667
vt -0.9583334 0.4166667
vt -0.9583334 0.3333333
vt -1 0.4166667
vt -1 0.5
vt -0.9583334 0.5
vt -0.9583334 0.4166667
vt -1 0.5
vt -1 0.5833334
vt -0.9583334 0.5833334
vt -0.9583334 0.5
vt -1 0.5833334
vt -1 0.6666667
vt -0.9583334 0.6666667
vt -0.9583334 0.5833334
vt -1 0.6666667
vt -1 0.75
vt -0.9583334 0.75
vt -0.9583334 0.6666667
vt -1 0.75
vt -1 0.8333334
vt -0.9583334 0.8333334
vt -0.9583334 0.75
vt -1 0.8333334
vt -1 0.9166667
vt -0.9583334 0.9166667
vt -0.9583334 0.8333334
vt -1 0.9166667
vt -1 1
vt -0.9583334 0.9166667
usemtl Material 3
f 3675/3675/3675 3674/3674/3674 3673/3673/3673
f 3678/3678/3678 3677/3677/3677 3676/3676/3676
f 3678/3678/3678 3676/3676/3676 3679/3679/3679
f 3682/3682/3682 3681/3681/3681 3680/3680/3680
f 3682/3682/3682 3680/3680/3680 3683/3683/3683
f 3686/3686/3686 3685/3685/3685 3684/3684/3684
f 3686/3686/3686 3684/3684/3684 3687/3687/3687
f 3690/3690/3690 3689/3689/3689 3688/3688/3688
f 3690/3690/3690 3688/3688/3688 3691/3691/3691
f 3694/3694/3694 3693/3693/3693 3692/3692/3692
f 3694/3694/3694 3692/3692/3692 3695/3695/3695
f 3698/3698/3698 3697/3697/3697 3696/3696/3696
f 3698/3698/3698 3696/3696/3696 3699/3699/3699
f 3702/3702/3702 3701/3701/3701 3700/3700/3700
f 3702/3702/3702 3700/3700/3700 3703/3703/3703
f 3706/3706/3706 3705/3705/3705 3704/3704/3704
f 3706/3706/3706 3704/3704/3704 3707/3707/3707
f 3710/3710/3710 3709/3709/3709 3708/3708/3708
f 3710/3710/3710 3708/3708/3708 3711/3711/3711
f 3714/3714/3714 3713/3713/3713 3712/3712/3712
f 3714/3714/3714 3712/3712/3712 3715/3715/3715
f 3718/3718/3718 3717/3717/3717 3716/3716/3716
f 3721/3721/3721 3720/3720/3720 3719/3719/3719
f 3724/3724/3724 3723/3723/3723 3722/3722/3722
f 3724/3724/3724 3722/3722/3722 3725/3725/3725
f 3728/3728/3728 3727/3727/3727 3726/3726/3726
f 3728/3728/3728 3726/3726/3726 3729/3729/3729
f 3732/3732/3732 3731/3731/3731 3730/3730/3730
f 3732/3732/3732 3730/3730/3730 3733/3733/3733
f 3736/3736/3736 3735/3735/3735 3734/3734/3734
f 3736/3736/3736 3734/3734/3734 3737/3737/3737
f 3740/3740/3740 3739/3739/3739 3738/3738/3738
f 3740/3740/3740 3738/3738/3738 3741/3741/3741
f 3744/3744/3744 3743/3743/3743 3742/3742/3742
f 3744/3744/3744 3742/3742/3742 3745/3745/3745
f 3748/3748/3748 3747/3747/3747 3746/3746/3746
f 3748/3748/3748 3746/3746/3746 3749/3749/3749
f 3752/3752/3752 3751/3751/3751 3750/3750/3750
f 3752/3752/3752 3750/3750/3750 3753/3753/3753
f 3756/3756/3756 3755/3755/3755 3754/3754/3754
f 3756/3756/3756 3754/3754/3754 3757/3757/3757
f 3760/3760/3760 3759/3759/3759 3758/3758/3758
f 3760/3760/3760 3758/3758/3758 3761/3761/3761
f 3764/3764/3764 3763/3763/3763 3762/3762/3762
f 3767/3767/3767 3766/3766/3766 3765/3765/3765
f 3770/3770/3770 3769/3769/3769 3768/3768/3768
f 3770/3770/3770 3768/3768/3768 3771/3771/3771
f 3774/3774/3774 3773/3773/3773 3772/3772/3772
f 3774/3774/3774 3772/3772/3772 3775/3775/3775
f 3778/3778/3778 3777/3777/3777 3776/3776/3776
f 3778/3778/3778 3776/3776/3776 3779/3779/3779
f 3782/3782/3782 3781/3781/3781 3780/3780/3780
f 3782/3782/3782 3780/3780/3780 3783/3783/3783
f 3786/3786/3786 3785/3785/3785 3784/3784/3784
f 3786/3786/3786 3784/3784/3784 3787/3787/3787
f 3790/3790/3790 3789/3789/3789 3788/3788/3788
f 3790/3790/3790 3788/3788/3788 3791/3791/3791
f 3794/3794/3794 3793/3793/3793 3792/3792/3792
f 3794/3794/3794 3792/3792/3792 3795/3795/3795
f 3798/3798/3798 3797/3797/3797 3796/3796/3796
f 3798/3798/3798 3796/3796/3796 3799/3799/3799
f 3802/3802/3802 3801/3801/3801 3800/3800/3800
f 3802/3802/3802 3800/3800/3800 3803/3803/3803
f 3806/3806/3806 3805/3805/3805 3804/3804/3804
f 3806/3806/3806 3804/3804/3804 3807/3807/3807
f 3810/3810/3810 3809/3809/3809 3808/3808/3808
f 3813/3813/3813 3812/3812/3812 3811/3811/3811
f 3816/3816/3816 3815/3815/3815 3814/3814/3814
f 3816/3816/3816 3814/3814/3814 3817/3817/3817
f 3820/3820/3820 3819/3819/3819 3818/3818/3818
f 3820/3820/3820 3818/3818/3818 3821/3821/3821
f 3824/3824/3824 3823/3823/3823 3822/3822/3822
f 3824/3824/3824 3822/3822/3822 3825/3825/3825
f 3828/3828/3828 3827/3827/3827 3826/3826/3826
f 3828/3828/3828 3826/3826/3826 3829/3829/3829
f 3832/3832/3832 3831/3831/3831 3830/3830/3830
f 3832/3832/3832 3830/3830/3830 3833/3833/3833
f 3836/3836/3836 3835/3835/3835 3834/3834/3834
f 3836/3836/3836 3834/3834/3834 3837/3837/3837
f 3840/3840/3840 3839/3839/3839 3838/3838/3838
f 3840/3840/3840 3838/3838/3838 3841/3841/3841
f 3844/3844/3844 3843/3843/3843 3842/3842/3842
f 3844/3844/3844 3842/3842/3842 3845/3845/3845
f 3848/3848/3848 3847/3847/3847 3846/3846/3846
f 3848/3848/3848 3846/3846/3846 3849/3849/3849
f 3852/3852/3852 3851/3851/3851 3850/3850/3850
f 3852/3852/3852 3850/3850/3850 3853/3853/3853
f 3856/3856/3856 3855/3855/3855 3854/3854/3854
f 3859/3859/3859 3858/3858/3858 3857/3857/3857
f 3862/3862/3862 3861/3861/3861 3860/3860/3860
f 3862/3862/3862 3860/3860/3860 3863/3863/3863
f 3866/3866/3866 3865/3865/3865 3864/3864/3864
f 3866/3866/3866 3864/3864/3864 3867/3867/3867
f 3870/3870/3870 3869/3869/3869 3868/3868/3868
f 3870/3870/3870 3868/3868/3868 3871/3871/3871
f 3874/3874/3874 3873/3873/3873 3872/3872/3872
f 3874/3874/3874 3872/3872/3872 3875/3875/3875
f 3878/3878/3878 3877/3877/3877 3876/3876/3876
f 3878/3878/3878 3876/3876/3876 3879/3879/3879
f 3882/3882/3882 3881/3881/3881 3880/3880/3880
f 3882/3882/3882 3880/3880/3880 3883/3883/3883
f 3886/3886/3886 3885/3885/3885 3884/3884/3884
f 3886/3886/3886 3884/3884/3884 3887/3887/3887
f 3890/3890/3890 3889/3889/3889 3888/3888/3888
f 3890/3890/3890 3888/3888/3888 3891/3891/3891
f 3894/3894/3894 3893/3893/3893 3892/3892/3892
f 3894/3894/3894 3892/3892/3892 3895/3895/3895
f 3898/3898/3898 3897/3897/3897 3896/3896/3896
f 3898/3898/3898 3896/3896/3896 3899/3899/3899
f 3902/3902/3902 3901/3901/3901 3900/3900/3900
f 3905/3905/3905 3904/3904/3904 3903/3903/3903
f 3908/3908/3908 3907/3907/3907 3906/3906/3906
f 3908/3908/3908 3906/3906/3906 3909/3909/3909
f 3912/3912/3912 3911/3911/3911 3910/3910/3910
f 3912/3912/3912 3910/3910/3910 3913/3913/3913
f 3916/3916/3916 3915/3915/3915 3914/3914/3914
f 3916/3916/3916 3914/3914/3914 3917/3917/3917
f 3920/3920/3920 3919/3919/3919 3918/3918/3918
f 3920/3920/3920 3918/3918/3918 3921/3921/3921
f 3924/3924/3924 3923/3923/3923 3922/3922/3922
f 3924/3924/3924 3922/3922/3922 3925/3925/3925
f 3928/3928/3928 3927/3927/3927 3926/3926/3926
f 3928/3928/3928 3926/3926/3926 3929/3929/3929
f 3932/3932/3932 3931/3931/3931 3930/3930/3930
f 3932/3932/3932 3930/3930/3930 3933/3933/3933
f 3936/3936/3936 3935/3935/3935 3934/3934/3934
f 3936/3936/3936 3934/3934/3934 3937/3937/3937
f 3940/3940/3940 3939/3939/3939 3938/3938/3938
f 3940/3940/3940 3938/3938/3938 3941/3941/3941
f 3944/3944/3944 3943/3943/3943 3942/3942/3942
f 3944/3944/3944 3942/3942/3942 3945/3945/3945
f 3948/3948/3948 3947/3947/3947 3946/3946/3946
f 3951/3951/3951 3950/3950/3950 3949/3949/3949
f 3954/3954/3954 3953/3953/3953 3952/3952/3952
f 3954/3954/3954 3952/3952/3952 3955/3955/3955
f 3958/3958/3958 3957/3957/3957 3956/3956/3956
f 3958/3958/3958 3956/3956/3956 3959/3959/3959
f 3962/3962/3962 3961/3961/3961 3960/3960/3960
f 3962/3962/3962 3960/3960/3960 3963/3963/3963
f 3966/3966/3966 3965/3965/3965 3964/3964/3964
f 3966/3966/3966 3964/3964/3964 3967/3967/3967
f 3970/3970/3970 3969/3969/3969 3968/3968/3968
f 3970/3970/3970 3968/3968/3968 3971/3971/3971
f 3974/3974/3974 3973/3973/3973 3972/3972/3972
f 3974/3974/3974 3972/3972/3972 3975/3975/3975
f 3978/3978/3978 3977/3977/3977 3976/3976/3976
f 3978/3978/3978 3976/3976/3976 3979/3979/3979
f 3982/3982/3982 3981/3981/3981 3980/3980/3980
f 3982/3982/3982 3980/3980/3980 3983/3983/3983
f 3986/3986/3986 3985/3985/3985 3984/3984/3984
f 3986/3986/3986 3984/3984/3984 3987/3987/3987
f 3990/3990/3990 3989/3989/3989 3988/3988/3988
f 3990/3990/3990 3988/3988/3988 3991/3991/3991
f 3994/3994/3994 3993/3993/3993 3992/3992/3992
f 3997/3997/3997 3996/3996/3996 3995/3995/3995
f 4000/4000/4000 3999/3999/3999 3998/3998/3998
f 4000/4000/4000 3998/3998/3998 4001/4001/4001
f 4004/4004/4004 4003/4003/4003 4002/4002/4002
f 4004/4004/4004 4002/4002/4002 4005/4005/4005
f 4008/4008/4008 4007/4007/4007 4006/4006/4006
f 4008/4008/4008 4006/4006/4006 4009/4009/4009
f 4012/4012/4012 4011/4011/4011 4010/4010/4010
f 4012/4012/4012 4010/4010/4010 4013/4013/4013
f 4016/4016/4016 4015/4015/4015 4014/4014/4014
f 4016/4016/4016 4014/4014/4014 4017/4017/4017
f 4020/4020/4020 4019/4019/4019 4018/4018/4018
f 4020/4020/4020 4018/4018/4018 4021/4021/4021
f 4024/4024/4024 4023/4023/4023 4022/4022/4022
f 4024/4024/4024 4022/4022/4022 4025/4025/4025
f 4028/4028/4028 4027/4027/4027 4026/4026/4026
f 4028/4028/4028 4026/4026/4026 4029/4029/4029
f 4032/4032/4032 4031/4031/4031 4030/4030/4030
f 4032/4032/4032 4030/4030/4030 4033/4033/4033
f 4036/4036/4036 4035/4035/4035 4034/4034/4034
f 4036/4036/4036 4034/4034/4034 4037/4037/4037
f 4040/4040/4040 4039/4039/4039 4038/4038/4038
f 4043/4043/4043 4042/4042/4042 4041/4041/4041
f 4046/4046/4046 4045/4045/4045 4044/4044/4044
f 4046/4046/4046 4044/4044/4044 4047/4047/4047
f 4050/4050/4050 4049/4049/4049 4048/4048/4048
f 4050/4050/4050 4048/4048/4048 4051/4051/4051
f 4054/4054/4054 4053/4053/4053 4052/4052/4052
f 4054/4054/4054 4052/4052/4052 4055/4055/4055
f 4058/4058/4058 4057/4057/4057 4056/4056/4056
f 4058/4058/4058 4056/4056/4056 4059/4059/4059
f 4062/4062/4062 4061/4061/4061 4060/4060/4060
f 4062/4062/4062 4060/4060/4060 4063/4063/4063
f 4066/4066/4066 4065/4065/4065 4064/4064/4064
f 4066/4066/4066 4064/4064/4064 4067/4067/4067
f 4070/4070/4070 4069/4069/4069 4068/4068/4068
f 4070/4070/4070 4068/4068/4068 4071/4071/4071
f 4074/4074/4074 4073/4073/4073 4072/4072/4072
f 4074/4074/4074 4072/4072/4072 4075/4075/4075
f 4078/4078/4078 4077/4077/4077 4076/4076/4076
f 4078/4078/4078 4076/4076/4076 4079/4079/4079
f 4082/4082/4082 4081/4081/4081 4080/4080/4080
f 4082/4082/4082 4080/4080/4080 4083/4083/4083
f 4086/4086/4086 4085/4085/4085 4084/4084/4084
f 4089/4089/4089 4088/4088/4088 4087/4087/4087
f 4092/4092/4092 4091/4091/4091 4090/4090/4090
f 4092/4092/4092 4090/4090/4090 4093/4093/4093
f 4096/4096/4096 4095/4095/4095 4094/4094/4094
f 4096/4096/4096 4094/4094/4094 4097/4097/4097
f 4100/4100/4100 4099/4099/4099 4098/4098/4098
f 4100/4100/4100 4098/4098/4098 4101/4101/4101
f 4104/4104/4104 4103/4103/4103 4102/4102/4102
f 4104/4104/4104 4102/4102/4102 4105/4105/4105
f 4108/4108/4108 4107/4107/4107 4106/4106/4106
f 4108/4108/4108 4106/4106/4106 4109/4109/4109
f 4112/4112/4112 4111/4111/4111 4110/4110/4110
f 4112/4112/4112 4110/4110/4110 4113/4113/4113
f 4116/4116/4116 4115/4115/4115 4114/4114/4114
f 4116/4116/4116 4114/4114/4114 4117/4117/4117
f 4120/4120/4120 4119/4119/4119 4118/4118/4118
f 4120/4120/4120 4118/4118/4118 4121/4121/4121
f 4124/4124/4124 4123/4123/4123 4122/4122/4122
f 4124/4124/4124 4122/4122/4122 4125/4125/4125
f 4128/4128/4128 4127/4127/4127 4126/4126/4126
f 4128/4128/4128 4126/4126/4126 4129/4129/4129
f 4132/4132/4132 4131/4131/4131 4130/4130/4130
f 4135/4135/4135 4134/4134/4134 4133/4133/4133
f 4138/4138/4138 4137/4137/4137 4136/4136/4136
f 4138/4138/4138 4136/4136/4136 4139/4139/4139
f 4142/4142/4142 4141/4141/4141 4140/4140/4140
f 4142/4142/4142 4140/4140/4140 4143/4143/4143
f 4146/4146/4146 4145/4145/4145 4144/4144/4144
f 4146/4146/4146 4144/4144/4144 4147/4147/4147
f 4150/4150/4150 4149/4149/4149 4148/4148/4148
f 4150/4150/4150 4148/4148/4148 4151/4151/4151
f 4154/4154/4154 4153/4153/4153 4152/4152/4152
f 4154/4154/4154 4152/4152/4152 4155/4155/4155
f 4158/4158/4158 4157/4157/4157 4156/4156/4156
f 4158/4158/4158 4156/4156/4156 4159/4159/4159
f 4162/4162/4162 4161/4161/4161 4160/4160/4160
f 4162/4162/4162 4160/4160/4160 4163/4163/4163
f 4166/4166/4166 4165/4165/4165 4164/4164/4164
f 4166/4166/4166 4164/4164/4164 4167/4167/4167
f 4170/4170/4170 4169/4169/4169 4168/4168/4168
f 4170/4170/4170 4168/4168/4168 4171/4171/4171
f 4174/4174/4174 4173/4173/4173 4172/4172/4172
f 4174/4174/4174 4172/4172/4172 4175/4175/4175
f 4178/4178/4178 4177/4177/4177 4176/4176/4176
f 4181/4181/4181 4180/4180/4180 4179/4179/4179
f 4184/4184/4184 4183/4183/4183 4182/4182/4182
f 4184/4184/4184 4182/4182/4182 4185/4185/4185
f 4188/4188/4188 4187/4187/4187 4186/4186/4186
f 4188/4188/4188 4186/4186/4186 4189/4189/4189
f 4192/4192/4192 4191/4191/4191 4190/4190/4190
f 4192/4192/4192 4190/4190/4190 4193/4193/4193
f 4196/4196/4196 4195/4195/4195 4194/4194/4194
f 4196/4196/4196 4194/4194/4194 4197/4197/4197
f 4200/4200/4200 4199/4199/4199 4198/4198/4198
f 4200/4200/4200 4198/4198/4198 4201/4201/4201
f 4204/4204/4204 4203/4203/4203 4202/4202/4202
f 4204/4204/4204 4202/4202/4202 4205/4205/4205
f 4208/4208/4208 4207/4207/4207 4206/4206/4206
f 4208/4208/4208 4206/4206/4206 4209/4209/4209
f 4212/4212/4212 4211/4211/4211 4210/4210/4210
f 4212/4212/4212 4210/4210/4210 4213/4213/4213
f 4216/4216/4216 4215/4215/4215 4214/4214/4214
f 4216/4216/4216 4214/4214/4214 4217/4217/4217
f 4220/4220/4220 4219/4219/4219 4218/4218/4218
f 4220/4220/4220 4218/4218/4218 4221/4221/4221
f 4224/4224/4224 4223/4223/4223 4222/4222/4222
f 4227/4227/4227 4226/4226/4226 4225/4225/4225
f 4230/4230/4230 4229/4229/4229 4228/4228/4228
f 4230/4230/4230 4228/4228/4228 4231/4231/4231
f 4234/4234/4234 4233/4233/4233 4232/4232/4232
f 4234/4234/4234 4232/4232/4232 4235/4235/4235
f 4238/4238/4238 4237/4237/4237 4236/4236/4236
f 4238/4238/4238 4236/4236/4236 4239/4239/4239
f 4242/4242/4242 4241/4241/4241 4240/4240/4240
f 4242/4242/4242 4240/4240/4240 4243/4243/4243
f 4246/4246/4246 4245/4245/4245 4244/4244/4244
f 4246/4246/4246 4244/4244/4244 4247/4247/4247
f 4250/4250/4250 4249/4249/4249 4248/4248/4248
f 4250/4250/4250 4248/4248/4248 4251/4251/4251
f 4254/4254/4254 4253/4253/4253 4252/4252/4252
f 4254/4254/4254 4252/4252/4252 4255/4255/4255
f 4258/4258/4258 4257/4257/4257 4256/4256/4256
f 4258/4258/4258 4256/4256/4256 4259/4259/4259
f 4262/4262/4262 4261/4261/4261 4260/4260/4260
f 4262/4262/4262 4260/4260/4260 4263/4263/4263
f 4266/4266/4266 4265/4265/4265 4264/4264/4264
f 4266/4266/4266 4264/4264/4264 4267/4267/4267
f 4270/4270/4270 4269/4269/4269 4268/4268/4268
f 4273/4273/4273 4272/4272/4272 4271/4271/4271
f 4276/4276/4276 4275/4275/4275 4274/4274/4274
f 4276/4276/4276 4274/4274/4274 4277/4277/4277
f 4280/4280/4280 4279/4279/4279 4278/4278/4278
f 4280/4280/4280 4278/4278/4278 4281/4281/4281
f 4284/4284/4284 4283/4283/4283 4282/4282/4282
f 4284/4284/4284 4282/4282/4282 4285/4285/4285
f 4288/4288/4288 4287/4287/4287 4286/4286/4286
f 4288/4288/4288 4286/4286/4286 4289/4289/4289
f 4292/4292/4292 4291/4291/4291 4290/4290/4290
f 4292/4292/4292 4290/4290/4290 4293/4293/4293
f 4296/4296/4296 4295/4295/4295 4294/4294/4294
f 4296/4296/4296 4294/4294/4294 4297/4297/4297
f 4300/4300/4300 4299/4299/4299 4298/4298/4298
f 4300/4300/4300 4298/4298/4298 4301/4301/4301
f 4304/4304/4304 4303/4303/4303 4302/4302/4302
f 4304/4304/4304 4302/4302/4302 4305/4305/4305
f 4308/4308/4308 4307/4307/4307 4306/4306/4306
f 4308/4308/4308 4306/4306/4306 4309/4309/4309
f 4312/4312/4312 4311/4311/4311 4310/4310/4310
f 4312/4312/4312 4310/4310/4310 4313/4313/4313
f 4316/4316/4316 4315/4315/4315 4314/4314/4314
f 4319/4319/4319 4318/4318/4318 4317/4317/4317
f 4322/4322/4322 4321/4321/4321 4320/4320/4320
f 4322/4322/4322 4320/4320/4320 4323/4323/4323
f 4326/4326/4326 4325/4325/4325 4324/4324/4324
f 4326/4326/4326 4324/4324/4324 4327/4327/4327
f 4330/4330/4330 4329/4329/4329 4328/4328/4328
f 4330/4330/4330 4328/4328/4328 4331/4331/4331
f 4334/4334/4334 4333/4333/4333 4332/4332/4332
f 4334/4334/4334 4332/4332/4332 4335/4335/4335
f 4338/4338/4338 4337/4337/4337 4336/4336/4336
f 4338/4338/4338 4336/4336/4336 4339/4339/4339
f 4342/4342/4342 4341/4341/4341 4340/4340/4340
f 4342/4342/4342 4340/4340/4340 4343/4343/4343
f 4346/4346/4346 4345/4345/4345 4344/4344/4344
f 4346/4346/4346 4344/4344/4344 4347/4347/4347
f 4350/4350/4350 4349/4349/4349 4348/4348/4348
f 4350/4350/4350 4348/4348/4348 4351/4351/4351
f 4354/4354/4354 4353/4353/4353 4352/4352/4352
f 4354/4354/4354 4352/4352/4352 4355/4355/4355
f 4358/4358/4358 4357/4357/4357 4356/4356/4356
f 4358/4358/4358 4356/4356/4356 4359/4359/4359
f 4362/4362/4362 4361/4361/4361 4360/4360/4360
f 4365/4365/4365 4364/4364/4364 4363/4363/4363
f 4368/4368/4368 4367/4367/4367 4366/4366/4366
f 4368/4368/4368 4366/4366/4366 4369/4369/4369
f 4372/4372/4372 4371/4371/4371 4370/4370/4370
f 4372/4372/4372 4370/4370/4370 4373/4373/4373
f 4376/4376/4376 4375/4375/4375 4374/4374/4374
f 4376/4376/4376 4374/4374/4374 4377/4377/4377
f 4380/4380/4380 4379/4379/4379 4378/4378/4378
f 4380/4380/4380 4378/4378/4378 4381/4381/4381
f 4384/4384/4384 4383/4383/4383 4382/4382/4382
f 4384/4384/4384 4382/4382/4382 4385/4385/4385
f 4388/4388/4388 4387/4387/4387 4386/4386/4386
f 4388/4388/4388 4386/4386/4386 4389/4389/4389
f 4392/4392/4392 4391/4391/4391 4390/4390/4390
f 4392/4392/4392 4390/4390/4390 4393/4393/4393
f 4396/4396/4396 4395/4395/4395 4394/4394/4394
f 4396/4396/4396 4394/4394/4394 4397/4397/4397
f 4400/4400/4400 4399/4399/4399 4398/4398/4398
f 4400/4400/4400 4398/4398/4398 4401/4401/4401
f 4404/4404/4404 4403/4403/4403 4402/4402/4402
f 4404/4404/4404 4402/4402/4402 4405/4405/4405
f 4408/4408/4408 4407/4407/4407 4406/4406/4406
f 4411/4411/4411 4410/4410/4410 4409/4409/4409
f 4414/4414/4414 4413/4413/4413 4412/4412/4412
f 4414/4414/4414 4412/4412/4412 4415/4415/4415
f 4418/4418/4418 4417/4417/4417 4416/4416/4416
f 4418/4418/4418 4416/4416/4416 4419/4419/4419
f 4422/4422/4422 4421/4421/4421 4420/4420/4420
f 4422/4422/4422 4420/4420/4420 4423/4423/4423
f 4426/4426/4426 4425/4425/4425 4424/4424/4424
f 4426/4426/4426 4424/4424/4424 4427/4427/4427
f 4430/4430/4430 4429/4429/4429 4428/4428/4428
f 4430/4430/4430 4428/4428/4428 4431/4431/4431
f 4434/4434/4434 4433/4433/4433 4432/4432/4432
f 4434/4434/4434 4432/4432/4432 4435/4435/4435
f 4438/4438/4438 4437/4437/4437 4436/4436/4436
f 4438/4438/4438 4436/4436/4436 4439/4439/4439
f 4442/4442/4442 4441/4441/4441 4440/4440/4440
f 4442/4442/4442 4440/4440/4440 4443/4443/4443
f 4446/4446/4446 4445/4445/4445 4444/4444/4444
f 4446/4446/4446 4444/4444/4444 4447/4447/4447
f 4450/4450/4450 4449/4449/4449 4448/4448/4448
f 4450/4450/4450 4448/4448/4448 4451/4451/4451
f 4454/4454/4454 4453/4453/4453 4452/4452/4452
f 4457/4457/4457 4456/4456/4456 4455/4455/4455
f 4460/4460/4460 4459/4459/4459 4458/4458/4458
f 4460/4460/4460 4458/4458/4458 4461/4461/4461
f 4464/4464/4464 4463/4463/4463 4462/4462/4462
f 4464/4464/4464 4462/4462/4462 4465/4465/4465
f 4468/4468/4468 4467/4467/4467 4466/4466/4466
f 4468/4468/4468 4466/4466/4466 4469/4469/4469
f 4472/4472/4472 4471/4471/4471 4470/4470/4470
f 4472/4472/4472 4470/4470/4470 4473/4473/4473
f 4476/4476/4476 4475/4475/4475 4474/4474/4474
f 4476/4476/4476 4474/4474/4474 4477/4477/4477
f 4480/4480/4480 4479/4479/4479 4478/4478/4478
f 4480/4480/4480 4478/4478/4478 4481/4481/4481
f 4484/4484/4484 4483/4483/4483 4482/4482/4482
f 4484/4484/4484 4482/4482/4482 4485/4485/4485
f 4488/4488/4488 4487/4487/4487 4486/4486/4486
f 4488/4488/4488 4486/4486/4486 4489/4489/4489
f 4492/4492/4492 4491/4491/4491 4490/4490/4490
f 4492/4492/4492 4490/4490/4490 4493/4493/4493
f 4496/4496/4496 4495/4495/4495 4494/4494/4494
f 4496/4496/4496 4494/4494/4494 4497/4497/4497
f 4500/4500/4500 4499/4499/4499 4498/4498/4498
f 4503/4503/4503 4502/4502/4502 4501/4501/4501
f 4506/4506/4506 4505/4505/4505 4504/4504/4504
f 4506/4506/4506 4504/4504/4504 4507/4507/4507
f 4510/4510/4510 4509/4509/4509 4508/4508/4508
f 4510/4510/4510 4508/4508/4508 4511/4511/4511
f 4514/4514/4514 4513/4513/4513 4512/4512/4512
f 4514/4514/4514 4512/4512/4512 4515/4515/4515
f 4518/4518/4518 4517/4517/4517 4516/4516/4516
f 4518/4518/4518 4516/4516/4516 4519/4519/4519
f 4522/4522/4522 4521/4521/4521 4520/4520/4520
f 4522/4522/4522 4520/4520/4520 4523/4523/4523
f 4526/4526/4526 4525/4525/4525 4524/4524/4524
f 4526/4526/4526 4524/4524/4524 4527/4527/4527
f 4530/4530/4530 4529/4529/4529 4528/4528/4528
f 4530/4530/4530 4528/4528/4528 4531/4531/4531
f 4534/4534/4534 4533/4533/4533 4532/4532/4532
f 4534/4534/4534 4532/4532/4532 4535/4535/4535
f 4538/4538/4538 4537/4537/4537 4536/4536/4536
f 4538/4538/4538 4536/4536/4536 4539/4539/4539
f 4542/4542/4542 4541/4541/4541 4540/4540/4540
f 4542/4542/4542 4540/4540/4540 4543/4543/4543
f 4546/4546/4546 4545/4545/4545 4544/4544/4544
f 4549/4549/4549 4548/4548/4548 4547/4547/4547
f 4552/4552/4552 4551/4551/4551 4550/4550/4550
f 4552/4552/4552 4550/4550/4550 4553/4553/4553
f 4556/4556/4556 4555/4555/4555 4554/4554/4554
f 4556/4556/4556 4554/4554/4554 4557/4557/4557
f 4560/4560/4560 4559/4559/4559 4558/4558/4558
f 4560/4560/4560 4558/4558/4558 4561/4561/4561
f 4564/4564/4564 4563/4563/4563 4562/4562/4562
f 4564/4564/4564 4562/4562/4562 4565/4565/4565
f 4568/4568/4568 4567/4567/4567 4566/4566/4566
f 4568/4568/4568 4566/4566/4566 4569/4569/4569
f 4572/4572/4572 4571/4571/4571 4570/4570/4570
f 4572/4572/4572 4570/4570/4570 4573/4573/4573
f 4576/4576/4576 4575/4575/4575 4574/4574/4574
f 4576/4576/4576 4574/4574/4574 4577/4577/4577
f 4580/4580/4580 4579/4579/4579 4578/4578/4578
f 4580/4580/4580 4578/4578/4578 4581/4581/4581
f 4584/4584/4584 4583/4583/4583 4582/4582/4582
f 4584/4584/4584 4582/4582/4582 4585/4585/4585
f 4588/4588/4588 4587/4587/4587 4586/4586/4586
f 4588/4588/4588 4586/4586/4586 4589/4589/4589
f 4592/4592/4592 4591/4591/4591 4590/4590/4590
f 4595/4595/4595 4594/4594/4594 4593/4593/4593
f 4598/4598/4598 4597/4597/4597 4596/4596/4596
f 4598/4598/4598 4596/4596/4596 4599/4599/4599
f 4602/4602/4602 4601/4601/4601 4600/4600/4600
f 4602/4602/4602 4600/4600/4600 4603/4603/4603
f 4606/4606/4606 4605/4605/4605 4604/4604/4604
f 4606/4606/4606 4604/4604/4604 4607/4607/4607
f 4610/4610/4610 4609/4609/4609 4608/4608/4608
f 4610/4610/4610 4608/4608/4608 4611/4611/4611
f 4614/4614/4614 4613/4613/4613 4612/4612/4612
f 4614/4614/4614 4612/4612/4612 4615/4615/4615
f 4618/4618/4618 4617/4617/4617 4616/4616/4616
f 4618/4618/4618 4616/4616/4616 4619/4619/4619
f 4622/4622/4622 4621/4621/4621 4620/4620/4620
f 4622/4622/4622 4620/4620/4620 4623/4623/4623
f 4626/4626/4626 4625/4625/4625 4624/4624/4624
f 4626/4626/4626 4624/4624/4624 4627/4627/4627
f 4630/4630/4630 4629/4629/4629 4628/4628/4628
f 4630/4630/4630 4628/4628/4628 4631/4631/4631
f 4634/4634/4634 4633/4633/4633 4632/4632/4632
f 4634/4634/4634 4632/4632/4632 4635/4635/4635
f 4638/4638/4638 4637/4637/4637 4636/4636/4636
f 4641/4641/4641 4640/4640/4640 4639/4639/4639
f 4644/4644/4644 4643/4643/4643 4642/4642/4642
f 4644/4644/4644 4642/4642/4642 4645/4645/4645
f 4648/4648/4648 4647/4647/4647 4646/4646/4646
f 4648/4648/4648 4646/4646/4646 4649/4649/4649
f 4652/4652/4652 4651/4651/4651 4650/4650/4650
f 4652/4652/4652 4650/4650/4650 4653/4653/4653
f 4656/4656/4656 4655/4655/4655 4654/4654/4654
f 4656/4656/4656 4654/4654/4654 4657/4657/4657
f 4660/4660/4660 4659/4659/4659 4658/4658/4658
f 4660/4660/4660 4658/4658/4658 4661/4661/4661
f 4664/4664/4664 4663/4663/4663 4662/4662/4662
f 4664/4664/4664 4662/4662/4662 4665/4665/4665
f 4668/4668/4668 4667/4667/4667 4666/4666/4666
f 4668/4668/4668 4666/4666/4666 4669/4669/4669
f 4672/4672/4672 4671/4671/4671 4670/4670/4670
f 4672/4672/4672 4670/4670/4670 4673/4673/4673
f 4676/4676/4676 4675/4675/4675 4674/4674/4674
f 4676/4676/4676 4674/4674/4674 4677/4677/4677
f 4680/4680/4680 4679/4679/4679 4678/4678/4678
f 4680/4680/4680 4678/4678/4678 4681/4681/4681
f 4684/4684/4684 4683/4683/4683 4682/4682/4682
f 4687/4687/4687 4686/4686/4686 4685/4685/4685
f 4690/4690/4690 4689/4689/4689 4688/4688/4688
f 4690/4690/4690 4688/4688/4688 4691/4691/4691
f 4694/4694/4694 4693/4693/4693 4692/4692/4692
f 4694/4694/4694 4692/4692/4692 4695/4695/4695
f 4698/4698/4698 4697/4697/4697 4696/4696/4696
f 4698/4698/4698 4696/4696/4696 4699/4699/4699
f 4702/4702/4702 4701/4701/4701 4700/4700/4700
f 4702/4702/4702 4700/4700/4700 4703/4703/4703
f 4706/4706/4706 4705/4705/4705 4704/4704/4704
f 4706/4706/4706 4704/4704/4704 4707/4707/4707
f 4710/4710/4710 4709/4709/4709 4708/4708/4708
f 4710/4710/4710 4708/4708/4708 4711/4711/4711
f 4714/4714/4714 4713/4713/4713 4712/4712/4712
f 4714/4714/4714 4712/4712/4712 4715/4715/4715
f 4718/4718/4718 4717/4717/4717 4716/4716/4716
f 4718/4718/4718 4716/4716/4716 4719/4719/4719
f 4722/4722/4722 4721/4721/4721 4720/4720/4720
f 4722/4722/4722 4720/4720/4720 4723/4723/4723
f 4726/4726/4726 4725/4725/4725 4724/4724/4724
f 4726/4726/4726 4724/4724/4724 4727/4727/4727
f 4730/4730/4730 4729/4729/4729 4728/4728/4728
f 4733/4733/4733 4732/4732/4732 4731/4731/4731
f 4736/4736/4736 4735/4735/4735 4734/4734/4734
f 4736/4736/4736 4734/4734/4734 4737/4737/4737
f 4740/4740/4740 4739/4739/4739 4738/4738/4738
f 4740/4740/4740 4738/4738/4738 4741/4741/4741
f 4744/4744/4744 4743/4743/4743 4742/4742/4742
f 4744/4744/4744 4742/4742/4742 4745/4745/4745
f 4748/4748/4748 4747/4747/4747 4746/4746/4746
f 4748/4748/4748 4746/4746/4746 4749/4749/4749
f 4752/4752/4752 4751/4751/4751 4750/4750/4750
f 4752/4752/4752 4750/4750/4750 4753/4753/4753
f 4756/4756/4756 4755/4755/4755 4754/4754/4754
f 4756/4756/4756 4754/4754/4754 4757/4757/4757
f 4760/4760/4760 4759/4759/4759 4758/4758/4758
f 4760/4760/4760 4758/4758/4758 4761/4761/4761
f 4764/4764/4764 4763/4763/4763 4762/4762/4762
f 4764/4764/4764 4762/4762/4762 4765/4765/4765
f 4768/4768/4768 4767/4767/4767 4766/4766/4766
f 4768/4768/4768 4766/4766/4766 4769/4769/4769
f 4772/4772/4772 4771/4771/4771 4770/4770/4770
f 4772/4772/4772 4770/4770/4770 4773/4773/4773
f 4776/4776/4776 4775/4775/4775 4774/4774/4774
o #353535
v -1.352308 -0.4526463 -2.303473
v -1.12257 -0.4526463 -2.303473
v -1.12257 -0.6071584 -2.279001
v -1.352308 -0.6071583 -2.279001
v -1.12257 -0.4526463 -2.303473
v -0.8928319 -0.4526464 -2.303473
v -0.8928319 -0.6071584 -2.279001
v -1.12257 -0.6071584 -2.279001
v -1.352308 -0.313259 -2.374493
v -1.12257 -0.313259 -2.374493
v -1.12257 -0.4526463 -2.303473
v -1.352308 -0.4526463 -2.303473
v -1.12257 -0.313259 -2.374493
v -0.8928319 -0.3132591 -2.374493
v -0.8928319 -0.4526464 -2.303473
v -1.12257 -0.4526463 -2.303473
v -1.352308 -0.2026405 -2.485109
v -1.12257 -0.2026406 -2.485109
v -1.12257 -0.313259 -2.374493
v -1.352308 -0.313259 -2.374493
v -1.12257 -0.2026406 -2.485109
v -0.8928318 -0.2026406 -2.485109
v -0.8928319 -0.3132591 -2.374493
v -1.12257 -0.313259 -2.374493
v -1.352308 -0.1316191 -2.624493
v -1.12257 -0.1316192 -2.624493
v -1.12257 -0.2026406 -2.485109
v -1.352308 -0.2026405 -2.485109
v -1.12257 -0.1316192 -2.624493
v -0.8928318 -0.1316192 -2.624493
v -0.8928318 -0.2026406 -2.485109
v -1.12257 -0.2026406 -2.485109
v -1.352308 -0.1071468 -2.779001
v -1.12257 -0.1071469 -2.779001
v -1.12257 -0.1316192 -2.624493
v -1.352308 -0.1316191 -2.624493
v -1.12257 -0.1071469 -2.779001
v -0.8928318 -0.1071469 -2.779001
v -0.8928318 -0.1316192 -2.624493
v -1.12257 -0.1316192 -2.624493
v -1.352308 -0.1316192 -2.93351
v -1.12257 -0.1316192 -2.93351
v -1.12257 -0.1071469 -2.779001
v -1.352308 -0.1071468 -2.779001
v -1.12257 -0.1316192 -2.93351
v -0.8928318 -0.1316192 -2.93351
v -0.8928318 -0.1071469 -2.779001
v -1.12257 -0.1071469 -2.779001
v -1.352308 -0.2026405 -3.072894
v -1.12257 -0.2026406 -3.072894
v -1.12257 -0.1316192 -2.93351
v -1.352308 -0.1316192 -2.93351
v -1.12257 -0.2026406 -3.072894
v -0.8928318 -0.2026406 -3.072894
v -0.8928318 -0.1316192 -2.93351
v -1.12257 -0.1316192 -2.93351
v -1.352308 -0.313259 -3.18351
v -1.12257 -0.313259 -3.18351
v -1.12257 -0.2026406 -3.072894
v -1.352308 -0.2026405 -3.072894
v -1.12257 -0.313259 -3.18351
v -0.8928319 -0.3132591 -3.18351
v -0.8928318 -0.2026406 -3.072894
v -1.12257 -0.2026406 -3.072894
v -1.352308 -0.4526464 -3.254529
v -1.12257 -0.4526464 -3.254529
v -1.12257 -0.313259 -3.18351
v -1.352308 -0.313259 -3.18351
v -1.12257 -0.4526464 -3.254529
v -0.8928319 -0.4526464 -3.254529
v -0.8928319 -0.3132591 -3.18351
v -1.12257 -0.313259 -3.18351
v -1.352308 -0.6071584 -3.279001
v -1.12257 -0.6071584 -3.279001
v -1.12257 -0.4526464 -3.254529
v -1.352308 -0.4526464 -3.254529
v -1.12257 -0.6071584 -3.279001
v -0.8928319 -0.6071584 -3.279001
v -0.8928319 -0.4526464 -3.254529
v -1.12257 -0.4526464 -3.254529
v -1.352308 -0.7616704 -3.254529
v -1.12257 -0.7616704 -3.254529
v -1.12257 -0.6071584 -3.279001
v -1.352308 -0.6071584 -3.279001
v -1.12257 -0.7616704 -3.254529
v -0.8928319 -0.7616704 -3.254529
v -0.8928319 -0.6071584 -3.279001
v -1.12257 -0.6071584 -3.279001
v -1.352308 -0.9010577 -3.18351
v -1.12257 -0.9010578 -3.18351
v -1.12257 -0.7616704 -3.254529
v -1.352308 -0.7616704 -3.254529
v -1.12257 -0.9010578 -3.18351
v -0.8928319 -0.9010578 -3.18351
v -0.8928319 -0.7616704 -3.254529
v -1.12257 -0.7616704 -3.254529
v -1.352308 -1.011676 -3.072894
v -1.12257 -1.011676 -3.072894
v -1.12257 -0.9010578 -3.18351
v -1.352308 -0.9010577 -3.18351
v -1.12257 -1.011676 -3.072894
v -0.8928319 -1.011676 -3.072894
v -0.8928319 -0.9010578 -3.18351
v -1.12257 -0.9010578 -3.18351
v -1.352308 -1.082698 -2.93351
v -1.12257 -1.082698 -2.93351
v -1.12257 -1.011676 -3.072894
v -1.352308 -1.011676 -3.072894
v -1.12257 -1.082698 -2.93351
v -0.8928319 -1.082698 -2.93351
v -0.8928319 -1.011676 -3.072894
v -1.12257 -1.011676 -3.072894
v -1.352308 -1.10717 -2.779001
v -1.12257 -1.10717 -2.779001
v -1.12257 -1.082698 -2.93351
v -1.352308 -1.082698 -2.93351
v -1.12257 -1.10717 -2.779001
v -0.8928319 -1.10717 -2.779001
v -0.8928319 -1.082698 -2.93351
v -1.12257 -1.082698 -2.93351
v -1.352308 -1.082698 -2.624493
v -1.12257 -1.082698 -2.624493
v -1.12257 -1.10717 -2.779001
v -1.352308 -1.10717 -2.779001
v -1.12257 -1.082698 -2.624493
v -0.8928319 -1.082698 -2.624493
v -0.8928319 -1.10717 -2.779001
v -1.12257 -1.10717 -2.779001
v -1.352308 -1.011676 -2.485108
v -1.12257 -1.011676 -2.485108
v -1.12257 -1.082698 -2.624493
v -1.352308 -1.082698 -2.624493
v -1.12257 -1.011676 -2.485108
v -0.8928319 -1.011676 -2.485108
v -0.8928319 -1.082698 -2.624493
v -1.12257 -1.082698 -2.624493
v -1.352308 -0.9010575 -2.374493
v -1.12257 -0.9010576 -2.374493
v -1.12257 -1.011676 -2.485108
v -1.352308 -1.011676 -2.485108
v -1.12257 -0.9010576 -2.374493
v -0.8928319 -0.9010576 -2.374493
v -0.8928319 -1.011676 -2.485108
v -1.12257 -1.011676 -2.485108
v -1.352308 -0.7616704 -2.303473
v -1.12257 -0.7616704 -2.303473
v -1.12257 -0.9010576 -2.374493
v -1.352308 -0.9010575 -2.374493
v -1.12257 -0.7616704 -2.303473
v -0.8928319 -0.7616704 -2.303473
v -0.8928319 -0.9010576 -2.374493
v -1.12257 -0.9010576 -2.374493
v -1.352308 -0.6071583 -2.279001
v -1.12257 -0.6071584 -2.279001
v -1.12257 -0.7616704 -2.303473
v -1.352308 -0.7616704 -2.303473
v -1.12257 -0.6071584 -2.279001
v -0.8928319 -0.6071584 -2.279001
v -0.8928319 -0.7616704 -2.303473
v -1.12257 -0.7616704 -2.303473
v -0.8928319 -0.6071584 -2.779001
v -0.8928319 -0.6071584 -2.529001
v -0.8928319 -0.5299024 -2.541237
v -0.8928319 -0.6071584 -2.529001
v -0.8928319 -0.6071584 -2.279001
v -0.8928319 -0.4526464 -2.303473
v -0.8928319 -0.5299024 -2.541237
v -0.8928319 -0.6071584 -2.779001
v -0.8928319 -0.5299024 -2.541237
v -0.8928319 -0.4602087 -2.576747
v -0.8928319 -0.5299024 -2.541237
v -0.8928319 -0.4526464 -2.303473
v -0.8928319 -0.3132591 -2.374493
v -0.8928319 -0.4602087 -2.576747
v -0.8928319 -0.6071584 -2.779001
v -0.8928319 -0.4602087 -2.576747
v -0.8928319 -0.4048995 -2.632055
v -0.8928319 -0.4602087 -2.576747
v -0.8928319 -0.3132591 -2.374493
v -0.8928318 -0.2026406 -2.485109
v -0.8928319 -0.4048995 -2.632055
v -0.8928319 -0.6071584 -2.779001
v -0.8928319 -0.4048995 -2.632055
v -0.8928319 -0.3693888 -2.701747
v -0.8928319 -0.4048995 -2.632055
v -0.8928318 -0.2026406 -2.485109
v -0.8928318 -0.1316192 -2.624493
v -0.8928319 -0.3693888 -2.701747
v -0.8928319 -0.6071584 -2.779001
v -0.8928319 -0.3693888 -2.701747
v -0.8928319 -0.3571526 -2.779001
v -0.8928319 -0.3693888 -2.701747
v -0.8928318 -0.1316192 -2.624493
v -0.8928318 -0.1071469 -2.779001
v -0.8928319 -0.3571526 -2.779001
v -0.8928319 -0.6071584 -2.779001
v -0.8928319 -0.3571526 -2.779001
v -0.8928319 -0.3693888 -2.856256
v -0.8928319 -0.3571526 -2.779001
v -0.8928318 -0.1071469 -2.779001
v -0.8928318 -0.1316192 -2.93351
v -0.8928319 -0.3693888 -2.856256
v -0.8928319 -0.6071584 -2.779001
v -0.8928319 -0.3693888 -2.856256
v -0.8928319 -0.4048995 -2.925947
v -0.8928319 -0.3693888 -2.856256
v -0.8928318 -0.1316192 -2.93351
v -0.8928318 -0.2026406 -3.072894
v -0.8928319 -0.4048995 -2.925947
v -0.8928319 -0.6071584 -2.779001
v -0.8928319 -0.4048995 -2.925947
v -0.8928319 -0.4602087 -2.981256
v -0.8928319 -0.4048995 -2.925947
v -0.8928318 -0.2026406 -3.072894
v -0.8928319 -0.3132591 -3.18351
v -0.8928319 -0.4602087 -2.981256
v -0.8928319 -0.6071584 -2.779001
v -0.8928319 -0.4602087 -2.981256
v -0.8928319 -0.5299024 -3.016765
v -0.8928319 -0.4602087 -2.981256
v -0.8928319 -0.3132591 -3.18351
v -0.8928319 -0.4526464 -3.254529
v -0.8928319 -0.5299024 -3.016765
v -0.8928319 -0.6071584 -2.779001
v -0.8928319 -0.5299024 -3.016765
v -0.8928319 -0.6071584 -3.029001
v -0.8928319 -0.5299024 -3.016765
v -0.8928319 -0.4526464 -3.254529
v -0.8928319 -0.6071584 -3.279001
v -0.8928319 -0.6071584 -3.029001
v -0.8928319 -0.6071584 -2.779001
v -0.8928319 -0.6071584 -3.029001
v -0.8928319 -0.6844144 -3.016765
v -0.8928319 -0.6071584 -3.029001
v -0.8928319 -0.6071584 -3.279001
v -0.8928319 -0.7616704 -3.254529
v -0.8928319 -0.6844144 -3.016765
v -0.8928319 -0.6071584 -2.779001
v -0.8928319 -0.6844144 -3.016765
v -0.8928319 -0.7541081 -2.981256
v -0.8928319 -0.6844144 -3.016765
v -0.8928319 -0.7616704 -3.254529
v -0.8928319 -0.9010578 -3.18351
v -0.8928319 -0.7541081 -2.981256
v -0.8928319 -0.6071584 -2.779001
v -0.8928319 -0.7541081 -2.981256
v -0.8928319 -0.8094173 -2.925947
v -0.8928319 -0.7541081 -2.981256
v -0.8928319 -0.9010578 -3.18351
v -0.8928319 -1.011676 -3.072894
v -0.8928319 -0.8094173 -2.925947
v -0.8928319 -0.6071584 -2.779001
v -0.8928319 -0.8094173 -2.925947
v -0.8928319 -0.844928 -2.856256
v -0.8928319 -0.8094173 -2.925947
v -0.8928319 -1.011676 -3.072894
v -0.8928319 -1.082698 -2.93351
v -0.8928319 -0.844928 -2.856256
v -0.8928319 -0.6071584 -2.779001
v -0.8928319 -0.844928 -2.856256
v -0.8928319 -0.8571641 -2.779001
v -0.8928319 -0.844928 -2.856256
v -0.8928319 -1.082698 -2.93351
v -0.8928319 -1.10717 -2.779001
v -0.8928319 -0.8571641 -2.779001
v -0.8928319 -0.6071584 -2.779001
v -0.8928319 -0.8571641 -2.779001
v -0.8928319 -0.844928 -2.701747
v -0.8928319 -0.8571641 -2.779001
v -0.8928319 -1.10717 -2.779001
v -0.8928319 -1.082698 -2.624493
v -0.8928319 -0.844928 -2.701747
v -0.8928319 -0.6071584 -2.779001
v -0.8928319 -0.844928 -2.701747
v -0.8928319 -0.8094172 -2.632055
v -0.8928319 -0.844928 -2.701747
v -0.8928319 -1.082698 -2.624493
v -0.8928319 -1.011676 -2.485108
v -0.8928319 -0.8094172 -2.632055
v -0.8928319 -0.6071584 -2.779001
v -0.8928319 -0.8094172 -2.632055
v -0.8928319 -0.754108 -2.576747
v -0.8928319 -0.8094172 -2.632055
v -0.8928319 -1.011676 -2.485108
v -0.8928319 -0.9010576 -2.374493
v -0.8928319 -0.754108 -2.576747
v -0.8928319 -0.6071584 -2.779001
v -0.8928319 -0.754108 -2.576747
v -0.8928319 -0.6844144 -2.541237
v -0.8928319 -0.754108 -2.576747
v -0.8928319 -0.9010576 -2.374493
v -0.8928319 -0.7616704 -2.303473
v -0.8928319 -0.6844144 -2.541237
v -0.8928319 -0.6071584 -2.779001
v -0.8928319 -0.6844144 -2.541237
v -0.8928319 -0.6071584 -2.529001
v -0.8928319 -0.6844144 -2.541237
v -0.8928319 -0.7616704 -2.303473
v -0.8928319 -0.6071584 -2.279001
v -0.8928319 -0.6071584 -2.529001
v -1.352308 -0.6071583 -2.779001
v -1.352308 -0.6071583 -2.529001
v -1.352308 -0.6844143 -2.541237
v -1.352308 -0.6071583 -2.529001
v -1.352308 -0.6071583 -2.279001
v -1.352308 -0.7616704 -2.303473
v -1.352308 -0.6844143 -2.541237
v -1.352308 -0.6071583 -2.779001
v -1.352308 -0.6844143 -2.541237
v -1.352308 -0.754108 -2.576747
v -1.352308 -0.6844143 -2.541237
v -1.352308 -0.7616704 -2.303473
v -1.352308 -0.9010575 -2.374493
v -1.352308 -0.754108 -2.576747
v -1.352308 -0.6071583 -2.779001
v -1.352308 -0.754108 -2.576747
v -1.352308 -0.8094172 -2.632055
v -1.352308 -0.754108 -2.576747
v -1.352308 -0.9010575 -2.374493
v -1.352308 -1.011676 -2.485108
v -1.352308 -0.8094172 -2.632055
v -1.352308 -0.6071583 -2.779001
v -1.352308 -0.8094172 -2.632055
v -1.352308 -0.8449279 -2.701747
v -1.352308 -0.8094172 -2.632055
v -1.352308 -1.011676 -2.485108
v -1.352308 -1.082698 -2.624493
v -1.352308 -0.8449279 -2.701747
v -1.352308 -0.6071583 -2.779001
v -1.352308 -0.8449279 -2.701747
v -1.352308 -0.8571641 -2.779001
v -1.352308 -0.8449279 -2.701747
v -1.352308 -1.082698 -2.624493
v -1.352308 -1.10717 -2.779001
v -1.352308 -0.8571641 -2.779001
v -1.352308 -0.6071583 -2.779001
v -1.352308 -0.8571641 -2.779001
v -1.352308 -0.8449279 -2.856256
v -1.352308 -0.8571641 -2.779001
v -1.352308 -1.10717 -2.779001
v -1.352308 -1.082698 -2.93351
v -1.352308 -0.8449279 -2.856256
v -1.352308 -0.6071583 -2.779001
v -1.352308 -0.8449279 -2.856256
v -1.352308 -0.8094172 -2.925947
v -1.352308 -0.8449279 -2.856256
v -1.352308 -1.082698 -2.93351
v -1.352308 -1.011676 -3.072894
v -1.352308 -0.8094172 -2.925947
v -1.352308 -0.6071583 -2.779001
v -1.352308 -0.8094172 -2.925947
v -1.352308 -0.754108 -2.981256
v -1.352308 -0.8094172 -2.925947
v -1.352308 -1.011676 -3.072894
v -1.352308 -0.9010577 -3.18351
v -1.352308 -0.754108 -2.981256
v -1.352308 -0.6071583 -2.779001
v -1.352308 -0.754108 -2.981256
v -1.352308 -0.6844143 -3.016765
v -1.352308 -0.754108 -2.981256
v -1.352308 -0.9010577 -3.18351
v -1.352308 -0.7616704 -3.254529
v -1.352308 -0.6844143 -3.016765
v -1.352308 -0.6071583 -2.779001
v -1.352308 -0.6844143 -3.016765
v -1.352308 -0.6071584 -3.029001
v -1.352308 -0.6844143 -3.016765
v -1.352308 -0.7616704 -3.254529
v -1.352308 -0.6071584 -3.279001
v -1.352308 -0.6071584 -3.029001
v -1.352308 -0.6071583 -2.779001
v -1.352308 -0.6071584 -3.029001
v -1.352308 -0.5299023 -3.016765
v -1.352308 -0.6071584 -3.029001
v -1.352308 -0.6071584 -3.279001
v -1.352308 -0.4526464 -3.254529
v -1.352308 -0.5299023 -3.016765
v -1.352308 -0.6071583 -2.779001
v -1.352308 -0.5299023 -3.016765
v -1.352308 -0.4602087 -2.981256
v -1.352308 -0.5299023 -3.016765
v -1.352308 -0.4526464 -3.254529
v -1.352308 -0.313259 -3.18351
v -1.352308 -0.4602087 -2.981256
v -1.352308 -0.6071583 -2.779001
v -1.352308 -0.4602087 -2.981256
v -1.352308 -0.4048994 -2.925947
v -1.352308 -0.4602087 -2.981256
v -1.352308 -0.313259 -3.18351
v -1.352308 -0.2026405 -3.072894
v -1.352308 -0.4048994 -2.925947
v -1.352308 -0.6071583 -2.779001
v -1.352308 -0.4048994 -2.925947
v -1.352308 -0.3693888 -2.856256
v -1.352308 -0.4048994 -2.925947
v -1.352308 -0.2026405 -3.072894
v -1.352308 -0.1316192 -2.93351
v -1.352308 -0.3693888 -2.856256
v -1.352308 -0.6071583 -2.779001
v -1.352308 -0.3693888 -2.856256
v -1.352308 -0.3571526 -2.779001
v -1.352308 -0.3693888 -2.856256
v -1.352308 -0.1316192 -2.93351
v -1.352308 -0.1071468 -2.779001
v -1.352308 -0.3571526 -2.779001
v -1.352308 -0.6071583 -2.779001
v -1.352308 -0.3571526 -2.779001
v -1.352308 -0.3693887 -2.701747
v -1.352308 -0.3571526 -2.779001
v -1.352308 -0.1071468 -2.779001
v -1.352308 -0.1316191 -2.624493
v -1.352308 -0.3693887 -2.701747
v -1.352308 -0.6071583 -2.779001
v -1.352308 -0.3693887 -2.701747
v -1.352308 -0.4048994 -2.632055
v -1.352308 -0.3693887 -2.701747
v -1.352308 -0.1316191 -2.624493
v -1.352308 -0.2026405 -2.485109
v -1.352308 -0.4048994 -2.632055
v -1.352308 -0.6071583 -2.779001
v -1.352308 -0.4048994 -2.632055
v -1.352308 -0.4602087 -2.576747
v -1.352308 -0.4048994 -2.632055
v -1.352308 -0.2026405 -2.485109
v -1.352308 -0.313259 -2.374493
v -1.352308 -0.4602087 -2.576747
v -1.352308 -0.6071583 -2.779001
v -1.352308 -0.4602087 -2.576747
v -1.352308 -0.5299023 -2.541237
v -1.352308 -0.4602087 -2.576747
v -1.352308 -0.313259 -2.374493
v -1.352308 -0.4526463 -2.303473
v -1.352308 -0.5299023 -2.541237
v -1.352308 -0.6071583 -2.779001
v -1.352308 -0.5299023 -2.541237
v -1.352308 -0.6071583 -2.529001
v -1.352308 -0.5299023 -2.541237
v -1.352308 -0.4526463 -2.303473
v -1.352308 -0.6071583 -2.279001
v -1.352308 -0.6071583 -2.529001
vn 2.980232E-08 0.3090111 0.9510584
vn 2.980232E-08 0.3090111 0.9510584
vn -1.776357E-15 -1.609269E-08 1
vn -1.776357E-15 -1.609269E-08 1
vn 2.980232E-08 0.3090111 0.9510584
vn 2.980232E-08 0.3090111 0.9510584
vn -1.776357E-15 -1.609269E-08 1
vn -1.776357E-15 -1.609269E-08 1
vn 5.960464E-08 0.587777 0.809023
vn 5.960464E-08 0.5877771 0.809023
vn 2.980232E-08 0.3090111 0.9510584
vn 2.980232E-08 0.3090111 0.9510584
vn 5.960464E-08 0.5877771 0.809023
vn 5.960464E-08 0.587777 0.809023
vn 2.980232E-08 0.3090111 0.9510584
vn 2.980232E-08 0.3090111 0.9510584
vn 1.192093E-07 0.809011 0.5877935
vn 1.192093E-07 0.809011 0.5877935
vn 5.960464E-08 0.5877771 0.809023
vn 5.960464E-08 0.587777 0.809023
vn 1.192093E-07 0.809011 0.5877935
vn 1.192093E-07 0.809011 0.5877935
vn 5.960464E-08 0.587777 0.809023
vn 5.960464E-08 0.5877771 0.809023
vn 1.192093E-07 0.9510547 0.309023
vn 1.192093E-07 0.9510547 0.309023
vn 1.192093E-07 0.809011 0.5877935
vn 1.192093E-07 0.809011 0.5877935
vn 1.192093E-07 0.9510547 0.309023
vn 1.192093E-07 0.9510547 0.309023
vn 1.192093E-07 0.809011 0.5877935
vn 1.192093E-07 0.809011 0.5877935
vn 1.192093E-07 1 -9.655625E-08
vn 1.192093E-07 1 -9.655625E-08
vn 1.192093E-07 0.9510547 0.309023
vn 1.192093E-07 0.9510547 0.309023
vn 1.192093E-07 1 -9.655625E-08
vn 1.192093E-07 1 -9.655625E-08
vn 1.192093E-07 0.9510547 0.309023
vn 1.192093E-07 0.9510547 0.309023
vn 1.192093E-07 0.9510547 -0.3090231
vn 1.192093E-07 0.9510547 -0.3090231
vn 1.192093E-07 1 -9.655625E-08
vn 1.192093E-07 1 -9.655625E-08
vn 1.192093E-07 0.9510547 -0.3090231
vn 1.192093E-07 0.9510547 -0.3090231
vn 1.192093E-07 1 -9.655625E-08
vn 1.192093E-07 1 -9.655625E-08
vn 1.192093E-07 0.809011 -0.5877935
vn 1.192093E-07 0.809011 -0.5877935
vn 1.192093E-07 0.9510547 -0.3090231
vn 1.192093E-07 0.9510547 -0.3090231
vn 1.192093E-07 0.809011 -0.5877935
vn 1.192093E-07 0.809011 -0.5877935
vn 1.192093E-07 0.9510547 -0.3090231
vn 1.192093E-07 0.9510547 -0.3090231
vn 5.960464E-08 0.587777 -0.809023
vn 5.960464E-08 0.587777 -0.809023
vn 1.192093E-07 0.809011 -0.5877935
vn 1.192093E-07 0.809011 -0.5877935
vn 5.960464E-08 0.587777 -0.809023
vn 5.960464E-08 0.587777 -0.809023
vn 1.192093E-07 0.809011 -0.5877935
vn 1.192093E-07 0.809011 -0.5877935
vn 2.980232E-08 0.3090109 -0.9510586
vn 2.980232E-08 0.3090109 -0.9510586
vn 5.960464E-08 0.587777 -0.809023
vn 5.960464E-08 0.587777 -0.809023
vn 2.980232E-08 0.3090109 -0.9510586
vn 2.980232E-08 0.3090109 -0.9510586
vn 5.960464E-08 0.587777 -0.809023
vn 5.960464E-08 0.587777 -0.809023
vn -1.421085E-14 -9.119193E-08 -1
vn -1.421085E-14 -9.119192E-08 -1
vn 2.980232E-08 0.3090109 -0.9510586
vn 2.980232E-08 0.3090109 -0.9510586
vn -1.421085E-14 -9.119192E-08 -1
vn -1.421085E-14 -9.119193E-08 -1
vn 2.980232E-08 0.3090109 -0.9510586
vn 2.980232E-08 0.3090109 -0.9510586
vn -2.980232E-08 -0.309011 -0.9510584
vn -2.980232E-08 -0.309011 -0.9510585
vn -1.421085E-14 -9.119192E-08 -1
vn -1.421085E-14 -9.119193E-08 -1
vn -2.980232E-08 -0.309011 -0.9510585
vn -2.980232E-08 -0.309011 -0.9510584
vn -1.421085E-14 -9.119193E-08 -1
vn -1.421085E-14 -9.119192E-08 -1
vn -5.960464E-08 -0.5877772 -0.809023
vn -5.960464E-08 -0.5877772 -0.809023
vn -2.980232E-08 -0.309011 -0.9510585
vn -2.980232E-08 -0.309011 -0.9510584
vn -5.960464E-08 -0.5877772 -0.809023
vn -5.960464E-08 -0.5877772 -0.809023
vn -2.980232E-08 -0.309011 -0.9510584
vn -2.980232E-08 -0.309011 -0.9510585
vn -1.192093E-07 -0.8090112 -0.5877934
vn -1.192093E-07 -0.8090112 -0.5877934
vn -5.960464E-08 -0.5877772 -0.809023
vn -5.960464E-08 -0.5877772 -0.809023
vn -1.192093E-07 -0.8090112 -0.5877934
vn -1.192093E-07 -0.8090112 -0.5877934
vn -5.960464E-08 -0.5877772 -0.809023
vn -5.960464E-08 -0.5877772 -0.809023
vn -1.192093E-07 -0.9510547 -0.3090231
vn -1.192093E-07 -0.9510547 -0.3090231
vn -1.192093E-07 -0.8090112 -0.5877934
vn -1.192093E-07 -0.8090112 -0.5877934
vn -1.192093E-07 -0.9510547 -0.3090231
vn -1.192093E-07 -0.9510547 -0.3090231
vn -1.192093E-07 -0.8090112 -0.5877934
vn -1.192093E-07 -0.8090112 -0.5877934
vn -1.192093E-07 -1 -5.364236E-09
vn -1.192093E-07 -1 -5.364236E-09
vn -1.192093E-07 -0.9510547 -0.3090231
vn -1.192093E-07 -0.9510547 -0.3090231
vn -1.192093E-07 -1 -5.364236E-09
vn -1.192093E-07 -1 -5.364236E-09
vn -1.192093E-07 -0.9510547 -0.3090231
vn -1.192093E-07 -0.9510547 -0.3090231
vn -1.192093E-07 -0.9510546 0.3090232
vn -1.192093E-07 -0.9510546 0.3090232
vn -1.192093E-07 -1 -5.364236E-09
vn -1.192093E-07 -1 -5.364236E-09
vn -1.192093E-07 -0.9510546 0.3090232
vn -1.192093E-07 -0.9510546 0.3090232
vn -1.192093E-07 -1 -5.364236E-09
vn -1.192093E-07 -1 -5.364236E-09
vn -1.192093E-07 -0.8090109 0.5877937
vn -1.192093E-07 -0.8090109 0.5877937
vn -1.192093E-07 -0.9510546 0.3090232
vn -1.192093E-07 -0.9510546 0.3090232
vn -1.192093E-07 -0.8090109 0.5877937
vn -1.192093E-07 -0.8090109 0.5877937
vn -1.192093E-07 -0.9510546 0.3090232
vn -1.192093E-07 -0.9510546 0.3090232
vn -5.960464E-08 -0.5877768 0.8090232
vn -5.960464E-08 -0.5877768 0.8090232
vn -1.192093E-07 -0.8090109 0.5877937
vn -1.192093E-07 -0.8090109 0.5877937
vn -5.960464E-08 -0.5877768 0.8090232
vn -5.960464E-08 -0.5877768 0.8090232
vn -1.192093E-07 -0.8090109 0.5877937
vn -1.192093E-07 -0.8090109 0.5877937
vn -2.980232E-08 -0.3090109 0.9510586
vn -2.980232E-08 -0.3090109 0.9510586
vn -5.960464E-08 -0.5877768 0.8090232
vn -5.960464E-08 -0.5877768 0.8090232
vn -2.980232E-08 -0.3090109 0.9510586
vn -2.980232E-08 -0.3090109 0.9510586
vn -5.960464E-08 -0.5877768 0.8090232
vn -5.960464E-08 -0.5877768 0.8090232
vn -1.776357E-15 -1.609269E-08 1
vn -1.776357E-15 -1.609269E-08 1
vn -2.980232E-08 -0.3090109 0.9510586
vn -2.980232E-08 -0.3090109 0.9510586
vn -1.776357E-15 -1.609269E-08 1
vn -1.776357E-15 -1.609269E-08 1
vn -2.980232E-08 -0.3090109 0.9510586
vn -2.980232E-08 -0.3090109 0.9510586
vn 1 -1.192093E-07 0
vn 1 -1.192093E-07 0
vn 1 -1.192093E-07 0
vn 1 -1.192093E-07 0
vn 1 -1.192093E-07 0
vn 1 -1.192093E-07 0
vn 1 -1.192093E-07 0
vn 1 -1.192093E-07 0
vn 1 -1.192093E-07 0
vn 1 -1.192093E-07 0
vn 1 -1.192093E-07 0
vn 1 -1.192093E-07 0
vn 1 -1.192093E-07 0
vn 1 -1.192093E-07 0
vn 1 -1.192093E-07 0
vn 1 -1.192093E-07 0
vn 1 -1.192093E-07 0
vn 1 -1.192093E-07 0
vn 1 -1.192093E-07 0
vn 1 -1.192093E-07 0
vn 1 -1.192093E-07 0
vn 1 -1.192093E-07 0
vn 1 -1.192093E-07 0
vn 1 -1.192093E-07 0
vn 1 -1.192093E-07 0
vn 1 -1.192093E-07 0
vn 1 -1.192093E-07 0
vn 1 -1.192093E-07 0
vn 1 -1.192093E-07 0
vn 1 -1.192093E-07 0
vn 1 -1.192093E-07 0
vn 1 -1.192093E-07 0
vn 1 -1.192093E-07 0
vn 1 -1.192093E-07 0
vn 1 -1.192093E-07 0
vn 1 -1.192093E-07 0
vn 1 -1.192093E-07 0
vn 1 -1.192093E-07 0
vn 1 -1.192093E-07 0
vn 1 -1.192093E-07 0
vn 1 -1.192093E-07 0
vn 1 -1.192093E-07 0
vn 1 -1.192093E-07 0
vn 1 -1.192093E-07 0
vn 1 -1.192093E-07 0
vn 1 -1.192093E-07 0
vn 1 -1.192093E-07 0
vn 1 -1.192093E-07 0
vn 1 -1.192093E-07 0
vn 1 -1.192093E-07 0
vn 1 -1.192093E-07 0
vn 1 -1.192093E-07 0
vn 1 -1.192093E-07 0
vn 1 -1.192093E-07 0
vn 1 -1.192093E-07 0
vn 1 -1.192093E-07 0
vn 1 -1.192093E-07 0
vn 1 -1.192093E-07 0
vn 1 -1.192093E-07 0
vn 1 -1.192093E-07 0
vn 1 -1.192093E-07 0
vn 1 -1.192093E-07 0
vn 1 -1.192093E-07 0
vn 1 -1.192093E-07 0
vn 1 -1.192093E-07 0
vn 1 -1.192093E-07 0
vn 1 -1.192093E-07 0
vn 1 -1.192093E-07 0
vn 1 -1.192093E-07 0
vn 1 -1.192093E-07 0
vn 1 -1.192093E-07 0
vn 1 -1.192093E-07 0
vn 1 -1.192093E-07 0
vn 1 -1.192093E-07 0
vn 1 -1.192093E-07 0
vn 1 -1.192093E-07 0
vn 1 -1.192093E-07 0
vn 1 -1.192093E-07 0
vn 1 -1.192093E-07 0
vn 1 -1.192093E-07 0
vn 1 -1.192093E-07 0
vn 1 -1.192093E-07 0
vn 1 -1.192093E-07 0
vn 1 -1.192093E-07 0
vn 1 -1.192093E-07 0
vn 1 -1.192093E-07 0
vn 1 -1.192093E-07 0
vn 1 -1.192093E-07 0
vn 1 -1.192093E-07 0
vn 1 -1.192093E-07 0
vn 1 -1.192093E-07 0
vn 1 -1.192093E-07 0
vn 1 -1.192093E-07 0
vn 1 -1.192093E-07 0
vn 1 -1.192093E-07 0
vn 1 -1.192093E-07 0
vn 1 -1.192093E-07 0
vn 1 -1.192093E-07 0
vn 1 -1.192093E-07 0
vn 1 -1.192093E-07 0
vn 1 -1.192093E-07 0
vn 1 -1.192093E-07 0
vn 1 -1.192093E-07 0
vn 1 -1.192093E-07 0
vn 1 -1.192093E-07 0
vn 1 -1.192093E-07 0
vn 1 -1.192093E-07 0
vn 1 -1.192093E-07 0
vn 1 -1.192093E-07 0
vn 1 -1.192093E-07 0
vn 1 -1.192093E-07 0
vn 1 -1.192093E-07 0
vn 1 -1.192093E-07 0
vn 1 -1.192093E-07 0
vn 1 -1.192093E-07 0
vn 1 -1.192093E-07 0
vn 1 -1.192093E-07 0
vn 1 -1.192093E-07 0
vn 1 -1.192093E-07 0
vn 1 -1.192093E-07 0
vn 1 -1.192093E-07 0
vn 1 -1.192093E-07 0
vn 1 -1.192093E-07 0
vn 1 -1.192093E-07 0
vn 1 -1.192093E-07 0
vn 1 -1.192093E-07 0
vn 1 -1.192093E-07 0
vn 1 -1.192093E-07 0
vn 1 -1.192093E-07 0
vn 1 -1.192093E-07 0
vn 1 -1.192093E-07 0
vn 1 -1.192093E-07 0
vn 1 -1.192093E-07 0
vn 1 -1.192093E-07 0
vn 1 -1.192093E-07 0
vn 1 -1.192093E-07 0
vn 1 -1.192093E-07 0
vn 1 -1.192093E-07 0
vn 1 -1.192093E-07 0
vn 1 -1.192093E-07 0
vn -1 1.192093E-07 0
vn -1 1.192093E-07 0
vn -1 1.192093E-07 0
vn -1 1.192093E-07 0
vn -1 1.192093E-07 0
vn -1 1.192093E-07 0
vn -1 1.192093E-07 0
vn -1 1.192093E-07 0
vn -1 1.192093E-07 0
vn -1 1.192093E-07 0
vn -1 1.192093E-07 0
vn -1 1.192093E-07 0
vn -1 1.192093E-07 0
vn -1 1.192093E-07 0
vn -1 1.192093E-07 0
vn -1 1.192093E-07 0
vn -1 1.192093E-07 0
vn -1 1.192093E-07 0
vn -1 1.192093E-07 0
vn -1 1.192093E-07 0
vn -1 1.192093E-07 0
vn -1 1.192093E-07 0
vn -1 1.192093E-07 0
vn -1 1.192093E-07 0
vn -1 1.192093E-07 0
vn -1 1.192093E-07 0
vn -1 1.192093E-07 0
vn -1 1.192093E-07 0
vn -1 1.192093E-07 0
vn -1 1.192093E-07 0
vn -1 1.192093E-07 0
vn -1 1.192093E-07 0
vn -1 1.192093E-07 0
vn -1 1.192093E-07 0
vn -1 1.192093E-07 0
vn -1 1.192093E-07 0
vn -1 1.192093E-07 0
vn -1 1.192093E-07 0
vn -1 1.192093E-07 0
vn -1 1.192093E-07 0
vn -1 1.192093E-07 0
vn -1 1.192093E-07 0
vn -1 1.192093E-07 0
vn -1 1.192093E-07 0
vn -1 1.192093E-07 0
vn -1 1.192093E-07 0
vn -1 1.192093E-07 0
vn -1 1.192093E-07 0
vn -1 1.192093E-07 0
vn -1 1.192093E-07 0
vn -1 1.192093E-07 0
vn -1 1.192093E-07 0
vn -1 1.192093E-07 0
vn -1 1.192093E-07 0
vn -1 1.192093E-07 0
vn -1 1.192093E-07 0
vn -1 1.192093E-07 0
vn -1 1.192093E-07 0
vn -1 1.192093E-07 0
vn -1 1.192093E-07 0
vn -1 1.192093E-07 0
vn -1 1.192093E-07 0
vn -1 1.192093E-07 0
vn -1 1.192093E-07 0
vn -1 1.192093E-07 0
vn -1 1.192093E-07 0
vn -1 1.192093E-07 0
vn -1 1.192093E-07 0
vn -1 1.192093E-07 0
vn -1 1.192093E-07 0
vn -1 1.192093E-07 0
vn -1 1.192093E-07 0
vn -1 1.192093E-07 0
vn -1 1.192093E-07 0
vn -1 1.192093E-07 0
vn -1 1.192093E-07 0
vn -1 1.192093E-07 0
vn -1 1.192093E-07 0
vn -1 1.192093E-07 0
vn -1 1.192093E-07 0
vn -1 1.192093E-07 0
vn -1 1.192093E-07 0
vn -1 1.192093E-07 0
vn -1 1.192093E-07 0
vn -1 1.192093E-07 0
vn -1 1.192093E-07 0
vn -1 1.192093E-07 0
vn -1 1.192093E-07 0
vn -1 1.192093E-07 0
vn -1 1.192093E-07 0
vn -1 1.192093E-07 0
vn -1 1.192093E-07 0
vn -1 1.192093E-07 0
vn -1 1.192093E-07 0
vn -1 1.192093E-07 0
vn -1 1.192093E-07 0
vn -1 1.192093E-07 0
vn -1 1.192093E-07 0
vn -1 1.192093E-07 0
vn -1 1.192093E-07 0
vn -1 1.192093E-07 0
vn -1 1.192093E-07 0
vn -1 1.192093E-07 0
vn -1 1.192093E-07 0
vn -1 1.192093E-07 0
vn -1 1.192093E-07 0
vn -1 1.192093E-07 0
vn -1 1.192093E-07 0
vn -1 1.192093E-07 0
vn -1 1.192093E-07 0
vn -1 1.192093E-07 0
vn -1 1.192093E-07 0
vn -1 1.192093E-07 0
vn -1 1.192093E-07 0
vn -1 1.192093E-07 0
vn -1 1.192093E-07 0
vn -1 1.192093E-07 0
vn -1 1.192093E-07 0
vn -1 1.192093E-07 0
vn -1 1.192093E-07 0
vn -1 1.192093E-07 0
vn -1 1.192093E-07 0
vn -1 1.192093E-07 0
vn -1 1.192093E-07 0
vn -1 1.192093E-07 0
vn -1 1.192093E-07 0
vn -1 1.192093E-07 0
vn -1 1.192093E-07 0
vn -1 1.192093E-07 0
vn -1 1.192093E-07 0
vn -1 1.192093E-07 0
vn -1 1.192093E-07 0
vn -1 1.192093E-07 0
vn -1 1.192093E-07 0
vn -1 1.192093E-07 0
vn -1 1.192093E-07 0
vn -1 1.192093E-07 0
vn -1 1.192093E-07 0
vn -1 1.192093E-07 0
vn -1 1.192093E-07 0
vt -0.05 0
vt -0.05 0.5
vt 0 0.5
vt 0 0
vt -0.05 0.5
vt -0.05 1
vt 0 1
vt 0 0.5
vt -0.1 0
vt -0.1 0.5
vt -0.05 0.5
vt -0.05 0
vt -0.1 0.5
vt -0.1 1
vt -0.05 1
vt -0.05 0.5
vt -0.15 0
vt -0.15 0.5
vt -0.1 0.5
vt -0.1 0
vt -0.15 0.5
vt -0.15 1
vt -0.1 1
vt -0.1 0.5
vt -0.2 0
vt -0.2 0.5
vt -0.15 0.5
vt -0.15 0
vt -0.2 0.5
vt -0.2 1
vt -0.15 1
vt -0.15 0.5
vt -0.25 0
vt -0.25 0.5
vt -0.2 0.5
vt -0.2 0
vt -0.25 0.5
vt -0.25 1
vt -0.2 1
vt -0.2 0.5
vt -0.3 0
vt -0.3 0.5
vt -0.25 0.5
vt -0.25 0
vt -0.3 0.5
vt -0.3 1
vt -0.25 1
vt -0.25 0.5
vt -0.35 0
vt -0.35 0.5
vt -0.3 0.5
vt -0.3 0
vt -0.35 0.5
vt -0.35 1
vt -0.3 1
vt -0.3 0.5
vt -0.4 0
vt -0.4 0.5
vt -0.35 0.5
vt -0.35 0
vt -0.4 0.5
vt -0.4 1
vt -0.35 1
vt -0.35 0.5
vt -0.45 0
vt -0.45 0.5
vt -0.4 0.5
vt -0.4 0
vt -0.45 0.5
vt -0.45 1
vt -0.4 1
vt -0.4 0.5
vt -0.5 0
vt -0.5 0.5
vt -0.45 0.5
vt -0.45 0
vt -0.5 0.5
vt -0.5 1
vt -0.45 1
vt -0.45 0.5
vt -0.55 0
vt -0.55 0.5
vt -0.5 0.5
vt -0.5 0
vt -0.55 0.5
vt -0.55 1
vt -0.5 1
vt -0.5 0.5
vt -0.6 0
vt -0.6 0.5
vt -0.55 0.5
vt -0.55 0
vt -0.6 0.5
vt -0.6 1
vt -0.55 1
vt -0.55 0.5
vt -0.65 0
vt -0.65 0.5
vt -0.6 0.5
vt -0.6 0
vt -0.65 0.5
vt -0.65 1
vt -0.6 1
vt -0.6 0.5
vt -0.7 0
vt -0.7 0.5
vt -0.65 0.5
vt -0.65 0
vt -0.7 0.5
vt -0.7 1
vt -0.65 1
vt -0.65 0.5
vt -0.75 0
vt -0.75 0.5
vt -0.7 0.5
vt -0.7 0
vt -0.75 0.5
vt -0.75 1
vt -0.7 1
vt -0.7 0.5
vt -0.8 0
vt -0.8 0.5
vt -0.75 0.5
vt -0.75 0
vt -0.8 0.5
vt -0.8 1
vt -0.75 1
vt -0.75 0.5
vt -0.85 0
vt -0.85 0.5
vt -0.8 0.5
vt -0.8 0
vt -0.85 0.5
vt -0.85 1
vt -0.8 1
vt -0.8 0.5
vt -0.9 0
vt -0.9 0.5
vt -0.85 0.5
vt -0.85 0
vt -0.9 0.5
vt -0.9 1
vt -0.85 1
vt -0.85 0.5
vt -0.95 0
vt -0.95 0.5
vt -0.9 0.5
vt -0.9 0
vt -0.95 0.5
vt -0.95 1
vt -0.9 1
vt -0.9 0.5
vt -1 0
vt -1 0.5
vt -0.95 0.5
vt -0.95 0
vt -1 0.5
vt -1 1
vt -0.95 1
vt -0.95 0.5
vt 0.5 0.5
vt 0.5 0.75
vt 0.5772542 0.7377641
vt 0.5 0.75
vt 0.5 1
vt 0.6545085 0.9755282
vt 0.5772542 0.7377641
vt 0.5 0.5
vt 0.5772542 0.7377641
vt 0.6469463 0.7022542
vt 0.5772542 0.7377641
vt 0.6545085 0.9755282
vt 0.7938926 0.9045085
vt 0.6469463 0.7022542
vt 0.5 0.5
vt 0.6469463 0.7022542
vt 0.7022542 0.6469463
vt 0.6469463 0.7022542
vt 0.7938926 0.9045085
vt 0.9045085 0.7938926
vt 0.7022542 0.6469463
vt 0.5 0.5
vt 0.7022542 0.6469463
vt 0.7377641 0.5772542
vt 0.7022542 0.6469463
vt 0.9045085 0.7938926
vt 0.9755282 0.6545085
vt 0.7377641 0.5772542
vt 0.5 0.5
vt 0.7377641 0.5772542
vt 0.75 0.5
vt 0.7377641 0.5772542
vt 0.9755282 0.6545085
vt 1 0.5
vt 0.75 0.5
vt 0.5 0.5
vt 0.75 0.5
vt 0.7377641 0.4227457
vt 0.75 0.5
vt 1 0.5
vt 0.9755282 0.3454915
vt 0.7377641 0.4227457
vt 0.5 0.5
vt 0.7377641 0.4227457
vt 0.7022542 0.3530537
vt 0.7377641 0.4227457
vt 0.9755282 0.3454915
vt 0.9045085 0.2061074
vt 0.7022542 0.3530537
vt 0.5 0.5
vt 0.7022542 0.3530537
vt 0.6469463 0.2977457
vt 0.7022542 0.3530537
vt 0.9045085 0.2061074
vt 0.7938926 0.09549147
vt 0.6469463 0.2977457
vt 0.5 0.5
vt 0.6469463 0.2977457
vt 0.5772542 0.2622359
vt 0.6469463 0.2977457
vt 0.7938926 0.09549147
vt 0.6545084 0.0244717
vt 0.5772542 0.2622359
vt 0.5 0.5
vt 0.5772542 0.2622359
vt 0.5 0.25
vt 0.5772542 0.2622359
vt 0.6545084 0.0244717
vt 0.5 0
vt 0.5 0.25
vt 0.5 0.5
vt 0.5 0.25
vt 0.4227458 0.2622359
vt 0.5 0.25
vt 0.5 0
vt 0.3454915 0.02447173
vt 0.4227458 0.2622359
vt 0.5 0.5
vt 0.4227458 0.2622359
vt 0.3530537 0.2977458
vt 0.4227458 0.2622359
vt 0.3454915 0.02447173
vt 0.2061073 0.09549153
vt 0.3530537 0.2977458
vt 0.5 0.5
vt 0.3530537 0.2977458
vt 0.2977457 0.3530537
vt 0.3530537 0.2977458
vt 0.2061073 0.09549153
vt 0.09549144 0.2061075
vt 0.2977457 0.3530537
vt 0.5 0.5
vt 0.2977457 0.3530537
vt 0.2622359 0.4227457
vt 0.2977457 0.3530537
vt 0.09549144 0.2061075
vt 0.02447176 0.3454915
vt 0.2622359 0.4227457
vt 0.5 0.5
vt 0.2622359 0.4227457
vt 0.25 0.5
vt 0.2622359 0.4227457
vt 0.02447176 0.3454915
vt 0 0.5
vt 0.25 0.5
vt 0.5 0.5
vt 0.25 0.5
vt 0.2622359 0.5772543
vt 0.25 0.5
vt 0 0.5
vt 0.02447176 0.6545086
vt 0.2622359 0.5772543
vt 0.5 0.5
vt 0.2622359 0.5772543
vt 0.2977458 0.6469464
vt 0.2622359 0.5772543
vt 0.02447176 0.6545086
vt 0.09549159 0.7938927
vt 0.2977458 0.6469464
vt 0.5 0.5
vt 0.2977458 0.6469464
vt 0.3530537 0.7022543
vt 0.2977458 0.6469464
vt 0.09549159 0.7938927
vt 0.2061075 0.9045086
vt 0.3530537 0.7022543
vt 0.5 0.5
vt 0.3530537 0.7022543
vt 0.4227458 0.7377641
vt 0.3530537 0.7022543
vt 0.2061075 0.9045086
vt 0.3454915 0.9755282
vt 0.4227458 0.7377641
vt 0.5 0.5
vt 0.4227458 0.7377641
vt 0.5000001 0.75
vt 0.4227458 0.7377641
vt 0.3454915 0.9755282
vt 0.5000001 1
vt 0.5000001 0.75
vt 0.5 0.5
vt 0.5000001 0.75
vt 0.4227458 0.7377641
vt 0.5000001 0.75
vt 0.5000001 1
vt 0.3454915 0.9755282
vt 0.4227458 0.7377641
vt 0.5 0.5
vt 0.4227458 0.7377641
vt 0.3530537 0.7022543
vt 0.4227458 0.7377641
vt 0.3454915 0.9755282
vt 0.2061075 0.9045086
vt 0.3530537 0.7022543
vt 0.5 0.5
vt 0.3530537 0.7022543
vt 0.2977458 0.6469464
vt 0.3530537 0.7022543
vt 0.2061075 0.9045086
vt 0.09549159 0.7938927
vt 0.2977458 0.6469464
vt 0.5 0.5
vt 0.2977458 0.6469464
vt 0.2622359 0.5772543
vt 0.2977458 0.6469464
vt 0.09549159 0.7938927
vt 0.02447176 0.6545086
vt 0.2622359 0.5772543
vt 0.5 0.5
vt 0.2622359 0.5772543
vt 0.25 0.5
vt 0.2622359 0.5772543
vt 0.02447176 0.6545086
vt 0 0.5
vt 0.25 0.5
vt 0.5 0.5
vt 0.25 0.5
vt 0.2622359 0.4227457
vt 0.25 0.5
vt 0 0.5
vt 0.02447176 0.3454915
vt 0.2622359 0.4227457
vt 0.5 0.5
vt 0.2622359 0.4227457
vt 0.2977457 0.3530537
vt 0.2622359 0.4227457
vt 0.02447176 0.3454915
vt 0.09549144 0.2061075
vt 0.2977457 0.3530537
vt 0.5 0.5
vt 0.2977457 0.3530537
vt 0.3530537 0.2977458
vt 0.2977457 0.3530537
vt 0.09549144 0.2061075
vt 0.2061073 0.09549153
vt 0.3530537 0.2977458
vt 0.5 0.5
vt 0.3530537 0.2977458
vt 0.4227458 0.2622359
vt 0.3530537 0.2977458
vt 0.2061073 0.09549153
vt 0.3454915 0.02447173
vt 0.4227458 0.2622359
vt 0.5 0.5
vt 0.4227458 0.2622359
vt 0.5 0.25
vt 0.4227458 0.2622359
vt 0.3454915 0.02447173
vt 0.5 0
vt 0.5 0.25
vt 0.5 0.5
vt 0.5 0.25
vt 0.5772542 0.2622359
vt 0.5 0.25
vt 0.5 0
vt 0.6545084 0.0244717
vt 0.5772542 0.2622359
vt 0.5 0.5
vt 0.5772542 0.2622359
vt 0.6469463 0.2977457
vt 0.5772542 0.2622359
vt 0.6545084 0.0244717
vt 0.7938926 0.09549147
vt 0.6469463 0.2977457
vt 0.5 0.5
vt 0.6469463 0.2977457
vt 0.7022542 0.3530537
vt 0.6469463 0.2977457
vt 0.7938926 0.09549147
vt 0.9045085 0.2061074
vt 0.7022542 0.3530537
vt 0.5 0.5
vt 0.7022542 0.3530537
vt 0.7377641 0.4227457
vt 0.7022542 0.3530537
vt 0.9045085 0.2061074
vt 0.9755282 0.3454915
vt 0.7377641 0.4227457
vt 0.5 0.5
vt 0.7377641 0.4227457
vt 0.75 0.5
vt 0.7377641 0.4227457
vt 0.9755282 0.3454915
vt 1 0.5
vt 0.75 0.5
vt 0.5 0.5
vt 0.75 0.5
vt 0.7377641 0.5772542
vt 0.75 0.5
vt 1 0.5
vt 0.9755282 0.6545085
vt 0.7377641 0.5772542
vt 0.5 0.5
vt 0.7377641 0.5772542
vt 0.7022542 0.6469463
vt 0.7377641 0.5772542
vt 0.9755282 0.6545085
vt 0.9045085 0.7938926
vt 0.7022542 0.6469463
vt 0.5 0.5
vt 0.7022542 0.6469463
vt 0.6469463 0.7022542
vt 0.7022542 0.6469463
vt 0.9045085 0.7938926
vt 0.7938926 0.9045085
vt 0.6469463 0.7022542
vt 0.5 0.5
vt 0.6469463 0.7022542
vt 0.5772542 0.7377641
vt 0.6469463 0.7022542
vt 0.7938926 0.9045085
vt 0.6545085 0.9755282
vt 0.5772542 0.7377641
vt 0.5 0.5
vt 0.5772542 0.7377641
vt 0.5 0.75
vt 0.5772542 0.7377641
vt 0.6545085 0.9755282
vt 0.5 1
vt 0.5 0.75
usemtl Material 4
f 4779/4779/4779 4778/4778/4778 4777/4777/4777
f 4779/4779/4779 4777/4777/4777 4780/4780/4780
f 4783/4783/4783 4782/4782/4782 4781/4781/4781
f 4783/4783/4783 4781/4781/4781 4784/4784/4784
f 4787/4787/4787 4786/4786/4786 4785/4785/4785
f 4787/4787/4787 4785/4785/4785 4788/4788/4788
f 4791/4791/4791 4790/4790/4790 4789/4789/4789
f 4791/4791/4791 4789/4789/4789 4792/4792/4792
f 4795/4795/4795 4794/4794/4794 4793/4793/4793
f 4795/4795/4795 4793/4793/4793 4796/4796/4796
f 4799/4799/4799 4798/4798/4798 4797/4797/4797
f 4799/4799/4799 4797/4797/4797 4800/4800/4800
f 4803/4803/4803 4802/4802/4802 4801/4801/4801
f 4803/4803/4803 4801/4801/4801 4804/4804/4804
f 4807/4807/4807 4806/4806/4806 4805/4805/4805
f 4807/4807/4807 4805/4805/4805 4808/4808/4808
f 4811/4811/4811 4810/4810/4810 4809/4809/4809
f 4811/4811/4811 4809/4809/4809 4812/4812/4812
f 4815/4815/4815 4814/4814/4814 4813/4813/4813
f 4815/4815/4815 4813/4813/4813 4816/4816/4816
f 4819/4819/4819 4818/4818/4818 4817/4817/4817
f 4819/4819/4819 4817/4817/4817 4820/4820/4820
f 4823/4823/4823 4822/4822/4822 4821/4821/4821
f 4823/4823/4823 4821/4821/4821 4824/4824/4824
f 4827/4827/4827 4826/4826/4826 4825/4825/4825
f 4827/4827/4827 4825/4825/4825 4828/4828/4828
f 4831/4831/4831 4830/4830/4830 4829/4829/4829
f 4831/4831/4831 4829/4829/4829 4832/4832/4832
f 4835/4835/4835 4834/4834/4834 4833/4833/4833
f 4835/4835/4835 4833/4833/4833 4836/4836/4836
f 4839/4839/4839 4838/4838/4838 4837/4837/4837
f 4839/4839/4839 4837/4837/4837 4840/4840/4840
f 4843/4843/4843 4842/4842/4842 4841/4841/4841
f 4843/4843/4843 4841/4841/4841 4844/4844/4844
f 4847/4847/4847 4846/4846/4846 4845/4845/4845
f 4847/4847/4847 4845/4845/4845 4848/4848/4848
f 4851/4851/4851 4850/4850/4850 4849/4849/4849
f 4851/4851/4851 4849/4849/4849 4852/4852/4852
f 4855/4855/4855 4854/4854/4854 4853/4853/4853
f 4855/4855/4855 4853/4853/4853 4856/4856/4856
f 4859/4859/4859 4858/4858/4858 4857/4857/4857
f 4859/4859/4859 4857/4857/4857 4860/4860/4860
f 4863/4863/4863 4862/4862/4862 4861/4861/4861
f 4863/4863/4863 4861/4861/4861 4864/4864/4864
f 4867/4867/4867 4866/4866/4866 4865/4865/4865
f 4867/4867/4867 4865/4865/4865 4868/4868/4868
f 4871/4871/4871 4870/4870/4870 4869/4869/4869
f 4871/4871/4871 4869/4869/4869 4872/4872/4872
f 4875/4875/4875 4874/4874/4874 4873/4873/4873
f 4875/4875/4875 4873/4873/4873 4876/4876/4876
f 4879/4879/4879 4878/4878/4878 4877/4877/4877
f 4879/4879/4879 4877/4877/4877 4880/4880/4880
f 4883/4883/4883 4882/4882/4882 4881/4881/4881
f 4883/4883/4883 4881/4881/4881 4884/4884/4884
f 4887/4887/4887 4886/4886/4886 4885/4885/4885
f 4887/4887/4887 4885/4885/4885 4888/4888/4888
f 4891/4891/4891 4890/4890/4890 4889/4889/4889
f 4891/4891/4891 4889/4889/4889 4892/4892/4892
f 4895/4895/4895 4894/4894/4894 4893/4893/4893
f 4895/4895/4895 4893/4893/4893 4896/4896/4896
f 4899/4899/4899 4898/4898/4898 4897/4897/4897
f 4899/4899/4899 4897/4897/4897 4900/4900/4900
f 4903/4903/4903 4902/4902/4902 4901/4901/4901
f 4903/4903/4903 4901/4901/4901 4904/4904/4904
f 4907/4907/4907 4906/4906/4906 4905/4905/4905
f 4907/4907/4907 4905/4905/4905 4908/4908/4908
f 4911/4911/4911 4910/4910/4910 4909/4909/4909
f 4911/4911/4911 4909/4909/4909 4912/4912/4912
f 4915/4915/4915 4914/4914/4914 4913/4913/4913
f 4915/4915/4915 4913/4913/4913 4916/4916/4916
f 4919/4919/4919 4918/4918/4918 4917/4917/4917
f 4919/4919/4919 4917/4917/4917 4920/4920/4920
f 4923/4923/4923 4922/4922/4922 4921/4921/4921
f 4923/4923/4923 4921/4921/4921 4924/4924/4924
f 4927/4927/4927 4926/4926/4926 4925/4925/4925
f 4927/4927/4927 4925/4925/4925 4928/4928/4928
f 4931/4931/4931 4930/4930/4930 4929/4929/4929
f 4931/4931/4931 4929/4929/4929 4932/4932/4932
f 4935/4935/4935 4934/4934/4934 4933/4933/4933
f 4935/4935/4935 4933/4933/4933 4936/4936/4936
f 4939/4939/4939 4938/4938/4938 4937/4937/4937
f 4942/4942/4942 4941/4941/4941 4940/4940/4940
f 4942/4942/4942 4940/4940/4940 4943/4943/4943
f 4946/4946/4946 4945/4945/4945 4944/4944/4944
f 4949/4949/4949 4948/4948/4948 4947/4947/4947
f 4949/4949/4949 4947/4947/4947 4950/4950/4950
f 4953/4953/4953 4952/4952/4952 4951/4951/4951
f 4956/4956/4956 4955/4955/4955 4954/4954/4954
f 4956/4956/4956 4954/4954/4954 4957/4957/4957
f 4960/4960/4960 4959/4959/4959 4958/4958/4958
f 4963/4963/4963 4962/4962/4962 4961/4961/4961
f 4963/4963/4963 4961/4961/4961 4964/4964/4964
f 4967/4967/4967 4966/4966/4966 4965/4965/4965
f 4970/4970/4970 4969/4969/4969 4968/4968/4968
f 4970/4970/4970 4968/4968/4968 4971/4971/4971
f 4974/4974/4974 4973/4973/4973 4972/4972/4972
f 4977/4977/4977 4976/4976/4976 4975/4975/4975
f 4977/4977/4977 4975/4975/4975 4978/4978/4978
f 4981/4981/4981 4980/4980/4980 4979/4979/4979
f 4984/4984/4984 4983/4983/4983 4982/4982/4982
f 4984/4984/4984 4982/4982/4982 4985/4985/4985
f 4988/4988/4988 4987/4987/4987 4986/4986/4986
f 4991/4991/4991 4990/4990/4990 4989/4989/4989
f 4991/4991/4991 4989/4989/4989 4992/4992/4992
f 4995/4995/4995 4994/4994/4994 4993/4993/4993
f 4998/4998/4998 4997/4997/4997 4996/4996/4996
f 4998/4998/4998 4996/4996/4996 4999/4999/4999
f 5002/5002/5002 5001/5001/5001 5000/5000/5000
f 5005/5005/5005 5004/5004/5004 5003/5003/5003
f 5005/5005/5005 5003/5003/5003 5006/5006/5006
f 5009/5009/5009 5008/5008/5008 5007/5007/5007
f 5012/5012/5012 5011/5011/5011 5010/5010/5010
f 5012/5012/5012 5010/5010/5010 5013/5013/5013
f 5016/5016/5016 5015/5015/5015 5014/5014/5014
f 5019/5019/5019 5018/5018/5018 5017/5017/5017
f 5019/5019/5019 5017/5017/5017 5020/5020/5020
f 5023/5023/5023 5022/5022/5022 5021/5021/5021
f 5026/5026/5026 5025/5025/5025 5024/5024/5024
f 5026/5026/5026 5024/5024/5024 5027/5027/5027
f 5030/5030/5030 5029/5029/5029 5028/5028/5028
f 5033/5033/5033 5032/5032/5032 5031/5031/5031
f 5033/5033/5033 5031/5031/5031 5034/5034/5034
f 5037/5037/5037 5036/5036/5036 5035/5035/5035
f 5040/5040/5040 5039/5039/5039 5038/5038/5038
f 5040/5040/5040 5038/5038/5038 5041/5041/5041
f 5044/5044/5044 5043/5043/5043 5042/5042/5042
f 5047/5047/5047 5046/5046/5046 5045/5045/5045
f 5047/5047/5047 5045/5045/5045 5048/5048/5048
f 5051/5051/5051 5050/5050/5050 5049/5049/5049
f 5054/5054/5054 5053/5053/5053 5052/5052/5052
f 5054/5054/5054 5052/5052/5052 5055/5055/5055
f 5058/5058/5058 5057/5057/5057 5056/5056/5056
f 5061/5061/5061 5060/5060/5060 5059/5059/5059
f 5061/5061/5061 5059/5059/5059 5062/5062/5062
f 5065/5065/5065 5064/5064/5064 5063/5063/5063
f 5068/5068/5068 5067/5067/5067 5066/5066/5066
f 5068/5068/5068 5066/5066/5066 5069/5069/5069
f 5072/5072/5072 5071/5071/5071 5070/5070/5070
f 5075/5075/5075 5074/5074/5074 5073/5073/5073
f 5075/5075/5075 5073/5073/5073 5076/5076/5076
f 5079/5079/5079 5078/5078/5078 5077/5077/5077
f 5082/5082/5082 5081/5081/5081 5080/5080/5080
f 5082/5082/5082 5080/5080/5080 5083/5083/5083
f 5086/5086/5086 5085/5085/5085 5084/5084/5084
f 5089/5089/5089 5088/5088/5088 5087/5087/5087
f 5089/5089/5089 5087/5087/5087 5090/5090/5090
f 5093/5093/5093 5092/5092/5092 5091/5091/5091
f 5096/5096/5096 5095/5095/5095 5094/5094/5094
f 5096/5096/5096 5094/5094/5094 5097/5097/5097
f 5100/5100/5100 5099/5099/5099 5098/5098/5098
f 5103/5103/5103 5102/5102/5102 5101/5101/5101
f 5103/5103/5103 5101/5101/5101 5104/5104/5104
f 5107/5107/5107 5106/5106/5106 5105/5105/5105
f 5110/5110/5110 5109/5109/5109 5108/5108/5108
f 5110/5110/5110 5108/5108/5108 5111/5111/5111
f 5114/5114/5114 5113/5113/5113 5112/5112/5112
f 5117/5117/5117 5116/5116/5116 5115/5115/5115
f 5117/5117/5117 5115/5115/5115 5118/5118/5118
f 5121/5121/5121 5120/5120/5120 5119/5119/5119
f 5124/5124/5124 5123/5123/5123 5122/5122/5122
f 5124/5124/5124 5122/5122/5122 5125/5125/5125
f 5128/5128/5128 5127/5127/5127 5126/5126/5126
f 5131/5131/5131 5130/5130/5130 5129/5129/5129
f 5131/5131/5131 5129/5129/5129 5132/5132/5132
f 5135/5135/5135 5134/5134/5134 5133/5133/5133
f 5138/5138/5138 5137/5137/5137 5136/5136/5136
f 5138/5138/5138 5136/5136/5136 5139/5139/5139
f 5142/5142/5142 5141/5141/5141 5140/5140/5140
f 5145/5145/5145 5144/5144/5144 5143/5143/5143
f 5145/5145/5145 5143/5143/5143 5146/5146/5146
f 5149/5149/5149 5148/5148/5148 5147/5147/5147
f 5152/5152/5152 5151/5151/5151 5150/5150/5150
f 5152/5152/5152 5150/5150/5150 5153/5153/5153
f 5156/5156/5156 5155/5155/5155 5154/5154/5154
f 5159/5159/5159 5158/5158/5158 5157/5157/5157
f 5159/5159/5159 5157/5157/5157 5160/5160/5160
f 5163/5163/5163 5162/5162/5162 5161/5161/5161
f 5166/5166/5166 5165/5165/5165 5164/5164/5164
f 5166/5166/5166 5164/5164/5164 5167/5167/5167
f 5170/5170/5170 5169/5169/5169 5168/5168/5168
f 5173/5173/5173 5172/5172/5172 5171/5171/5171
f 5173/5173/5173 5171/5171/5171 5174/5174/5174
f 5177/5177/5177 5176/5176/5176 5175/5175/5175
f 5180/5180/5180 5179/5179/5179 5178/5178/5178
f 5180/5180/5180 5178/5178/5178 5181/5181/5181
f 5184/5184/5184 5183/5183/5183 5182/5182/5182
f 5187/5187/5187 5186/5186/5186 5185/5185/5185
f 5187/5187/5187 5185/5185/5185 5188/5188/5188
f 5191/5191/5191 5190/5190/5190 5189/5189/5189
f 5194/5194/5194 5193/5193/5193 5192/5192/5192
f 5194/5194/5194 5192/5192/5192 5195/5195/5195
f 5198/5198/5198 5197/5197/5197 5196/5196/5196
f 5201/5201/5201 5200/5200/5200 5199/5199/5199
f 5201/5201/5201 5199/5199/5199 5202/5202/5202
f 5205/5205/5205 5204/5204/5204 5203/5203/5203
f 5208/5208/5208 5207/5207/5207 5206/5206/5206
f 5208/5208/5208 5206/5206/5206 5209/5209/5209
f 5212/5212/5212 5211/5211/5211 5210/5210/5210
f 5215/5215/5215 5214/5214/5214 5213/5213/5213
f 5215/5215/5215 5213/5213/5213 5216/5216/5216
o #353535 1
v 0.905354 -0.4526463 -2.303473
v 1.135092 -0.4526464 -2.303473
v 1.135092 -0.6071584 -2.279001
v 0.905354 -0.6071584 -2.279001
v 1.135092 -0.4526464 -2.303473
v 1.36483 -0.4526464 -2.303473
v 1.36483 -0.6071584 -2.279001
v 1.135092 -0.6071584 -2.279001
v 0.905354 -0.313259 -2.374493
v 1.135092 -0.3132591 -2.374493
v 1.135092 -0.4526464 -2.303473
v 0.905354 -0.4526463 -2.303473
v 1.135092 -0.3132591 -2.374493
v 1.36483 -0.3132591 -2.374493
v 1.36483 -0.4526464 -2.303473
v 1.135092 -0.4526464 -2.303473
v 0.905354 -0.2026406 -2.485109
v 1.135092 -0.2026406 -2.485109
v 1.135092 -0.3132591 -2.374493
v 0.905354 -0.313259 -2.374493
v 1.135092 -0.2026406 -2.485109
v 1.36483 -0.2026407 -2.485109
v 1.36483 -0.3132591 -2.374493
v 1.135092 -0.3132591 -2.374493
v 0.905354 -0.1316192 -2.624493
v 1.135092 -0.1316192 -2.624493
v 1.135092 -0.2026406 -2.485109
v 0.905354 -0.2026406 -2.485109
v 1.135092 -0.1316192 -2.624493
v 1.36483 -0.1316193 -2.624493
v 1.36483 -0.2026407 -2.485109
v 1.135092 -0.2026406 -2.485109
v 0.905354 -0.1071469 -2.779001
v 1.135092 -0.1071469 -2.779001
v 1.135092 -0.1316192 -2.624493
v 0.905354 -0.1316192 -2.624493
v 1.135092 -0.1071469 -2.779001
v 1.36483 -0.107147 -2.779001
v 1.36483 -0.1316193 -2.624493
v 1.135092 -0.1316192 -2.624493
v 0.905354 -0.1316192 -2.93351
v 1.135092 -0.1316192 -2.93351
v 1.135092 -0.1071469 -2.779001
v 0.905354 -0.1071469 -2.779001
v 1.135092 -0.1316192 -2.93351
v 1.36483 -0.1316193 -2.93351
v 1.36483 -0.107147 -2.779001
v 1.135092 -0.1071469 -2.779001
v 0.905354 -0.2026406 -3.072894
v 1.135092 -0.2026406 -3.072894
v 1.135092 -0.1316192 -2.93351
v 0.905354 -0.1316192 -2.93351
v 1.135092 -0.2026406 -3.072894
v 1.36483 -0.2026407 -3.072894
v 1.36483 -0.1316193 -2.93351
v 1.135092 -0.1316192 -2.93351
v 0.905354 -0.3132591 -3.18351
v 1.135092 -0.3132591 -3.18351
v 1.135092 -0.2026406 -3.072894
v 0.905354 -0.2026406 -3.072894
v 1.135092 -0.3132591 -3.18351
v 1.36483 -0.3132591 -3.18351
v 1.36483 -0.2026407 -3.072894
v 1.135092 -0.2026406 -3.072894
v 0.905354 -0.4526464 -3.254529
v 1.135092 -0.4526465 -3.254529
v 1.135092 -0.3132591 -3.18351
v 0.905354 -0.3132591 -3.18351
v 1.135092 -0.4526465 -3.254529
v 1.36483 -0.4526465 -3.254529
v 1.36483 -0.3132591 -3.18351
v 1.135092 -0.3132591 -3.18351
v 0.905354 -0.6071584 -3.279001
v 1.135092 -0.6071585 -3.279001
v 1.135092 -0.4526465 -3.254529
v 0.905354 -0.4526464 -3.254529
v 1.135092 -0.6071585 -3.279001
v 1.36483 -0.6071585 -3.279001
v 1.36483 -0.4526465 -3.254529
v 1.135092 -0.4526465 -3.254529
v 0.905354 -0.7616704 -3.254529
v 1.135092 -0.7616705 -3.254529
v 1.135092 -0.6071585 -3.279001
v 0.905354 -0.6071584 -3.279001
v 1.135092 -0.7616705 -3.254529
v 1.36483 -0.7616705 -3.254529
v 1.36483 -0.6071585 -3.279001
v 1.135092 -0.6071585 -3.279001
v 0.905354 -0.9010578 -3.18351
v 1.135092 -0.9010578 -3.18351
v 1.135092 -0.7616705 -3.254529
v 0.905354 -0.7616704 -3.254529
v 1.135092 -0.9010578 -3.18351
v 1.36483 -0.9010578 -3.18351
v 1.36483 -0.7616705 -3.254529
v 1.135092 -0.7616705 -3.254529
v 0.9053539 -1.011676 -3.072894
v 1.135092 -1.011676 -3.072894
v 1.135092 -0.9010578 -3.18351
v 0.905354 -0.9010578 -3.18351
v 1.135092 -1.011676 -3.072894
v 1.36483 -1.011676 -3.072894
v 1.36483 -0.9010578 -3.18351
v 1.135092 -0.9010578 -3.18351
v 0.9053539 -1.082698 -2.93351
v 1.135092 -1.082698 -2.93351
v 1.135092 -1.011676 -3.072894
v 0.9053539 -1.011676 -3.072894
v 1.135092 -1.082698 -2.93351
v 1.36483 -1.082698 -2.93351
v 1.36483 -1.011676 -3.072894
v 1.135092 -1.011676 -3.072894
v 0.9053539 -1.10717 -2.779001
v 1.135092 -1.10717 -2.779001
v 1.135092 -1.082698 -2.93351
v 0.9053539 -1.082698 -2.93351
v 1.135092 -1.10717 -2.779001
v 1.36483 -1.10717 -2.779001
v 1.36483 -1.082698 -2.93351
v 1.135092 -1.082698 -2.93351
v 0.9053539 -1.082698 -2.624493
v 1.135092 -1.082698 -2.624493
v 1.135092 -1.10717 -2.779001
v 0.9053539 -1.10717 -2.779001
v 1.135092 -1.082698 -2.624493
v 1.36483 -1.082698 -2.624493
v 1.36483 -1.10717 -2.779001
v 1.135092 -1.10717 -2.779001
v 0.9053539 -1.011676 -2.485108
v 1.135092 -1.011676 -2.485108
v 1.135092 -1.082698 -2.624493
v 0.9053539 -1.082698 -2.624493
v 1.135092 -1.011676 -2.485108
v 1.36483 -1.011676 -2.485108
v 1.36483 -1.082698 -2.624493
v 1.135092 -1.082698 -2.624493
v 0.905354 -0.9010576 -2.374493
v 1.135092 -0.9010576 -2.374493
v 1.135092 -1.011676 -2.485108
v 0.9053539 -1.011676 -2.485108
v 1.135092 -0.9010576 -2.374493
v 1.36483 -0.9010577 -2.374493
v 1.36483 -1.011676 -2.485108
v 1.135092 -1.011676 -2.485108
v 0.905354 -0.7616704 -2.303473
v 1.135092 -0.7616705 -2.303473
v 1.135092 -0.9010576 -2.374493
v 0.905354 -0.9010576 -2.374493
v 1.135092 -0.7616705 -2.303473
v 1.36483 -0.7616705 -2.303473
v 1.36483 -0.9010577 -2.374493
v 1.135092 -0.9010576 -2.374493
v 0.905354 -0.6071584 -2.279001
v 1.135092 -0.6071584 -2.279001
v 1.135092 -0.7616705 -2.303473
v 0.905354 -0.7616704 -2.303473
v 1.135092 -0.6071584 -2.279001
v 1.36483 -0.6071584 -2.279001
v 1.36483 -0.7616705 -2.303473
v 1.135092 -0.7616705 -2.303473
v 1.36483 -0.6071584 -2.779001
v 1.36483 -0.6071584 -2.529001
v 1.36483 -0.5299025 -2.541237
v 1.36483 -0.6071584 -2.529001
v 1.36483 -0.6071584 -2.279001
v 1.36483 -0.4526464 -2.303473
v 1.36483 -0.5299025 -2.541237
v 1.36483 -0.6071584 -2.779001
v 1.36483 -0.5299025 -2.541237
v 1.36483 -0.4602088 -2.576747
v 1.36483 -0.5299025 -2.541237
v 1.36483 -0.4526464 -2.303473
v 1.36483 -0.3132591 -2.374493
v 1.36483 -0.4602088 -2.576747
v 1.36483 -0.6071584 -2.779001
v 1.36483 -0.4602088 -2.576747
v 1.36483 -0.4048995 -2.632055
v 1.36483 -0.4602088 -2.576747
v 1.36483 -0.3132591 -2.374493
v 1.36483 -0.2026407 -2.485109
v 1.36483 -0.4048995 -2.632055
v 1.36483 -0.6071584 -2.779001
v 1.36483 -0.4048995 -2.632055
v 1.36483 -0.3693889 -2.701747
v 1.36483 -0.4048995 -2.632055
v 1.36483 -0.2026407 -2.485109
v 1.36483 -0.1316193 -2.624493
v 1.36483 -0.3693889 -2.701747
v 1.36483 -0.6071584 -2.779001
v 1.36483 -0.3693889 -2.701747
v 1.36483 -0.3571527 -2.779001
v 1.36483 -0.3693889 -2.701747
v 1.36483 -0.1316193 -2.624493
v 1.36483 -0.107147 -2.779001
v 1.36483 -0.3571527 -2.779001
v 1.36483 -0.6071584 -2.779001
v 1.36483 -0.3571527 -2.779001
v 1.36483 -0.3693889 -2.856256
v 1.36483 -0.3571527 -2.779001
v 1.36483 -0.107147 -2.779001
v 1.36483 -0.1316193 -2.93351
v 1.36483 -0.3693889 -2.856256
v 1.36483 -0.6071584 -2.779001
v 1.36483 -0.3693889 -2.856256
v 1.36483 -0.4048995 -2.925947
v 1.36483 -0.3693889 -2.856256
v 1.36483 -0.1316193 -2.93351
v 1.36483 -0.2026407 -3.072894
v 1.36483 -0.4048995 -2.925947
v 1.36483 -0.6071584 -2.779001
v 1.36483 -0.4048995 -2.925947
v 1.36483 -0.4602088 -2.981256
v 1.36483 -0.4048995 -2.925947
v 1.36483 -0.2026407 -3.072894
v 1.36483 -0.3132591 -3.18351
v 1.36483 -0.4602088 -2.981256
v 1.36483 -0.6071584 -2.779001
v 1.36483 -0.4602088 -2.981256
v 1.36483 -0.5299025 -3.016765
v 1.36483 -0.4602088 -2.981256
v 1.36483 -0.3132591 -3.18351
v 1.36483 -0.4526465 -3.254529
v 1.36483 -0.5299025 -3.016765
v 1.36483 -0.6071584 -2.779001
v 1.36483 -0.5299025 -3.016765
v 1.36483 -0.6071585 -3.029001
v 1.36483 -0.5299025 -3.016765
v 1.36483 -0.4526465 -3.254529
v 1.36483 -0.6071585 -3.279001
v 1.36483 -0.6071585 -3.029001
v 1.36483 -0.6071584 -2.779001
v 1.36483 -0.6071585 -3.029001
v 1.36483 -0.6844144 -3.016765
v 1.36483 -0.6071585 -3.029001
v 1.36483 -0.6071585 -3.279001
v 1.36483 -0.7616705 -3.254529
v 1.36483 -0.6844144 -3.016765
v 1.36483 -0.6071584 -2.779001
v 1.36483 -0.6844144 -3.016765
v 1.36483 -0.7541082 -2.981256
v 1.36483 -0.6844144 -3.016765
v 1.36483 -0.7616705 -3.254529
v 1.36483 -0.9010578 -3.18351
v 1.36483 -0.7541082 -2.981256
v 1.36483 -0.6071584 -2.779001
v 1.36483 -0.7541082 -2.981256
v 1.36483 -0.8094174 -2.925947
v 1.36483 -0.7541082 -2.981256
v 1.36483 -0.9010578 -3.18351
v 1.36483 -1.011676 -3.072894
v 1.36483 -0.8094174 -2.925947
v 1.36483 -0.6071584 -2.779001
v 1.36483 -0.8094174 -2.925947
v 1.36483 -0.844928 -2.856256
v 1.36483 -0.8094174 -2.925947
v 1.36483 -1.011676 -3.072894
v 1.36483 -1.082698 -2.93351
v 1.36483 -0.844928 -2.856256
v 1.36483 -0.6071584 -2.779001
v 1.36483 -0.844928 -2.856256
v 1.36483 -0.8571642 -2.779001
v 1.36483 -0.844928 -2.856256
v 1.36483 -1.082698 -2.93351
v 1.36483 -1.10717 -2.779001
v 1.36483 -0.8571642 -2.779001
v 1.36483 -0.6071584 -2.779001
v 1.36483 -0.8571642 -2.779001
v 1.36483 -0.844928 -2.701747
v 1.36483 -0.8571642 -2.779001
v 1.36483 -1.10717 -2.779001
v 1.36483 -1.082698 -2.624493
v 1.36483 -0.844928 -2.701747
v 1.36483 -0.6071584 -2.779001
v 1.36483 -0.844928 -2.701747
v 1.36483 -0.8094173 -2.632055
v 1.36483 -0.844928 -2.701747
v 1.36483 -1.082698 -2.624493
v 1.36483 -1.011676 -2.485108
v 1.36483 -0.8094173 -2.632055
v 1.36483 -0.6071584 -2.779001
v 1.36483 -0.8094173 -2.632055
v 1.36483 -0.7541081 -2.576747
v 1.36483 -0.8094173 -2.632055
v 1.36483 -1.011676 -2.485108
v 1.36483 -0.9010577 -2.374493
v 1.36483 -0.7541081 -2.576747
v 1.36483 -0.6071584 -2.779001
v 1.36483 -0.7541081 -2.576747
v 1.36483 -0.6844144 -2.541237
v 1.36483 -0.7541081 -2.576747
v 1.36483 -0.9010577 -2.374493
v 1.36483 -0.7616705 -2.303473
v 1.36483 -0.6844144 -2.541237
v 1.36483 -0.6071584 -2.779001
v 1.36483 -0.6844144 -2.541237
v 1.36483 -0.6071584 -2.529001
v 1.36483 -0.6844144 -2.541237
v 1.36483 -0.7616705 -2.303473
v 1.36483 -0.6071584 -2.279001
v 1.36483 -0.6071584 -2.529001
v 0.905354 -0.6071584 -2.779001
v 0.905354 -0.6071584 -2.529001
v 0.905354 -0.6844144 -2.541237
v 0.905354 -0.6071584 -2.529001
v 0.905354 -0.6071584 -2.279001
v 0.905354 -0.7616704 -2.303473
v 0.905354 -0.6844144 -2.541237
v 0.905354 -0.6071584 -2.779001
v 0.905354 -0.6844144 -2.541237
v 0.905354 -0.754108 -2.576747
v 0.905354 -0.6844144 -2.541237
v 0.905354 -0.7616704 -2.303473
v 0.905354 -0.9010576 -2.374493
v 0.905354 -0.754108 -2.576747
v 0.905354 -0.6071584 -2.779001
v 0.905354 -0.754108 -2.576747
v 0.905354 -0.8094172 -2.632055
v 0.905354 -0.754108 -2.576747
v 0.905354 -0.9010576 -2.374493
v 0.9053539 -1.011676 -2.485108
v 0.905354 -0.8094172 -2.632055
v 0.905354 -0.6071584 -2.779001
v 0.905354 -0.8094172 -2.632055
v 0.905354 -0.844928 -2.701747
v 0.905354 -0.8094172 -2.632055
v 0.9053539 -1.011676 -2.485108
v 0.9053539 -1.082698 -2.624493
v 0.905354 -0.844928 -2.701747
v 0.905354 -0.6071584 -2.779001
v 0.905354 -0.844928 -2.701747
v 0.905354 -0.8571641 -2.779001
v 0.905354 -0.844928 -2.701747
v 0.9053539 -1.082698 -2.624493
v 0.9053539 -1.10717 -2.779001
v 0.905354 -0.8571641 -2.779001
v 0.905354 -0.6071584 -2.779001
v 0.905354 -0.8571641 -2.779001
v 0.905354 -0.844928 -2.856256
v 0.905354 -0.8571641 -2.779001
v 0.9053539 -1.10717 -2.779001
v 0.9053539 -1.082698 -2.93351
v 0.905354 -0.844928 -2.856256
v 0.905354 -0.6071584 -2.779001
v 0.905354 -0.844928 -2.856256
v 0.905354 -0.8094173 -2.925947
v 0.905354 -0.844928 -2.856256
v 0.9053539 -1.082698 -2.93351
v 0.9053539 -1.011676 -3.072894
v 0.905354 -0.8094173 -2.925947
v 0.905354 -0.6071584 -2.779001
v 0.905354 -0.8094173 -2.925947
v 0.905354 -0.7541081 -2.981256
v 0.905354 -0.8094173 -2.925947
v 0.9053539 -1.011676 -3.072894
v 0.905354 -0.9010578 -3.18351
v 0.905354 -0.7541081 -2.981256
v 0.905354 -0.6071584 -2.779001
v 0.905354 -0.7541081 -2.981256
v 0.905354 -0.6844144 -3.016765
v 0.905354 -0.7541081 -2.981256
v 0.905354 -0.9010578 -3.18351
v 0.905354 -0.7616704 -3.254529
v 0.905354 -0.6844144 -3.016765
v 0.905354 -0.6071584 -2.779001
v 0.905354 -0.6844144 -3.016765
v 0.905354 -0.6071584 -3.029001
v 0.905354 -0.6844144 -3.016765
v 0.905354 -0.7616704 -3.254529
v 0.905354 -0.6071584 -3.279001
v 0.905354 -0.6071584 -3.029001
v 0.905354 -0.6071584 -2.779001
v 0.905354 -0.6071584 -3.029001
v 0.905354 -0.5299024 -3.016765
v 0.905354 -0.6071584 -3.029001
v 0.905354 -0.6071584 -3.279001
v 0.905354 -0.4526464 -3.254529
v 0.905354 -0.5299024 -3.016765
v 0.905354 -0.6071584 -2.779001
v 0.905354 -0.5299024 -3.016765
v 0.905354 -0.4602087 -2.981256
v 0.905354 -0.5299024 -3.016765
v 0.905354 -0.4526464 -3.254529
v 0.905354 -0.3132591 -3.18351
v 0.905354 -0.4602087 -2.981256
v 0.905354 -0.6071584 -2.779001
v 0.905354 -0.4602087 -2.981256
v 0.905354 -0.4048995 -2.925947
v 0.905354 -0.4602087 -2.981256
v 0.905354 -0.3132591 -3.18351
v 0.905354 -0.2026406 -3.072894
v 0.905354 -0.4048995 -2.925947
v 0.905354 -0.6071584 -2.779001
v 0.905354 -0.4048995 -2.925947
v 0.905354 -0.3693888 -2.856256
v 0.905354 -0.4048995 -2.925947
v 0.905354 -0.2026406 -3.072894
v 0.905354 -0.1316192 -2.93351
v 0.905354 -0.3693888 -2.856256
v 0.905354 -0.6071584 -2.779001
v 0.905354 -0.3693888 -2.856256
v 0.905354 -0.3571526 -2.779001
v 0.905354 -0.3693888 -2.856256
v 0.905354 -0.1316192 -2.93351
v 0.905354 -0.1071469 -2.779001
v 0.905354 -0.3571526 -2.779001
v 0.905354 -0.6071584 -2.779001
v 0.905354 -0.3571526 -2.779001
v 0.905354 -0.3693888 -2.701747
v 0.905354 -0.3571526 -2.779001
v 0.905354 -0.1071469 -2.779001
v 0.905354 -0.1316192 -2.624493
v 0.905354 -0.3693888 -2.701747
v 0.905354 -0.6071584 -2.779001
v 0.905354 -0.3693888 -2.701747
v 0.905354 -0.4048995 -2.632055
v 0.905354 -0.3693888 -2.701747
v 0.905354 -0.1316192 -2.624493
v 0.905354 -0.2026406 -2.485109
v 0.905354 -0.4048995 -2.632055
v 0.905354 -0.6071584 -2.779001
v 0.905354 -0.4048995 -2.632055
v 0.905354 -0.4602087 -2.576747
v 0.905354 -0.4048995 -2.632055
v 0.905354 -0.2026406 -2.485109
v 0.905354 -0.313259 -2.374493
v 0.905354 -0.4602087 -2.576747
v 0.905354 -0.6071584 -2.779001
v 0.905354 -0.4602087 -2.576747
v 0.905354 -0.5299023 -2.541237
v 0.905354 -0.4602087 -2.576747
v 0.905354 -0.313259 -2.374493
v 0.905354 -0.4526463 -2.303473
v 0.905354 -0.5299023 -2.541237
v 0.905354 -0.6071584 -2.779001
v 0.905354 -0.5299023 -2.541237
v 0.905354 -0.6071584 -2.529001
v 0.905354 -0.5299023 -2.541237
v 0.905354 -0.4526463 -2.303473
v 0.905354 -0.6071584 -2.279001
v 0.905354 -0.6071584 -2.529001
vn 2.980232E-08 0.3090111 0.9510584
vn 2.980232E-08 0.3090111 0.9510584
vn -1.776357E-15 -1.609269E-08 1
vn -1.776357E-15 -1.609269E-08 1
vn 2.980232E-08 0.3090111 0.9510584
vn 2.980232E-08 0.3090111 0.9510584
vn -1.776357E-15 -1.609269E-08 1
vn -1.776357E-15 -1.609269E-08 1
vn 5.960464E-08 0.587777 0.809023
vn 5.960464E-08 0.5877771 0.809023
vn 2.980232E-08 0.3090111 0.9510584
vn 2.980232E-08 0.3090111 0.9510584
vn 5.960464E-08 0.5877771 0.809023
vn 5.960464E-08 0.587777 0.809023
vn 2.980232E-08 0.3090111 0.9510584
vn 2.980232E-08 0.3090111 0.9510584
vn 1.192093E-07 0.809011 0.5877935
vn 1.192093E-07 0.809011 0.5877935
vn 5.960464E-08 0.5877771 0.809023
vn 5.960464E-08 0.587777 0.809023
vn 1.192093E-07 0.809011 0.5877935
vn 1.192093E-07 0.809011 0.5877935
vn 5.960464E-08 0.587777 0.809023
vn 5.960464E-08 0.5877771 0.809023
vn 1.192093E-07 0.9510547 0.309023
vn 1.192093E-07 0.9510547 0.309023
vn 1.192093E-07 0.809011 0.5877935
vn 1.192093E-07 0.809011 0.5877935
vn 1.192093E-07 0.9510547 0.309023
vn 1.192093E-07 0.9510547 0.309023
vn 1.192093E-07 0.809011 0.5877935
vn 1.192093E-07 0.809011 0.5877935
vn 1.192093E-07 1 -9.655625E-08
vn 1.192093E-07 1 -9.655625E-08
vn 1.192093E-07 0.9510547 0.309023
vn 1.192093E-07 0.9510547 0.309023
vn 1.192093E-07 1 -9.655625E-08
vn 1.192093E-07 1 -9.655625E-08
vn 1.192093E-07 0.9510547 0.309023
vn 1.192093E-07 0.9510547 0.309023
vn 1.192093E-07 0.9510547 -0.3090231
vn 1.192093E-07 0.9510547 -0.3090231
vn 1.192093E-07 1 -9.655625E-08
vn 1.192093E-07 1 -9.655625E-08
vn 1.192093E-07 0.9510547 -0.3090231
vn 1.192093E-07 0.9510547 -0.3090231
vn 1.192093E-07 1 -9.655625E-08
vn 1.192093E-07 1 -9.655625E-08
vn 1.192093E-07 0.809011 -0.5877935
vn 1.192093E-07 0.809011 -0.5877935
vn 1.192093E-07 0.9510547 -0.3090231
vn 1.192093E-07 0.9510547 -0.3090231
vn 1.192093E-07 0.809011 -0.5877935
vn 1.192093E-07 0.809011 -0.5877935
vn 1.192093E-07 0.9510547 -0.3090231
vn 1.192093E-07 0.9510547 -0.3090231
vn 5.960464E-08 0.587777 -0.809023
vn 5.960464E-08 0.587777 -0.809023
vn 1.192093E-07 0.809011 -0.5877935
vn 1.192093E-07 0.809011 -0.5877935
vn 5.960464E-08 0.587777 -0.809023
vn 5.960464E-08 0.587777 -0.809023
vn 1.192093E-07 0.809011 -0.5877935
vn 1.192093E-07 0.809011 -0.5877935
vn 2.980232E-08 0.3090109 -0.9510586
vn 2.980232E-08 0.3090109 -0.9510586
vn 5.960464E-08 0.587777 -0.809023
vn 5.960464E-08 0.587777 -0.809023
vn 2.980232E-08 0.3090109 -0.9510586
vn 2.980232E-08 0.3090109 -0.9510586
vn 5.960464E-08 0.587777 -0.809023
vn 5.960464E-08 0.587777 -0.809023
vn -1.421085E-14 -9.119193E-08 -1
vn -1.421085E-14 -9.119192E-08 -1
vn 2.980232E-08 0.3090109 -0.9510586
vn 2.980232E-08 0.3090109 -0.9510586
vn -1.421085E-14 -9.119192E-08 -1
vn -1.421085E-14 -9.119193E-08 -1
vn 2.980232E-08 0.3090109 -0.9510586
vn 2.980232E-08 0.3090109 -0.9510586
vn -2.980232E-08 -0.309011 -0.9510584
vn -2.980232E-08 -0.309011 -0.9510585
vn -1.421085E-14 -9.119192E-08 -1
vn -1.421085E-14 -9.119193E-08 -1
vn -2.980232E-08 -0.309011 -0.9510585
vn -2.980232E-08 -0.309011 -0.9510584
vn -1.421085E-14 -9.119193E-08 -1
vn -1.421085E-14 -9.119192E-08 -1
vn -5.960464E-08 -0.5877772 -0.809023
vn -5.960464E-08 -0.5877772 -0.809023
vn -2.980232E-08 -0.309011 -0.9510585
vn -2.980232E-08 -0.309011 -0.9510584
vn -5.960464E-08 -0.5877772 -0.809023
vn -5.960464E-08 -0.5877772 -0.809023
vn -2.980232E-08 -0.309011 -0.9510584
vn -2.980232E-08 -0.309011 -0.9510585
vn -1.192093E-07 -0.8090112 -0.5877934
vn -1.192093E-07 -0.8090112 -0.5877934
vn -5.960464E-08 -0.5877772 -0.809023
vn -5.960464E-08 -0.5877772 -0.809023
vn -1.192093E-07 -0.8090112 -0.5877934
vn -1.192093E-07 -0.8090112 -0.5877934
vn -5.960464E-08 -0.5877772 -0.809023
vn -5.960464E-08 -0.5877772 -0.809023
vn -1.192093E-07 -0.9510547 -0.3090231
vn -1.192093E-07 -0.9510547 -0.3090231
vn -1.192093E-07 -0.8090112 -0.5877934
vn -1.192093E-07 -0.8090112 -0.5877934
vn -1.192093E-07 -0.9510547 -0.3090231
vn -1.192093E-07 -0.9510547 -0.3090231
vn -1.192093E-07 -0.8090112 -0.5877934
vn -1.192093E-07 -0.8090112 -0.5877934
vn -1.192093E-07 -1 -5.364236E-09
vn -1.192093E-07 -1 -5.364236E-09
vn -1.192093E-07 -0.9510547 -0.3090231
vn -1.192093E-07 -0.9510547 -0.3090231
vn -1.192093E-07 -1 -5.364236E-09
vn -1.192093E-07 -1 -5.364236E-09
vn -1.192093E-07 -0.9510547 -0.3090231
vn -1.192093E-07 -0.9510547 -0.3090231
vn -1.192093E-07 -0.9510546 0.3090232
vn -1.192093E-07 -0.9510546 0.3090232
vn -1.192093E-07 -1 -5.364236E-09
vn -1.192093E-07 -1 -5.364236E-09
vn -1.192093E-07 -0.9510546 0.3090232
vn -1.192093E-07 -0.9510546 0.3090232
vn -1.192093E-07 -1 -5.364236E-09
vn -1.192093E-07 -1 -5.364236E-09
vn -1.192093E-07 -0.8090109 0.5877937
vn -1.192093E-07 -0.8090109 0.5877937
vn -1.192093E-07 -0.9510546 0.3090232
vn -1.192093E-07 -0.9510546 0.3090232
vn -1.192093E-07 -0.8090109 0.5877937
vn -1.192093E-07 -0.8090109 0.5877937
vn -1.192093E-07 -0.9510546 0.3090232
vn -1.192093E-07 -0.9510546 0.3090232
vn -5.960464E-08 -0.5877768 0.8090232
vn -5.960464E-08 -0.5877768 0.8090232
vn -1.192093E-07 -0.8090109 0.5877937
vn -1.192093E-07 -0.8090109 0.5877937
vn -5.960464E-08 -0.5877768 0.8090232
vn -5.960464E-08 -0.5877768 0.8090232
vn -1.192093E-07 -0.8090109 0.5877937
vn -1.192093E-07 -0.8090109 0.5877937
vn -2.980232E-08 -0.3090109 0.9510586
vn -2.980232E-08 -0.3090109 0.9510586
vn -5.960464E-08 -0.5877768 0.8090232
vn -5.960464E-08 -0.5877768 0.8090232
vn -2.980232E-08 -0.3090109 0.9510586
vn -2.980232E-08 -0.3090109 0.9510586
vn -5.960464E-08 -0.5877768 0.8090232
vn -5.960464E-08 -0.5877768 0.8090232
vn -1.776357E-15 -1.609269E-08 1
vn -1.776357E-15 -1.609269E-08 1
vn -2.980232E-08 -0.3090109 0.9510586
vn -2.980232E-08 -0.3090109 0.9510586
vn -1.776357E-15 -1.609269E-08 1
vn -1.776357E-15 -1.609269E-08 1
vn -2.980232E-08 -0.3090109 0.9510586
vn -2.980232E-08 -0.3090109 0.9510586
vn 1 -1.192093E-07 0
vn 1 -1.192093E-07 0
vn 1 -1.192093E-07 0
vn 1 -1.192093E-07 0
vn 1 -1.192093E-07 0
vn 1 -1.192093E-07 0
vn 1 -1.192093E-07 0
vn 1 -1.192093E-07 0
vn 1 -1.192093E-07 0
vn 1 -1.192093E-07 0
vn 1 -1.192093E-07 0
vn 1 -1.192093E-07 0
vn 1 -1.192093E-07 0
vn 1 -1.192093E-07 0
vn 1 -1.192093E-07 0
vn 1 -1.192093E-07 0
vn 1 -1.192093E-07 0
vn 1 -1.192093E-07 0
vn 1 -1.192093E-07 0
vn 1 -1.192093E-07 0
vn 1 -1.192093E-07 0
vn 1 -1.192093E-07 0
vn 1 -1.192093E-07 0
vn 1 -1.192093E-07 0
vn 1 -1.192093E-07 0
vn 1 -1.192093E-07 0
vn 1 -1.192093E-07 0
vn 1 -1.192093E-07 0
vn 1 -1.192093E-07 0
vn 1 -1.192093E-07 0
vn 1 -1.192093E-07 0
vn 1 -1.192093E-07 0
vn 1 -1.192093E-07 0
vn 1 -1.192093E-07 0
vn 1 -1.192093E-07 0
vn 1 -1.192093E-07 0
vn 1 -1.192093E-07 0
vn 1 -1.192093E-07 0
vn 1 -1.192093E-07 0
vn 1 -1.192093E-07 0
vn 1 -1.192093E-07 0
vn 1 -1.192093E-07 0
vn 1 -1.192093E-07 0
vn 1 -1.192093E-07 0
vn 1 -1.192093E-07 0
vn 1 -1.192093E-07 0
vn 1 -1.192093E-07 0
vn 1 -1.192093E-07 0
vn 1 -1.192093E-07 0
vn 1 -1.192093E-07 0
vn 1 -1.192093E-07 0
vn 1 -1.192093E-07 0
vn 1 -1.192093E-07 0
vn 1 -1.192093E-07 0
vn 1 -1.192093E-07 0
vn 1 -1.192093E-07 0
vn 1 -1.192093E-07 0
vn 1 -1.192093E-07 0
vn 1 -1.192093E-07 0
vn 1 -1.192093E-07 0
vn 1 -1.192093E-07 0
vn 1 -1.192093E-07 0
vn 1 -1.192093E-07 0
vn 1 -1.192093E-07 0
vn 1 -1.192093E-07 0
vn 1 -1.192093E-07 0
vn 1 -1.192093E-07 0
vn 1 -1.192093E-07 0
vn 1 -1.192093E-07 0
vn 1 -1.192093E-07 0
vn 1 -1.192093E-07 0
vn 1 -1.192093E-07 0
vn 1 -1.192093E-07 0
vn 1 -1.192093E-07 0
vn 1 -1.192093E-07 0
vn 1 -1.192093E-07 0
vn 1 -1.192093E-07 0
vn 1 -1.192093E-07 0
vn 1 -1.192093E-07 0
vn 1 -1.192093E-07 0
vn 1 -1.192093E-07 0
vn 1 -1.192093E-07 0
vn 1 -1.192093E-07 0
vn 1 -1.192093E-07 0
vn 1 -1.192093E-07 0
vn 1 -1.192093E-07 0
vn 1 -1.192093E-07 0
vn 1 -1.192093E-07 0
vn 1 -1.192093E-07 0
vn 1 -1.192093E-07 0
vn 1 -1.192093E-07 0
vn 1 -1.192093E-07 0
vn 1 -1.192093E-07 0
vn 1 -1.192093E-07 0
vn 1 -1.192093E-07 0
vn 1 -1.192093E-07 0
vn 1 -1.192093E-07 0
vn 1 -1.192093E-07 0
vn 1 -1.192093E-07 0
vn 1 -1.192093E-07 0
vn 1 -1.192093E-07 0
vn 1 -1.192093E-07 0
vn 1 -1.192093E-07 0
vn 1 -1.192093E-07 0
vn 1 -1.192093E-07 0
vn 1 -1.192093E-07 0
vn 1 -1.192093E-07 0
vn 1 -1.192093E-07 0
vn 1 -1.192093E-07 0
vn 1 -1.192093E-07 0
vn 1 -1.192093E-07 0
vn 1 -1.192093E-07 0
vn 1 -1.192093E-07 0
vn 1 -1.192093E-07 0
vn 1 -1.192093E-07 0
vn 1 -1.192093E-07 0
vn 1 -1.192093E-07 0
vn 1 -1.192093E-07 0
vn 1 -1.192093E-07 0
vn 1 -1.192093E-07 0
vn 1 -1.192093E-07 0
vn 1 -1.192093E-07 0
vn 1 -1.192093E-07 0
vn 1 -1.192093E-07 0
vn 1 -1.192093E-07 0
vn 1 -1.192093E-07 0
vn 1 -1.192093E-07 0
vn 1 -1.192093E-07 0
vn 1 -1.192093E-07 0
vn 1 -1.192093E-07 0
vn 1 -1.192093E-07 0
vn 1 -1.192093E-07 0
vn 1 -1.192093E-07 0
vn 1 -1.192093E-07 0
vn 1 -1.192093E-07 0
vn 1 -1.192093E-07 0
vn 1 -1.192093E-07 0
vn 1 -1.192093E-07 0
vn 1 -1.192093E-07 0
vn 1 -1.192093E-07 0
vn -1 1.192093E-07 0
vn -1 1.192093E-07 0
vn -1 1.192093E-07 0
vn -1 1.192093E-07 0
vn -1 1.192093E-07 0
vn -1 1.192093E-07 0
vn -1 1.192093E-07 0
vn -1 1.192093E-07 0
vn -1 1.192093E-07 0
vn -1 1.192093E-07 0
vn -1 1.192093E-07 0
vn -1 1.192093E-07 0
vn -1 1.192093E-07 0
vn -1 1.192093E-07 0
vn -1 1.192093E-07 0
vn -1 1.192093E-07 0
vn -1 1.192093E-07 0
vn -1 1.192093E-07 0
vn -1 1.192093E-07 0
vn -1 1.192093E-07 0
vn -1 1.192093E-07 0
vn -1 1.192093E-07 0
vn -1 1.192093E-07 0
vn -1 1.192093E-07 0
vn -1 1.192093E-07 0
vn -1 1.192093E-07 0
vn -1 1.192093E-07 0
vn -1 1.192093E-07 0
vn -1 1.192093E-07 0
vn -1 1.192093E-07 0
vn -1 1.192093E-07 0
vn -1 1.192093E-07 0
vn -1 1.192093E-07 0
vn -1 1.192093E-07 0
vn -1 1.192093E-07 0
vn -1 1.192093E-07 0
vn -1 1.192093E-07 0
vn -1 1.192093E-07 0
vn -1 1.192093E-07 0
vn -1 1.192093E-07 0
vn -1 1.192093E-07 0
vn -1 1.192093E-07 0
vn -1 1.192093E-07 0
vn -1 1.192093E-07 0
vn -1 1.192093E-07 0
vn -1 1.192093E-07 0
vn -1 1.192093E-07 0
vn -1 1.192093E-07 0
vn -1 1.192093E-07 0
vn -1 1.192093E-07 0
vn -1 1.192093E-07 0
vn -1 1.192093E-07 0
vn -1 1.192093E-07 0
vn -1 1.192093E-07 0
vn -1 1.192093E-07 0
vn -1 1.192093E-07 0
vn -1 1.192093E-07 0
vn -1 1.192093E-07 0
vn -1 1.192093E-07 0
vn -1 1.192093E-07 0
vn -1 1.192093E-07 0
vn -1 1.192093E-07 0
vn -1 1.192093E-07 0
vn -1 1.192093E-07 0
vn -1 1.192093E-07 0
vn -1 1.192093E-07 0
vn -1 1.192093E-07 0
vn -1 1.192093E-07 0
vn -1 1.192093E-07 0
vn -1 1.192093E-07 0
vn -1 1.192093E-07 0
vn -1 1.192093E-07 0
vn -1 1.192093E-07 0
vn -1 1.192093E-07 0
vn -1 1.192093E-07 0
vn -1 1.192093E-07 0
vn -1 1.192093E-07 0
vn -1 1.192093E-07 0
vn -1 1.192093E-07 0
vn -1 1.192093E-07 0
vn -1 1.192093E-07 0
vn -1 1.192093E-07 0
vn -1 1.192093E-07 0
vn -1 1.192093E-07 0
vn -1 1.192093E-07 0
vn -1 1.192093E-07 0
vn -1 1.192093E-07 0
vn -1 1.192093E-07 0
vn -1 1.192093E-07 0
vn -1 1.192093E-07 0
vn -1 1.192093E-07 0
vn -1 1.192093E-07 0
vn -1 1.192093E-07 0
vn -1 1.192093E-07 0
vn -1 1.192093E-07 0
vn -1 1.192093E-07 0
vn -1 1.192093E-07 0
vn -1 1.192093E-07 0
vn -1 1.192093E-07 0
vn -1 1.192093E-07 0
vn -1 1.192093E-07 0
vn -1 1.192093E-07 0
vn -1 1.192093E-07 0
vn -1 1.192093E-07 0
vn -1 1.192093E-07 0
vn -1 1.192093E-07 0
vn -1 1.192093E-07 0
vn -1 1.192093E-07 0
vn -1 1.192093E-07 0
vn -1 1.192093E-07 0
vn -1 1.192093E-07 0
vn -1 1.192093E-07 0
vn -1 1.192093E-07 0
vn -1 1.192093E-07 0
vn -1 1.192093E-07 0
vn -1 1.192093E-07 0
vn -1 1.192093E-07 0
vn -1 1.192093E-07 0
vn -1 1.192093E-07 0
vn -1 1.192093E-07 0
vn -1 1.192093E-07 0
vn -1 1.192093E-07 0
vn -1 1.192093E-07 0
vn -1 1.192093E-07 0
vn -1 1.192093E-07 0
vn -1 1.192093E-07 0
vn -1 1.192093E-07 0
vn -1 1.192093E-07 0
vn -1 1.192093E-07 0
vn -1 1.192093E-07 0
vn -1 1.192093E-07 0
vn -1 1.192093E-07 0
vn -1 1.192093E-07 0
vn -1 1.192093E-07 0
vn -1 1.192093E-07 0
vn -1 1.192093E-07 0
vn -1 1.192093E-07 0
vn -1 1.192093E-07 0
vn -1 1.192093E-07 0
vn -1 1.192093E-07 0
vt -0.05 0
vt -0.05 0.5
vt 0 0.5
vt 0 0
vt -0.05 0.5
vt -0.05 1
vt 0 1
vt 0 0.5
vt -0.1 0
vt -0.1 0.5
vt -0.05 0.5
vt -0.05 0
vt -0.1 0.5
vt -0.1 1
vt -0.05 1
vt -0.05 0.5
vt -0.15 0
vt -0.15 0.5
vt -0.1 0.5
vt -0.1 0
vt -0.15 0.5
vt -0.15 1
vt -0.1 1
vt -0.1 0.5
vt -0.2 0
vt -0.2 0.5
vt -0.15 0.5
vt -0.15 0
vt -0.2 0.5
vt -0.2 1
vt -0.15 1
vt -0.15 0.5
vt -0.25 0
vt -0.25 0.5
vt -0.2 0.5
vt -0.2 0
vt -0.25 0.5
vt -0.25 1
vt -0.2 1
vt -0.2 0.5
vt -0.3 0
vt -0.3 0.5
vt -0.25 0.5
vt -0.25 0
vt -0.3 0.5
vt -0.3 1
vt -0.25 1
vt -0.25 0.5
vt -0.35 0
vt -0.35 0.5
vt -0.3 0.5
vt -0.3 0
vt -0.35 0.5
vt -0.35 1
vt -0.3 1
vt -0.3 0.5
vt -0.4 0
vt -0.4 0.5
vt -0.35 0.5
vt -0.35 0
vt -0.4 0.5
vt -0.4 1
vt -0.35 1
vt -0.35 0.5
vt -0.45 0
vt -0.45 0.5
vt -0.4 0.5
vt -0.4 0
vt -0.45 0.5
vt -0.45 1
vt -0.4 1
vt -0.4 0.5
vt -0.5 0
vt -0.5 0.5
vt -0.45 0.5
vt -0.45 0
vt -0.5 0.5
vt -0.5 1
vt -0.45 1
vt -0.45 0.5
vt -0.55 0
vt -0.55 0.5
vt -0.5 0.5
vt -0.5 0
vt -0.55 0.5
vt -0.55 1
vt -0.5 1
vt -0.5 0.5
vt -0.6 0
vt -0.6 0.5
vt -0.55 0.5
vt -0.55 0
vt -0.6 0.5
vt -0.6 1
vt -0.55 1
vt -0.55 0.5
vt -0.65 0
vt -0.65 0.5
vt -0.6 0.5
vt -0.6 0
vt -0.65 0.5
vt -0.65 1
vt -0.6 1
vt -0.6 0.5
vt -0.7 0
vt -0.7 0.5
vt -0.65 0.5
vt -0.65 0
vt -0.7 0.5
vt -0.7 1
vt -0.65 1
vt -0.65 0.5
vt -0.75 0
vt -0.75 0.5
vt -0.7 0.5
vt -0.7 0
vt -0.75 0.5
vt -0.75 1
vt -0.7 1
vt -0.7 0.5
vt -0.8 0
vt -0.8 0.5
vt -0.75 0.5
vt -0.75 0
vt -0.8 0.5
vt -0.8 1
vt -0.75 1
vt -0.75 0.5
vt -0.85 0
vt -0.85 0.5
vt -0.8 0.5
vt -0.8 0
vt -0.85 0.5
vt -0.85 1
vt -0.8 1
vt -0.8 0.5
vt -0.9 0
vt -0.9 0.5
vt -0.85 0.5
vt -0.85 0
vt -0.9 0.5
vt -0.9 1
vt -0.85 1
vt -0.85 0.5
vt -0.95 0
vt -0.95 0.5
vt -0.9 0.5
vt -0.9 0
vt -0.95 0.5
vt -0.95 1
vt -0.9 1
vt -0.9 0.5
vt -1 0
vt -1 0.5
vt -0.95 0.5
vt -0.95 0
vt -1 0.5
vt -1 1
vt -0.95 1
vt -0.95 0.5
vt 0.5 0.5
vt 0.5 0.75
vt 0.5772542 0.7377641
vt 0.5 0.75
vt 0.5 1
vt 0.6545085 0.9755282
vt 0.5772542 0.7377641
vt 0.5 0.5
vt 0.5772542 0.7377641
vt 0.6469463 0.7022542
vt 0.5772542 0.7377641
vt 0.6545085 0.9755282
vt 0.7938926 0.9045085
vt 0.6469463 0.7022542
vt 0.5 0.5
vt 0.6469463 0.7022542
vt 0.7022542 0.6469463
vt 0.6469463 0.7022542
vt 0.7938926 0.9045085
vt 0.9045085 0.7938926
vt 0.7022542 0.6469463
vt 0.5 0.5
vt 0.7022542 0.6469463
vt 0.7377641 0.5772542
vt 0.7022542 0.6469463
vt 0.9045085 0.7938926
vt 0.9755282 0.6545085
vt 0.7377641 0.5772542
vt 0.5 0.5
vt 0.7377641 0.5772542
vt 0.75 0.5
vt 0.7377641 0.5772542
vt 0.9755282 0.6545085
vt 1 0.5
vt 0.75 0.5
vt 0.5 0.5
vt 0.75 0.5
vt 0.7377641 0.4227457
vt 0.75 0.5
vt 1 0.5
vt 0.9755282 0.3454915
vt 0.7377641 0.4227457
vt 0.5 0.5
vt 0.7377641 0.4227457
vt 0.7022542 0.3530537
vt 0.7377641 0.4227457
vt 0.9755282 0.3454915
vt 0.9045085 0.2061074
vt 0.7022542 0.3530537
vt 0.5 0.5
vt 0.7022542 0.3530537
vt 0.6469463 0.2977457
vt 0.7022542 0.3530537
vt 0.9045085 0.2061074
vt 0.7938926 0.09549147
vt 0.6469463 0.2977457
vt 0.5 0.5
vt 0.6469463 0.2977457
vt 0.5772542 0.2622359
vt 0.6469463 0.2977457
vt 0.7938926 0.09549147
vt 0.6545084 0.0244717
vt 0.5772542 0.2622359
vt 0.5 0.5
vt 0.5772542 0.2622359
vt 0.5 0.25
vt 0.5772542 0.2622359
vt 0.6545084 0.0244717
vt 0.5 0
vt 0.5 0.25
vt 0.5 0.5
vt 0.5 0.25
vt 0.4227458 0.2622359
vt 0.5 0.25
vt 0.5 0
vt 0.3454915 0.02447173
vt 0.4227458 0.2622359
vt 0.5 0.5
vt 0.4227458 0.2622359
vt 0.3530537 0.2977458
vt 0.4227458 0.2622359
vt 0.3454915 0.02447173
vt 0.2061073 0.09549153
vt 0.3530537 0.2977458
vt 0.5 0.5
vt 0.3530537 0.2977458
vt 0.2977457 0.3530537
vt 0.3530537 0.2977458
vt 0.2061073 0.09549153
vt 0.09549144 0.2061075
vt 0.2977457 0.3530537
vt 0.5 0.5
vt 0.2977457 0.3530537
vt 0.2622359 0.4227457
vt 0.2977457 0.3530537
vt 0.09549144 0.2061075
vt 0.02447176 0.3454915
vt 0.2622359 0.4227457
vt 0.5 0.5
vt 0.2622359 0.4227457
vt 0.25 0.5
vt 0.2622359 0.4227457
vt 0.02447176 0.3454915
vt 0 0.5
vt 0.25 0.5
vt 0.5 0.5
vt 0.25 0.5
vt 0.2622359 0.5772543
vt 0.25 0.5
vt 0 0.5
vt 0.02447176 0.6545086
vt 0.2622359 0.5772543
vt 0.5 0.5
vt 0.2622359 0.5772543
vt 0.2977458 0.6469464
vt 0.2622359 0.5772543
vt 0.02447176 0.6545086
vt 0.09549159 0.7938927
vt 0.2977458 0.6469464
vt 0.5 0.5
vt 0.2977458 0.6469464
vt 0.3530537 0.7022543
vt 0.2977458 0.6469464
vt 0.09549159 0.7938927
vt 0.2061075 0.9045086
vt 0.3530537 0.7022543
vt 0.5 0.5
vt 0.3530537 0.7022543
vt 0.4227458 0.7377641
vt 0.3530537 0.7022543
vt 0.2061075 0.9045086
vt 0.3454915 0.9755282
vt 0.4227458 0.7377641
vt 0.5 0.5
vt 0.4227458 0.7377641
vt 0.5000001 0.75
vt 0.4227458 0.7377641
vt 0.3454915 0.9755282
vt 0.5000001 1
vt 0.5000001 0.75
vt 0.5 0.5
vt 0.5000001 0.75
vt 0.4227458 0.7377641
vt 0.5000001 0.75
vt 0.5000001 1
vt 0.3454915 0.9755282
vt 0.4227458 0.7377641
vt 0.5 0.5
vt 0.4227458 0.7377641
vt 0.3530537 0.7022543
vt 0.4227458 0.7377641
vt 0.3454915 0.9755282
vt 0.2061075 0.9045086
vt 0.3530537 0.7022543
vt 0.5 0.5
vt 0.3530537 0.7022543
vt 0.2977458 0.6469464
vt 0.3530537 0.7022543
vt 0.2061075 0.9045086
vt 0.09549159 0.7938927
vt 0.2977458 0.6469464
vt 0.5 0.5
vt 0.2977458 0.6469464
vt 0.2622359 0.5772543
vt 0.2977458 0.6469464
vt 0.09549159 0.7938927
vt 0.02447176 0.6545086
vt 0.2622359 0.5772543
vt 0.5 0.5
vt 0.2622359 0.5772543
vt 0.25 0.5
vt 0.2622359 0.5772543
vt 0.02447176 0.6545086
vt 0 0.5
vt 0.25 0.5
vt 0.5 0.5
vt 0.25 0.5
vt 0.2622359 0.4227457
vt 0.25 0.5
vt 0 0.5
vt 0.02447176 0.3454915
vt 0.2622359 0.4227457
vt 0.5 0.5
vt 0.2622359 0.4227457
vt 0.2977457 0.3530537
vt 0.2622359 0.4227457
vt 0.02447176 0.3454915
vt 0.09549144 0.2061075
vt 0.2977457 0.3530537
vt 0.5 0.5
vt 0.2977457 0.3530537
vt 0.3530537 0.2977458
vt 0.2977457 0.3530537
vt 0.09549144 0.2061075
vt 0.2061073 0.09549153
vt 0.3530537 0.2977458
vt 0.5 0.5
vt 0.3530537 0.2977458
vt 0.4227458 0.2622359
vt 0.3530537 0.2977458
vt 0.2061073 0.09549153
vt 0.3454915 0.02447173
vt 0.4227458 0.2622359
vt 0.5 0.5
vt 0.4227458 0.2622359
vt 0.5 0.25
vt 0.4227458 0.2622359
vt 0.3454915 0.02447173
vt 0.5 0
vt 0.5 0.25
vt 0.5 0.5
vt 0.5 0.25
vt 0.5772542 0.2622359
vt 0.5 0.25
vt 0.5 0
vt 0.6545084 0.0244717
vt 0.5772542 0.2622359
vt 0.5 0.5
vt 0.5772542 0.2622359
vt 0.6469463 0.2977457
vt 0.5772542 0.2622359
vt 0.6545084 0.0244717
vt 0.7938926 0.09549147
vt 0.6469463 0.2977457
vt 0.5 0.5
vt 0.6469463 0.2977457
vt 0.7022542 0.3530537
vt 0.6469463 0.2977457
vt 0.7938926 0.09549147
vt 0.9045085 0.2061074
vt 0.7022542 0.3530537
vt 0.5 0.5
vt 0.7022542 0.3530537
vt 0.7377641 0.4227457
vt 0.7022542 0.3530537
vt 0.9045085 0.2061074
vt 0.9755282 0.3454915
vt 0.7377641 0.4227457
vt 0.5 0.5
vt 0.7377641 0.4227457
vt 0.75 0.5
vt 0.7377641 0.4227457
vt 0.9755282 0.3454915
vt 1 0.5
vt 0.75 0.5
vt 0.5 0.5
vt 0.75 0.5
vt 0.7377641 0.5772542
vt 0.75 0.5
vt 1 0.5
vt 0.9755282 0.6545085
vt 0.7377641 0.5772542
vt 0.5 0.5
vt 0.7377641 0.5772542
vt 0.7022542 0.6469463
vt 0.7377641 0.5772542
vt 0.9755282 0.6545085
vt 0.9045085 0.7938926
vt 0.7022542 0.6469463
vt 0.5 0.5
vt 0.7022542 0.6469463
vt 0.6469463 0.7022542
vt 0.7022542 0.6469463
vt 0.9045085 0.7938926
vt 0.7938926 0.9045085
vt 0.6469463 0.7022542
vt 0.5 0.5
vt 0.6469463 0.7022542
vt 0.5772542 0.7377641
vt 0.6469463 0.7022542
vt 0.7938926 0.9045085
vt 0.6545085 0.9755282
vt 0.5772542 0.7377641
vt 0.5 0.5
vt 0.5772542 0.7377641
vt 0.5 0.75
vt 0.5772542 0.7377641
vt 0.6545085 0.9755282
vt 0.5 1
vt 0.5 0.75
usemtl Material 4
f 5219/5219/5219 5218/5218/5218 5217/5217/5217
f 5219/5219/5219 5217/5217/5217 5220/5220/5220
f 5223/5223/5223 5222/5222/5222 5221/5221/5221
f 5223/5223/5223 5221/5221/5221 5224/5224/5224
f 5227/5227/5227 5226/5226/5226 5225/5225/5225
f 5227/5227/5227 5225/5225/5225 5228/5228/5228
f 5231/5231/5231 5230/5230/5230 5229/5229/5229
f 5231/5231/5231 5229/5229/5229 5232/5232/5232
f 5235/5235/5235 5234/5234/5234 5233/5233/5233
f 5235/5235/5235 5233/5233/5233 5236/5236/5236
f 5239/5239/5239 5238/5238/5238 5237/5237/5237
f 5239/5239/5239 5237/5237/5237 5240/5240/5240
f 5243/5243/5243 5242/5242/5242 5241/5241/5241
f 5243/5243/5243 5241/5241/5241 5244/5244/5244
f 5247/5247/5247 5246/5246/5246 5245/5245/5245
f 5247/5247/5247 5245/5245/5245 5248/5248/5248
f 5251/5251/5251 5250/5250/5250 5249/5249/5249
f 5251/5251/5251 5249/5249/5249 5252/5252/5252
f 5255/5255/5255 5254/5254/5254 5253/5253/5253
f 5255/5255/5255 5253/5253/5253 5256/5256/5256
f 5259/5259/5259 5258/5258/5258 5257/5257/5257
f 5259/5259/5259 5257/5257/5257 5260/5260/5260
f 5263/5263/5263 5262/5262/5262 5261/5261/5261
f 5263/5263/5263 5261/5261/5261 5264/5264/5264
f 5267/5267/5267 5266/5266/5266 5265/5265/5265
f 5267/5267/5267 5265/5265/5265 5268/5268/5268
f 5271/5271/5271 5270/5270/5270 5269/5269/5269
f 5271/5271/5271 5269/5269/5269 5272/5272/5272
f 5275/5275/5275 5274/5274/5274 5273/5273/5273
f 5275/5275/5275 5273/5273/5273 5276/5276/5276
f 5279/5279/5279 5278/5278/5278 5277/5277/5277
f 5279/5279/5279 5277/5277/5277 5280/5280/5280
f 5283/5283/5283 5282/5282/5282 5281/5281/5281
f 5283/5283/5283 5281/5281/5281 5284/5284/5284
f 5287/5287/5287 5286/5286/5286 5285/5285/5285
f 5287/5287/5287 5285/5285/5285 5288/5288/5288
f 5291/5291/5291 5290/5290/5290 5289/5289/5289
f 5291/5291/5291 5289/5289/5289 5292/5292/5292
f 5295/5295/5295 5294/5294/5294 5293/5293/5293
f 5295/5295/5295 5293/5293/5293 5296/5296/5296
f 5299/5299/5299 5298/5298/5298 5297/5297/5297
f 5299/5299/5299 5297/5297/5297 5300/5300/5300
f 5303/5303/5303 5302/5302/5302 5301/5301/5301
f 5303/5303/5303 5301/5301/5301 5304/5304/5304
f 5307/5307/5307 5306/5306/5306 5305/5305/5305
f 5307/5307/5307 5305/5305/5305 5308/5308/5308
f 5311/5311/5311 5310/5310/5310 5309/5309/5309
f 5311/5311/5311 5309/5309/5309 5312/5312/5312
f 5315/5315/5315 5314/5314/5314 5313/5313/5313
f 5315/5315/5315 5313/5313/5313 5316/5316/5316
f 5319/5319/5319 5318/5318/5318 5317/5317/5317
f 5319/5319/5319 5317/5317/5317 5320/5320/5320
f 5323/5323/5323 5322/5322/5322 5321/5321/5321
f 5323/5323/5323 5321/5321/5321 5324/5324/5324
f 5327/5327/5327 5326/5326/5326 5325/5325/5325
f 5327/5327/5327 5325/5325/5325 5328/5328/5328
f 5331/5331/5331 5330/5330/5330 5329/5329/5329
f 5331/5331/5331 5329/5329/5329 5332/5332/5332
f 5335/5335/5335 5334/5334/5334 5333/5333/5333
f 5335/5335/5335 5333/5333/5333 5336/5336/5336
f 5339/5339/5339 5338/5338/5338 5337/5337/5337
f 5339/5339/5339 5337/5337/5337 5340/5340/5340
f 5343/5343/5343 5342/5342/5342 5341/5341/5341
f 5343/5343/5343 5341/5341/5341 5344/5344/5344
f 5347/5347/5347 5346/5346/5346 5345/5345/5345
f 5347/5347/5347 5345/5345/5345 5348/5348/5348
f 5351/5351/5351 5350/5350/5350 5349/5349/5349
f 5351/5351/5351 5349/5349/5349 5352/5352/5352
f 5355/5355/5355 5354/5354/5354 5353/5353/5353
f 5355/5355/5355 5353/5353/5353 5356/5356/5356
f 5359/5359/5359 5358/5358/5358 5357/5357/5357
f 5359/5359/5359 5357/5357/5357 5360/5360/5360
f 5363/5363/5363 5362/5362/5362 5361/5361/5361
f 5363/5363/5363 5361/5361/5361 5364/5364/5364
f 5367/5367/5367 5366/5366/5366 5365/5365/5365
f 5367/5367/5367 5365/5365/5365 5368/5368/5368
f 5371/5371/5371 5370/5370/5370 5369/5369/5369
f 5371/5371/5371 5369/5369/5369 5372/5372/5372
f 5375/5375/5375 5374/5374/5374 5373/5373/5373
f 5375/5375/5375 5373/5373/5373 5376/5376/5376
f 5379/5379/5379 5378/5378/5378 5377/5377/5377
f 5382/5382/5382 5381/5381/5381 5380/5380/5380
f 5382/5382/5382 5380/5380/5380 5383/5383/5383
f 5386/5386/5386 5385/5385/5385 5384/5384/5384
f 5389/5389/5389 5388/5388/5388 5387/5387/5387
f 5389/5389/5389 5387/5387/5387 5390/5390/5390
f 5393/5393/5393 5392/5392/5392 5391/5391/5391
f 5396/5396/5396 5395/5395/5395 5394/5394/5394
f 5396/5396/5396 5394/5394/5394 5397/5397/5397
f 5400/5400/5400 5399/5399/5399 5398/5398/5398
f 5403/5403/5403 5402/5402/5402 5401/5401/5401
f 5403/5403/5403 5401/5401/5401 5404/5404/5404
f 5407/5407/5407 5406/5406/5406 5405/5405/5405
f 5410/5410/5410 5409/5409/5409 5408/5408/5408
f 5410/5410/5410 5408/5408/5408 5411/5411/5411
f 5414/5414/5414 5413/5413/5413 5412/5412/5412
f 5417/5417/5417 5416/5416/5416 5415/5415/5415
f 5417/5417/5417 5415/5415/5415 5418/5418/5418
f 5421/5421/5421 5420/5420/5420 5419/5419/5419
f 5424/5424/5424 5423/5423/5423 5422/5422/5422
f 5424/5424/5424 5422/5422/5422 5425/5425/5425
f 5428/5428/5428 5427/5427/5427 5426/5426/5426
f 5431/5431/5431 5430/5430/5430 5429/5429/5429
f 5431/5431/5431 5429/5429/5429 5432/5432/5432
f 5435/5435/5435 5434/5434/5434 5433/5433/5433
f 5438/5438/5438 5437/5437/5437 5436/5436/5436
f 5438/5438/5438 5436/5436/5436 5439/5439/5439
f 5442/5442/5442 5441/5441/5441 5440/5440/5440
f 5445/5445/5445 5444/5444/5444 5443/5443/5443
f 5445/5445/5445 5443/5443/5443 5446/5446/5446
f 5449/5449/5449 5448/5448/5448 5447/5447/5447
f 5452/5452/5452 5451/5451/5451 5450/5450/5450
f 5452/5452/5452 5450/5450/5450 5453/5453/5453
f 5456/5456/5456 5455/5455/5455 5454/5454/5454
f 5459/5459/5459 5458/5458/5458 5457/5457/5457
f 5459/5459/5459 5457/5457/5457 5460/5460/5460
f 5463/5463/5463 5462/5462/5462 5461/5461/5461
f 5466/5466/5466 5465/5465/5465 5464/5464/5464
f 5466/5466/5466 5464/5464/5464 5467/5467/5467
f 5470/5470/5470 5469/5469/5469 5468/5468/5468
f 5473/5473/5473 5472/5472/5472 5471/5471/5471
f 5473/5473/5473 5471/5471/5471 5474/5474/5474
f 5477/5477/5477 5476/5476/5476 5475/5475/5475
f 5480/5480/5480 5479/5479/5479 5478/5478/5478
f 5480/5480/5480 5478/5478/5478 5481/5481/5481
f 5484/5484/5484 5483/5483/5483 5482/5482/5482
f 5487/5487/5487 5486/5486/5486 5485/5485/5485
f 5487/5487/5487 5485/5485/5485 5488/5488/5488
f 5491/5491/5491 5490/5490/5490 5489/5489/5489
f 5494/5494/5494 5493/5493/5493 5492/5492/5492
f 5494/5494/5494 5492/5492/5492 5495/5495/5495
f 5498/5498/5498 5497/5497/5497 5496/5496/5496
f 5501/5501/5501 5500/5500/5500 5499/5499/5499
f 5501/5501/5501 5499/5499/5499 5502/5502/5502
f 5505/5505/5505 5504/5504/5504 5503/5503/5503
f 5508/5508/5508 5507/5507/5507 5506/5506/5506
f 5508/5508/5508 5506/5506/5506 5509/5509/5509
f 5512/5512/5512 5511/5511/5511 5510/5510/5510
f 5515/5515/5515 5514/5514/5514 5513/5513/5513
f 5515/5515/5515 5513/5513/5513 5516/5516/5516
f 5519/5519/5519 5518/5518/5518 5517/5517/5517
f 5522/5522/5522 5521/5521/5521 5520/5520/5520
f 5522/5522/5522 5520/5520/5520 5523/5523/5523
f 5526/5526/5526 5525/5525/5525 5524/5524/5524
f 5529/5529/5529 5528/5528/5528 5527/5527/5527
f 5529/5529/5529 5527/5527/5527 5530/5530/5530
f 5533/5533/5533 5532/5532/5532 5531/5531/5531
f 5536/5536/5536 5535/5535/5535 5534/5534/5534
f 5536/5536/5536 5534/5534/5534 5537/5537/5537
f 5540/5540/5540 5539/5539/5539 5538/5538/5538
f 5543/5543/5543 5542/5542/5542 5541/5541/5541
f 5543/5543/5543 5541/5541/5541 5544/5544/5544
f 5547/5547/5547 5546/5546/5546 5545/5545/5545
f 5550/5550/5550 5549/5549/5549 5548/5548/5548
f 5550/5550/5550 5548/5548/5548 5551/5551/5551
f 5554/5554/5554 5553/5553/5553 5552/5552/5552
f 5557/5557/5557 5556/5556/5556 5555/5555/5555
f 5557/5557/5557 5555/5555/5555 5558/5558/5558
f 5561/5561/5561 5560/5560/5560 5559/5559/5559
f 5564/5564/5564 5563/5563/5563 5562/5562/5562
f 5564/5564/5564 5562/5562/5562 5565/5565/5565
f 5568/5568/5568 5567/5567/5567 5566/5566/5566
f 5571/5571/5571 5570/5570/5570 5569/5569/5569
f 5571/5571/5571 5569/5569/5569 5572/5572/5572
f 5575/5575/5575 5574/5574/5574 5573/5573/5573
f 5578/5578/5578 5577/5577/5577 5576/5576/5576
f 5578/5578/5578 5576/5576/5576 5579/5579/5579
f 5582/5582/5582 5581/5581/5581 5580/5580/5580
f 5585/5585/5585 5584/5584/5584 5583/5583/5583
f 5585/5585/5585 5583/5583/5583 5586/5586/5586
f 5589/5589/5589 5588/5588/5588 5587/5587/5587
f 5592/5592/5592 5591/5591/5591 5590/5590/5590
f 5592/5592/5592 5590/5590/5590 5593/5593/5593
f 5596/5596/5596 5595/5595/5595 5594/5594/5594
f 5599/5599/5599 5598/5598/5598 5597/5597/5597
f 5599/5599/5599 5597/5597/5597 5600/5600/5600
f 5603/5603/5603 5602/5602/5602 5601/5601/5601
f 5606/5606/5606 5605/5605/5605 5604/5604/5604
f 5606/5606/5606 5604/5604/5604 5607/5607/5607
f 5610/5610/5610 5609/5609/5609 5608/5608/5608
f 5613/5613/5613 5612/5612/5612 5611/5611/5611
f 5613/5613/5613 5611/5611/5611 5614/5614/5614
f 5617/5617/5617 5616/5616/5616 5615/5615/5615
f 5620/5620/5620 5619/5619/5619 5618/5618/5618
f 5620/5620/5620 5618/5618/5618 5621/5621/5621
f 5624/5624/5624 5623/5623/5623 5622/5622/5622
f 5627/5627/5627 5626/5626/5626 5625/5625/5625
f 5627/5627/5627 5625/5625/5625 5628/5628/5628
f 5631/5631/5631 5630/5630/5630 5629/5629/5629
f 5634/5634/5634 5633/5633/5633 5632/5632/5632
f 5634/5634/5634 5632/5632/5632 5635/5635/5635
f 5638/5638/5638 5637/5637/5637 5636/5636/5636
f 5641/5641/5641 5640/5640/5640 5639/5639/5639
f 5641/5641/5641 5639/5639/5639 5642/5642/5642
f 5645/5645/5645 5644/5644/5644 5643/5643/5643
f 5648/5648/5648 5647/5647/5647 5646/5646/5646
f 5648/5648/5648 5646/5646/5646 5649/5649/5649
f 5652/5652/5652 5651/5651/5651 5650/5650/5650
f 5655/5655/5655 5654/5654/5654 5653/5653/5653
f 5655/5655/5655 5653/5653/5653 5656/5656/5656
o #353535 2
v -1.035935 -0.5592555 -2.631582
v -0.003317595 -0.5592556 -2.631582
v -0.003317603 -0.6071584 -2.623995
v -1.035935 -0.6071582 -2.623995
v -0.003317595 -0.5592556 -2.631582
v 1.029299 -0.5592558 -2.631582
v 1.029299 -0.6071585 -2.623995
v -0.003317603 -0.6071584 -2.623995
v -1.035935 -0.5160418 -2.653599
v -0.003317595 -0.5160419 -2.653599
v -0.003317595 -0.5592556 -2.631582
v -1.035935 -0.5592555 -2.631582
v -0.003317595 -0.5160419 -2.653599
v 1.029299 -0.5160421 -2.653599
v 1.029299 -0.5592558 -2.631582
v -0.003317595 -0.5592556 -2.631582
v -1.035935 -0.4817472 -2.687891
v -0.003317588 -0.4817473 -2.687891
v -0.003317595 -0.5160419 -2.653599
v -1.035935 -0.5160418 -2.653599
v -0.003317588 -0.4817473 -2.687891
v 1.029299 -0.4817474 -2.687891
v 1.029299 -0.5160421 -2.653599
v -0.003317595 -0.5160419 -2.653599
v -1.035935 -0.4597288 -2.731102
v -0.003317588 -0.4597289 -2.731102
v -0.003317588 -0.4817473 -2.687891
v -1.035935 -0.4817472 -2.687891
v -0.003317588 -0.4597289 -2.731102
v 1.029299 -0.459729 -2.731102
v 1.029299 -0.4817474 -2.687891
v -0.003317588 -0.4817473 -2.687891
v -1.035935 -0.4521417 -2.779001
v -0.003317588 -0.4521418 -2.779001
v -0.003317588 -0.4597289 -2.731102
v -1.035935 -0.4597288 -2.731102
v -0.003317588 -0.4521418 -2.779001
v 1.029299 -0.4521419 -2.779001
v 1.029299 -0.459729 -2.731102
v -0.003317588 -0.4597289 -2.731102
v -1.035935 -0.4597288 -2.826901
v -0.003317588 -0.4597289 -2.826901
v -0.003317588 -0.4521418 -2.779001
v -1.035935 -0.4521417 -2.779001
v -0.003317588 -0.4597289 -2.826901
v 1.029299 -0.459729 -2.826901
v 1.029299 -0.4521419 -2.779001
v -0.003317588 -0.4521418 -2.779001
v -1.035935 -0.4817472 -2.870112
v -0.003317588 -0.4817473 -2.870112
v -0.003317588 -0.4597289 -2.826901
v -1.035935 -0.4597288 -2.826901
v -0.003317588 -0.4817473 -2.870112
v 1.029299 -0.4817474 -2.870112
v 1.029299 -0.459729 -2.826901
v -0.003317588 -0.4597289 -2.826901
v -1.035935 -0.5160418 -2.904404
v -0.003317595 -0.5160419 -2.904404
v -0.003317588 -0.4817473 -2.870112
v -1.035935 -0.4817472 -2.870112
v -0.003317595 -0.5160419 -2.904404
v 1.029299 -0.5160421 -2.904404
v 1.029299 -0.4817474 -2.870112
v -0.003317588 -0.4817473 -2.870112
v -1.035935 -0.5592555 -2.926421
v -0.003317595 -0.5592557 -2.926421
v -0.003317595 -0.5160419 -2.904404
v -1.035935 -0.5160418 -2.904404
v -0.003317595 -0.5592557 -2.926421
v 1.029299 -0.5592558 -2.926421
v 1.029299 -0.5160421 -2.904404
v -0.003317595 -0.5160419 -2.904404
v -1.035935 -0.6071582 -2.934007
v -0.003317603 -0.6071584 -2.934007
v -0.003317595 -0.5592557 -2.926421
v -1.035935 -0.5592555 -2.926421
v -0.003317603 -0.6071584 -2.934007
v 1.029299 -0.6071585 -2.934007
v 1.029299 -0.5592558 -2.926421
v -0.003317595 -0.5592557 -2.926421
v -1.035935 -0.6550609 -2.926421
v -0.00331761 -0.6550611 -2.926421
v -0.003317603 -0.6071584 -2.934007
v -1.035935 -0.6071582 -2.934007
v -0.00331761 -0.6550611 -2.926421
v 1.029299 -0.6550612 -2.926421
v 1.029299 -0.6071585 -2.934007
v -0.003317603 -0.6071584 -2.934007
v -1.035935 -0.6982747 -2.904404
v -0.00331761 -0.6982748 -2.904404
v -0.00331761 -0.6550611 -2.926421
v -1.035935 -0.6550609 -2.926421
v -0.00331761 -0.6982748 -2.904404
v 1.029299 -0.6982749 -2.904404
v 1.029299 -0.6550612 -2.926421
v -0.00331761 -0.6550611 -2.926421
v -1.035935 -0.7325693 -2.870111
v -0.003317618 -0.7325694 -2.870111
v -0.00331761 -0.6982748 -2.904404
v -1.035935 -0.6982747 -2.904404
v -0.003317618 -0.7325694 -2.870111
v 1.029299 -0.7325695 -2.870111
v 1.029299 -0.6982749 -2.904404
v -0.00331761 -0.6982748 -2.904404
v -1.035935 -0.7545877 -2.826901
v -0.003317618 -0.7545879 -2.826901
v -0.003317618 -0.7325694 -2.870111
v -1.035935 -0.7325693 -2.870111
v -0.003317618 -0.7545879 -2.826901
v 1.029299 -0.7545879 -2.826901
v 1.029299 -0.7325695 -2.870111
v -0.003317618 -0.7325694 -2.870111
v -1.035935 -0.7621748 -2.779001
v -0.003317618 -0.7621749 -2.779001
v -0.003317618 -0.7545879 -2.826901
v -1.035935 -0.7545877 -2.826901
v -0.003317618 -0.7621749 -2.779001
v 1.029299 -0.762175 -2.779001
v 1.029299 -0.7545879 -2.826901
v -0.003317618 -0.7545879 -2.826901
v -1.035935 -0.7545877 -2.731102
v -0.003317618 -0.7545879 -2.731102
v -0.003317618 -0.7621749 -2.779001
v -1.035935 -0.7621748 -2.779001
v -0.003317618 -0.7545879 -2.731102
v 1.029299 -0.7545879 -2.731102
v 1.029299 -0.762175 -2.779001
v -0.003317618 -0.7621749 -2.779001
v -1.035935 -0.7325693 -2.687891
v -0.003317618 -0.7325693 -2.687891
v -0.003317618 -0.7545879 -2.731102
v -1.035935 -0.7545877 -2.731102
v -0.003317618 -0.7325693 -2.687891
v 1.029299 -0.7325695 -2.687891
v 1.029299 -0.7545879 -2.731102
v -0.003317618 -0.7545879 -2.731102
v -1.035935 -0.6982747 -2.653599
v -0.00331761 -0.6982747 -2.653599
v -0.003317618 -0.7325693 -2.687891
v -1.035935 -0.7325693 -2.687891
v -0.00331761 -0.6982747 -2.653599
v 1.029299 -0.6982749 -2.653599
v 1.029299 -0.7325695 -2.687891
v -0.003317618 -0.7325693 -2.687891
v -1.035935 -0.6550609 -2.631582
v -0.00331761 -0.6550611 -2.631582
v -0.00331761 -0.6982747 -2.653599
v -1.035935 -0.6982747 -2.653599
v -0.00331761 -0.6550611 -2.631582
v 1.029299 -0.6550612 -2.631582
v 1.029299 -0.6982749 -2.653599
v -0.00331761 -0.6982747 -2.653599
v -1.035935 -0.6071582 -2.623995
v -0.003317603 -0.6071584 -2.623995
v -0.00331761 -0.6550611 -2.631582
v -1.035935 -0.6550609 -2.631582
v -0.003317603 -0.6071584 -2.623995
v 1.029299 -0.6071585 -2.623995
v 1.029299 -0.6550612 -2.631582
v -0.00331761 -0.6550611 -2.631582
v 1.029299 -0.6071585 -2.779001
v 1.029299 -0.6071585 -2.701498
v 1.029299 -0.5832071 -2.705292
v 1.029299 -0.6071585 -2.701498
v 1.029299 -0.6071585 -2.623995
v 1.029299 -0.5592558 -2.631582
v 1.029299 -0.5832071 -2.705292
v 1.029299 -0.6071585 -2.779001
v 1.029299 -0.5832071 -2.705292
v 1.029299 -0.5616003 -2.7163
v 1.029299 -0.5832071 -2.705292
v 1.029299 -0.5592558 -2.631582
v 1.029299 -0.5160421 -2.653599
v 1.029299 -0.5616003 -2.7163
v 1.029299 -0.6071585 -2.779001
v 1.029299 -0.5616003 -2.7163
v 1.029299 -0.544453 -2.733446
v 1.029299 -0.5616003 -2.7163
v 1.029299 -0.5160421 -2.653599
v 1.029299 -0.4817474 -2.687891
v 1.029299 -0.544453 -2.733446
v 1.029299 -0.6071585 -2.779001
v 1.029299 -0.544453 -2.733446
v 1.029299 -0.5334437 -2.755051
v 1.029299 -0.544453 -2.733446
v 1.029299 -0.4817474 -2.687891
v 1.029299 -0.459729 -2.731102
v 1.029299 -0.5334437 -2.755051
v 1.029299 -0.6071585 -2.779001
v 1.029299 -0.5334437 -2.755051
v 1.029299 -0.5296503 -2.779001
v 1.029299 -0.5334437 -2.755051
v 1.029299 -0.459729 -2.731102
v 1.029299 -0.4521419 -2.779001
v 1.029299 -0.5296503 -2.779001
v 1.029299 -0.6071585 -2.779001
v 1.029299 -0.5296503 -2.779001
v 1.029299 -0.5334437 -2.802951
v 1.029299 -0.5296503 -2.779001
v 1.029299 -0.4521419 -2.779001
v 1.029299 -0.459729 -2.826901
v 1.029299 -0.5334437 -2.802951
v 1.029299 -0.6071585 -2.779001
v 1.029299 -0.5334437 -2.802951
v 1.029299 -0.544453 -2.824556
v 1.029299 -0.5334437 -2.802951
v 1.029299 -0.459729 -2.826901
v 1.029299 -0.4817474 -2.870112
v 1.029299 -0.544453 -2.824556
v 1.029299 -0.6071585 -2.779001
v 1.029299 -0.544453 -2.824556
v 1.029299 -0.5616003 -2.841702
v 1.029299 -0.544453 -2.824556
v 1.029299 -0.4817474 -2.870112
v 1.029299 -0.5160421 -2.904404
v 1.029299 -0.5616003 -2.841702
v 1.029299 -0.6071585 -2.779001
v 1.029299 -0.5616003 -2.841702
v 1.029299 -0.5832071 -2.852711
v 1.029299 -0.5616003 -2.841702
v 1.029299 -0.5160421 -2.904404
v 1.029299 -0.5592558 -2.926421
v 1.029299 -0.5832071 -2.852711
v 1.029299 -0.6071585 -2.779001
v 1.029299 -0.5832071 -2.852711
v 1.029299 -0.6071585 -2.856504
v 1.029299 -0.5832071 -2.852711
v 1.029299 -0.5592558 -2.926421
v 1.029299 -0.6071585 -2.934007
v 1.029299 -0.6071585 -2.856504
v 1.029299 -0.6071585 -2.779001
v 1.029299 -0.6071585 -2.856504
v 1.029299 -0.6311099 -2.852711
v 1.029299 -0.6071585 -2.856504
v 1.029299 -0.6071585 -2.934007
v 1.029299 -0.6550612 -2.926421
v 1.029299 -0.6311099 -2.852711
v 1.029299 -0.6071585 -2.779001
v 1.029299 -0.6311099 -2.852711
v 1.029299 -0.6527167 -2.841702
v 1.029299 -0.6311099 -2.852711
v 1.029299 -0.6550612 -2.926421
v 1.029299 -0.6982749 -2.904404
v 1.029299 -0.6527167 -2.841702
v 1.029299 -0.6071585 -2.779001
v 1.029299 -0.6527167 -2.841702
v 1.029299 -0.669864 -2.824556
v 1.029299 -0.6527167 -2.841702
v 1.029299 -0.6982749 -2.904404
v 1.029299 -0.7325695 -2.870111
v 1.029299 -0.669864 -2.824556
v 1.029299 -0.6071585 -2.779001
v 1.029299 -0.669864 -2.824556
v 1.029299 -0.6808732 -2.802951
v 1.029299 -0.669864 -2.824556
v 1.029299 -0.7325695 -2.870111
v 1.029299 -0.7545879 -2.826901
v 1.029299 -0.6808732 -2.802951
v 1.029299 -0.6071585 -2.779001
v 1.029299 -0.6808732 -2.802951
v 1.029299 -0.6846668 -2.779001
v 1.029299 -0.6808732 -2.802951
v 1.029299 -0.7545879 -2.826901
v 1.029299 -0.762175 -2.779001
v 1.029299 -0.6846668 -2.779001
v 1.029299 -0.6071585 -2.779001
v 1.029299 -0.6846668 -2.779001
v 1.029299 -0.6808732 -2.755051
v 1.029299 -0.6846668 -2.779001
v 1.029299 -0.762175 -2.779001
v 1.029299 -0.7545879 -2.731102
v 1.029299 -0.6808732 -2.755051
v 1.029299 -0.6071585 -2.779001
v 1.029299 -0.6808732 -2.755051
v 1.029299 -0.669864 -2.733446
v 1.029299 -0.6808732 -2.755051
v 1.029299 -0.7545879 -2.731102
v 1.029299 -0.7325695 -2.687891
v 1.029299 -0.669864 -2.733446
v 1.029299 -0.6071585 -2.779001
v 1.029299 -0.669864 -2.733446
v 1.029299 -0.6527167 -2.7163
v 1.029299 -0.669864 -2.733446
v 1.029299 -0.7325695 -2.687891
v 1.029299 -0.6982749 -2.653599
v 1.029299 -0.6527167 -2.7163
v 1.029299 -0.6071585 -2.779001
v 1.029299 -0.6527167 -2.7163
v 1.029299 -0.6311099 -2.705292
v 1.029299 -0.6527167 -2.7163
v 1.029299 -0.6982749 -2.653599
v 1.029299 -0.6550612 -2.631582
v 1.029299 -0.6311099 -2.705292
v 1.029299 -0.6071585 -2.779001
v 1.029299 -0.6311099 -2.705292
v 1.029299 -0.6071585 -2.701498
v 1.029299 -0.6311099 -2.705292
v 1.029299 -0.6550612 -2.631582
v 1.029299 -0.6071585 -2.623995
v 1.029299 -0.6071585 -2.701498
v -1.035935 -0.6071582 -2.779001
v -1.035935 -0.6071582 -2.701498
v -1.035935 -0.6311097 -2.705292
v -1.035935 -0.6071582 -2.701498
v -1.035935 -0.6071582 -2.623995
v -1.035935 -0.6550609 -2.631582
v -1.035935 -0.6311097 -2.705292
v -1.035935 -0.6071582 -2.779001
v -1.035935 -0.6311097 -2.705292
v -1.035935 -0.6527165 -2.7163
v -1.035935 -0.6311097 -2.705292
v -1.035935 -0.6550609 -2.631582
v -1.035935 -0.6982747 -2.653599
v -1.035935 -0.6527165 -2.7163
v -1.035935 -0.6071582 -2.779001
v -1.035935 -0.6527165 -2.7163
v -1.035935 -0.6698638 -2.733446
v -1.035935 -0.6527165 -2.7163
v -1.035935 -0.6982747 -2.653599
v -1.035935 -0.7325693 -2.687891
v -1.035935 -0.6698638 -2.733446
v -1.035935 -0.6071582 -2.779001
v -1.035935 -0.6698638 -2.733446
v -1.035935 -0.680873 -2.755051
v -1.035935 -0.6698638 -2.733446
v -1.035935 -0.7325693 -2.687891
v -1.035935 -0.7545877 -2.731102
v -1.035935 -0.680873 -2.755051
v -1.035935 -0.6071582 -2.779001
v -1.035935 -0.680873 -2.755051
v -1.035935 -0.6846665 -2.779001
v -1.035935 -0.680873 -2.755051
v -1.035935 -0.7545877 -2.731102
v -1.035935 -0.7621748 -2.779001
v -1.035935 -0.6846665 -2.779001
v -1.035935 -0.6071582 -2.779001
v -1.035935 -0.6846665 -2.779001
v -1.035935 -0.680873 -2.802951
v -1.035935 -0.6846665 -2.779001
v -1.035935 -0.7621748 -2.779001
v -1.035935 -0.7545877 -2.826901
v -1.035935 -0.680873 -2.802951
v -1.035935 -0.6071582 -2.779001
v -1.035935 -0.680873 -2.802951
v -1.035935 -0.6698638 -2.824556
v -1.035935 -0.680873 -2.802951
v -1.035935 -0.7545877 -2.826901
v -1.035935 -0.7325693 -2.870111
v -1.035935 -0.6698638 -2.824556
v -1.035935 -0.6071582 -2.779001
v -1.035935 -0.6698638 -2.824556
v -1.035935 -0.6527165 -2.841702
v -1.035935 -0.6698638 -2.824556
v -1.035935 -0.7325693 -2.870111
v -1.035935 -0.6982747 -2.904404
v -1.035935 -0.6527165 -2.841702
v -1.035935 -0.6071582 -2.779001
v -1.035935 -0.6527165 -2.841702
v -1.035935 -0.6311097 -2.852711
v -1.035935 -0.6527165 -2.841702
v -1.035935 -0.6982747 -2.904404
v -1.035935 -0.6550609 -2.926421
v -1.035935 -0.6311097 -2.852711
v -1.035935 -0.6071582 -2.779001
v -1.035935 -0.6311097 -2.852711
v -1.035935 -0.6071582 -2.856504
v -1.035935 -0.6311097 -2.852711
v -1.035935 -0.6550609 -2.926421
v -1.035935 -0.6071582 -2.934007
v -1.035935 -0.6071582 -2.856504
v -1.035935 -0.6071582 -2.779001
v -1.035935 -0.6071582 -2.856504
v -1.035935 -0.5832068 -2.852711
v -1.035935 -0.6071582 -2.856504
v -1.035935 -0.6071582 -2.934007
v -1.035935 -0.5592555 -2.926421
v -1.035935 -0.5832068 -2.852711
v -1.035935 -0.6071582 -2.779001
v -1.035935 -0.5832068 -2.852711
v -1.035935 -0.5616 -2.841702
v -1.035935 -0.5832068 -2.852711
v -1.035935 -0.5592555 -2.926421
v -1.035935 -0.5160418 -2.904404
v -1.035935 -0.5616 -2.841702
v -1.035935 -0.6071582 -2.779001
v -1.035935 -0.5616 -2.841702
v -1.035935 -0.5444527 -2.824556
v -1.035935 -0.5616 -2.841702
v -1.035935 -0.5160418 -2.904404
v -1.035935 -0.4817472 -2.870112
v -1.035935 -0.5444527 -2.824556
v -1.035935 -0.6071582 -2.779001
v -1.035935 -0.5444527 -2.824556
v -1.035935 -0.5334435 -2.802951
v -1.035935 -0.5444527 -2.824556
v -1.035935 -0.4817472 -2.870112
v -1.035935 -0.4597288 -2.826901
v -1.035935 -0.5334435 -2.802951
v -1.035935 -0.6071582 -2.779001
v -1.035935 -0.5334435 -2.802951
v -1.035935 -0.52965 -2.779001
v -1.035935 -0.5334435 -2.802951
v -1.035935 -0.4597288 -2.826901
v -1.035935 -0.4521417 -2.779001
v -1.035935 -0.52965 -2.779001
v -1.035935 -0.6071582 -2.779001
v -1.035935 -0.52965 -2.779001
v -1.035935 -0.5334435 -2.755051
v -1.035935 -0.52965 -2.779001
v -1.035935 -0.4521417 -2.779001
v -1.035935 -0.4597288 -2.731102
v -1.035935 -0.5334435 -2.755051
v -1.035935 -0.6071582 -2.779001
v -1.035935 -0.5334435 -2.755051
v -1.035935 -0.5444527 -2.733446
v -1.035935 -0.5334435 -2.755051
v -1.035935 -0.4597288 -2.731102
v -1.035935 -0.4817472 -2.687891
v -1.035935 -0.5444527 -2.733446
v -1.035935 -0.6071582 -2.779001
v -1.035935 -0.5444527 -2.733446
v -1.035935 -0.5616 -2.7163
v -1.035935 -0.5444527 -2.733446
v -1.035935 -0.4817472 -2.687891
v -1.035935 -0.5160418 -2.653599
v -1.035935 -0.5616 -2.7163
v -1.035935 -0.6071582 -2.779001
v -1.035935 -0.5616 -2.7163
v -1.035935 -0.5832068 -2.705292
v -1.035935 -0.5616 -2.7163
v -1.035935 -0.5160418 -2.653599
v -1.035935 -0.5592555 -2.631582
v -1.035935 -0.5832068 -2.705292
v -1.035935 -0.6071582 -2.779001
v -1.035935 -0.5832068 -2.705292
v -1.035935 -0.6071582 -2.701498
v -1.035935 -0.5832068 -2.705292
v -1.035935 -0.5592555 -2.631582
v -1.035935 -0.6071582 -2.623995
v -1.035935 -0.6071582 -2.701498
vn 2.980232E-08 0.3089995 0.9510622
vn 2.980232E-08 0.3089995 0.9510622
vn -1.776357E-15 -1.609268E-08 1
vn -1.776357E-15 -1.609268E-08 1
vn 2.980232E-08 0.3089995 0.9510622
vn 2.980232E-08 0.3089995 0.9510622
vn -1.776357E-15 -1.609268E-08 1
vn -1.776357E-15 -1.609268E-08 1
vn 5.960464E-08 0.5877611 0.8090346
vn 5.960464E-08 0.5877611 0.8090346
vn 2.980232E-08 0.3089995 0.9510622
vn 2.980232E-08 0.3089995 0.9510622
vn 5.960464E-08 0.5877611 0.8090346
vn 5.960464E-08 0.5877611 0.8090346
vn 2.980232E-08 0.3089995 0.9510622
vn 2.980232E-08 0.3089995 0.9510622
vn 1.192093E-07 0.8089994 0.5878097
vn 1.192093E-07 0.8089994 0.5878096
vn 5.960464E-08 0.5877611 0.8090346
vn 5.960464E-08 0.5877611 0.8090346
vn 1.192093E-07 0.8089994 0.5878096
vn 1.192093E-07 0.8089994 0.5878097
vn 5.960464E-08 0.5877611 0.8090346
vn 5.960464E-08 0.5877611 0.8090346
vn 1.192093E-07 0.9510509 0.3090345
vn 1.192093E-07 0.9510509 0.3090345
vn 1.192093E-07 0.8089994 0.5878096
vn 1.192093E-07 0.8089994 0.5878097
vn 1.192093E-07 0.9510509 0.3090345
vn 1.192093E-07 0.9510509 0.3090345
vn 1.192093E-07 0.8089994 0.5878097
vn 1.192093E-07 0.8089994 0.5878096
vn 1.192093E-07 1 -1.609272E-08
vn 1.192093E-07 1 -1.609272E-08
vn 1.192093E-07 0.9510509 0.3090345
vn 1.192093E-07 0.9510509 0.3090345
vn 1.192093E-07 1 -1.609272E-08
vn 1.192093E-07 1 -1.609272E-08
vn 1.192093E-07 0.9510509 0.3090345
vn 1.192093E-07 0.9510509 0.3090345
vn 1.192093E-07 0.9510509 -0.3090346
vn 1.192093E-07 0.9510509 -0.3090346
vn 1.192093E-07 1 -1.609272E-08
vn 1.192093E-07 1 -1.609272E-08
vn 1.192093E-07 0.9510509 -0.3090346
vn 1.192093E-07 0.9510509 -0.3090346
vn 1.192093E-07 1 -1.609272E-08
vn 1.192093E-07 1 -1.609272E-08
vn 1.192093E-07 0.8089994 -0.5878096
vn 1.192093E-07 0.8089994 -0.5878096
vn 1.192093E-07 0.9510509 -0.3090346
vn 1.192093E-07 0.9510509 -0.3090346
vn 1.192093E-07 0.8089994 -0.5878096
vn 1.192093E-07 0.8089994 -0.5878096
vn 1.192093E-07 0.9510509 -0.3090346
vn 1.192093E-07 0.9510509 -0.3090346
vn 5.960464E-08 0.5877611 -0.8090346
vn 5.960464E-08 0.5877611 -0.8090346
vn 1.192093E-07 0.8089994 -0.5878096
vn 1.192093E-07 0.8089994 -0.5878096
vn 5.960464E-08 0.5877611 -0.8090346
vn 5.960464E-08 0.5877611 -0.8090346
vn 1.192093E-07 0.8089994 -0.5878096
vn 1.192093E-07 0.8089994 -0.5878096
vn 2.980232E-08 0.3089993 -0.9510623
vn 2.980232E-08 0.3089993 -0.9510623
vn 5.960464E-08 0.5877611 -0.8090346
vn 5.960464E-08 0.5877611 -0.8090346
vn 2.980232E-08 0.3089993 -0.9510623
vn 2.980232E-08 0.3089993 -0.9510623
vn 5.960464E-08 0.5877611 -0.8090346
vn 5.960464E-08 0.5877611 -0.8090346
vn -1.421085E-14 -1.501983E-07 -1
vn -1.421085E-14 -1.501983E-07 -1
vn 2.980232E-08 0.3089993 -0.9510623
vn 2.980232E-08 0.3089993 -0.9510623
vn -1.421085E-14 -1.501983E-07 -1
vn -1.421085E-14 -1.501983E-07 -1
vn 2.980232E-08 0.3089993 -0.9510623
vn 2.980232E-08 0.3089993 -0.9510623
vn -2.980232E-08 -0.3089994 -0.9510622
vn -2.980232E-08 -0.3089994 -0.9510622
vn -1.421085E-14 -1.501983E-07 -1
vn -1.421085E-14 -1.501983E-07 -1
vn -2.980232E-08 -0.3089994 -0.9510622
vn -2.980232E-08 -0.3089994 -0.9510622
vn -1.421085E-14 -1.501983E-07 -1
vn -1.421085E-14 -1.501983E-07 -1
vn -5.960464E-08 -0.5877612 -0.8090345
vn -5.960464E-08 -0.5877612 -0.8090346
vn -2.980232E-08 -0.3089994 -0.9510622
vn -2.980232E-08 -0.3089994 -0.9510622
vn -5.960464E-08 -0.5877612 -0.8090346
vn -5.960464E-08 -0.5877612 -0.8090345
vn -2.980232E-08 -0.3089994 -0.9510622
vn -2.980232E-08 -0.3089994 -0.9510622
vn -1.192093E-07 -0.8089994 -0.5878095
vn -1.192093E-07 -0.8089994 -0.5878096
vn -5.960464E-08 -0.5877612 -0.8090346
vn -5.960464E-08 -0.5877612 -0.8090345
vn -1.192093E-07 -0.8089994 -0.5878096
vn -1.192093E-07 -0.8089994 -0.5878095
vn -5.960464E-08 -0.5877612 -0.8090345
vn -5.960464E-08 -0.5877612 -0.8090346
vn -1.192093E-07 -0.9510509 -0.3090346
vn -1.192093E-07 -0.9510509 -0.3090346
vn -1.192093E-07 -0.8089994 -0.5878096
vn -1.192093E-07 -0.8089994 -0.5878095
vn -1.192093E-07 -0.9510509 -0.3090346
vn -1.192093E-07 -0.9510509 -0.3090346
vn -1.192093E-07 -0.8089994 -0.5878095
vn -1.192093E-07 -0.8089994 -0.5878096
vn -1.192093E-07 -1 -1.072848E-08
vn -1.192093E-07 -1 -1.072848E-08
vn -1.192093E-07 -0.9510509 -0.3090346
vn -1.192093E-07 -0.9510509 -0.3090346
vn -1.192093E-07 -1 -1.072848E-08
vn -1.192093E-07 -1 -1.072848E-08
vn -1.192093E-07 -0.9510509 -0.3090346
vn -1.192093E-07 -0.9510509 -0.3090346
vn -1.192093E-07 -0.9510509 0.3090347
vn -1.192093E-07 -0.9510509 0.3090347
vn -1.192093E-07 -1 -1.072848E-08
vn -1.192093E-07 -1 -1.072848E-08
vn -1.192093E-07 -0.9510509 0.3090347
vn -1.192093E-07 -0.9510509 0.3090347
vn -1.192093E-07 -1 -1.072848E-08
vn -1.192093E-07 -1 -1.072848E-08
vn -1.192093E-07 -0.8089992 0.5878099
vn -1.192093E-07 -0.8089992 0.5878099
vn -1.192093E-07 -0.9510509 0.3090347
vn -1.192093E-07 -0.9510509 0.3090347
vn -1.192093E-07 -0.8089992 0.5878099
vn -1.192093E-07 -0.8089992 0.5878099
vn -1.192093E-07 -0.9510509 0.3090347
vn -1.192093E-07 -0.9510509 0.3090347
vn -5.960464E-08 -0.5877609 0.8090348
vn -5.960464E-08 -0.5877609 0.8090348
vn -1.192093E-07 -0.8089992 0.5878099
vn -1.192093E-07 -0.8089992 0.5878099
vn -5.960464E-08 -0.5877609 0.8090348
vn -5.960464E-08 -0.5877609 0.8090348
vn -1.192093E-07 -0.8089992 0.5878099
vn -1.192093E-07 -0.8089992 0.5878099
vn -2.980232E-08 -0.3089993 0.9510623
vn -2.980232E-08 -0.3089993 0.9510623
vn -5.960464E-08 -0.5877609 0.8090348
vn -5.960464E-08 -0.5877609 0.8090348
vn -2.980232E-08 -0.3089993 0.9510623
vn -2.980232E-08 -0.3089993 0.9510623
vn -5.960464E-08 -0.5877609 0.8090348
vn -5.960464E-08 -0.5877609 0.8090348
vn -1.776357E-15 -1.609268E-08 1
vn -1.776357E-15 -1.609268E-08 1
vn -2.980232E-08 -0.3089993 0.9510623
vn -2.980232E-08 -0.3089993 0.9510623
vn -1.776357E-15 -1.609268E-08 1
vn -1.776357E-15 -1.609268E-08 1
vn -2.980232E-08 -0.3089993 0.9510623
vn -2.980232E-08 -0.3089993 0.9510623
vn 1 -1.192093E-07 0
vn 1 -1.192093E-07 0
vn 1 -1.192093E-07 0
vn 1 -1.192093E-07 0
vn 1 -1.192093E-07 0
vn 1 -1.192093E-07 0
vn 1 -1.192093E-07 0
vn 1 -1.192093E-07 0
vn 1 -1.192093E-07 0
vn 1 -1.192093E-07 0
vn 1 -1.192093E-07 0
vn 1 -1.192093E-07 0
vn 1 -1.192093E-07 0
vn 1 -1.192093E-07 0
vn 1 -1.192093E-07 0
vn 1 -1.192093E-07 0
vn 1 -1.192093E-07 0
vn 1 -1.192093E-07 0
vn 1 -1.192093E-07 0
vn 1 -1.192093E-07 0
vn 1 -1.192093E-07 0
vn 1 -1.192093E-07 0
vn 1 -1.192093E-07 0
vn 1 -1.192093E-07 0
vn 1 -1.192093E-07 0
vn 1 -1.192093E-07 0
vn 1 -1.192093E-07 0
vn 1 -1.192093E-07 0
vn 1 -1.192093E-07 0
vn 1 -1.192093E-07 0
vn 1 -1.192093E-07 0
vn 1 -1.192093E-07 0
vn 1 -1.192093E-07 0
vn 1 -1.192093E-07 0
vn 1 -1.192093E-07 0
vn 1 -1.192093E-07 0
vn 1 -1.192093E-07 0
vn 1 -1.192093E-07 0
vn 1 -1.192093E-07 0
vn 1 -1.192093E-07 0
vn 1 -1.192093E-07 0
vn 1 -1.192093E-07 0
vn 1 -1.192093E-07 0
vn 1 -1.192093E-07 0
vn 1 -1.192093E-07 0
vn 1 -1.192093E-07 0
vn 1 -1.192093E-07 0
vn 1 -1.192093E-07 0
vn 1 -1.192093E-07 0
vn 1 -1.192093E-07 0
vn 1 -1.192093E-07 0
vn 1 -1.192093E-07 0
vn 1 -1.192093E-07 0
vn 1 -1.192093E-07 0
vn 1 -1.192093E-07 0
vn 1 -1.192093E-07 0
vn 1 -1.192093E-07 0
vn 1 -1.192093E-07 0
vn 1 -1.192093E-07 0
vn 1 -1.192093E-07 0
vn 1 -1.192093E-07 0
vn 1 -1.192093E-07 0
vn 1 -1.192093E-07 0
vn 1 -1.192093E-07 0
vn 1 -1.192093E-07 0
vn 1 -1.192093E-07 0
vn 1 -1.192093E-07 0
vn 1 -1.192093E-07 0
vn 1 -1.192093E-07 0
vn 1 -1.192093E-07 0
vn 1 -1.192093E-07 0
vn 1 -1.192093E-07 0
vn 1 -1.192093E-07 0
vn 1 -1.192093E-07 0
vn 1 -1.192093E-07 0
vn 1 -1.192093E-07 0
vn 1 -1.192093E-07 0
vn 1 -1.192093E-07 0
vn 1 -1.192093E-07 0
vn 1 -1.192093E-07 0
vn 1 -1.192093E-07 0
vn 1 -1.192093E-07 0
vn 1 -1.192093E-07 0
vn 1 -1.192093E-07 0
vn 1 -1.192093E-07 0
vn 1 -1.192093E-07 0
vn 1 -1.192093E-07 0
vn 1 -1.192093E-07 0
vn 1 -1.192093E-07 0
vn 1 -1.192093E-07 0
vn 1 -1.192093E-07 0
vn 1 -1.192093E-07 0
vn 1 -1.192093E-07 0
vn 1 -1.192093E-07 0
vn 1 -1.192093E-07 0
vn 1 -1.192093E-07 0
vn 1 -1.192093E-07 0
vn 1 -1.192093E-07 0
vn 1 -1.192093E-07 0
vn 1 -1.192093E-07 0
vn 1 -1.192093E-07 0
vn 1 -1.192093E-07 0
vn 1 -1.192093E-07 0
vn 1 -1.192093E-07 0
vn 1 -1.192093E-07 0
vn 1 -1.192093E-07 0
vn 1 -1.192093E-07 0
vn 1 -1.192093E-07 0
vn 1 -1.192093E-07 0
vn 1 -1.192093E-07 0
vn 1 -1.192093E-07 0
vn 1 -1.192093E-07 0
vn 1 -1.192093E-07 0
vn 1 -1.192093E-07 0
vn 1 -1.192093E-07 0
vn 1 -1.192093E-07 0
vn 1 -1.192093E-07 0
vn 1 -1.192093E-07 0
vn 1 -1.192093E-07 0
vn 1 -1.192093E-07 0
vn 1 -1.192093E-07 0
vn 1 -1.192093E-07 0
vn 1 -1.192093E-07 0
vn 1 -1.192093E-07 0
vn 1 -1.192093E-07 0
vn 1 -1.192093E-07 0
vn 1 -1.192093E-07 0
vn 1 -1.192093E-07 0
vn 1 -1.192093E-07 0
vn 1 -1.192093E-07 0
vn 1 -1.192093E-07 0
vn 1 -1.192093E-07 0
vn 1 -1.192093E-07 0
vn 1 -1.192093E-07 0
vn 1 -1.192093E-07 0
vn 1 -1.192093E-07 0
vn 1 -1.192093E-07 0
vn 1 -1.192093E-07 0
vn 1 -1.192093E-07 0
vn 1 -1.192093E-07 0
vn -1 1.192093E-07 0
vn -1 1.192093E-07 0
vn -1 1.192093E-07 0
vn -1 1.192093E-07 0
vn -1 1.192093E-07 0
vn -1 1.192093E-07 0
vn -1 1.192093E-07 0
vn -1 1.192093E-07 0
vn -1 1.192093E-07 0
vn -1 1.192093E-07 0
vn -1 1.192093E-07 0
vn -1 1.192093E-07 0
vn -1 1.192093E-07 0
vn -1 1.192093E-07 0
vn -1 1.192093E-07 0
vn -1 1.192093E-07 0
vn -1 1.192093E-07 0
vn -1 1.192093E-07 0
vn -1 1.192093E-07 0
vn -1 1.192093E-07 0
vn -1 1.192093E-07 0
vn -1 1.192093E-07 0
vn -1 1.192093E-07 0
vn -1 1.192093E-07 0
vn -1 1.192093E-07 0
vn -1 1.192093E-07 0
vn -1 1.192093E-07 0
vn -1 1.192093E-07 0
vn -1 1.192093E-07 0
vn -1 1.192093E-07 0
vn -1 1.192093E-07 0
vn -1 1.192093E-07 0
vn -1 1.192093E-07 0
vn -1 1.192093E-07 0
vn -1 1.192093E-07 0
vn -1 1.192093E-07 0
vn -1 1.192093E-07 0
vn -1 1.192093E-07 0
vn -1 1.192093E-07 0
vn -1 1.192093E-07 0
vn -1 1.192093E-07 0
vn -1 1.192093E-07 0
vn -1 1.192093E-07 0
vn -1 1.192093E-07 0
vn -1 1.192093E-07 0
vn -1 1.192093E-07 0
vn -1 1.192093E-07 0
vn -1 1.192093E-07 0
vn -1 1.192093E-07 0
vn -1 1.192093E-07 0
vn -1 1.192093E-07 0
vn -1 1.192093E-07 0
vn -1 1.192093E-07 0
vn -1 1.192093E-07 0
vn -1 1.192093E-07 0
vn -1 1.192093E-07 0
vn -1 1.192093E-07 0
vn -1 1.192093E-07 0
vn -1 1.192093E-07 0
vn -1 1.192093E-07 0
vn -1 1.192093E-07 0
vn -1 1.192093E-07 0
vn -1 1.192093E-07 0
vn -1 1.192093E-07 0
vn -1 1.192093E-07 0
vn -1 1.192093E-07 0
vn -1 1.192093E-07 0
vn -1 1.192093E-07 0
vn -1 1.192093E-07 0
vn -1 1.192093E-07 0
vn -1 1.192093E-07 0
vn -1 1.192093E-07 0
vn -1 1.192093E-07 0
vn -1 1.192093E-07 0
vn -1 1.192093E-07 0
vn -1 1.192093E-07 0
vn -1 1.192093E-07 0
vn -1 1.192093E-07 0
vn -1 1.192093E-07 0
vn -1 1.192093E-07 0
vn -1 1.192093E-07 0
vn -1 1.192093E-07 0
vn -1 1.192093E-07 0
vn -1 1.192093E-07 0
vn -1 1.192093E-07 0
vn -1 1.192093E-07 0
vn -1 1.192093E-07 0
vn -1 1.192093E-07 0
vn -1 1.192093E-07 0
vn -1 1.192093E-07 0
vn -1 1.192093E-07 0
vn -1 1.192093E-07 0
vn -1 1.192093E-07 0
vn -1 1.192093E-07 0
vn -1 1.192093E-07 0
vn -1 1.192093E-07 0
vn -1 1.192093E-07 0
vn -1 1.192093E-07 0
vn -1 1.192093E-07 0
vn -1 1.192093E-07 0
vn -1 1.192093E-07 0
vn -1 1.192093E-07 0
vn -1 1.192093E-07 0
vn -1 1.192093E-07 0
vn -1 1.192093E-07 0
vn -1 1.192093E-07 0
vn -1 1.192093E-07 0
vn -1 1.192093E-07 0
vn -1 1.192093E-07 0
vn -1 1.192093E-07 0
vn -1 1.192093E-07 0
vn -1 1.192093E-07 0
vn -1 1.192093E-07 0
vn -1 1.192093E-07 0
vn -1 1.192093E-07 0
vn -1 1.192093E-07 0
vn -1 1.192093E-07 0
vn -1 1.192093E-07 0
vn -1 1.192093E-07 0
vn -1 1.192093E-07 0
vn -1 1.192093E-07 0
vn -1 1.192093E-07 0
vn -1 1.192093E-07 0
vn -1 1.192093E-07 0
vn -1 1.192093E-07 0
vn -1 1.192093E-07 0
vn -1 1.192093E-07 0
vn -1 1.192093E-07 0
vn -1 1.192093E-07 0
vn -1 1.192093E-07 0
vn -1 1.192093E-07 0
vn -1 1.192093E-07 0
vn -1 1.192093E-07 0
vn -1 1.192093E-07 0
vn -1 1.192093E-07 0
vn -1 1.192093E-07 0
vn -1 1.192093E-07 0
vn -1 1.192093E-07 0
vn -1 1.192093E-07 0
vn -1 1.192093E-07 0
vt -0.05 0
vt -0.05 0.5
vt 0 0.5
vt 0 0
vt -0.05 0.5
vt -0.05 1
vt 0 1
vt 0 0.5
vt -0.1 0
vt -0.1 0.5
vt -0.05 0.5
vt -0.05 0
vt -0.1 0.5
vt -0.1 1
vt -0.05 1
vt -0.05 0.5
vt -0.15 0
vt -0.15 0.5
vt -0.1 0.5
vt -0.1 0
vt -0.15 0.5
vt -0.15 1
vt -0.1 1
vt -0.1 0.5
vt -0.2 0
vt -0.2 0.5
vt -0.15 0.5
vt -0.15 0
vt -0.2 0.5
vt -0.2 1
vt -0.15 1
vt -0.15 0.5
vt -0.25 0
vt -0.25 0.5
vt -0.2 0.5
vt -0.2 0
vt -0.25 0.5
vt -0.25 1
vt -0.2 1
vt -0.2 0.5
vt -0.3 0
vt -0.3 0.5
vt -0.25 0.5
vt -0.25 0
vt -0.3 0.5
vt -0.3 1
vt -0.25 1
vt -0.25 0.5
vt -0.35 0
vt -0.35 0.5
vt -0.3 0.5
vt -0.3 0
vt -0.35 0.5
vt -0.35 1
vt -0.3 1
vt -0.3 0.5
vt -0.4 0
vt -0.4 0.5
vt -0.35 0.5
vt -0.35 0
vt -0.4 0.5
vt -0.4 1
vt -0.35 1
vt -0.35 0.5
vt -0.45 0
vt -0.45 0.5
vt -0.4 0.5
vt -0.4 0
vt -0.45 0.5
vt -0.45 1
vt -0.4 1
vt -0.4 0.5
vt -0.5 0
vt -0.5 0.5
vt -0.45 0.5
vt -0.45 0
vt -0.5 0.5
vt -0.5 1
vt -0.45 1
vt -0.45 0.5
vt -0.55 0
vt -0.55 0.5
vt -0.5 0.5
vt -0.5 0
vt -0.55 0.5
vt -0.55 1
vt -0.5 1
vt -0.5 0.5
vt -0.6 0
vt -0.6 0.5
vt -0.55 0.5
vt -0.55 0
vt -0.6 0.5
vt -0.6 1
vt -0.55 1
vt -0.55 0.5
vt -0.65 0
vt -0.65 0.5
vt -0.6 0.5
vt -0.6 0
vt -0.65 0.5
vt -0.65 1
vt -0.6 1
vt -0.6 0.5
vt -0.7 0
vt -0.7 0.5
vt -0.65 0.5
vt -0.65 0
vt -0.7 0.5
vt -0.7 1
vt -0.65 1
vt -0.65 0.5
vt -0.75 0
vt -0.75 0.5
vt -0.7 0.5
vt -0.7 0
vt -0.75 0.5
vt -0.75 1
vt -0.7 1
vt -0.7 0.5
vt -0.8 0
vt -0.8 0.5
vt -0.75 0.5
vt -0.75 0
vt -0.8 0.5
vt -0.8 1
vt -0.75 1
vt -0.75 0.5
vt -0.85 0
vt -0.85 0.5
vt -0.8 0.5
vt -0.8 0
vt -0.85 0.5
vt -0.85 1
vt -0.8 1
vt -0.8 0.5
vt -0.9 0
vt -0.9 0.5
vt -0.85 0.5
vt -0.85 0
vt -0.9 0.5
vt -0.9 1
vt -0.85 1
vt -0.85 0.5
vt -0.95 0
vt -0.95 0.5
vt -0.9 0.5
vt -0.9 0
vt -0.95 0.5
vt -0.95 1
vt -0.9 1
vt -0.9 0.5
vt -1 0
vt -1 0.5
vt -0.95 0.5
vt -0.95 0
vt -1 0.5
vt -1 1
vt -0.95 1
vt -0.95 0.5
vt 0.5 0.5
vt 0.5 0.75
vt 0.5772542 0.7377641
vt 0.5 0.75
vt 0.5 1
vt 0.6545085 0.9755282
vt 0.5772542 0.7377641
vt 0.5 0.5
vt 0.5772542 0.7377641
vt 0.6469463 0.7022542
vt 0.5772542 0.7377641
vt 0.6545085 0.9755282
vt 0.7938926 0.9045085
vt 0.6469463 0.7022542
vt 0.5 0.5
vt 0.6469463 0.7022542
vt 0.7022542 0.6469463
vt 0.6469463 0.7022542
vt 0.7938926 0.9045085
vt 0.9045085 0.7938926
vt 0.7022542 0.6469463
vt 0.5 0.5
vt 0.7022542 0.6469463
vt 0.7377641 0.5772542
vt 0.7022542 0.6469463
vt 0.9045085 0.7938926
vt 0.9755282 0.6545085
vt 0.7377641 0.5772542
vt 0.5 0.5
vt 0.7377641 0.5772542
vt 0.75 0.5
vt 0.7377641 0.5772542
vt 0.9755282 0.6545085
vt 1 0.5
vt 0.75 0.5
vt 0.5 0.5
vt 0.75 0.5
vt 0.7377641 0.4227457
vt 0.75 0.5
vt 1 0.5
vt 0.9755282 0.3454915
vt 0.7377641 0.4227457
vt 0.5 0.5
vt 0.7377641 0.4227457
vt 0.7022542 0.3530537
vt 0.7377641 0.4227457
vt 0.9755282 0.3454915
vt 0.9045085 0.2061074
vt 0.7022542 0.3530537
vt 0.5 0.5
vt 0.7022542 0.3530537
vt 0.6469463 0.2977457
vt 0.7022542 0.3530537
vt 0.9045085 0.2061074
vt 0.7938926 0.09549147
vt 0.6469463 0.2977457
vt 0.5 0.5
vt 0.6469463 0.2977457
vt 0.5772542 0.2622359
vt 0.6469463 0.2977457
vt 0.7938926 0.09549147
vt 0.6545084 0.0244717
vt 0.5772542 0.2622359
vt 0.5 0.5
vt 0.5772542 0.2622359
vt 0.5 0.25
vt 0.5772542 0.2622359
vt 0.6545084 0.0244717
vt 0.5 0
vt 0.5 0.25
vt 0.5 0.5
vt 0.5 0.25
vt 0.4227458 0.2622359
vt 0.5 0.25
vt 0.5 0
vt 0.3454915 0.02447173
vt 0.4227458 0.2622359
vt 0.5 0.5
vt 0.4227458 0.2622359
vt 0.3530537 0.2977458
vt 0.4227458 0.2622359
vt 0.3454915 0.02447173
vt 0.2061073 0.09549153
vt 0.3530537 0.2977458
vt 0.5 0.5
vt 0.3530537 0.2977458
vt 0.2977457 0.3530537
vt 0.3530537 0.2977458
vt 0.2061073 0.09549153
vt 0.09549144 0.2061075
vt 0.2977457 0.3530537
vt 0.5 0.5
vt 0.2977457 0.3530537
vt 0.2622359 0.4227457
vt 0.2977457 0.3530537
vt 0.09549144 0.2061075
vt 0.02447176 0.3454915
vt 0.2622359 0.4227457
vt 0.5 0.5
vt 0.2622359 0.4227457
vt 0.25 0.5
vt 0.2622359 0.4227457
vt 0.02447176 0.3454915
vt 0 0.5
vt 0.25 0.5
vt 0.5 0.5
vt 0.25 0.5
vt 0.2622359 0.5772543
vt 0.25 0.5
vt 0 0.5
vt 0.02447176 0.6545086
vt 0.2622359 0.5772543
vt 0.5 0.5
vt 0.2622359 0.5772543
vt 0.2977458 0.6469464
vt 0.2622359 0.5772543
vt 0.02447176 0.6545086
vt 0.09549159 0.7938927
vt 0.2977458 0.6469464
vt 0.5 0.5
vt 0.2977458 0.6469464
vt 0.3530537 0.7022543
vt 0.2977458 0.6469464
vt 0.09549159 0.7938927
vt 0.2061075 0.9045086
vt 0.3530537 0.7022543
vt 0.5 0.5
vt 0.3530537 0.7022543
vt 0.4227458 0.7377641
vt 0.3530537 0.7022543
vt 0.2061075 0.9045086
vt 0.3454915 0.9755282
vt 0.4227458 0.7377641
vt 0.5 0.5
vt 0.4227458 0.7377641
vt 0.5000001 0.75
vt 0.4227458 0.7377641
vt 0.3454915 0.9755282
vt 0.5000001 1
vt 0.5000001 0.75
vt 0.5 0.5
vt 0.5000001 0.75
vt 0.4227458 0.7377641
vt 0.5000001 0.75
vt 0.5000001 1
vt 0.3454915 0.9755282
vt 0.4227458 0.7377641
vt 0.5 0.5
vt 0.4227458 0.7377641
vt 0.3530537 0.7022543
vt 0.4227458 0.7377641
vt 0.3454915 0.9755282
vt 0.2061075 0.9045086
vt 0.3530537 0.7022543
vt 0.5 0.5
vt 0.3530537 0.7022543
vt 0.2977458 0.6469464
vt 0.3530537 0.7022543
vt 0.2061075 0.9045086
vt 0.09549159 0.7938927
vt 0.2977458 0.6469464
vt 0.5 0.5
vt 0.2977458 0.6469464
vt 0.2622359 0.5772543
vt 0.2977458 0.6469464
vt 0.09549159 0.7938927
vt 0.02447176 0.6545086
vt 0.2622359 0.5772543
vt 0.5 0.5
vt 0.2622359 0.5772543
vt 0.25 0.5
vt 0.2622359 0.5772543
vt 0.02447176 0.6545086
vt 0 0.5
vt 0.25 0.5
vt 0.5 0.5
vt 0.25 0.5
vt 0.2622359 0.4227457
vt 0.25 0.5
vt 0 0.5
vt 0.02447176 0.3454915
vt 0.2622359 0.4227457
vt 0.5 0.5
vt 0.2622359 0.4227457
vt 0.2977457 0.3530537
vt 0.2622359 0.4227457
vt 0.02447176 0.3454915
vt 0.09549144 0.2061075
vt 0.2977457 0.3530537
vt 0.5 0.5
vt 0.2977457 0.3530537
vt 0.3530537 0.2977458
vt 0.2977457 0.3530537
vt 0.09549144 0.2061075
vt 0.2061073 0.09549153
vt 0.3530537 0.2977458
vt 0.5 0.5
vt 0.3530537 0.2977458
vt 0.4227458 0.2622359
vt 0.3530537 0.2977458
vt 0.2061073 0.09549153
vt 0.3454915 0.02447173
vt 0.4227458 0.2622359
vt 0.5 0.5
vt 0.4227458 0.2622359
vt 0.5 0.25
vt 0.4227458 0.2622359
vt 0.3454915 0.02447173
vt 0.5 0
vt 0.5 0.25
vt 0.5 0.5
vt 0.5 0.25
vt 0.5772542 0.2622359
vt 0.5 0.25
vt 0.5 0
vt 0.6545084 0.0244717
vt 0.5772542 0.2622359
vt 0.5 0.5
vt 0.5772542 0.2622359
vt 0.6469463 0.2977457
vt 0.5772542 0.2622359
vt 0.6545084 0.0244717
vt 0.7938926 0.09549147
vt 0.6469463 0.2977457
vt 0.5 0.5
vt 0.6469463 0.2977457
vt 0.7022542 0.3530537
vt 0.6469463 0.2977457
vt 0.7938926 0.09549147
vt 0.9045085 0.2061074
vt 0.7022542 0.3530537
vt 0.5 0.5
vt 0.7022542 0.3530537
vt 0.7377641 0.4227457
vt 0.7022542 0.3530537
vt 0.9045085 0.2061074
vt 0.9755282 0.3454915
vt 0.7377641 0.4227457
vt 0.5 0.5
vt 0.7377641 0.4227457
vt 0.75 0.5
vt 0.7377641 0.4227457
vt 0.9755282 0.3454915
vt 1 0.5
vt 0.75 0.5
vt 0.5 0.5
vt 0.75 0.5
vt 0.7377641 0.5772542
vt 0.75 0.5
vt 1 0.5
vt 0.9755282 0.6545085
vt 0.7377641 0.5772542
vt 0.5 0.5
vt 0.7377641 0.5772542
vt 0.7022542 0.6469463
vt 0.7377641 0.5772542
vt 0.9755282 0.6545085
vt 0.9045085 0.7938926
vt 0.7022542 0.6469463
vt 0.5 0.5
vt 0.7022542 0.6469463
vt 0.6469463 0.7022542
vt 0.7022542 0.6469463
vt 0.9045085 0.7938926
vt 0.7938926 0.9045085
vt 0.6469463 0.7022542
vt 0.5 0.5
vt 0.6469463 0.7022542
vt 0.5772542 0.7377641
vt 0.6469463 0.7022542
vt 0.7938926 0.9045085
vt 0.6545085 0.9755282
vt 0.5772542 0.7377641
vt 0.5 0.5
vt 0.5772542 0.7377641
vt 0.5 0.75
vt 0.5772542 0.7377641
vt 0.6545085 0.9755282
vt 0.5 1
vt 0.5 0.75
usemtl Material 4
f 5659/5659/5659 5658/5658/5658 5657/5657/5657
f 5659/5659/5659 5657/5657/5657 5660/5660/5660
f 5663/5663/5663 5662/5662/5662 5661/5661/5661
f 5663/5663/5663 5661/5661/5661 5664/5664/5664
f 5667/5667/5667 5666/5666/5666 5665/5665/5665
f 5667/5667/5667 5665/5665/5665 5668/5668/5668
f 5671/5671/5671 5670/5670/5670 5669/5669/5669
f 5671/5671/5671 5669/5669/5669 5672/5672/5672
f 5675/5675/5675 5674/5674/5674 5673/5673/5673
f 5675/5675/5675 5673/5673/5673 5676/5676/5676
f 5679/5679/5679 5678/5678/5678 5677/5677/5677
f 5679/5679/5679 5677/5677/5677 5680/5680/5680
f 5683/5683/5683 5682/5682/5682 5681/5681/5681
f 5683/5683/5683 5681/5681/5681 5684/5684/5684
f 5687/5687/5687 5686/5686/5686 5685/5685/5685
f 5687/5687/5687 5685/5685/5685 5688/5688/5688
f 5691/5691/5691 5690/5690/5690 5689/5689/5689
f 5691/5691/5691 5689/5689/5689 5692/5692/5692
f 5695/5695/5695 5694/5694/5694 5693/5693/5693
f 5695/5695/5695 5693/5693/5693 5696/5696/5696
f 5699/5699/5699 5698/5698/5698 5697/5697/5697
f 5699/5699/5699 5697/5697/5697 5700/5700/5700
f 5703/5703/5703 5702/5702/5702 5701/5701/5701
f 5703/5703/5703 5701/5701/5701 5704/5704/5704
f 5707/5707/5707 5706/5706/5706 5705/5705/5705
f 5707/5707/5707 5705/5705/5705 5708/5708/5708
f 5711/5711/5711 5710/5710/5710 5709/5709/5709
f 5711/5711/5711 5709/5709/5709 5712/5712/5712
f 5715/5715/5715 5714/5714/5714 5713/5713/5713
f 5715/5715/5715 5713/5713/5713 5716/5716/5716
f 5719/5719/5719 5718/5718/5718 5717/5717/5717
f 5719/5719/5719 5717/5717/5717 5720/5720/5720
f 5723/5723/5723 5722/5722/5722 5721/5721/5721
f 5723/5723/5723 5721/5721/5721 5724/5724/5724
f 5727/5727/5727 5726/5726/5726 5725/5725/5725
f 5727/5727/5727 5725/5725/5725 5728/5728/5728
f 5731/5731/5731 5730/5730/5730 5729/5729/5729
f 5731/5731/5731 5729/5729/5729 5732/5732/5732
f 5735/5735/5735 5734/5734/5734 5733/5733/5733
f 5735/5735/5735 5733/5733/5733 5736/5736/5736
f 5739/5739/5739 5738/5738/5738 5737/5737/5737
f 5739/5739/5739 5737/5737/5737 5740/5740/5740
f 5743/5743/5743 5742/5742/5742 5741/5741/5741
f 5743/5743/5743 5741/5741/5741 5744/5744/5744
f 5747/5747/5747 5746/5746/5746 5745/5745/5745
f 5747/5747/5747 5745/5745/5745 5748/5748/5748
f 5751/5751/5751 5750/5750/5750 5749/5749/5749
f 5751/5751/5751 5749/5749/5749 5752/5752/5752
f 5755/5755/5755 5754/5754/5754 5753/5753/5753
f 5755/5755/5755 5753/5753/5753 5756/5756/5756
f 5759/5759/5759 5758/5758/5758 5757/5757/5757
f 5759/5759/5759 5757/5757/5757 5760/5760/5760
f 5763/5763/5763 5762/5762/5762 5761/5761/5761
f 5763/5763/5763 5761/5761/5761 5764/5764/5764
f 5767/5767/5767 5766/5766/5766 5765/5765/5765
f 5767/5767/5767 5765/5765/5765 5768/5768/5768
f 5771/5771/5771 5770/5770/5770 5769/5769/5769
f 5771/5771/5771 5769/5769/5769 5772/5772/5772
f 5775/5775/5775 5774/5774/5774 5773/5773/5773
f 5775/5775/5775 5773/5773/5773 5776/5776/5776
f 5779/5779/5779 5778/5778/5778 5777/5777/5777
f 5779/5779/5779 5777/5777/5777 5780/5780/5780
f 5783/5783/5783 5782/5782/5782 5781/5781/5781
f 5783/5783/5783 5781/5781/5781 5784/5784/5784
f 5787/5787/5787 5786/5786/5786 5785/5785/5785
f 5787/5787/5787 5785/5785/5785 5788/5788/5788
f 5791/5791/5791 5790/5790/5790 5789/5789/5789
f 5791/5791/5791 5789/5789/5789 5792/5792/5792
f 5795/5795/5795 5794/5794/5794 5793/5793/5793
f 5795/5795/5795 5793/5793/5793 5796/5796/5796
f 5799/5799/5799 5798/5798/5798 5797/5797/5797
f 5799/5799/5799 5797/5797/5797 5800/5800/5800
f 5803/5803/5803 5802/5802/5802 5801/5801/5801
f 5803/5803/5803 5801/5801/5801 5804/5804/5804
f 5807/5807/5807 5806/5806/5806 5805/5805/5805
f 5807/5807/5807 5805/5805/5805 5808/5808/5808
f 5811/5811/5811 5810/5810/5810 5809/5809/5809
f 5811/5811/5811 5809/5809/5809 5812/5812/5812
f 5815/5815/5815 5814/5814/5814 5813/5813/5813
f 5815/5815/5815 5813/5813/5813 5816/5816/5816
f 5819/5819/5819 5818/5818/5818 5817/5817/5817
f 5822/5822/5822 5821/5821/5821 5820/5820/5820
f 5822/5822/5822 5820/5820/5820 5823/5823/5823
f 5826/5826/5826 5825/5825/5825 5824/5824/5824
f 5829/5829/5829 5828/5828/5828 5827/5827/5827
f 5829/5829/5829 5827/5827/5827 5830/5830/5830
f 5833/5833/5833 5832/5832/5832 5831/5831/5831
f 5836/5836/5836 5835/5835/5835 5834/5834/5834
f 5836/5836/5836 5834/5834/5834 5837/5837/5837
f 5840/5840/5840 5839/5839/5839 5838/5838/5838
f 5843/5843/5843 5842/5842/5842 5841/5841/5841
f 5843/5843/5843 5841/5841/5841 5844/5844/5844
f 5847/5847/5847 5846/5846/5846 5845/5845/5845
f 5850/5850/5850 5849/5849/5849 5848/5848/5848
f 5850/5850/5850 5848/5848/5848 5851/5851/5851
f 5854/5854/5854 5853/5853/5853 5852/5852/5852
f 5857/5857/5857 5856/5856/5856 5855/5855/5855
f 5857/5857/5857 5855/5855/5855 5858/5858/5858
f 5861/5861/5861 5860/5860/5860 5859/5859/5859
f 5864/5864/5864 5863/5863/5863 5862/5862/5862
f 5864/5864/5864 5862/5862/5862 5865/5865/5865
f 5868/5868/5868 5867/5867/5867 5866/5866/5866
f 5871/5871/5871 5870/5870/5870 5869/5869/5869
f 5871/5871/5871 5869/5869/5869 5872/5872/5872
f 5875/5875/5875 5874/5874/5874 5873/5873/5873
f 5878/5878/5878 5877/5877/5877 5876/5876/5876
f 5878/5878/5878 5876/5876/5876 5879/5879/5879
f 5882/5882/5882 5881/5881/5881 5880/5880/5880
f 5885/5885/5885 5884/5884/5884 5883/5883/5883
f 5885/5885/5885 5883/5883/5883 5886/5886/5886
f 5889/5889/5889 5888/5888/5888 5887/5887/5887
f 5892/5892/5892 5891/5891/5891 5890/5890/5890
f 5892/5892/5892 5890/5890/5890 5893/5893/5893
f 5896/5896/5896 5895/5895/5895 5894/5894/5894
f 5899/5899/5899 5898/5898/5898 5897/5897/5897
f 5899/5899/5899 5897/5897/5897 5900/5900/5900
f 5903/5903/5903 5902/5902/5902 5901/5901/5901
f 5906/5906/5906 5905/5905/5905 5904/5904/5904
f 5906/5906/5906 5904/5904/5904 5907/5907/5907
f 5910/5910/5910 5909/5909/5909 5908/5908/5908
f 5913/5913/5913 5912/5912/5912 5911/5911/5911
f 5913/5913/5913 5911/5911/5911 5914/5914/5914
f 5917/5917/5917 5916/5916/5916 5915/5915/5915
f 5920/5920/5920 5919/5919/5919 5918/5918/5918
f 5920/5920/5920 5918/5918/5918 5921/5921/5921
f 5924/5924/5924 5923/5923/5923 5922/5922/5922
f 5927/5927/5927 5926/5926/5926 5925/5925/5925
f 5927/5927/5927 5925/5925/5925 5928/5928/5928
f 5931/5931/5931 5930/5930/5930 5929/5929/5929
f 5934/5934/5934 5933/5933/5933 5932/5932/5932
f 5934/5934/5934 5932/5932/5932 5935/5935/5935
f 5938/5938/5938 5937/5937/5937 5936/5936/5936
f 5941/5941/5941 5940/5940/5940 5939/5939/5939
f 5941/5941/5941 5939/5939/5939 5942/5942/5942
f 5945/5945/5945 5944/5944/5944 5943/5943/5943
f 5948/5948/5948 5947/5947/5947 5946/5946/5946
f 5948/5948/5948 5946/5946/5946 5949/5949/5949
f 5952/5952/5952 5951/5951/5951 5950/5950/5950
f 5955/5955/5955 5954/5954/5954 5953/5953/5953
f 5955/5955/5955 5953/5953/5953 5956/5956/5956
f 5959/5959/5959 5958/5958/5958 5957/5957/5957
f 5962/5962/5962 5961/5961/5961 5960/5960/5960
f 5962/5962/5962 5960/5960/5960 5963/5963/5963
f 5966/5966/5966 5965/5965/5965 5964/5964/5964
f 5969/5969/5969 5968/5968/5968 5967/5967/5967
f 5969/5969/5969 5967/5967/5967 5970/5970/5970
f 5973/5973/5973 5972/5972/5972 5971/5971/5971
f 5976/5976/5976 5975/5975/5975 5974/5974/5974
f 5976/5976/5976 5974/5974/5974 5977/5977/5977
f 5980/5980/5980 5979/5979/5979 5978/5978/5978
f 5983/5983/5983 5982/5982/5982 5981/5981/5981
f 5983/5983/5983 5981/5981/5981 5984/5984/5984
f 5987/5987/5987 5986/5986/5986 5985/5985/5985
f 5990/5990/5990 5989/5989/5989 5988/5988/5988
f 5990/5990/5990 5988/5988/5988 5991/5991/5991
f 5994/5994/5994 5993/5993/5993 5992/5992/5992
f 5997/5997/5997 5996/5996/5996 5995/5995/5995
f 5997/5997/5997 5995/5995/5995 5998/5998/5998
f 6001/6001/6001 6000/6000/6000 5999/5999/5999
f 6004/6004/6004 6003/6003/6003 6002/6002/6002
f 6004/6004/6004 6002/6002/6002 6005/6005/6005
f 6008/6008/6008 6007/6007/6007 6006/6006/6006
f 6011/6011/6011 6010/6010/6010 6009/6009/6009
f 6011/6011/6011 6009/6009/6009 6012/6012/6012
f 6015/6015/6015 6014/6014/6014 6013/6013/6013
f 6018/6018/6018 6017/6017/6017 6016/6016/6016
f 6018/6018/6018 6016/6016/6016 6019/6019/6019
f 6022/6022/6022 6021/6021/6021 6020/6020/6020
f 6025/6025/6025 6024/6024/6024 6023/6023/6023
f 6025/6025/6025 6023/6023/6023 6026/6026/6026
f 6029/6029/6029 6028/6028/6028 6027/6027/6027
f 6032/6032/6032 6031/6031/6031 6030/6030/6030
f 6032/6032/6032 6030/6030/6030 6033/6033/6033
f 6036/6036/6036 6035/6035/6035 6034/6034/6034
f 6039/6039/6039 6038/6038/6038 6037/6037/6037
f 6039/6039/6039 6037/6037/6037 6040/6040/6040
f 6043/6043/6043 6042/6042/6042 6041/6041/6041
f 6046/6046/6046 6045/6045/6045 6044/6044/6044
f 6046/6046/6046 6044/6044/6044 6047/6047/6047
f 6050/6050/6050 6049/6049/6049 6048/6048/6048
f 6053/6053/6053 6052/6052/6052 6051/6051/6051
f 6053/6053/6053 6051/6051/6051 6054/6054/6054
f 6057/6057/6057 6056/6056/6056 6055/6055/6055
f 6060/6060/6060 6059/6059/6059 6058/6058/6058
f 6060/6060/6060 6058/6058/6058 6061/6061/6061
f 6064/6064/6064 6063/6063/6063 6062/6062/6062
f 6067/6067/6067 6066/6066/6066 6065/6065/6065
f 6067/6067/6067 6065/6065/6065 6068/6068/6068
f 6071/6071/6071 6070/6070/6070 6069/6069/6069
f 6074/6074/6074 6073/6073/6073 6072/6072/6072
f 6074/6074/6074 6072/6072/6072 6075/6075/6075
f 6078/6078/6078 6077/6077/6077 6076/6076/6076
f 6081/6081/6081 6080/6080/6080 6079/6079/6079
f 6081/6081/6081 6079/6079/6079 6082/6082/6082
f 6085/6085/6085 6084/6084/6084 6083/6083/6083
f 6088/6088/6088 6087/6087/6087 6086/6086/6086
f 6088/6088/6088 6086/6086/6086 6089/6089/6089
f 6092/6092/6092 6091/6091/6091 6090/6090/6090
f 6095/6095/6095 6094/6094/6094 6093/6093/6093
f 6095/6095/6095 6093/6093/6093 6096/6096/6096
o #353535 3
v 0.905354 -0.4642221 2.667455
v 1.135092 -0.4642221 2.667455
v 1.135092 -0.6187342 2.691927
v 0.905354 -0.6187341 2.691927
v 1.135092 -0.4642221 2.667455
v 1.36483 -0.4642222 2.667455
v 1.36483 -0.6187342 2.691927
v 1.135092 -0.6187342 2.691927
v 0.905354 -0.3248348 2.596436
v 1.135092 -0.3248348 2.596436
v 1.135092 -0.4642221 2.667455
v 0.905354 -0.4642221 2.667455
v 1.135092 -0.3248348 2.596436
v 1.36483 -0.3248349 2.596436
v 1.36483 -0.4642222 2.667455
v 1.135092 -0.4642221 2.667455
v 0.905354 -0.2142164 2.48582
v 1.135092 -0.2142164 2.48582
v 1.135092 -0.3248348 2.596436
v 0.905354 -0.3248348 2.596436
v 1.135092 -0.2142164 2.48582
v 1.36483 -0.2142164 2.48582
v 1.36483 -0.3248349 2.596436
v 1.135092 -0.3248348 2.596436
v 0.905354 -0.1431949 2.346436
v 1.135092 -0.143195 2.346436
v 1.135092 -0.2142164 2.48582
v 0.905354 -0.2142164 2.48582
v 1.135092 -0.143195 2.346436
v 1.36483 -0.143195 2.346436
v 1.36483 -0.2142164 2.48582
v 1.135092 -0.2142164 2.48582
v 0.905354 -0.1187226 2.191927
v 1.135092 -0.1187227 2.191927
v 1.135092 -0.143195 2.346436
v 0.905354 -0.1431949 2.346436
v 1.135092 -0.1187227 2.191927
v 1.36483 -0.1187227 2.191927
v 1.36483 -0.143195 2.346436
v 1.135092 -0.143195 2.346436
v 0.905354 -0.143195 2.037419
v 1.135092 -0.143195 2.037419
v 1.135092 -0.1187227 2.191927
v 0.905354 -0.1187226 2.191927
v 1.135092 -0.143195 2.037419
v 1.36483 -0.143195 2.037419
v 1.36483 -0.1187227 2.191927
v 1.135092 -0.1187227 2.191927
v 0.905354 -0.2142164 1.898035
v 1.135092 -0.2142164 1.898035
v 1.135092 -0.143195 2.037419
v 0.905354 -0.143195 2.037419
v 1.135092 -0.2142164 1.898035
v 1.36483 -0.2142164 1.898035
v 1.36483 -0.143195 2.037419
v 1.135092 -0.143195 2.037419
v 0.905354 -0.3248348 1.787419
v 1.135092 -0.3248349 1.787419
v 1.135092 -0.2142164 1.898035
v 0.905354 -0.2142164 1.898035
v 1.135092 -0.3248349 1.787419
v 1.36483 -0.3248349 1.787419
v 1.36483 -0.2142164 1.898035
v 1.135092 -0.2142164 1.898035
v 0.905354 -0.4642222 1.716399
v 1.135092 -0.4642223 1.716399
v 1.135092 -0.3248349 1.787419
v 0.905354 -0.3248348 1.787419
v 1.135092 -0.4642223 1.716399
v 1.36483 -0.4642223 1.716399
v 1.36483 -0.3248349 1.787419
v 1.135092 -0.3248349 1.787419
v 0.905354 -0.6187342 1.691927
v 1.135092 -0.6187342 1.691927
v 1.135092 -0.4642223 1.716399
v 0.905354 -0.4642222 1.716399
v 1.135092 -0.6187342 1.691927
v 1.36483 -0.6187342 1.691927
v 1.36483 -0.4642223 1.716399
v 1.135092 -0.4642223 1.716399
v 0.905354 -0.7732462 1.716399
v 1.135092 -0.7732462 1.716399
v 1.135092 -0.6187342 1.691927
v 0.905354 -0.6187342 1.691927
v 1.135092 -0.7732462 1.716399
v 1.36483 -0.7732462 1.716399
v 1.36483 -0.6187342 1.691927
v 1.135092 -0.6187342 1.691927
v 0.905354 -0.9126335 1.787419
v 1.135092 -0.9126336 1.787419
v 1.135092 -0.7732462 1.716399
v 0.905354 -0.7732462 1.716399
v 1.135092 -0.9126336 1.787419
v 1.36483 -0.9126337 1.787419
v 1.36483 -0.7732462 1.716399
v 1.135092 -0.7732462 1.716399
v 0.9053539 -1.023252 1.898035
v 1.135092 -1.023252 1.898035
v 1.135092 -0.9126336 1.787419
v 0.905354 -0.9126335 1.787419
v 1.135092 -1.023252 1.898035
v 1.36483 -1.023252 1.898035
v 1.36483 -0.9126337 1.787419
v 1.135092 -0.9126336 1.787419
v 0.9053539 -1.094273 2.037419
v 1.135092 -1.094273 2.037419
v 1.135092 -1.023252 1.898035
v 0.9053539 -1.023252 1.898035
v 1.135092 -1.094273 2.037419
v 1.36483 -1.094273 2.037419
v 1.36483 -1.023252 1.898035
v 1.135092 -1.023252 1.898035
v 0.9053539 -1.118746 2.191927
v 1.135092 -1.118746 2.191927
v 1.135092 -1.094273 2.037419
v 0.9053539 -1.094273 2.037419
v 1.135092 -1.118746 2.191927
v 1.36483 -1.118746 2.191927
v 1.36483 -1.094273 2.037419
v 1.135092 -1.094273 2.037419
v 0.9053539 -1.094273 2.346436
v 1.135092 -1.094273 2.346436
v 1.135092 -1.118746 2.191927
v 0.9053539 -1.118746 2.191927
v 1.135092 -1.094273 2.346436
v 1.36483 -1.094273 2.346436
v 1.36483 -1.118746 2.191927
v 1.135092 -1.118746 2.191927
v 0.9053539 -1.023252 2.48582
v 1.135092 -1.023252 2.48582
v 1.135092 -1.094273 2.346436
v 0.9053539 -1.094273 2.346436
v 1.135092 -1.023252 2.48582
v 1.36483 -1.023252 2.48582
v 1.36483 -1.094273 2.346436
v 1.135092 -1.094273 2.346436
v 0.905354 -0.9126334 2.596436
v 1.135092 -0.9126334 2.596436
v 1.135092 -1.023252 2.48582
v 0.9053539 -1.023252 2.48582
v 1.135092 -0.9126334 2.596436
v 1.36483 -0.9126334 2.596436
v 1.36483 -1.023252 2.48582
v 1.135092 -1.023252 2.48582
v 0.905354 -0.7732462 2.667455
v 1.135092 -0.7732462 2.667455
v 1.135092 -0.9126334 2.596436
v 0.905354 -0.9126334 2.596436
v 1.135092 -0.7732462 2.667455
v 1.36483 -0.7732462 2.667455
v 1.36483 -0.9126334 2.596436
v 1.135092 -0.9126334 2.596436
v 0.905354 -0.6187341 2.691927
v 1.135092 -0.6187342 2.691927
v 1.135092 -0.7732462 2.667455
v 0.905354 -0.7732462 2.667455
v 1.135092 -0.6187342 2.691927
v 1.36483 -0.6187342 2.691927
v 1.36483 -0.7732462 2.667455
v 1.135092 -0.7732462 2.667455
v 1.36483 -0.6187342 2.191927
v 1.36483 -0.6187342 2.441927
v 1.36483 -0.5414782 2.429691
v 1.36483 -0.6187342 2.441927
v 1.36483 -0.6187342 2.691927
v 1.36483 -0.4642222 2.667455
v 1.36483 -0.5414782 2.429691
v 1.36483 -0.6187342 2.191927
v 1.36483 -0.5414782 2.429691
v 1.36483 -0.4717845 2.394181
v 1.36483 -0.5414782 2.429691
v 1.36483 -0.4642222 2.667455
v 1.36483 -0.3248349 2.596436
v 1.36483 -0.4717845 2.394181
v 1.36483 -0.6187342 2.191927
v 1.36483 -0.4717845 2.394181
v 1.36483 -0.4164753 2.338873
v 1.36483 -0.4717845 2.394181
v 1.36483 -0.3248349 2.596436
v 1.36483 -0.2142164 2.48582
v 1.36483 -0.4164753 2.338873
v 1.36483 -0.6187342 2.191927
v 1.36483 -0.4164753 2.338873
v 1.36483 -0.3809646 2.269181
v 1.36483 -0.4164753 2.338873
v 1.36483 -0.2142164 2.48582
v 1.36483 -0.143195 2.346436
v 1.36483 -0.3809646 2.269181
v 1.36483 -0.6187342 2.191927
v 1.36483 -0.3809646 2.269181
v 1.36483 -0.3687285 2.191927
v 1.36483 -0.3809646 2.269181
v 1.36483 -0.143195 2.346436
v 1.36483 -0.1187227 2.191927
v 1.36483 -0.3687285 2.191927
v 1.36483 -0.6187342 2.191927
v 1.36483 -0.3687285 2.191927
v 1.36483 -0.3809646 2.114673
v 1.36483 -0.3687285 2.191927
v 1.36483 -0.1187227 2.191927
v 1.36483 -0.143195 2.037419
v 1.36483 -0.3809646 2.114673
v 1.36483 -0.6187342 2.191927
v 1.36483 -0.3809646 2.114673
v 1.36483 -0.4164753 2.044981
v 1.36483 -0.3809646 2.114673
v 1.36483 -0.143195 2.037419
v 1.36483 -0.2142164 1.898035
v 1.36483 -0.4164753 2.044981
v 1.36483 -0.6187342 2.191927
v 1.36483 -0.4164753 2.044981
v 1.36483 -0.4717845 1.989673
v 1.36483 -0.4164753 2.044981
v 1.36483 -0.2142164 1.898035
v 1.36483 -0.3248349 1.787419
v 1.36483 -0.4717845 1.989673
v 1.36483 -0.6187342 2.191927
v 1.36483 -0.4717845 1.989673
v 1.36483 -0.5414782 1.954163
v 1.36483 -0.4717845 1.989673
v 1.36483 -0.3248349 1.787419
v 1.36483 -0.4642223 1.716399
v 1.36483 -0.5414782 1.954163
v 1.36483 -0.6187342 2.191927
v 1.36483 -0.5414782 1.954163
v 1.36483 -0.6187342 1.941927
v 1.36483 -0.5414782 1.954163
v 1.36483 -0.4642223 1.716399
v 1.36483 -0.6187342 1.691927
v 1.36483 -0.6187342 1.941927
v 1.36483 -0.6187342 2.191927
v 1.36483 -0.6187342 1.941927
v 1.36483 -0.6959902 1.954163
v 1.36483 -0.6187342 1.941927
v 1.36483 -0.6187342 1.691927
v 1.36483 -0.7732462 1.716399
v 1.36483 -0.6959902 1.954163
v 1.36483 -0.6187342 2.191927
v 1.36483 -0.6959902 1.954163
v 1.36483 -0.7656839 1.989673
v 1.36483 -0.6959902 1.954163
v 1.36483 -0.7732462 1.716399
v 1.36483 -0.9126337 1.787419
v 1.36483 -0.7656839 1.989673
v 1.36483 -0.6187342 2.191927
v 1.36483 -0.7656839 1.989673
v 1.36483 -0.8209931 2.044981
v 1.36483 -0.7656839 1.989673
v 1.36483 -0.9126337 1.787419
v 1.36483 -1.023252 1.898035
v 1.36483 -0.8209931 2.044981
v 1.36483 -0.6187342 2.191927
v 1.36483 -0.8209931 2.044981
v 1.36483 -0.8565038 2.114673
v 1.36483 -0.8209931 2.044981
v 1.36483 -1.023252 1.898035
v 1.36483 -1.094273 2.037419
v 1.36483 -0.8565038 2.114673
v 1.36483 -0.6187342 2.191927
v 1.36483 -0.8565038 2.114673
v 1.36483 -0.86874 2.191927
v 1.36483 -0.8565038 2.114673
v 1.36483 -1.094273 2.037419
v 1.36483 -1.118746 2.191927
v 1.36483 -0.86874 2.191927
v 1.36483 -0.6187342 2.191927
v 1.36483 -0.86874 2.191927
v 1.36483 -0.8565038 2.269181
v 1.36483 -0.86874 2.191927
v 1.36483 -1.118746 2.191927
v 1.36483 -1.094273 2.346436
v 1.36483 -0.8565038 2.269181
v 1.36483 -0.6187342 2.191927
v 1.36483 -0.8565038 2.269181
v 1.36483 -0.8209931 2.338874
v 1.36483 -0.8565038 2.269181
v 1.36483 -1.094273 2.346436
v 1.36483 -1.023252 2.48582
v 1.36483 -0.8209931 2.338874
v 1.36483 -0.6187342 2.191927
v 1.36483 -0.8209931 2.338874
v 1.36483 -0.7656838 2.394181
v 1.36483 -0.8209931 2.338874
v 1.36483 -1.023252 2.48582
v 1.36483 -0.9126334 2.596436
v 1.36483 -0.7656838 2.394181
v 1.36483 -0.6187342 2.191927
v 1.36483 -0.7656838 2.394181
v 1.36483 -0.6959902 2.429691
v 1.36483 -0.7656838 2.394181
v 1.36483 -0.9126334 2.596436
v 1.36483 -0.7732462 2.667455
v 1.36483 -0.6959902 2.429691
v 1.36483 -0.6187342 2.191927
v 1.36483 -0.6959902 2.429691
v 1.36483 -0.6187342 2.441927
v 1.36483 -0.6959902 2.429691
v 1.36483 -0.7732462 2.667455
v 1.36483 -0.6187342 2.691927
v 1.36483 -0.6187342 2.441927
v 0.905354 -0.6187341 2.191927
v 0.905354 -0.6187341 2.441927
v 0.905354 -0.6959901 2.429691
v 0.905354 -0.6187341 2.441927
v 0.905354 -0.6187341 2.691927
v 0.905354 -0.7732462 2.667455
v 0.905354 -0.6959901 2.429691
v 0.905354 -0.6187341 2.191927
v 0.905354 -0.6959901 2.429691
v 0.905354 -0.7656838 2.394181
v 0.905354 -0.6959901 2.429691
v 0.905354 -0.7732462 2.667455
v 0.905354 -0.9126334 2.596436
v 0.905354 -0.7656838 2.394181
v 0.905354 -0.6187341 2.191927
v 0.905354 -0.7656838 2.394181
v 0.905354 -0.820993 2.338874
v 0.905354 -0.7656838 2.394181
v 0.905354 -0.9126334 2.596436
v 0.9053539 -1.023252 2.48582
v 0.905354 -0.820993 2.338874
v 0.905354 -0.6187341 2.191927
v 0.905354 -0.820993 2.338874
v 0.905354 -0.8565037 2.269181
v 0.905354 -0.820993 2.338874
v 0.9053539 -1.023252 2.48582
v 0.9053539 -1.094273 2.346436
v 0.905354 -0.8565037 2.269181
v 0.905354 -0.6187341 2.191927
v 0.905354 -0.8565037 2.269181
v 0.905354 -0.8687399 2.191927
v 0.905354 -0.8565037 2.269181
v 0.9053539 -1.094273 2.346436
v 0.9053539 -1.118746 2.191927
v 0.905354 -0.8687399 2.191927
v 0.905354 -0.6187341 2.191927
v 0.905354 -0.8687399 2.191927
v 0.905354 -0.8565037 2.114673
v 0.905354 -0.8687399 2.191927
v 0.9053539 -1.118746 2.191927
v 0.9053539 -1.094273 2.037419
v 0.905354 -0.8565037 2.114673
v 0.905354 -0.6187341 2.191927
v 0.905354 -0.8565037 2.114673
v 0.905354 -0.8209931 2.044981
v 0.905354 -0.8565037 2.114673
v 0.9053539 -1.094273 2.037419
v 0.9053539 -1.023252 1.898035
v 0.905354 -0.8209931 2.044981
v 0.905354 -0.6187341 2.191927
v 0.905354 -0.8209931 2.044981
v 0.905354 -0.7656838 1.989673
v 0.905354 -0.8209931 2.044981
v 0.9053539 -1.023252 1.898035
v 0.905354 -0.9126335 1.787419
v 0.905354 -0.7656838 1.989673
v 0.905354 -0.6187341 2.191927
v 0.905354 -0.7656838 1.989673
v 0.905354 -0.6959901 1.954163
v 0.905354 -0.7656838 1.989673
v 0.905354 -0.9126335 1.787419
v 0.905354 -0.7732462 1.716399
v 0.905354 -0.6959901 1.954163
v 0.905354 -0.6187341 2.191927
v 0.905354 -0.6959901 1.954163
v 0.905354 -0.6187342 1.941927
v 0.905354 -0.6959901 1.954163
v 0.905354 -0.7732462 1.716399
v 0.905354 -0.6187342 1.691927
v 0.905354 -0.6187342 1.941927
v 0.905354 -0.6187341 2.191927
v 0.905354 -0.6187342 1.941927
v 0.905354 -0.5414782 1.954163
v 0.905354 -0.6187342 1.941927
v 0.905354 -0.6187342 1.691927
v 0.905354 -0.4642222 1.716399
v 0.905354 -0.5414782 1.954163
v 0.905354 -0.6187341 2.191927
v 0.905354 -0.5414782 1.954163
v 0.905354 -0.4717845 1.989673
v 0.905354 -0.5414782 1.954163
v 0.905354 -0.4642222 1.716399
v 0.905354 -0.3248348 1.787419
v 0.905354 -0.4717845 1.989673
v 0.905354 -0.6187341 2.191927
v 0.905354 -0.4717845 1.989673
v 0.905354 -0.4164752 2.044981
v 0.905354 -0.4717845 1.989673
v 0.905354 -0.3248348 1.787419
v 0.905354 -0.2142164 1.898035
v 0.905354 -0.4164752 2.044981
v 0.905354 -0.6187341 2.191927
v 0.905354 -0.4164752 2.044981
v 0.905354 -0.3809646 2.114673
v 0.905354 -0.4164752 2.044981
v 0.905354 -0.2142164 1.898035
v 0.905354 -0.143195 2.037419
v 0.905354 -0.3809646 2.114673
v 0.905354 -0.6187341 2.191927
v 0.905354 -0.3809646 2.114673
v 0.905354 -0.3687284 2.191927
v 0.905354 -0.3809646 2.114673
v 0.905354 -0.143195 2.037419
v 0.905354 -0.1187226 2.191927
v 0.905354 -0.3687284 2.191927
v 0.905354 -0.6187341 2.191927
v 0.905354 -0.3687284 2.191927
v 0.905354 -0.3809645 2.269181
v 0.905354 -0.3687284 2.191927
v 0.905354 -0.1187226 2.191927
v 0.905354 -0.1431949 2.346436
v 0.905354 -0.3809645 2.269181
v 0.905354 -0.6187341 2.191927
v 0.905354 -0.3809645 2.269181
v 0.905354 -0.4164752 2.338873
v 0.905354 -0.3809645 2.269181
v 0.905354 -0.1431949 2.346436
v 0.905354 -0.2142164 2.48582
v 0.905354 -0.4164752 2.338873
v 0.905354 -0.6187341 2.191927
v 0.905354 -0.4164752 2.338873
v 0.905354 -0.4717845 2.394181
v 0.905354 -0.4164752 2.338873
v 0.905354 -0.2142164 2.48582
v 0.905354 -0.3248348 2.596436
v 0.905354 -0.4717845 2.394181
v 0.905354 -0.6187341 2.191927
v 0.905354 -0.4717845 2.394181
v 0.905354 -0.5414782 2.429691
v 0.905354 -0.4717845 2.394181
v 0.905354 -0.3248348 2.596436
v 0.905354 -0.4642221 2.667455
v 0.905354 -0.5414782 2.429691
v 0.905354 -0.6187341 2.191927
v 0.905354 -0.5414782 2.429691
v 0.905354 -0.6187341 2.441927
v 0.905354 -0.5414782 2.429691
v 0.905354 -0.4642221 2.667455
v 0.905354 -0.6187341 2.691927
v 0.905354 -0.6187341 2.441927
vn 2.980232E-08 0.3090111 0.9510584
vn 2.980232E-08 0.3090111 0.9510584
vn -1.776357E-15 -1.609269E-08 1
vn -1.776357E-15 -1.609269E-08 1
vn 2.980232E-08 0.3090111 0.9510584
vn 2.980232E-08 0.3090111 0.9510584
vn -1.776357E-15 -1.609269E-08 1
vn -1.776357E-15 -1.609269E-08 1
vn 5.960464E-08 0.587777 0.809023
vn 5.960464E-08 0.5877771 0.809023
vn 2.980232E-08 0.3090111 0.9510584
vn 2.980232E-08 0.3090111 0.9510584
vn 5.960464E-08 0.5877771 0.809023
vn 5.960464E-08 0.587777 0.809023
vn 2.980232E-08 0.3090111 0.9510584
vn 2.980232E-08 0.3090111 0.9510584
vn 1.192093E-07 0.809011 0.5877935
vn 1.192093E-07 0.809011 0.5877935
vn 5.960464E-08 0.5877771 0.809023
vn 5.960464E-08 0.587777 0.809023
vn 1.192093E-07 0.809011 0.5877935
vn 1.192093E-07 0.809011 0.5877935
vn 5.960464E-08 0.587777 0.809023
vn 5.960464E-08 0.5877771 0.809023
vn 1.192093E-07 0.9510547 0.309023
vn 1.192093E-07 0.9510547 0.309023
vn 1.192093E-07 0.809011 0.5877935
vn 1.192093E-07 0.809011 0.5877935
vn 1.192093E-07 0.9510547 0.309023
vn 1.192093E-07 0.9510547 0.309023
vn 1.192093E-07 0.809011 0.5877935
vn 1.192093E-07 0.809011 0.5877935
vn 1.192093E-07 1 -9.655625E-08
vn 1.192093E-07 1 -9.655625E-08
vn 1.192093E-07 0.9510547 0.309023
vn 1.192093E-07 0.9510547 0.309023
vn 1.192093E-07 1 -9.655625E-08
vn 1.192093E-07 1 -9.655625E-08
vn 1.192093E-07 0.9510547 0.309023
vn 1.192093E-07 0.9510547 0.309023
vn 1.192093E-07 0.9510547 -0.3090231
vn 1.192093E-07 0.9510547 -0.3090231
vn 1.192093E-07 1 -9.655625E-08
vn 1.192093E-07 1 -9.655625E-08
vn 1.192093E-07 0.9510547 -0.3090231
vn 1.192093E-07 0.9510547 -0.3090231
vn 1.192093E-07 1 -9.655625E-08
vn 1.192093E-07 1 -9.655625E-08
vn 1.192093E-07 0.809011 -0.5877935
vn 1.192093E-07 0.809011 -0.5877935
vn 1.192093E-07 0.9510547 -0.3090231
vn 1.192093E-07 0.9510547 -0.3090231
vn 1.192093E-07 0.809011 -0.5877935
vn 1.192093E-07 0.809011 -0.5877935
vn 1.192093E-07 0.9510547 -0.3090231
vn 1.192093E-07 0.9510547 -0.3090231
vn 5.960464E-08 0.587777 -0.809023
vn 5.960464E-08 0.587777 -0.809023
vn 1.192093E-07 0.809011 -0.5877935
vn 1.192093E-07 0.809011 -0.5877935
vn 5.960464E-08 0.587777 -0.809023
vn 5.960464E-08 0.587777 -0.809023
vn 1.192093E-07 0.809011 -0.5877935
vn 1.192093E-07 0.809011 -0.5877935
vn 2.980232E-08 0.3090109 -0.9510586
vn 2.980232E-08 0.3090109 -0.9510586
vn 5.960464E-08 0.587777 -0.809023
vn 5.960464E-08 0.587777 -0.809023
vn 2.980232E-08 0.3090109 -0.9510586
vn 2.980232E-08 0.3090109 -0.9510586
vn 5.960464E-08 0.587777 -0.809023
vn 5.960464E-08 0.587777 -0.809023
vn -1.421085E-14 -9.119193E-08 -1
vn -1.421085E-14 -9.119192E-08 -1
vn 2.980232E-08 0.3090109 -0.9510586
vn 2.980232E-08 0.3090109 -0.9510586
vn -1.421085E-14 -9.119192E-08 -1
vn -1.421085E-14 -9.119193E-08 -1
vn 2.980232E-08 0.3090109 -0.9510586
vn 2.980232E-08 0.3090109 -0.9510586
vn -2.980232E-08 -0.309011 -0.9510584
vn -2.980232E-08 -0.309011 -0.9510585
vn -1.421085E-14 -9.119192E-08 -1
vn -1.421085E-14 -9.119193E-08 -1
vn -2.980232E-08 -0.309011 -0.9510585
vn -2.980232E-08 -0.309011 -0.9510584
vn -1.421085E-14 -9.119193E-08 -1
vn -1.421085E-14 -9.119192E-08 -1
vn -5.960464E-08 -0.5877772 -0.809023
vn -5.960464E-08 -0.5877772 -0.809023
vn -2.980232E-08 -0.309011 -0.9510585
vn -2.980232E-08 -0.309011 -0.9510584
vn -5.960464E-08 -0.5877772 -0.809023
vn -5.960464E-08 -0.5877772 -0.809023
vn -2.980232E-08 -0.309011 -0.9510584
vn -2.980232E-08 -0.309011 -0.9510585
vn -1.192093E-07 -0.8090112 -0.5877934
vn -1.192093E-07 -0.8090112 -0.5877934
vn -5.960464E-08 -0.5877772 -0.809023
vn -5.960464E-08 -0.5877772 -0.809023
vn -1.192093E-07 -0.8090112 -0.5877934
vn -1.192093E-07 -0.8090112 -0.5877934
vn -5.960464E-08 -0.5877772 -0.809023
vn -5.960464E-08 -0.5877772 -0.809023
vn -1.192093E-07 -0.9510547 -0.3090231
vn -1.192093E-07 -0.9510547 -0.3090231
vn -1.192093E-07 -0.8090112 -0.5877934
vn -1.192093E-07 -0.8090112 -0.5877934
vn -1.192093E-07 -0.9510547 -0.3090231
vn -1.192093E-07 -0.9510547 -0.3090231
vn -1.192093E-07 -0.8090112 -0.5877934
vn -1.192093E-07 -0.8090112 -0.5877934
vn -1.192093E-07 -1 -5.364236E-09
vn -1.192093E-07 -1 -5.364236E-09
vn -1.192093E-07 -0.9510547 -0.3090231
vn -1.192093E-07 -0.9510547 -0.3090231
vn -1.192093E-07 -1 -5.364236E-09
vn -1.192093E-07 -1 -5.364236E-09
vn -1.192093E-07 -0.9510547 -0.3090231
vn -1.192093E-07 -0.9510547 -0.3090231
vn -1.192093E-07 -0.9510546 0.3090232
vn -1.192093E-07 -0.9510546 0.3090232
vn -1.192093E-07 -1 -5.364236E-09
vn -1.192093E-07 -1 -5.364236E-09
vn -1.192093E-07 -0.9510546 0.3090232
vn -1.192093E-07 -0.9510546 0.3090232
vn -1.192093E-07 -1 -5.364236E-09
vn -1.192093E-07 -1 -5.364236E-09
vn -1.192093E-07 -0.8090109 0.5877937
vn -1.192093E-07 -0.8090109 0.5877937
vn -1.192093E-07 -0.9510546 0.3090232
vn -1.192093E-07 -0.9510546 0.3090232
vn -1.192093E-07 -0.8090109 0.5877937
vn -1.192093E-07 -0.8090109 0.5877937
vn -1.192093E-07 -0.9510546 0.3090232
vn -1.192093E-07 -0.9510546 0.3090232
vn -5.960464E-08 -0.5877768 0.8090232
vn -5.960464E-08 -0.5877768 0.8090232
vn -1.192093E-07 -0.8090109 0.5877937
vn -1.192093E-07 -0.8090109 0.5877937
vn -5.960464E-08 -0.5877768 0.8090232
vn -5.960464E-08 -0.5877768 0.8090232
vn -1.192093E-07 -0.8090109 0.5877937
vn -1.192093E-07 -0.8090109 0.5877937
vn -2.980232E-08 -0.3090109 0.9510586
vn -2.980232E-08 -0.3090109 0.9510586
vn -5.960464E-08 -0.5877768 0.8090232
vn -5.960464E-08 -0.5877768 0.8090232
vn -2.980232E-08 -0.3090109 0.9510586
vn -2.980232E-08 -0.3090109 0.9510586
vn -5.960464E-08 -0.5877768 0.8090232
vn -5.960464E-08 -0.5877768 0.8090232
vn -1.776357E-15 -1.609269E-08 1
vn -1.776357E-15 -1.609269E-08 1
vn -2.980232E-08 -0.3090109 0.9510586
vn -2.980232E-08 -0.3090109 0.9510586
vn -1.776357E-15 -1.609269E-08 1
vn -1.776357E-15 -1.609269E-08 1
vn -2.980232E-08 -0.3090109 0.9510586
vn -2.980232E-08 -0.3090109 0.9510586
vn 1 -1.192093E-07 0
vn 1 -1.192093E-07 0
vn 1 -1.192093E-07 0
vn 1 -1.192093E-07 0
vn 1 -1.192093E-07 0
vn 1 -1.192093E-07 0
vn 1 -1.192093E-07 0
vn 1 -1.192093E-07 0
vn 1 -1.192093E-07 0
vn 1 -1.192093E-07 0
vn 1 -1.192093E-07 0
vn 1 -1.192093E-07 0
vn 1 -1.192093E-07 0
vn 1 -1.192093E-07 0
vn 1 -1.192093E-07 0
vn 1 -1.192093E-07 0
vn 1 -1.192093E-07 0
vn 1 -1.192093E-07 0
vn 1 -1.192093E-07 0
vn 1 -1.192093E-07 0
vn 1 -1.192093E-07 0
vn 1 -1.192093E-07 0
vn 1 -1.192093E-07 0
vn 1 -1.192093E-07 0
vn 1 -1.192093E-07 0
vn 1 -1.192093E-07 0
vn 1 -1.192093E-07 0
vn 1 -1.192093E-07 0
vn 1 -1.192093E-07 0
vn 1 -1.192093E-07 0
vn 1 -1.192093E-07 0
vn 1 -1.192093E-07 0
vn 1 -1.192093E-07 0
vn 1 -1.192093E-07 0
vn 1 -1.192093E-07 0
vn 1 -1.192093E-07 0
vn 1 -1.192093E-07 0
vn 1 -1.192093E-07 0
vn 1 -1.192093E-07 0
vn 1 -1.192093E-07 0
vn 1 -1.192093E-07 0
vn 1 -1.192093E-07 0
vn 1 -1.192093E-07 0
vn 1 -1.192093E-07 0
vn 1 -1.192093E-07 0
vn 1 -1.192093E-07 0
vn 1 -1.192093E-07 0
vn 1 -1.192093E-07 0
vn 1 -1.192093E-07 0
vn 1 -1.192093E-07 0
vn 1 -1.192093E-07 0
vn 1 -1.192093E-07 0
vn 1 -1.192093E-07 0
vn 1 -1.192093E-07 0
vn 1 -1.192093E-07 0
vn 1 -1.192093E-07 0
vn 1 -1.192093E-07 0
vn 1 -1.192093E-07 0
vn 1 -1.192093E-07 0
vn 1 -1.192093E-07 0
vn 1 -1.192093E-07 0
vn 1 -1.192093E-07 0
vn 1 -1.192093E-07 0
vn 1 -1.192093E-07 0
vn 1 -1.192093E-07 0
vn 1 -1.192093E-07 0
vn 1 -1.192093E-07 0
vn 1 -1.192093E-07 0
vn 1 -1.192093E-07 0
vn 1 -1.192093E-07 0
vn 1 -1.192093E-07 0
vn 1 -1.192093E-07 0
vn 1 -1.192093E-07 0
vn 1 -1.192093E-07 0
vn 1 -1.192093E-07 0
vn 1 -1.192093E-07 0
vn 1 -1.192093E-07 0
vn 1 -1.192093E-07 0
vn 1 -1.192093E-07 0
vn 1 -1.192093E-07 0
vn 1 -1.192093E-07 0
vn 1 -1.192093E-07 0
vn 1 -1.192093E-07 0
vn 1 -1.192093E-07 0
vn 1 -1.192093E-07 0
vn 1 -1.192093E-07 0
vn 1 -1.192093E-07 0
vn 1 -1.192093E-07 0
vn 1 -1.192093E-07 0
vn 1 -1.192093E-07 0
vn 1 -1.192093E-07 0
vn 1 -1.192093E-07 0
vn 1 -1.192093E-07 0
vn 1 -1.192093E-07 0
vn 1 -1.192093E-07 0
vn 1 -1.192093E-07 0
vn 1 -1.192093E-07 0
vn 1 -1.192093E-07 0
vn 1 -1.192093E-07 0
vn 1 -1.192093E-07 0
vn 1 -1.192093E-07 0
vn 1 -1.192093E-07 0
vn 1 -1.192093E-07 0
vn 1 -1.192093E-07 0
vn 1 -1.192093E-07 0
vn 1 -1.192093E-07 0
vn 1 -1.192093E-07 0
vn 1 -1.192093E-07 0
vn 1 -1.192093E-07 0
vn 1 -1.192093E-07 0
vn 1 -1.192093E-07 0
vn 1 -1.192093E-07 0
vn 1 -1.192093E-07 0
vn 1 -1.192093E-07 0
vn 1 -1.192093E-07 0
vn 1 -1.192093E-07 0
vn 1 -1.192093E-07 0
vn 1 -1.192093E-07 0
vn 1 -1.192093E-07 0
vn 1 -1.192093E-07 0
vn 1 -1.192093E-07 0
vn 1 -1.192093E-07 0
vn 1 -1.192093E-07 0
vn 1 -1.192093E-07 0
vn 1 -1.192093E-07 0
vn 1 -1.192093E-07 0
vn 1 -1.192093E-07 0
vn 1 -1.192093E-07 0
vn 1 -1.192093E-07 0
vn 1 -1.192093E-07 0
vn 1 -1.192093E-07 0
vn 1 -1.192093E-07 0
vn 1 -1.192093E-07 0
vn 1 -1.192093E-07 0
vn 1 -1.192093E-07 0
vn 1 -1.192093E-07 0
vn 1 -1.192093E-07 0
vn 1 -1.192093E-07 0
vn 1 -1.192093E-07 0
vn 1 -1.192093E-07 0
vn -1 1.192093E-07 0
vn -1 1.192093E-07 0
vn -1 1.192093E-07 0
vn -1 1.192093E-07 0
vn -1 1.192093E-07 0
vn -1 1.192093E-07 0
vn -1 1.192093E-07 0
vn -1 1.192093E-07 0
vn -1 1.192093E-07 0
vn -1 1.192093E-07 0
vn -1 1.192093E-07 0
vn -1 1.192093E-07 0
vn -1 1.192093E-07 0
vn -1 1.192093E-07 0
vn -1 1.192093E-07 0
vn -1 1.192093E-07 0
vn -1 1.192093E-07 0
vn -1 1.192093E-07 0
vn -1 1.192093E-07 0
vn -1 1.192093E-07 0
vn -1 1.192093E-07 0
vn -1 1.192093E-07 0
vn -1 1.192093E-07 0
vn -1 1.192093E-07 0
vn -1 1.192093E-07 0
vn -1 1.192093E-07 0
vn -1 1.192093E-07 0
vn -1 1.192093E-07 0
vn -1 1.192093E-07 0
vn -1 1.192093E-07 0
vn -1 1.192093E-07 0
vn -1 1.192093E-07 0
vn -1 1.192093E-07 0
vn -1 1.192093E-07 0
vn -1 1.192093E-07 0
vn -1 1.192093E-07 0
vn -1 1.192093E-07 0
vn -1 1.192093E-07 0
vn -1 1.192093E-07 0
vn -1 1.192093E-07 0
vn -1 1.192093E-07 0
vn -1 1.192093E-07 0
vn -1 1.192093E-07 0
vn -1 1.192093E-07 0
vn -1 1.192093E-07 0
vn -1 1.192093E-07 0
vn -1 1.192093E-07 0
vn -1 1.192093E-07 0
vn -1 1.192093E-07 0
vn -1 1.192093E-07 0
vn -1 1.192093E-07 0
vn -1 1.192093E-07 0
vn -1 1.192093E-07 0
vn -1 1.192093E-07 0
vn -1 1.192093E-07 0
vn -1 1.192093E-07 0
vn -1 1.192093E-07 0
vn -1 1.192093E-07 0
vn -1 1.192093E-07 0
vn -1 1.192093E-07 0
vn -1 1.192093E-07 0
vn -1 1.192093E-07 0
vn -1 1.192093E-07 0
vn -1 1.192093E-07 0
vn -1 1.192093E-07 0
vn -1 1.192093E-07 0
vn -1 1.192093E-07 0
vn -1 1.192093E-07 0
vn -1 1.192093E-07 0
vn -1 1.192093E-07 0
vn -1 1.192093E-07 0
vn -1 1.192093E-07 0
vn -1 1.192093E-07 0
vn -1 1.192093E-07 0
vn -1 1.192093E-07 0
vn -1 1.192093E-07 0
vn -1 1.192093E-07 0
vn -1 1.192093E-07 0
vn -1 1.192093E-07 0
vn -1 1.192093E-07 0
vn -1 1.192093E-07 0
vn -1 1.192093E-07 0
vn -1 1.192093E-07 0
vn -1 1.192093E-07 0
vn -1 1.192093E-07 0
vn -1 1.192093E-07 0
vn -1 1.192093E-07 0
vn -1 1.192093E-07 0
vn -1 1.192093E-07 0
vn -1 1.192093E-07 0
vn -1 1.192093E-07 0
vn -1 1.192093E-07 0
vn -1 1.192093E-07 0
vn -1 1.192093E-07 0
vn -1 1.192093E-07 0
vn -1 1.192093E-07 0
vn -1 1.192093E-07 0
vn -1 1.192093E-07 0
vn -1 1.192093E-07 0
vn -1 1.192093E-07 0
vn -1 1.192093E-07 0
vn -1 1.192093E-07 0
vn -1 1.192093E-07 0
vn -1 1.192093E-07 0
vn -1 1.192093E-07 0
vn -1 1.192093E-07 0
vn -1 1.192093E-07 0
vn -1 1.192093E-07 0
vn -1 1.192093E-07 0
vn -1 1.192093E-07 0
vn -1 1.192093E-07 0
vn -1 1.192093E-07 0
vn -1 1.192093E-07 0
vn -1 1.192093E-07 0
vn -1 1.192093E-07 0
vn -1 1.192093E-07 0
vn -1 1.192093E-07 0
vn -1 1.192093E-07 0
vn -1 1.192093E-07 0
vn -1 1.192093E-07 0
vn -1 1.192093E-07 0
vn -1 1.192093E-07 0
vn -1 1.192093E-07 0
vn -1 1.192093E-07 0
vn -1 1.192093E-07 0
vn -1 1.192093E-07 0
vn -1 1.192093E-07 0
vn -1 1.192093E-07 0
vn -1 1.192093E-07 0
vn -1 1.192093E-07 0
vn -1 1.192093E-07 0
vn -1 1.192093E-07 0
vn -1 1.192093E-07 0
vn -1 1.192093E-07 0
vn -1 1.192093E-07 0
vn -1 1.192093E-07 0
vn -1 1.192093E-07 0
vn -1 1.192093E-07 0
vn -1 1.192093E-07 0
vn -1 1.192093E-07 0
vt -0.05 0
vt -0.05 0.5
vt 0 0.5
vt 0 0
vt -0.05 0.5
vt -0.05 1
vt 0 1
vt 0 0.5
vt -0.1 0
vt -0.1 0.5
vt -0.05 0.5
vt -0.05 0
vt -0.1 0.5
vt -0.1 1
vt -0.05 1
vt -0.05 0.5
vt -0.15 0
vt -0.15 0.5
vt -0.1 0.5
vt -0.1 0
vt -0.15 0.5
vt -0.15 1
vt -0.1 1
vt -0.1 0.5
vt -0.2 0
vt -0.2 0.5
vt -0.15 0.5
vt -0.15 0
vt -0.2 0.5
vt -0.2 1
vt -0.15 1
vt -0.15 0.5
vt -0.25 0
vt -0.25 0.5
vt -0.2 0.5
vt -0.2 0
vt -0.25 0.5
vt -0.25 1
vt -0.2 1
vt -0.2 0.5
vt -0.3 0
vt -0.3 0.5
vt -0.25 0.5
vt -0.25 0
vt -0.3 0.5
vt -0.3 1
vt -0.25 1
vt -0.25 0.5
vt -0.35 0
vt -0.35 0.5
vt -0.3 0.5
vt -0.3 0
vt -0.35 0.5
vt -0.35 1
vt -0.3 1
vt -0.3 0.5
vt -0.4 0
vt -0.4 0.5
vt -0.35 0.5
vt -0.35 0
vt -0.4 0.5
vt -0.4 1
vt -0.35 1
vt -0.35 0.5
vt -0.45 0
vt -0.45 0.5
vt -0.4 0.5
vt -0.4 0
vt -0.45 0.5
vt -0.45 1
vt -0.4 1
vt -0.4 0.5
vt -0.5 0
vt -0.5 0.5
vt -0.45 0.5
vt -0.45 0
vt -0.5 0.5
vt -0.5 1
vt -0.45 1
vt -0.45 0.5
vt -0.55 0
vt -0.55 0.5
vt -0.5 0.5
vt -0.5 0
vt -0.55 0.5
vt -0.55 1
vt -0.5 1
vt -0.5 0.5
vt -0.6 0
vt -0.6 0.5
vt -0.55 0.5
vt -0.55 0
vt -0.6 0.5
vt -0.6 1
vt -0.55 1
vt -0.55 0.5
vt -0.65 0
vt -0.65 0.5
vt -0.6 0.5
vt -0.6 0
vt -0.65 0.5
vt -0.65 1
vt -0.6 1
vt -0.6 0.5
vt -0.7 0
vt -0.7 0.5
vt -0.65 0.5
vt -0.65 0
vt -0.7 0.5
vt -0.7 1
vt -0.65 1
vt -0.65 0.5
vt -0.75 0
vt -0.75 0.5
vt -0.7 0.5
vt -0.7 0
vt -0.75 0.5
vt -0.75 1
vt -0.7 1
vt -0.7 0.5
vt -0.8 0
vt -0.8 0.5
vt -0.75 0.5
vt -0.75 0
vt -0.8 0.5
vt -0.8 1
vt -0.75 1
vt -0.75 0.5
vt -0.85 0
vt -0.85 0.5
vt -0.8 0.5
vt -0.8 0
vt -0.85 0.5
vt -0.85 1
vt -0.8 1
vt -0.8 0.5
vt -0.9 0
vt -0.9 0.5
vt -0.85 0.5
vt -0.85 0
vt -0.9 0.5
vt -0.9 1
vt -0.85 1
vt -0.85 0.5
vt -0.95 0
vt -0.95 0.5
vt -0.9 0.5
vt -0.9 0
vt -0.95 0.5
vt -0.95 1
vt -0.9 1
vt -0.9 0.5
vt -1 0
vt -1 0.5
vt -0.95 0.5
vt -0.95 0
vt -1 0.5
vt -1 1
vt -0.95 1
vt -0.95 0.5
vt 0.5 0.5
vt 0.5 0.75
vt 0.5772542 0.7377641
vt 0.5 0.75
vt 0.5 1
vt 0.6545085 0.9755282
vt 0.5772542 0.7377641
vt 0.5 0.5
vt 0.5772542 0.7377641
vt 0.6469463 0.7022542
vt 0.5772542 0.7377641
vt 0.6545085 0.9755282
vt 0.7938926 0.9045085
vt 0.6469463 0.7022542
vt 0.5 0.5
vt 0.6469463 0.7022542
vt 0.7022542 0.6469463
vt 0.6469463 0.7022542
vt 0.7938926 0.9045085
vt 0.9045085 0.7938926
vt 0.7022542 0.6469463
vt 0.5 0.5
vt 0.7022542 0.6469463
vt 0.7377641 0.5772542
vt 0.7022542 0.6469463
vt 0.9045085 0.7938926
vt 0.9755282 0.6545085
vt 0.7377641 0.5772542
vt 0.5 0.5
vt 0.7377641 0.5772542
vt 0.75 0.5
vt 0.7377641 0.5772542
vt 0.9755282 0.6545085
vt 1 0.5
vt 0.75 0.5
vt 0.5 0.5
vt 0.75 0.5
vt 0.7377641 0.4227457
vt 0.75 0.5
vt 1 0.5
vt 0.9755282 0.3454915
vt 0.7377641 0.4227457
vt 0.5 0.5
vt 0.7377641 0.4227457
vt 0.7022542 0.3530537
vt 0.7377641 0.4227457
vt 0.9755282 0.3454915
vt 0.9045085 0.2061074
vt 0.7022542 0.3530537
vt 0.5 0.5
vt 0.7022542 0.3530537
vt 0.6469463 0.2977457
vt 0.7022542 0.3530537
vt 0.9045085 0.2061074
vt 0.7938926 0.09549147
vt 0.6469463 0.2977457
vt 0.5 0.5
vt 0.6469463 0.2977457
vt 0.5772542 0.2622359
vt 0.6469463 0.2977457
vt 0.7938926 0.09549147
vt 0.6545084 0.0244717
vt 0.5772542 0.2622359
vt 0.5 0.5
vt 0.5772542 0.2622359
vt 0.5 0.25
vt 0.5772542 0.2622359
vt 0.6545084 0.0244717
vt 0.5 0
vt 0.5 0.25
vt 0.5 0.5
vt 0.5 0.25
vt 0.4227458 0.2622359
vt 0.5 0.25
vt 0.5 0
vt 0.3454915 0.02447173
vt 0.4227458 0.2622359
vt 0.5 0.5
vt 0.4227458 0.2622359
vt 0.3530537 0.2977458
vt 0.4227458 0.2622359
vt 0.3454915 0.02447173
vt 0.2061073 0.09549153
vt 0.3530537 0.2977458
vt 0.5 0.5
vt 0.3530537 0.2977458
vt 0.2977457 0.3530537
vt 0.3530537 0.2977458
vt 0.2061073 0.09549153
vt 0.09549144 0.2061075
vt 0.2977457 0.3530537
vt 0.5 0.5
vt 0.2977457 0.3530537
vt 0.2622359 0.4227457
vt 0.2977457 0.3530537
vt 0.09549144 0.2061075
vt 0.02447176 0.3454915
vt 0.2622359 0.4227457
vt 0.5 0.5
vt 0.2622359 0.4227457
vt 0.25 0.5
vt 0.2622359 0.4227457
vt 0.02447176 0.3454915
vt 0 0.5
vt 0.25 0.5
vt 0.5 0.5
vt 0.25 0.5
vt 0.2622359 0.5772543
vt 0.25 0.5
vt 0 0.5
vt 0.02447176 0.6545086
vt 0.2622359 0.5772543
vt 0.5 0.5
vt 0.2622359 0.5772543
vt 0.2977458 0.6469464
vt 0.2622359 0.5772543
vt 0.02447176 0.6545086
vt 0.09549159 0.7938927
vt 0.2977458 0.6469464
vt 0.5 0.5
vt 0.2977458 0.6469464
vt 0.3530537 0.7022543
vt 0.2977458 0.6469464
vt 0.09549159 0.7938927
vt 0.2061075 0.9045086
vt 0.3530537 0.7022543
vt 0.5 0.5
vt 0.3530537 0.7022543
vt 0.4227458 0.7377641
vt 0.3530537 0.7022543
vt 0.2061075 0.9045086
vt 0.3454915 0.9755282
vt 0.4227458 0.7377641
vt 0.5 0.5
vt 0.4227458 0.7377641
vt 0.5000001 0.75
vt 0.4227458 0.7377641
vt 0.3454915 0.9755282
vt 0.5000001 1
vt 0.5000001 0.75
vt 0.5 0.5
vt 0.5000001 0.75
vt 0.4227458 0.7377641
vt 0.5000001 0.75
vt 0.5000001 1
vt 0.3454915 0.9755282
vt 0.4227458 0.7377641
vt 0.5 0.5
vt 0.4227458 0.7377641
vt 0.3530537 0.7022543
vt 0.4227458 0.7377641
vt 0.3454915 0.9755282
vt 0.2061075 0.9045086
vt 0.3530537 0.7022543
vt 0.5 0.5
vt 0.3530537 0.7022543
vt 0.2977458 0.6469464
vt 0.3530537 0.7022543
vt 0.2061075 0.9045086
vt 0.09549159 0.7938927
vt 0.2977458 0.6469464
vt 0.5 0.5
vt 0.2977458 0.6469464
vt 0.2622359 0.5772543
vt 0.2977458 0.6469464
vt 0.09549159 0.7938927
vt 0.02447176 0.6545086
vt 0.2622359 0.5772543
vt 0.5 0.5
vt 0.2622359 0.5772543
vt 0.25 0.5
vt 0.2622359 0.5772543
vt 0.02447176 0.6545086
vt 0 0.5
vt 0.25 0.5
vt 0.5 0.5
vt 0.25 0.5
vt 0.2622359 0.4227457
vt 0.25 0.5
vt 0 0.5
vt 0.02447176 0.3454915
vt 0.2622359 0.4227457
vt 0.5 0.5
vt 0.2622359 0.4227457
vt 0.2977457 0.3530537
vt 0.2622359 0.4227457
vt 0.02447176 0.3454915
vt 0.09549144 0.2061075
vt 0.2977457 0.3530537
vt 0.5 0.5
vt 0.2977457 0.3530537
vt 0.3530537 0.2977458
vt 0.2977457 0.3530537
vt 0.09549144 0.2061075
vt 0.2061073 0.09549153
vt 0.3530537 0.2977458
vt 0.5 0.5
vt 0.3530537 0.2977458
vt 0.4227458 0.2622359
vt 0.3530537 0.2977458
vt 0.2061073 0.09549153
vt 0.3454915 0.02447173
vt 0.4227458 0.2622359
vt 0.5 0.5
vt 0.4227458 0.2622359
vt 0.5 0.25
vt 0.4227458 0.2622359
vt 0.3454915 0.02447173
vt 0.5 0
vt 0.5 0.25
vt 0.5 0.5
vt 0.5 0.25
vt 0.5772542 0.2622359
vt 0.5 0.25
vt 0.5 0
vt 0.6545084 0.0244717
vt 0.5772542 0.2622359
vt 0.5 0.5
vt 0.5772542 0.2622359
vt 0.6469463 0.2977457
vt 0.5772542 0.2622359
vt 0.6545084 0.0244717
vt 0.7938926 0.09549147
vt 0.6469463 0.2977457
vt 0.5 0.5
vt 0.6469463 0.2977457
vt 0.7022542 0.3530537
vt 0.6469463 0.2977457
vt 0.7938926 0.09549147
vt 0.9045085 0.2061074
vt 0.7022542 0.3530537
vt 0.5 0.5
vt 0.7022542 0.3530537
vt 0.7377641 0.4227457
vt 0.7022542 0.3530537
vt 0.9045085 0.2061074
vt 0.9755282 0.3454915
vt 0.7377641 0.4227457
vt 0.5 0.5
vt 0.7377641 0.4227457
vt 0.75 0.5
vt 0.7377641 0.4227457
vt 0.9755282 0.3454915
vt 1 0.5
vt 0.75 0.5
vt 0.5 0.5
vt 0.75 0.5
vt 0.7377641 0.5772542
vt 0.75 0.5
vt 1 0.5
vt 0.9755282 0.6545085
vt 0.7377641 0.5772542
vt 0.5 0.5
vt 0.7377641 0.5772542
vt 0.7022542 0.6469463
vt 0.7377641 0.5772542
vt 0.9755282 0.6545085
vt 0.9045085 0.7938926
vt 0.7022542 0.6469463
vt 0.5 0.5
vt 0.7022542 0.6469463
vt 0.6469463 0.7022542
vt 0.7022542 0.6469463
vt 0.9045085 0.7938926
vt 0.7938926 0.9045085
vt 0.6469463 0.7022542
vt 0.5 0.5
vt 0.6469463 0.7022542
vt 0.5772542 0.7377641
vt 0.6469463 0.7022542
vt 0.7938926 0.9045085
vt 0.6545085 0.9755282
vt 0.5772542 0.7377641
vt 0.5 0.5
vt 0.5772542 0.7377641
vt 0.5 0.75
vt 0.5772542 0.7377641
vt 0.6545085 0.9755282
vt 0.5 1
vt 0.5 0.75
usemtl Material 4
f 6099/6099/6099 6098/6098/6098 6097/6097/6097
f 6099/6099/6099 6097/6097/6097 6100/6100/6100
f 6103/6103/6103 6102/6102/6102 6101/6101/6101
f 6103/6103/6103 6101/6101/6101 6104/6104/6104
f 6107/6107/6107 6106/6106/6106 6105/6105/6105
f 6107/6107/6107 6105/6105/6105 6108/6108/6108
f 6111/6111/6111 6110/6110/6110 6109/6109/6109
f 6111/6111/6111 6109/6109/6109 6112/6112/6112
f 6115/6115/6115 6114/6114/6114 6113/6113/6113
f 6115/6115/6115 6113/6113/6113 6116/6116/6116
f 6119/6119/6119 6118/6118/6118 6117/6117/6117
f 6119/6119/6119 6117/6117/6117 6120/6120/6120
f 6123/6123/6123 6122/6122/6122 6121/6121/6121
f 6123/6123/6123 6121/6121/6121 6124/6124/6124
f 6127/6127/6127 6126/6126/6126 6125/6125/6125
f 6127/6127/6127 6125/6125/6125 6128/6128/6128
f 6131/6131/6131 6130/6130/6130 6129/6129/6129
f 6131/6131/6131 6129/6129/6129 6132/6132/6132
f 6135/6135/6135 6134/6134/6134 6133/6133/6133
f 6135/6135/6135 6133/6133/6133 6136/6136/6136
f 6139/6139/6139 6138/6138/6138 6137/6137/6137
f 6139/6139/6139 6137/6137/6137 6140/6140/6140
f 6143/6143/6143 6142/6142/6142 6141/6141/6141
f 6143/6143/6143 6141/6141/6141 6144/6144/6144
f 6147/6147/6147 6146/6146/6146 6145/6145/6145
f 6147/6147/6147 6145/6145/6145 6148/6148/6148
f 6151/6151/6151 6150/6150/6150 6149/6149/6149
f 6151/6151/6151 6149/6149/6149 6152/6152/6152
f 6155/6155/6155 6154/6154/6154 6153/6153/6153
f 6155/6155/6155 6153/6153/6153 6156/6156/6156
f 6159/6159/6159 6158/6158/6158 6157/6157/6157
f 6159/6159/6159 6157/6157/6157 6160/6160/6160
f 6163/6163/6163 6162/6162/6162 6161/6161/6161
f 6163/6163/6163 6161/6161/6161 6164/6164/6164
f 6167/6167/6167 6166/6166/6166 6165/6165/6165
f 6167/6167/6167 6165/6165/6165 6168/6168/6168
f 6171/6171/6171 6170/6170/6170 6169/6169/6169
f 6171/6171/6171 6169/6169/6169 6172/6172/6172
f 6175/6175/6175 6174/6174/6174 6173/6173/6173
f 6175/6175/6175 6173/6173/6173 6176/6176/6176
f 6179/6179/6179 6178/6178/6178 6177/6177/6177
f 6179/6179/6179 6177/6177/6177 6180/6180/6180
f 6183/6183/6183 6182/6182/6182 6181/6181/6181
f 6183/6183/6183 6181/6181/6181 6184/6184/6184
f 6187/6187/6187 6186/6186/6186 6185/6185/6185
f 6187/6187/6187 6185/6185/6185 6188/6188/6188
f 6191/6191/6191 6190/6190/6190 6189/6189/6189
f 6191/6191/6191 6189/6189/6189 6192/6192/6192
f 6195/6195/6195 6194/6194/6194 6193/6193/6193
f 6195/6195/6195 6193/6193/6193 6196/6196/6196
f 6199/6199/6199 6198/6198/6198 6197/6197/6197
f 6199/6199/6199 6197/6197/6197 6200/6200/6200
f 6203/6203/6203 6202/6202/6202 6201/6201/6201
f 6203/6203/6203 6201/6201/6201 6204/6204/6204
f 6207/6207/6207 6206/6206/6206 6205/6205/6205
f 6207/6207/6207 6205/6205/6205 6208/6208/6208
f 6211/6211/6211 6210/6210/6210 6209/6209/6209
f 6211/6211/6211 6209/6209/6209 6212/6212/6212
f 6215/6215/6215 6214/6214/6214 6213/6213/6213
f 6215/6215/6215 6213/6213/6213 6216/6216/6216
f 6219/6219/6219 6218/6218/6218 6217/6217/6217
f 6219/6219/6219 6217/6217/6217 6220/6220/6220
f 6223/6223/6223 6222/6222/6222 6221/6221/6221
f 6223/6223/6223 6221/6221/6221 6224/6224/6224
f 6227/6227/6227 6226/6226/6226 6225/6225/6225
f 6227/6227/6227 6225/6225/6225 6228/6228/6228
f 6231/6231/6231 6230/6230/6230 6229/6229/6229
f 6231/6231/6231 6229/6229/6229 6232/6232/6232
f 6235/6235/6235 6234/6234/6234 6233/6233/6233
f 6235/6235/6235 6233/6233/6233 6236/6236/6236
f 6239/6239/6239 6238/6238/6238 6237/6237/6237
f 6239/6239/6239 6237/6237/6237 6240/6240/6240
f 6243/6243/6243 6242/6242/6242 6241/6241/6241
f 6243/6243/6243 6241/6241/6241 6244/6244/6244
f 6247/6247/6247 6246/6246/6246 6245/6245/6245
f 6247/6247/6247 6245/6245/6245 6248/6248/6248
f 6251/6251/6251 6250/6250/6250 6249/6249/6249
f 6251/6251/6251 6249/6249/6249 6252/6252/6252
f 6255/6255/6255 6254/6254/6254 6253/6253/6253
f 6255/6255/6255 6253/6253/6253 6256/6256/6256
f 6259/6259/6259 6258/6258/6258 6257/6257/6257
f 6262/6262/6262 6261/6261/6261 6260/6260/6260
f 6262/6262/6262 6260/6260/6260 6263/6263/6263
f 6266/6266/6266 6265/6265/6265 6264/6264/6264
f 6269/6269/6269 6268/6268/6268 6267/6267/6267
f 6269/6269/6269 6267/6267/6267 6270/6270/6270
f 6273/6273/6273 6272/6272/6272 6271/6271/6271
f 6276/6276/6276 6275/6275/6275 6274/6274/6274
f 6276/6276/6276 6274/6274/6274 6277/6277/6277
f 6280/6280/6280 6279/6279/6279 6278/6278/6278
f 6283/6283/6283 6282/6282/6282 6281/6281/6281
f 6283/6283/6283 6281/6281/6281 6284/6284/6284
f 6287/6287/6287 6286/6286/6286 6285/6285/6285
f 6290/6290/6290 6289/6289/6289 6288/6288/6288
f 6290/6290/6290 6288/6288/6288 6291/6291/6291
f 6294/6294/6294 6293/6293/6293 6292/6292/6292
f 6297/6297/6297 6296/6296/6296 6295/6295/6295
f 6297/6297/6297 6295/6295/6295 6298/6298/6298
f 6301/6301/6301 6300/6300/6300 6299/6299/6299
f 6304/6304/6304 6303/6303/6303 6302/6302/6302
f 6304/6304/6304 6302/6302/6302 6305/6305/6305
f 6308/6308/6308 6307/6307/6307 6306/6306/6306
f 6311/6311/6311 6310/6310/6310 6309/6309/6309
f 6311/6311/6311 6309/6309/6309 6312/6312/6312
f 6315/6315/6315 6314/6314/6314 6313/6313/6313
f 6318/6318/6318 6317/6317/6317 6316/6316/6316
f 6318/6318/6318 6316/6316/6316 6319/6319/6319
f 6322/6322/6322 6321/6321/6321 6320/6320/6320
f 6325/6325/6325 6324/6324/6324 6323/6323/6323
f 6325/6325/6325 6323/6323/6323 6326/6326/6326
f 6329/6329/6329 6328/6328/6328 6327/6327/6327
f 6332/6332/6332 6331/6331/6331 6330/6330/6330
f 6332/6332/6332 6330/6330/6330 6333/6333/6333
f 6336/6336/6336 6335/6335/6335 6334/6334/6334
f 6339/6339/6339 6338/6338/6338 6337/6337/6337
f 6339/6339/6339 6337/6337/6337 6340/6340/6340
f 6343/6343/6343 6342/6342/6342 6341/6341/6341
f 6346/6346/6346 6345/6345/6345 6344/6344/6344
f 6346/6346/6346 6344/6344/6344 6347/6347/6347
f 6350/6350/6350 6349/6349/6349 6348/6348/6348
f 6353/6353/6353 6352/6352/6352 6351/6351/6351
f 6353/6353/6353 6351/6351/6351 6354/6354/6354
f 6357/6357/6357 6356/6356/6356 6355/6355/6355
f 6360/6360/6360 6359/6359/6359 6358/6358/6358
f 6360/6360/6360 6358/6358/6358 6361/6361/6361
f 6364/6364/6364 6363/6363/6363 6362/6362/6362
f 6367/6367/6367 6366/6366/6366 6365/6365/6365
f 6367/6367/6367 6365/6365/6365 6368/6368/6368
f 6371/6371/6371 6370/6370/6370 6369/6369/6369
f 6374/6374/6374 6373/6373/6373 6372/6372/6372
f 6374/6374/6374 6372/6372/6372 6375/6375/6375
f 6378/6378/6378 6377/6377/6377 6376/6376/6376
f 6381/6381/6381 6380/6380/6380 6379/6379/6379
f 6381/6381/6381 6379/6379/6379 6382/6382/6382
f 6385/6385/6385 6384/6384/6384 6383/6383/6383
f 6388/6388/6388 6387/6387/6387 6386/6386/6386
f 6388/6388/6388 6386/6386/6386 6389/6389/6389
f 6392/6392/6392 6391/6391/6391 6390/6390/6390
f 6395/6395/6395 6394/6394/6394 6393/6393/6393
f 6395/6395/6395 6393/6393/6393 6396/6396/6396
f 6399/6399/6399 6398/6398/6398 6397/6397/6397
f 6402/6402/6402 6401/6401/6401 6400/6400/6400
f 6402/6402/6402 6400/6400/6400 6403/6403/6403
f 6406/6406/6406 6405/6405/6405 6404/6404/6404
f 6409/6409/6409 6408/6408/6408 6407/6407/6407
f 6409/6409/6409 6407/6407/6407 6410/6410/6410
f 6413/6413/6413 6412/6412/6412 6411/6411/6411
f 6416/6416/6416 6415/6415/6415 6414/6414/6414
f 6416/6416/6416 6414/6414/6414 6417/6417/6417
f 6420/6420/6420 6419/6419/6419 6418/6418/6418
f 6423/6423/6423 6422/6422/6422 6421/6421/6421
f 6423/6423/6423 6421/6421/6421 6424/6424/6424
f 6427/6427/6427 6426/6426/6426 6425/6425/6425
f 6430/6430/6430 6429/6429/6429 6428/6428/6428
f 6430/6430/6430 6428/6428/6428 6431/6431/6431
f 6434/6434/6434 6433/6433/6433 6432/6432/6432
f 6437/6437/6437 6436/6436/6436 6435/6435/6435
f 6437/6437/6437 6435/6435/6435 6438/6438/6438
f 6441/6441/6441 6440/6440/6440 6439/6439/6439
f 6444/6444/6444 6443/6443/6443 6442/6442/6442
f 6444/6444/6444 6442/6442/6442 6445/6445/6445
f 6448/6448/6448 6447/6447/6447 6446/6446/6446
f 6451/6451/6451 6450/6450/6450 6449/6449/6449
f 6451/6451/6451 6449/6449/6449 6452/6452/6452
f 6455/6455/6455 6454/6454/6454 6453/6453/6453
f 6458/6458/6458 6457/6457/6457 6456/6456/6456
f 6458/6458/6458 6456/6456/6456 6459/6459/6459
f 6462/6462/6462 6461/6461/6461 6460/6460/6460
f 6465/6465/6465 6464/6464/6464 6463/6463/6463
f 6465/6465/6465 6463/6463/6463 6466/6466/6466
f 6469/6469/6469 6468/6468/6468 6467/6467/6467
f 6472/6472/6472 6471/6471/6471 6470/6470/6470
f 6472/6472/6472 6470/6470/6470 6473/6473/6473
f 6476/6476/6476 6475/6475/6475 6474/6474/6474
f 6479/6479/6479 6478/6478/6478 6477/6477/6477
f 6479/6479/6479 6477/6477/6477 6480/6480/6480
f 6483/6483/6483 6482/6482/6482 6481/6481/6481
f 6486/6486/6486 6485/6485/6485 6484/6484/6484
f 6486/6486/6486 6484/6484/6484 6487/6487/6487
f 6490/6490/6490 6489/6489/6489 6488/6488/6488
f 6493/6493/6493 6492/6492/6492 6491/6491/6491
f 6493/6493/6493 6491/6491/6491 6494/6494/6494
f 6497/6497/6497 6496/6496/6496 6495/6495/6495
f 6500/6500/6500 6499/6499/6499 6498/6498/6498
f 6500/6500/6500 6498/6498/6498 6501/6501/6501
f 6504/6504/6504 6503/6503/6503 6502/6502/6502
f 6507/6507/6507 6506/6506/6506 6505/6505/6505
f 6507/6507/6507 6505/6505/6505 6508/6508/6508
f 6511/6511/6511 6510/6510/6510 6509/6509/6509
f 6514/6514/6514 6513/6513/6513 6512/6512/6512
f 6514/6514/6514 6512/6512/6512 6515/6515/6515
f 6518/6518/6518 6517/6517/6517 6516/6516/6516
f 6521/6521/6521 6520/6520/6520 6519/6519/6519
f 6521/6521/6521 6519/6519/6519 6522/6522/6522
f 6525/6525/6525 6524/6524/6524 6523/6523/6523
f 6528/6528/6528 6527/6527/6527 6526/6526/6526
f 6528/6528/6528 6526/6526/6526 6529/6529/6529
f 6532/6532/6532 6531/6531/6531 6530/6530/6530
f 6535/6535/6535 6534/6534/6534 6533/6533/6533
f 6535/6535/6535 6533/6533/6533 6536/6536/6536
o #353535 4
v -1.352308 -0.464222 2.667455
v -1.12257 -0.4642221 2.667455
v -1.12257 -0.6187341 2.691927
v -1.352308 -0.6187341 2.691927
v -1.12257 -0.4642221 2.667455
v -0.8928319 -0.4642221 2.667455
v -0.8928319 -0.6187341 2.691927
v -1.12257 -0.6187341 2.691927
v -1.352308 -0.3248347 2.596436
v -1.12257 -0.3248348 2.596436
v -1.12257 -0.4642221 2.667455
v -1.352308 -0.464222 2.667455
v -1.12257 -0.3248348 2.596436
v -0.8928319 -0.3248348 2.596436
v -0.8928319 -0.4642221 2.667455
v -1.12257 -0.4642221 2.667455
v -1.352308 -0.2142163 2.48582
v -1.12257 -0.2142163 2.48582
v -1.12257 -0.3248348 2.596436
v -1.352308 -0.3248347 2.596436
v -1.12257 -0.2142163 2.48582
v -0.8928318 -0.2142164 2.48582
v -0.8928319 -0.3248348 2.596436
v -1.12257 -0.3248348 2.596436
v -1.352308 -0.1431949 2.346436
v -1.12257 -0.1431949 2.346436
v -1.12257 -0.2142163 2.48582
v -1.352308 -0.2142163 2.48582
v -1.12257 -0.1431949 2.346436
v -0.8928318 -0.143195 2.346436
v -0.8928318 -0.2142164 2.48582
v -1.12257 -0.2142163 2.48582
v -1.352308 -0.1187226 2.191927
v -1.12257 -0.1187226 2.191927
v -1.12257 -0.1431949 2.346436
v -1.352308 -0.1431949 2.346436
v -1.12257 -0.1187226 2.191927
v -0.8928318 -0.1187227 2.191927
v -0.8928318 -0.143195 2.346436
v -1.12257 -0.1431949 2.346436
v -1.352308 -0.1431949 2.037419
v -1.12257 -0.1431949 2.037419
v -1.12257 -0.1187226 2.191927
v -1.352308 -0.1187226 2.191927
v -1.12257 -0.1431949 2.037419
v -0.8928318 -0.143195 2.037419
v -0.8928318 -0.1187227 2.191927
v -1.12257 -0.1187226 2.191927
v -1.352308 -0.2142163 1.898035
v -1.12257 -0.2142163 1.898035
v -1.12257 -0.1431949 2.037419
v -1.352308 -0.1431949 2.037419
v -1.12257 -0.2142163 1.898035
v -0.8928318 -0.2142164 1.898035
v -0.8928318 -0.143195 2.037419
v -1.12257 -0.1431949 2.037419
v -1.352308 -0.3248348 1.787419
v -1.12257 -0.3248348 1.787419
v -1.12257 -0.2142163 1.898035
v -1.352308 -0.2142163 1.898035
v -1.12257 -0.3248348 1.787419
v -0.8928319 -0.3248348 1.787419
v -0.8928318 -0.2142164 1.898035
v -1.12257 -0.2142163 1.898035
v -1.352308 -0.4642221 1.716399
v -1.12257 -0.4642222 1.716399
v -1.12257 -0.3248348 1.787419
v -1.352308 -0.3248348 1.787419
v -1.12257 -0.4642222 1.716399
v -0.8928319 -0.4642222 1.716399
v -0.8928319 -0.3248348 1.787419
v -1.12257 -0.3248348 1.787419
v -1.352308 -0.6187341 1.691927
v -1.12257 -0.6187342 1.691927
v -1.12257 -0.4642222 1.716399
v -1.352308 -0.4642221 1.716399
v -1.12257 -0.6187342 1.691927
v -0.8928319 -0.6187342 1.691927
v -0.8928319 -0.4642222 1.716399
v -1.12257 -0.4642222 1.716399
v -1.352308 -0.7732461 1.716399
v -1.12257 -0.7732462 1.716399
v -1.12257 -0.6187342 1.691927
v -1.352308 -0.6187341 1.691927
v -1.12257 -0.7732462 1.716399
v -0.8928319 -0.7732462 1.716399
v -0.8928319 -0.6187342 1.691927
v -1.12257 -0.6187342 1.691927
v -1.352308 -0.9126335 1.787419
v -1.12257 -0.9126335 1.787419
v -1.12257 -0.7732462 1.716399
v -1.352308 -0.7732461 1.716399
v -1.12257 -0.9126335 1.787419
v -0.8928319 -0.9126335 1.787419
v -0.8928319 -0.7732462 1.716399
v -1.12257 -0.7732462 1.716399
v -1.352308 -1.023252 1.898035
v -1.12257 -1.023252 1.898035
v -1.12257 -0.9126335 1.787419
v -1.352308 -0.9126335 1.787419
v -1.12257 -1.023252 1.898035
v -0.8928319 -1.023252 1.898035
v -0.8928319 -0.9126335 1.787419
v -1.12257 -0.9126335 1.787419
v -1.352308 -1.094273 2.037419
v -1.12257 -1.094273 2.037419
v -1.12257 -1.023252 1.898035
v -1.352308 -1.023252 1.898035
v -1.12257 -1.094273 2.037419
v -0.8928319 -1.094273 2.037419
v -0.8928319 -1.023252 1.898035
v -1.12257 -1.023252 1.898035
v -1.352308 -1.118746 2.191927
v -1.12257 -1.118746 2.191927
v -1.12257 -1.094273 2.037419
v -1.352308 -1.094273 2.037419
v -1.12257 -1.118746 2.191927
v -0.8928319 -1.118746 2.191927
v -0.8928319 -1.094273 2.037419
v -1.12257 -1.094273 2.037419
v -1.352308 -1.094273 2.346436
v -1.12257 -1.094273 2.346436
v -1.12257 -1.118746 2.191927
v -1.352308 -1.118746 2.191927
v -1.12257 -1.094273 2.346436
v -0.8928319 -1.094273 2.346436
v -0.8928319 -1.118746 2.191927
v -1.12257 -1.118746 2.191927
v -1.352308 -1.023252 2.48582
v -1.12257 -1.023252 2.48582
v -1.12257 -1.094273 2.346436
v -1.352308 -1.094273 2.346436
v -1.12257 -1.023252 2.48582
v -0.8928319 -1.023252 2.48582
v -0.8928319 -1.094273 2.346436
v -1.12257 -1.094273 2.346436
v -1.352308 -0.9126333 2.596436
v -1.12257 -0.9126333 2.596436
v -1.12257 -1.023252 2.48582
v -1.352308 -1.023252 2.48582
v -1.12257 -0.9126333 2.596436
v -0.8928319 -0.9126334 2.596436
v -0.8928319 -1.023252 2.48582
v -1.12257 -1.023252 2.48582
v -1.352308 -0.7732461 2.667455
v -1.12257 -0.7732462 2.667455
v -1.12257 -0.9126333 2.596436
v -1.352308 -0.9126333 2.596436
v -1.12257 -0.7732462 2.667455
v -0.8928319 -0.7732462 2.667455
v -0.8928319 -0.9126334 2.596436
v -1.12257 -0.9126333 2.596436
v -1.352308 -0.6187341 2.691927
v -1.12257 -0.6187341 2.691927
v -1.12257 -0.7732462 2.667455
v -1.352308 -0.7732461 2.667455
v -1.12257 -0.6187341 2.691927
v -0.8928319 -0.6187341 2.691927
v -0.8928319 -0.7732462 2.667455
v -1.12257 -0.7732462 2.667455
v -0.8928319 -0.6187341 2.191927
v -0.8928319 -0.6187341 2.441927
v -0.8928319 -0.5414782 2.429691
v -0.8928319 -0.6187341 2.441927
v -0.8928319 -0.6187341 2.691927
v -0.8928319 -0.4642221 2.667455
v -0.8928319 -0.5414782 2.429691
v -0.8928319 -0.6187341 2.191927
v -0.8928319 -0.5414782 2.429691
v -0.8928319 -0.4717845 2.394181
v -0.8928319 -0.5414782 2.429691
v -0.8928319 -0.4642221 2.667455
v -0.8928319 -0.3248348 2.596436
v -0.8928319 -0.4717845 2.394181
v -0.8928319 -0.6187341 2.191927
v -0.8928319 -0.4717845 2.394181
v -0.8928319 -0.4164752 2.338873
v -0.8928319 -0.4717845 2.394181
v -0.8928319 -0.3248348 2.596436
v -0.8928318 -0.2142164 2.48582
v -0.8928319 -0.4164752 2.338873
v -0.8928319 -0.6187341 2.191927
v -0.8928319 -0.4164752 2.338873
v -0.8928319 -0.3809646 2.269181
v -0.8928319 -0.4164752 2.338873
v -0.8928318 -0.2142164 2.48582
v -0.8928318 -0.143195 2.346436
v -0.8928319 -0.3809646 2.269181
v -0.8928319 -0.6187341 2.191927
v -0.8928319 -0.3809646 2.269181
v -0.8928319 -0.3687284 2.191927
v -0.8928319 -0.3809646 2.269181
v -0.8928318 -0.143195 2.346436
v -0.8928318 -0.1187227 2.191927
v -0.8928319 -0.3687284 2.191927
v -0.8928319 -0.6187341 2.191927
v -0.8928319 -0.3687284 2.191927
v -0.8928319 -0.3809646 2.114673
v -0.8928319 -0.3687284 2.191927
v -0.8928318 -0.1187227 2.191927
v -0.8928318 -0.143195 2.037419
v -0.8928319 -0.3809646 2.114673
v -0.8928319 -0.6187341 2.191927
v -0.8928319 -0.3809646 2.114673
v -0.8928319 -0.4164752 2.044981
v -0.8928319 -0.3809646 2.114673
v -0.8928318 -0.143195 2.037419
v -0.8928318 -0.2142164 1.898035
v -0.8928319 -0.4164752 2.044981
v -0.8928319 -0.6187341 2.191927
v -0.8928319 -0.4164752 2.044981
v -0.8928319 -0.4717845 1.989673
v -0.8928319 -0.4164752 2.044981
v -0.8928318 -0.2142164 1.898035
v -0.8928319 -0.3248348 1.787419
v -0.8928319 -0.4717845 1.989673
v -0.8928319 -0.6187341 2.191927
v -0.8928319 -0.4717845 1.989673
v -0.8928319 -0.5414782 1.954163
v -0.8928319 -0.4717845 1.989673
v -0.8928319 -0.3248348 1.787419
v -0.8928319 -0.4642222 1.716399
v -0.8928319 -0.5414782 1.954163
v -0.8928319 -0.6187341 2.191927
v -0.8928319 -0.5414782 1.954163
v -0.8928319 -0.6187342 1.941927
v -0.8928319 -0.5414782 1.954163
v -0.8928319 -0.4642222 1.716399
v -0.8928319 -0.6187342 1.691927
v -0.8928319 -0.6187342 1.941927
v -0.8928319 -0.6187341 2.191927
v -0.8928319 -0.6187342 1.941927
v -0.8928319 -0.6959901 1.954163
v -0.8928319 -0.6187342 1.941927
v -0.8928319 -0.6187342 1.691927
v -0.8928319 -0.7732462 1.716399
v -0.8928319 -0.6959901 1.954163
v -0.8928319 -0.6187341 2.191927
v -0.8928319 -0.6959901 1.954163
v -0.8928319 -0.7656839 1.989673
v -0.8928319 -0.6959901 1.954163
v -0.8928319 -0.7732462 1.716399
v -0.8928319 -0.9126335 1.787419
v -0.8928319 -0.7656839 1.989673
v -0.8928319 -0.6187341 2.191927
v -0.8928319 -0.7656839 1.989673
v -0.8928319 -0.8209931 2.044981
v -0.8928319 -0.7656839 1.989673
v -0.8928319 -0.9126335 1.787419
v -0.8928319 -1.023252 1.898035
v -0.8928319 -0.8209931 2.044981
v -0.8928319 -0.6187341 2.191927
v -0.8928319 -0.8209931 2.044981
v -0.8928319 -0.8565037 2.114673
v -0.8928319 -0.8209931 2.044981
v -0.8928319 -1.023252 1.898035
v -0.8928319 -1.094273 2.037419
v -0.8928319 -0.8565037 2.114673
v -0.8928319 -0.6187341 2.191927
v -0.8928319 -0.8565037 2.114673
v -0.8928319 -0.8687399 2.191927
v -0.8928319 -0.8565037 2.114673
v -0.8928319 -1.094273 2.037419
v -0.8928319 -1.118746 2.191927
v -0.8928319 -0.8687399 2.191927
v -0.8928319 -0.6187341 2.191927
v -0.8928319 -0.8687399 2.191927
v -0.8928319 -0.8565037 2.269181
v -0.8928319 -0.8687399 2.191927
v -0.8928319 -1.118746 2.191927
v -0.8928319 -1.094273 2.346436
v -0.8928319 -0.8565037 2.269181
v -0.8928319 -0.6187341 2.191927
v -0.8928319 -0.8565037 2.269181
v -0.8928319 -0.820993 2.338874
v -0.8928319 -0.8565037 2.269181
v -0.8928319 -1.094273 2.346436
v -0.8928319 -1.023252 2.48582
v -0.8928319 -0.820993 2.338874
v -0.8928319 -0.6187341 2.191927
v -0.8928319 -0.820993 2.338874
v -0.8928319 -0.7656838 2.394181
v -0.8928319 -0.820993 2.338874
v -0.8928319 -1.023252 2.48582
v -0.8928319 -0.9126334 2.596436
v -0.8928319 -0.7656838 2.394181
v -0.8928319 -0.6187341 2.191927
v -0.8928319 -0.7656838 2.394181
v -0.8928319 -0.6959901 2.429691
v -0.8928319 -0.7656838 2.394181
v -0.8928319 -0.9126334 2.596436
v -0.8928319 -0.7732462 2.667455
v -0.8928319 -0.6959901 2.429691
v -0.8928319 -0.6187341 2.191927
v -0.8928319 -0.6959901 2.429691
v -0.8928319 -0.6187341 2.441927
v -0.8928319 -0.6959901 2.429691
v -0.8928319 -0.7732462 2.667455
v -0.8928319 -0.6187341 2.691927
v -0.8928319 -0.6187341 2.441927
v -1.352308 -0.6187341 2.191927
v -1.352308 -0.6187341 2.441927
v -1.352308 -0.6959901 2.429691
v -1.352308 -0.6187341 2.441927
v -1.352308 -0.6187341 2.691927
v -1.352308 -0.7732461 2.667455
v -1.352308 -0.6959901 2.429691
v -1.352308 -0.6187341 2.191927
v -1.352308 -0.6959901 2.429691
v -1.352308 -0.7656837 2.394181
v -1.352308 -0.6959901 2.429691
v -1.352308 -0.7732461 2.667455
v -1.352308 -0.9126333 2.596436
v -1.352308 -0.7656837 2.394181
v -1.352308 -0.6187341 2.191927
v -1.352308 -0.7656837 2.394181
v -1.352308 -0.8209929 2.338874
v -1.352308 -0.7656837 2.394181
v -1.352308 -0.9126333 2.596436
v -1.352308 -1.023252 2.48582
v -1.352308 -0.8209929 2.338874
v -1.352308 -0.6187341 2.191927
v -1.352308 -0.8209929 2.338874
v -1.352308 -0.8565037 2.269181
v -1.352308 -0.8209929 2.338874
v -1.352308 -1.023252 2.48582
v -1.352308 -1.094273 2.346436
v -1.352308 -0.8565037 2.269181
v -1.352308 -0.6187341 2.191927
v -1.352308 -0.8565037 2.269181
v -1.352308 -0.8687398 2.191927
v -1.352308 -0.8565037 2.269181
v -1.352308 -1.094273 2.346436
v -1.352308 -1.118746 2.191927
v -1.352308 -0.8687398 2.191927
v -1.352308 -0.6187341 2.191927
v -1.352308 -0.8687398 2.191927
v -1.352308 -0.8565037 2.114673
v -1.352308 -0.8687398 2.191927
v -1.352308 -1.118746 2.191927
v -1.352308 -1.094273 2.037419
v -1.352308 -0.8565037 2.114673
v -1.352308 -0.6187341 2.191927
v -1.352308 -0.8565037 2.114673
v -1.352308 -0.820993 2.044981
v -1.352308 -0.8565037 2.114673
v -1.352308 -1.094273 2.037419
v -1.352308 -1.023252 1.898035
v -1.352308 -0.820993 2.044981
v -1.352308 -0.6187341 2.191927
v -1.352308 -0.820993 2.044981
v -1.352308 -0.7656838 1.989673
v -1.352308 -0.820993 2.044981
v -1.352308 -1.023252 1.898035
v -1.352308 -0.9126335 1.787419
v -1.352308 -0.7656838 1.989673
v -1.352308 -0.6187341 2.191927
v -1.352308 -0.7656838 1.989673
v -1.352308 -0.6959901 1.954163
v -1.352308 -0.7656838 1.989673
v -1.352308 -0.9126335 1.787419
v -1.352308 -0.7732461 1.716399
v -1.352308 -0.6959901 1.954163
v -1.352308 -0.6187341 2.191927
v -1.352308 -0.6959901 1.954163
v -1.352308 -0.6187341 1.941927
v -1.352308 -0.6959901 1.954163
v -1.352308 -0.7732461 1.716399
v -1.352308 -0.6187341 1.691927
v -1.352308 -0.6187341 1.941927
v -1.352308 -0.6187341 2.191927
v -1.352308 -0.6187341 1.941927
v -1.352308 -0.5414781 1.954163
v -1.352308 -0.6187341 1.941927
v -1.352308 -0.6187341 1.691927
v -1.352308 -0.4642221 1.716399
v -1.352308 -0.5414781 1.954163
v -1.352308 -0.6187341 2.191927
v -1.352308 -0.5414781 1.954163
v -1.352308 -0.4717844 1.989673
v -1.352308 -0.5414781 1.954163
v -1.352308 -0.4642221 1.716399
v -1.352308 -0.3248348 1.787419
v -1.352308 -0.4717844 1.989673
v -1.352308 -0.6187341 2.191927
v -1.352308 -0.4717844 1.989673
v -1.352308 -0.4164752 2.044981
v -1.352308 -0.4717844 1.989673
v -1.352308 -0.3248348 1.787419
v -1.352308 -0.2142163 1.898035
v -1.352308 -0.4164752 2.044981
v -1.352308 -0.6187341 2.191927
v -1.352308 -0.4164752 2.044981
v -1.352308 -0.3809645 2.114673
v -1.352308 -0.4164752 2.044981
v -1.352308 -0.2142163 1.898035
v -1.352308 -0.1431949 2.037419
v -1.352308 -0.3809645 2.114673
v -1.352308 -0.6187341 2.191927
v -1.352308 -0.3809645 2.114673
v -1.352308 -0.3687283 2.191927
v -1.352308 -0.3809645 2.114673
v -1.352308 -0.1431949 2.037419
v -1.352308 -0.1187226 2.191927
v -1.352308 -0.3687283 2.191927
v -1.352308 -0.6187341 2.191927
v -1.352308 -0.3687283 2.191927
v -1.352308 -0.3809645 2.269181
v -1.352308 -0.3687283 2.191927
v -1.352308 -0.1187226 2.191927
v -1.352308 -0.1431949 2.346436
v -1.352308 -0.3809645 2.269181
v -1.352308 -0.6187341 2.191927
v -1.352308 -0.3809645 2.269181
v -1.352308 -0.4164752 2.338873
v -1.352308 -0.3809645 2.269181
v -1.352308 -0.1431949 2.346436
v -1.352308 -0.2142163 2.48582
v -1.352308 -0.4164752 2.338873
v -1.352308 -0.6187341 2.191927
v -1.352308 -0.4164752 2.338873
v -1.352308 -0.4717844 2.394181
v -1.352308 -0.4164752 2.338873
v -1.352308 -0.2142163 2.48582
v -1.352308 -0.3248347 2.596436
v -1.352308 -0.4717844 2.394181
v -1.352308 -0.6187341 2.191927
v -1.352308 -0.4717844 2.394181
v -1.352308 -0.541478 2.429691
v -1.352308 -0.4717844 2.394181
v -1.352308 -0.3248347 2.596436
v -1.352308 -0.464222 2.667455
v -1.352308 -0.541478 2.429691
v -1.352308 -0.6187341 2.191927
v -1.352308 -0.541478 2.429691
v -1.352308 -0.6187341 2.441927
v -1.352308 -0.541478 2.429691
v -1.352308 -0.464222 2.667455
v -1.352308 -0.6187341 2.691927
v -1.352308 -0.6187341 2.441927
vn 2.980232E-08 0.3090111 0.9510584
vn 2.980232E-08 0.3090111 0.9510584
vn -1.776357E-15 -1.609269E-08 1
vn -1.776357E-15 -1.609269E-08 1
vn 2.980232E-08 0.3090111 0.9510584
vn 2.980232E-08 0.3090111 0.9510584
vn -1.776357E-15 -1.609269E-08 1
vn -1.776357E-15 -1.609269E-08 1
vn 5.960464E-08 0.587777 0.809023
vn 5.960464E-08 0.5877771 0.809023
vn 2.980232E-08 0.3090111 0.9510584
vn 2.980232E-08 0.3090111 0.9510584
vn 5.960464E-08 0.5877771 0.809023
vn 5.960464E-08 0.587777 0.809023
vn 2.980232E-08 0.3090111 0.9510584
vn 2.980232E-08 0.3090111 0.9510584
vn 1.192093E-07 0.809011 0.5877935
vn 1.192093E-07 0.809011 0.5877935
vn 5.960464E-08 0.5877771 0.809023
vn 5.960464E-08 0.587777 0.809023
vn 1.192093E-07 0.809011 0.5877935
vn 1.192093E-07 0.809011 0.5877935
vn 5.960464E-08 0.587777 0.809023
vn 5.960464E-08 0.5877771 0.809023
vn 1.192093E-07 0.9510547 0.309023
vn 1.192093E-07 0.9510547 0.309023
vn 1.192093E-07 0.809011 0.5877935
vn 1.192093E-07 0.809011 0.5877935
vn 1.192093E-07 0.9510547 0.309023
vn 1.192093E-07 0.9510547 0.309023
vn 1.192093E-07 0.809011 0.5877935
vn 1.192093E-07 0.809011 0.5877935
vn 1.192093E-07 1 -9.655625E-08
vn 1.192093E-07 1 -9.655625E-08
vn 1.192093E-07 0.9510547 0.309023
vn 1.192093E-07 0.9510547 0.309023
vn 1.192093E-07 1 -9.655625E-08
vn 1.192093E-07 1 -9.655625E-08
vn 1.192093E-07 0.9510547 0.309023
vn 1.192093E-07 0.9510547 0.309023
vn 1.192093E-07 0.9510547 -0.3090231
vn 1.192093E-07 0.9510547 -0.3090231
vn 1.192093E-07 1 -9.655625E-08
vn 1.192093E-07 1 -9.655625E-08
vn 1.192093E-07 0.9510547 -0.3090231
vn 1.192093E-07 0.9510547 -0.3090231
vn 1.192093E-07 1 -9.655625E-08
vn 1.192093E-07 1 -9.655625E-08
vn 1.192093E-07 0.809011 -0.5877935
vn 1.192093E-07 0.809011 -0.5877935
vn 1.192093E-07 0.9510547 -0.3090231
vn 1.192093E-07 0.9510547 -0.3090231
vn 1.192093E-07 0.809011 -0.5877935
vn 1.192093E-07 0.809011 -0.5877935
vn 1.192093E-07 0.9510547 -0.3090231
vn 1.192093E-07 0.9510547 -0.3090231
vn 5.960464E-08 0.587777 -0.809023
vn 5.960464E-08 0.587777 -0.809023
vn 1.192093E-07 0.809011 -0.5877935
vn 1.192093E-07 0.809011 -0.5877935
vn 5.960464E-08 0.587777 -0.809023
vn 5.960464E-08 0.587777 -0.809023
vn 1.192093E-07 0.809011 -0.5877935
vn 1.192093E-07 0.809011 -0.5877935
vn 2.980232E-08 0.3090109 -0.9510586
vn 2.980232E-08 0.3090109 -0.9510586
vn 5.960464E-08 0.587777 -0.809023
vn 5.960464E-08 0.587777 -0.809023
vn 2.980232E-08 0.3090109 -0.9510586
vn 2.980232E-08 0.3090109 -0.9510586
vn 5.960464E-08 0.587777 -0.809023
vn 5.960464E-08 0.587777 -0.809023
vn -1.421085E-14 -9.119193E-08 -1
vn -1.421085E-14 -9.119192E-08 -1
vn 2.980232E-08 0.3090109 -0.9510586
vn 2.980232E-08 0.3090109 -0.9510586
vn -1.421085E-14 -9.119192E-08 -1
vn -1.421085E-14 -9.119193E-08 -1
vn 2.980232E-08 0.3090109 -0.9510586
vn 2.980232E-08 0.3090109 -0.9510586
vn -2.980232E-08 -0.309011 -0.9510584
vn -2.980232E-08 -0.309011 -0.9510585
vn -1.421085E-14 -9.119192E-08 -1
vn -1.421085E-14 -9.119193E-08 -1
vn -2.980232E-08 -0.309011 -0.9510585
vn -2.980232E-08 -0.309011 -0.9510584
vn -1.421085E-14 -9.119193E-08 -1
vn -1.421085E-14 -9.119192E-08 -1
vn -5.960464E-08 -0.5877772 -0.809023
vn -5.960464E-08 -0.5877772 -0.809023
vn -2.980232E-08 -0.309011 -0.9510585
vn -2.980232E-08 -0.309011 -0.9510584
vn -5.960464E-08 -0.5877772 -0.809023
vn -5.960464E-08 -0.5877772 -0.809023
vn -2.980232E-08 -0.309011 -0.9510584
vn -2.980232E-08 -0.309011 -0.9510585
vn -1.192093E-07 -0.8090112 -0.5877934
vn -1.192093E-07 -0.8090112 -0.5877934
vn -5.960464E-08 -0.5877772 -0.809023
vn -5.960464E-08 -0.5877772 -0.809023
vn -1.192093E-07 -0.8090112 -0.5877934
vn -1.192093E-07 -0.8090112 -0.5877934
vn -5.960464E-08 -0.5877772 -0.809023
vn -5.960464E-08 -0.5877772 -0.809023
vn -1.192093E-07 -0.9510547 -0.3090231
vn -1.192093E-07 -0.9510547 -0.3090231
vn -1.192093E-07 -0.8090112 -0.5877934
vn -1.192093E-07 -0.8090112 -0.5877934
vn -1.192093E-07 -0.9510547 -0.3090231
vn -1.192093E-07 -0.9510547 -0.3090231
vn -1.192093E-07 -0.8090112 -0.5877934
vn -1.192093E-07 -0.8090112 -0.5877934
vn -1.192093E-07 -1 -5.364236E-09
vn -1.192093E-07 -1 -5.364236E-09
vn -1.192093E-07 -0.9510547 -0.3090231
vn -1.192093E-07 -0.9510547 -0.3090231
vn -1.192093E-07 -1 -5.364236E-09
vn -1.192093E-07 -1 -5.364236E-09
vn -1.192093E-07 -0.9510547 -0.3090231
vn -1.192093E-07 -0.9510547 -0.3090231
vn -1.192093E-07 -0.9510546 0.3090232
vn -1.192093E-07 -0.9510546 0.3090232
vn -1.192093E-07 -1 -5.364236E-09
vn -1.192093E-07 -1 -5.364236E-09
vn -1.192093E-07 -0.9510546 0.3090232
vn -1.192093E-07 -0.9510546 0.3090232
vn -1.192093E-07 -1 -5.364236E-09
vn -1.192093E-07 -1 -5.364236E-09
vn -1.192093E-07 -0.8090109 0.5877937
vn -1.192093E-07 -0.8090109 0.5877937
vn -1.192093E-07 -0.9510546 0.3090232
vn -1.192093E-07 -0.9510546 0.3090232
vn -1.192093E-07 -0.8090109 0.5877937
vn -1.192093E-07 -0.8090109 0.5877937
vn -1.192093E-07 -0.9510546 0.3090232
vn -1.192093E-07 -0.9510546 0.3090232
vn -5.960464E-08 -0.5877768 0.8090232
vn -5.960464E-08 -0.5877768 0.8090232
vn -1.192093E-07 -0.8090109 0.5877937
vn -1.192093E-07 -0.8090109 0.5877937
vn -5.960464E-08 -0.5877768 0.8090232
vn -5.960464E-08 -0.5877768 0.8090232
vn -1.192093E-07 -0.8090109 0.5877937
vn -1.192093E-07 -0.8090109 0.5877937
vn -2.980232E-08 -0.3090109 0.9510586
vn -2.980232E-08 -0.3090109 0.9510586
vn -5.960464E-08 -0.5877768 0.8090232
vn -5.960464E-08 -0.5877768 0.8090232
vn -2.980232E-08 -0.3090109 0.9510586
vn -2.980232E-08 -0.3090109 0.9510586
vn -5.960464E-08 -0.5877768 0.8090232
vn -5.960464E-08 -0.5877768 0.8090232
vn -1.776357E-15 -1.609269E-08 1
vn -1.776357E-15 -1.609269E-08 1
vn -2.980232E-08 -0.3090109 0.9510586
vn -2.980232E-08 -0.3090109 0.9510586
vn -1.776357E-15 -1.609269E-08 1
vn -1.776357E-15 -1.609269E-08 1
vn -2.980232E-08 -0.3090109 0.9510586
vn -2.980232E-08 -0.3090109 0.9510586
vn 1 -1.192093E-07 0
vn 1 -1.192093E-07 0
vn 1 -1.192093E-07 0
vn 1 -1.192093E-07 0
vn 1 -1.192093E-07 0
vn 1 -1.192093E-07 0
vn 1 -1.192093E-07 0
vn 1 -1.192093E-07 0
vn 1 -1.192093E-07 0
vn 1 -1.192093E-07 0
vn 1 -1.192093E-07 0
vn 1 -1.192093E-07 0
vn 1 -1.192093E-07 0
vn 1 -1.192093E-07 0
vn 1 -1.192093E-07 0
vn 1 -1.192093E-07 0
vn 1 -1.192093E-07 0
vn 1 -1.192093E-07 0
vn 1 -1.192093E-07 0
vn 1 -1.192093E-07 0
vn 1 -1.192093E-07 0
vn 1 -1.192093E-07 0
vn 1 -1.192093E-07 0
vn 1 -1.192093E-07 0
vn 1 -1.192093E-07 0
vn 1 -1.192093E-07 0
vn 1 -1.192093E-07 0
vn 1 -1.192093E-07 0
vn 1 -1.192093E-07 0
vn 1 -1.192093E-07 0
vn 1 -1.192093E-07 0
vn 1 -1.192093E-07 0
vn 1 -1.192093E-07 0
vn 1 -1.192093E-07 0
vn 1 -1.192093E-07 0
vn 1 -1.192093E-07 0
vn 1 -1.192093E-07 0
vn 1 -1.192093E-07 0
vn 1 -1.192093E-07 0
vn 1 -1.192093E-07 0
vn 1 -1.192093E-07 0
vn 1 -1.192093E-07 0
vn 1 -1.192093E-07 0
vn 1 -1.192093E-07 0
vn 1 -1.192093E-07 0
vn 1 -1.192093E-07 0
vn 1 -1.192093E-07 0
vn 1 -1.192093E-07 0
vn 1 -1.192093E-07 0
vn 1 -1.192093E-07 0
vn 1 -1.192093E-07 0
vn 1 -1.192093E-07 0
vn 1 -1.192093E-07 0
vn 1 -1.192093E-07 0
vn 1 -1.192093E-07 0
vn 1 -1.192093E-07 0
vn 1 -1.192093E-07 0
vn 1 -1.192093E-07 0
vn 1 -1.192093E-07 0
vn 1 -1.192093E-07 0
vn 1 -1.192093E-07 0
vn 1 -1.192093E-07 0
vn 1 -1.192093E-07 0
vn 1 -1.192093E-07 0
vn 1 -1.192093E-07 0
vn 1 -1.192093E-07 0
vn 1 -1.192093E-07 0
vn 1 -1.192093E-07 0
vn 1 -1.192093E-07 0
vn 1 -1.192093E-07 0
vn 1 -1.192093E-07 0
vn 1 -1.192093E-07 0
vn 1 -1.192093E-07 0
vn 1 -1.192093E-07 0
vn 1 -1.192093E-07 0
vn 1 -1.192093E-07 0
vn 1 -1.192093E-07 0
vn 1 -1.192093E-07 0
vn 1 -1.192093E-07 0
vn 1 -1.192093E-07 0
vn 1 -1.192093E-07 0
vn 1 -1.192093E-07 0
vn 1 -1.192093E-07 0
vn 1 -1.192093E-07 0
vn 1 -1.192093E-07 0
vn 1 -1.192093E-07 0
vn 1 -1.192093E-07 0
vn 1 -1.192093E-07 0
vn 1 -1.192093E-07 0
vn 1 -1.192093E-07 0
vn 1 -1.192093E-07 0
vn 1 -1.192093E-07 0
vn 1 -1.192093E-07 0
vn 1 -1.192093E-07 0
vn 1 -1.192093E-07 0
vn 1 -1.192093E-07 0
vn 1 -1.192093E-07 0
vn 1 -1.192093E-07 0
vn 1 -1.192093E-07 0
vn 1 -1.192093E-07 0
vn 1 -1.192093E-07 0
vn 1 -1.192093E-07 0
vn 1 -1.192093E-07 0
vn 1 -1.192093E-07 0
vn 1 -1.192093E-07 0
vn 1 -1.192093E-07 0
vn 1 -1.192093E-07 0
vn 1 -1.192093E-07 0
vn 1 -1.192093E-07 0
vn 1 -1.192093E-07 0
vn 1 -1.192093E-07 0
vn 1 -1.192093E-07 0
vn 1 -1.192093E-07 0
vn 1 -1.192093E-07 0
vn 1 -1.192093E-07 0
vn 1 -1.192093E-07 0
vn 1 -1.192093E-07 0
vn 1 -1.192093E-07 0
vn 1 -1.192093E-07 0
vn 1 -1.192093E-07 0
vn 1 -1.192093E-07 0
vn 1 -1.192093E-07 0
vn 1 -1.192093E-07 0
vn 1 -1.192093E-07 0
vn 1 -1.192093E-07 0
vn 1 -1.192093E-07 0
vn 1 -1.192093E-07 0
vn 1 -1.192093E-07 0
vn 1 -1.192093E-07 0
vn 1 -1.192093E-07 0
vn 1 -1.192093E-07 0
vn 1 -1.192093E-07 0
vn 1 -1.192093E-07 0
vn 1 -1.192093E-07 0
vn 1 -1.192093E-07 0
vn 1 -1.192093E-07 0
vn 1 -1.192093E-07 0
vn 1 -1.192093E-07 0
vn 1 -1.192093E-07 0
vn 1 -1.192093E-07 0
vn -1 1.192093E-07 0
vn -1 1.192093E-07 0
vn -1 1.192093E-07 0
vn -1 1.192093E-07 0
vn -1 1.192093E-07 0
vn -1 1.192093E-07 0
vn -1 1.192093E-07 0
vn -1 1.192093E-07 0
vn -1 1.192093E-07 0
vn -1 1.192093E-07 0
vn -1 1.192093E-07 0
vn -1 1.192093E-07 0
vn -1 1.192093E-07 0
vn -1 1.192093E-07 0
vn -1 1.192093E-07 0
vn -1 1.192093E-07 0
vn -1 1.192093E-07 0
vn -1 1.192093E-07 0
vn -1 1.192093E-07 0
vn -1 1.192093E-07 0
vn -1 1.192093E-07 0
vn -1 1.192093E-07 0
vn -1 1.192093E-07 0
vn -1 1.192093E-07 0
vn -1 1.192093E-07 0
vn -1 1.192093E-07 0
vn -1 1.192093E-07 0
vn -1 1.192093E-07 0
vn -1 1.192093E-07 0
vn -1 1.192093E-07 0
vn -1 1.192093E-07 0
vn -1 1.192093E-07 0
vn -1 1.192093E-07 0
vn -1 1.192093E-07 0
vn -1 1.192093E-07 0
vn -1 1.192093E-07 0
vn -1 1.192093E-07 0
vn -1 1.192093E-07 0
vn -1 1.192093E-07 0
vn -1 1.192093E-07 0
vn -1 1.192093E-07 0
vn -1 1.192093E-07 0
vn -1 1.192093E-07 0
vn -1 1.192093E-07 0
vn -1 1.192093E-07 0
vn -1 1.192093E-07 0
vn -1 1.192093E-07 0
vn -1 1.192093E-07 0
vn -1 1.192093E-07 0
vn -1 1.192093E-07 0
vn -1 1.192093E-07 0
vn -1 1.192093E-07 0
vn -1 1.192093E-07 0
vn -1 1.192093E-07 0
vn -1 1.192093E-07 0
vn -1 1.192093E-07 0
vn -1 1.192093E-07 0
vn -1 1.192093E-07 0
vn -1 1.192093E-07 0
vn -1 1.192093E-07 0
vn -1 1.192093E-07 0
vn -1 1.192093E-07 0
vn -1 1.192093E-07 0
vn -1 1.192093E-07 0
vn -1 1.192093E-07 0
vn -1 1.192093E-07 0
vn -1 1.192093E-07 0
vn -1 1.192093E-07 0
vn -1 1.192093E-07 0
vn -1 1.192093E-07 0
vn -1 1.192093E-07 0
vn -1 1.192093E-07 0
vn -1 1.192093E-07 0
vn -1 1.192093E-07 0
vn -1 1.192093E-07 0
vn -1 1.192093E-07 0
vn -1 1.192093E-07 0
vn -1 1.192093E-07 0
vn -1 1.192093E-07 0
vn -1 1.192093E-07 0
vn -1 1.192093E-07 0
vn -1 1.192093E-07 0
vn -1 1.192093E-07 0
vn -1 1.192093E-07 0
vn -1 1.192093E-07 0
vn -1 1.192093E-07 0
vn -1 1.192093E-07 0
vn -1 1.192093E-07 0
vn -1 1.192093E-07 0
vn -1 1.192093E-07 0
vn -1 1.192093E-07 0
vn -1 1.192093E-07 0
vn -1 1.192093E-07 0
vn -1 1.192093E-07 0
vn -1 1.192093E-07 0
vn -1 1.192093E-07 0
vn -1 1.192093E-07 0
vn -1 1.192093E-07 0
vn -1 1.192093E-07 0
vn -1 1.192093E-07 0
vn -1 1.192093E-07 0
vn -1 1.192093E-07 0
vn -1 1.192093E-07 0
vn -1 1.192093E-07 0
vn -1 1.192093E-07 0
vn -1 1.192093E-07 0
vn -1 1.192093E-07 0
vn -1 1.192093E-07 0
vn -1 1.192093E-07 0
vn -1 1.192093E-07 0
vn -1 1.192093E-07 0
vn -1 1.192093E-07 0
vn -1 1.192093E-07 0
vn -1 1.192093E-07 0
vn -1 1.192093E-07 0
vn -1 1.192093E-07 0
vn -1 1.192093E-07 0
vn -1 1.192093E-07 0
vn -1 1.192093E-07 0
vn -1 1.192093E-07 0
vn -1 1.192093E-07 0
vn -1 1.192093E-07 0
vn -1 1.192093E-07 0
vn -1 1.192093E-07 0
vn -1 1.192093E-07 0
vn -1 1.192093E-07 0
vn -1 1.192093E-07 0
vn -1 1.192093E-07 0
vn -1 1.192093E-07 0
vn -1 1.192093E-07 0
vn -1 1.192093E-07 0
vn -1 1.192093E-07 0
vn -1 1.192093E-07 0
vn -1 1.192093E-07 0
vn -1 1.192093E-07 0
vn -1 1.192093E-07 0
vn -1 1.192093E-07 0
vn -1 1.192093E-07 0
vn -1 1.192093E-07 0
vn -1 1.192093E-07 0
vt -0.05 0
vt -0.05 0.5
vt 0 0.5
vt 0 0
vt -0.05 0.5
vt -0.05 1
vt 0 1
vt 0 0.5
vt -0.1 0
vt -0.1 0.5
vt -0.05 0.5
vt -0.05 0
vt -0.1 0.5
vt -0.1 1
vt -0.05 1
vt -0.05 0.5
vt -0.15 0
vt -0.15 0.5
vt -0.1 0.5
vt -0.1 0
vt -0.15 0.5
vt -0.15 1
vt -0.1 1
vt -0.1 0.5
vt -0.2 0
vt -0.2 0.5
vt -0.15 0.5
vt -0.15 0
vt -0.2 0.5
vt -0.2 1
vt -0.15 1
vt -0.15 0.5
vt -0.25 0
vt -0.25 0.5
vt -0.2 0.5
vt -0.2 0
vt -0.25 0.5
vt -0.25 1
vt -0.2 1
vt -0.2 0.5
vt -0.3 0
vt -0.3 0.5
vt -0.25 0.5
vt -0.25 0
vt -0.3 0.5
vt -0.3 1
vt -0.25 1
vt -0.25 0.5
vt -0.35 0
vt -0.35 0.5
vt -0.3 0.5
vt -0.3 0
vt -0.35 0.5
vt -0.35 1
vt -0.3 1
vt -0.3 0.5
vt -0.4 0
vt -0.4 0.5
vt -0.35 0.5
vt -0.35 0
vt -0.4 0.5
vt -0.4 1
vt -0.35 1
vt -0.35 0.5
vt -0.45 0
vt -0.45 0.5
vt -0.4 0.5
vt -0.4 0
vt -0.45 0.5
vt -0.45 1
vt -0.4 1
vt -0.4 0.5
vt -0.5 0
vt -0.5 0.5
vt -0.45 0.5
vt -0.45 0
vt -0.5 0.5
vt -0.5 1
vt -0.45 1
vt -0.45 0.5
vt -0.55 0
vt -0.55 0.5
vt -0.5 0.5
vt -0.5 0
vt -0.55 0.5
vt -0.55 1
vt -0.5 1
vt -0.5 0.5
vt -0.6 0
vt -0.6 0.5
vt -0.55 0.5
vt -0.55 0
vt -0.6 0.5
vt -0.6 1
vt -0.55 1
vt -0.55 0.5
vt -0.65 0
vt -0.65 0.5
vt -0.6 0.5
vt -0.6 0
vt -0.65 0.5
vt -0.65 1
vt -0.6 1
vt -0.6 0.5
vt -0.7 0
vt -0.7 0.5
vt -0.65 0.5
vt -0.65 0
vt -0.7 0.5
vt -0.7 1
vt -0.65 1
vt -0.65 0.5
vt -0.75 0
vt -0.75 0.5
vt -0.7 0.5
vt -0.7 0
vt -0.75 0.5
vt -0.75 1
vt -0.7 1
vt -0.7 0.5
vt -0.8 0
vt -0.8 0.5
vt -0.75 0.5
vt -0.75 0
vt -0.8 0.5
vt -0.8 1
vt -0.75 1
vt -0.75 0.5
vt -0.85 0
vt -0.85 0.5
vt -0.8 0.5
vt -0.8 0
vt -0.85 0.5
vt -0.85 1
vt -0.8 1
vt -0.8 0.5
vt -0.9 0
vt -0.9 0.5
vt -0.85 0.5
vt -0.85 0
vt -0.9 0.5
vt -0.9 1
vt -0.85 1
vt -0.85 0.5
vt -0.95 0
vt -0.95 0.5
vt -0.9 0.5
vt -0.9 0
vt -0.95 0.5
vt -0.95 1
vt -0.9 1
vt -0.9 0.5
vt -1 0
vt -1 0.5
vt -0.95 0.5
vt -0.95 0
vt -1 0.5
vt -1 1
vt -0.95 1
vt -0.95 0.5
vt 0.5 0.5
vt 0.5 0.75
vt 0.5772542 0.7377641
vt 0.5 0.75
vt 0.5 1
vt 0.6545085 0.9755282
vt 0.5772542 0.7377641
vt 0.5 0.5
vt 0.5772542 0.7377641
vt 0.6469463 0.7022542
vt 0.5772542 0.7377641
vt 0.6545085 0.9755282
vt 0.7938926 0.9045085
vt 0.6469463 0.7022542
vt 0.5 0.5
vt 0.6469463 0.7022542
vt 0.7022542 0.6469463
vt 0.6469463 0.7022542
vt 0.7938926 0.9045085
vt 0.9045085 0.7938926
vt 0.7022542 0.6469463
vt 0.5 0.5
vt 0.7022542 0.6469463
vt 0.7377641 0.5772542
vt 0.7022542 0.6469463
vt 0.9045085 0.7938926
vt 0.9755282 0.6545085
vt 0.7377641 0.5772542
vt 0.5 0.5
vt 0.7377641 0.5772542
vt 0.75 0.5
vt 0.7377641 0.5772542
vt 0.9755282 0.6545085
vt 1 0.5
vt 0.75 0.5
vt 0.5 0.5
vt 0.75 0.5
vt 0.7377641 0.4227457
vt 0.75 0.5
vt 1 0.5
vt 0.9755282 0.3454915
vt 0.7377641 0.4227457
vt 0.5 0.5
vt 0.7377641 0.4227457
vt 0.7022542 0.3530537
vt 0.7377641 0.4227457
vt 0.9755282 0.3454915
vt 0.9045085 0.2061074
vt 0.7022542 0.3530537
vt 0.5 0.5
vt 0.7022542 0.3530537
vt 0.6469463 0.2977457
vt 0.7022542 0.3530537
vt 0.9045085 0.2061074
vt 0.7938926 0.09549147
vt 0.6469463 0.2977457
vt 0.5 0.5
vt 0.6469463 0.2977457
vt 0.5772542 0.2622359
vt 0.6469463 0.2977457
vt 0.7938926 0.09549147
vt 0.6545084 0.0244717
vt 0.5772542 0.2622359
vt 0.5 0.5
vt 0.5772542 0.2622359
vt 0.5 0.25
vt 0.5772542 0.2622359
vt 0.6545084 0.0244717
vt 0.5 0
vt 0.5 0.25
vt 0.5 0.5
vt 0.5 0.25
vt 0.4227458 0.2622359
vt 0.5 0.25
vt 0.5 0
vt 0.3454915 0.02447173
vt 0.4227458 0.2622359
vt 0.5 0.5
vt 0.4227458 0.2622359
vt 0.3530537 0.2977458
vt 0.4227458 0.2622359
vt 0.3454915 0.02447173
vt 0.2061073 0.09549153
vt 0.3530537 0.2977458
vt 0.5 0.5
vt 0.3530537 0.2977458
vt 0.2977457 0.3530537
vt 0.3530537 0.2977458
vt 0.2061073 0.09549153
vt 0.09549144 0.2061075
vt 0.2977457 0.3530537
vt 0.5 0.5
vt 0.2977457 0.3530537
vt 0.2622359 0.4227457
vt 0.2977457 0.3530537
vt 0.09549144 0.2061075
vt 0.02447176 0.3454915
vt 0.2622359 0.4227457
vt 0.5 0.5
vt 0.2622359 0.4227457
vt 0.25 0.5
vt 0.2622359 0.4227457
vt 0.02447176 0.3454915
vt 0 0.5
vt 0.25 0.5
vt 0.5 0.5
vt 0.25 0.5
vt 0.2622359 0.5772543
vt 0.25 0.5
vt 0 0.5
vt 0.02447176 0.6545086
vt 0.2622359 0.5772543
vt 0.5 0.5
vt 0.2622359 0.5772543
vt 0.2977458 0.6469464
vt 0.2622359 0.5772543
vt 0.02447176 0.6545086
vt 0.09549159 0.7938927
vt 0.2977458 0.6469464
vt 0.5 0.5
vt 0.2977458 0.6469464
vt 0.3530537 0.7022543
vt 0.2977458 0.6469464
vt 0.09549159 0.7938927
vt 0.2061075 0.9045086
vt 0.3530537 0.7022543
vt 0.5 0.5
vt 0.3530537 0.7022543
vt 0.4227458 0.7377641
vt 0.3530537 0.7022543
vt 0.2061075 0.9045086
vt 0.3454915 0.9755282
vt 0.4227458 0.7377641
vt 0.5 0.5
vt 0.4227458 0.7377641
vt 0.5000001 0.75
vt 0.4227458 0.7377641
vt 0.3454915 0.9755282
vt 0.5000001 1
vt 0.5000001 0.75
vt 0.5 0.5
vt 0.5000001 0.75
vt 0.4227458 0.7377641
vt 0.5000001 0.75
vt 0.5000001 1
vt 0.3454915 0.9755282
vt 0.4227458 0.7377641
vt 0.5 0.5
vt 0.4227458 0.7377641
vt 0.3530537 0.7022543
vt 0.4227458 0.7377641
vt 0.3454915 0.9755282
vt 0.2061075 0.9045086
vt 0.3530537 0.7022543
vt 0.5 0.5
vt 0.3530537 0.7022543
vt 0.2977458 0.6469464
vt 0.3530537 0.7022543
vt 0.2061075 0.9045086
vt 0.09549159 0.7938927
vt 0.2977458 0.6469464
vt 0.5 0.5
vt 0.2977458 0.6469464
vt 0.2622359 0.5772543
vt 0.2977458 0.6469464
vt 0.09549159 0.7938927
vt 0.02447176 0.6545086
vt 0.2622359 0.5772543
vt 0.5 0.5
vt 0.2622359 0.5772543
vt 0.25 0.5
vt 0.2622359 0.5772543
vt 0.02447176 0.6545086
vt 0 0.5
vt 0.25 0.5
vt 0.5 0.5
vt 0.25 0.5
vt 0.2622359 0.4227457
vt 0.25 0.5
vt 0 0.5
vt 0.02447176 0.3454915
vt 0.2622359 0.4227457
vt 0.5 0.5
vt 0.2622359 0.4227457
vt 0.2977457 0.3530537
vt 0.2622359 0.4227457
vt 0.02447176 0.3454915
vt 0.09549144 0.2061075
vt 0.2977457 0.3530537
vt 0.5 0.5
vt 0.2977457 0.3530537
vt 0.3530537 0.2977458
vt 0.2977457 0.3530537
vt 0.09549144 0.2061075
vt 0.2061073 0.09549153
vt 0.3530537 0.2977458
vt 0.5 0.5
vt 0.3530537 0.2977458
vt 0.4227458 0.2622359
vt 0.3530537 0.2977458
vt 0.2061073 0.09549153
vt 0.3454915 0.02447173
vt 0.4227458 0.2622359
vt 0.5 0.5
vt 0.4227458 0.2622359
vt 0.5 0.25
vt 0.4227458 0.2622359
vt 0.3454915 0.02447173
vt 0.5 0
vt 0.5 0.25
vt 0.5 0.5
vt 0.5 0.25
vt 0.5772542 0.2622359
vt 0.5 0.25
vt 0.5 0
vt 0.6545084 0.0244717
vt 0.5772542 0.2622359
vt 0.5 0.5
vt 0.5772542 0.2622359
vt 0.6469463 0.2977457
vt 0.5772542 0.2622359
vt 0.6545084 0.0244717
vt 0.7938926 0.09549147
vt 0.6469463 0.2977457
vt 0.5 0.5
vt 0.6469463 0.2977457
vt 0.7022542 0.3530537
vt 0.6469463 0.2977457
vt 0.7938926 0.09549147
vt 0.9045085 0.2061074
vt 0.7022542 0.3530537
vt 0.5 0.5
vt 0.7022542 0.3530537
vt 0.7377641 0.4227457
vt 0.7022542 0.3530537
vt 0.9045085 0.2061074
vt 0.9755282 0.3454915
vt 0.7377641 0.4227457
vt 0.5 0.5
vt 0.7377641 0.4227457
vt 0.75 0.5
vt 0.7377641 0.4227457
vt 0.9755282 0.3454915
vt 1 0.5
vt 0.75 0.5
vt 0.5 0.5
vt 0.75 0.5
vt 0.7377641 0.5772542
vt 0.75 0.5
vt 1 0.5
vt 0.9755282 0.6545085
vt 0.7377641 0.5772542
vt 0.5 0.5
vt 0.7377641 0.5772542
vt 0.7022542 0.6469463
vt 0.7377641 0.5772542
vt 0.9755282 0.6545085
vt 0.9045085 0.7938926
vt 0.7022542 0.6469463
vt 0.5 0.5
vt 0.7022542 0.6469463
vt 0.6469463 0.7022542
vt 0.7022542 0.6469463
vt 0.9045085 0.7938926
vt 0.7938926 0.9045085
vt 0.6469463 0.7022542
vt 0.5 0.5
vt 0.6469463 0.7022542
vt 0.5772542 0.7377641
vt 0.6469463 0.7022542
vt 0.7938926 0.9045085
vt 0.6545085 0.9755282
vt 0.5772542 0.7377641
vt 0.5 0.5
vt 0.5772542 0.7377641
vt 0.5 0.75
vt 0.5772542 0.7377641
vt 0.6545085 0.9755282
vt 0.5 1
vt 0.5 0.75
usemtl Material 4
f 6539/6539/6539 6538/6538/6538 6537/6537/6537
f 6539/6539/6539 6537/6537/6537 6540/6540/6540
f 6543/6543/6543 6542/6542/6542 6541/6541/6541
f 6543/6543/6543 6541/6541/6541 6544/6544/6544
f 6547/6547/6547 6546/6546/6546 6545/6545/6545
f 6547/6547/6547 6545/6545/6545 6548/6548/6548
f 6551/6551/6551 6550/6550/6550 6549/6549/6549
f 6551/6551/6551 6549/6549/6549 6552/6552/6552
f 6555/6555/6555 6554/6554/6554 6553/6553/6553
f 6555/6555/6555 6553/6553/6553 6556/6556/6556
f 6559/6559/6559 6558/6558/6558 6557/6557/6557
f 6559/6559/6559 6557/6557/6557 6560/6560/6560
f 6563/6563/6563 6562/6562/6562 6561/6561/6561
f 6563/6563/6563 6561/6561/6561 6564/6564/6564
f 6567/6567/6567 6566/6566/6566 6565/6565/6565
f 6567/6567/6567 6565/6565/6565 6568/6568/6568
f 6571/6571/6571 6570/6570/6570 6569/6569/6569
f 6571/6571/6571 6569/6569/6569 6572/6572/6572
f 6575/6575/6575 6574/6574/6574 6573/6573/6573
f 6575/6575/6575 6573/6573/6573 6576/6576/6576
f 6579/6579/6579 6578/6578/6578 6577/6577/6577
f 6579/6579/6579 6577/6577/6577 6580/6580/6580
f 6583/6583/6583 6582/6582/6582 6581/6581/6581
f 6583/6583/6583 6581/6581/6581 6584/6584/6584
f 6587/6587/6587 6586/6586/6586 6585/6585/6585
f 6587/6587/6587 6585/6585/6585 6588/6588/6588
f 6591/6591/6591 6590/6590/6590 6589/6589/6589
f 6591/6591/6591 6589/6589/6589 6592/6592/6592
f 6595/6595/6595 6594/6594/6594 6593/6593/6593
f 6595/6595/6595 6593/6593/6593 6596/6596/6596
f 6599/6599/6599 6598/6598/6598 6597/6597/6597
f 6599/6599/6599 6597/6597/6597 6600/6600/6600
f 6603/6603/6603 6602/6602/6602 6601/6601/6601
f 6603/6603/6603 6601/6601/6601 6604/6604/6604
f 6607/6607/6607 6606/6606/6606 6605/6605/6605
f 6607/6607/6607 6605/6605/6605 6608/6608/6608
f 6611/6611/6611 6610/6610/6610 6609/6609/6609
f 6611/6611/6611 6609/6609/6609 6612/6612/6612
f 6615/6615/6615 6614/6614/6614 6613/6613/6613
f 6615/6615/6615 6613/6613/6613 6616/6616/6616
f 6619/6619/6619 6618/6618/6618 6617/6617/6617
f 6619/6619/6619 6617/6617/6617 6620/6620/6620
f 6623/6623/6623 6622/6622/6622 6621/6621/6621
f 6623/6623/6623 6621/6621/6621 6624/6624/6624
f 6627/6627/6627 6626/6626/6626 6625/6625/6625
f 6627/6627/6627 6625/6625/6625 6628/6628/6628
f 6631/6631/6631 6630/6630/6630 6629/6629/6629
f 6631/6631/6631 6629/6629/6629 6632/6632/6632
f 6635/6635/6635 6634/6634/6634 6633/6633/6633
f 6635/6635/6635 6633/6633/6633 6636/6636/6636
f 6639/6639/6639 6638/6638/6638 6637/6637/6637
f 6639/6639/6639 6637/6637/6637 6640/6640/6640
f 6643/6643/6643 6642/6642/6642 6641/6641/6641
f 6643/6643/6643 6641/6641/6641 6644/6644/6644
f 6647/6647/6647 6646/6646/6646 6645/6645/6645
f 6647/6647/6647 6645/6645/6645 6648/6648/6648
f 6651/6651/6651 6650/6650/6650 6649/6649/6649
f 6651/6651/6651 6649/6649/6649 6652/6652/6652
f 6655/6655/6655 6654/6654/6654 6653/6653/6653
f 6655/6655/6655 6653/6653/6653 6656/6656/6656
f 6659/6659/6659 6658/6658/6658 6657/6657/6657
f 6659/6659/6659 6657/6657/6657 6660/6660/6660
f 6663/6663/6663 6662/6662/6662 6661/6661/6661
f 6663/6663/6663 6661/6661/6661 6664/6664/6664
f 6667/6667/6667 6666/6666/6666 6665/6665/6665
f 6667/6667/6667 6665/6665/6665 6668/6668/6668
f 6671/6671/6671 6670/6670/6670 6669/6669/6669
f 6671/6671/6671 6669/6669/6669 6672/6672/6672
f 6675/6675/6675 6674/6674/6674 6673/6673/6673
f 6675/6675/6675 6673/6673/6673 6676/6676/6676
f 6679/6679/6679 6678/6678/6678 6677/6677/6677
f 6679/6679/6679 6677/6677/6677 6680/6680/6680
f 6683/6683/6683 6682/6682/6682 6681/6681/6681
f 6683/6683/6683 6681/6681/6681 6684/6684/6684
f 6687/6687/6687 6686/6686/6686 6685/6685/6685
f 6687/6687/6687 6685/6685/6685 6688/6688/6688
f 6691/6691/6691 6690/6690/6690 6689/6689/6689
f 6691/6691/6691 6689/6689/6689 6692/6692/6692
f 6695/6695/6695 6694/6694/6694 6693/6693/6693
f 6695/6695/6695 6693/6693/6693 6696/6696/6696
f 6699/6699/6699 6698/6698/6698 6697/6697/6697
f 6702/6702/6702 6701/6701/6701 6700/6700/6700
f 6702/6702/6702 6700/6700/6700 6703/6703/6703
f 6706/6706/6706 6705/6705/6705 6704/6704/6704
f 6709/6709/6709 6708/6708/6708 6707/6707/6707
f 6709/6709/6709 6707/6707/6707 6710/6710/6710
f 6713/6713/6713 6712/6712/6712 6711/6711/6711
f 6716/6716/6716 6715/6715/6715 6714/6714/6714
f 6716/6716/6716 6714/6714/6714 6717/6717/6717
f 6720/6720/6720 6719/6719/6719 6718/6718/6718
f 6723/6723/6723 6722/6722/6722 6721/6721/6721
f 6723/6723/6723 6721/6721/6721 6724/6724/6724
f 6727/6727/6727 6726/6726/6726 6725/6725/6725
f 6730/6730/6730 6729/6729/6729 6728/6728/6728
f 6730/6730/6730 6728/6728/6728 6731/6731/6731
f 6734/6734/6734 6733/6733/6733 6732/6732/6732
f 6737/6737/6737 6736/6736/6736 6735/6735/6735
f 6737/6737/6737 6735/6735/6735 6738/6738/6738
f 6741/6741/6741 6740/6740/6740 6739/6739/6739
f 6744/6744/6744 6743/6743/6743 6742/6742/6742
f 6744/6744/6744 6742/6742/6742 6745/6745/6745
f 6748/6748/6748 6747/6747/6747 6746/6746/6746
f 6751/6751/6751 6750/6750/6750 6749/6749/6749
f 6751/6751/6751 6749/6749/6749 6752/6752/6752
f 6755/6755/6755 6754/6754/6754 6753/6753/6753
f 6758/6758/6758 6757/6757/6757 6756/6756/6756
f 6758/6758/6758 6756/6756/6756 6759/6759/6759
f 6762/6762/6762 6761/6761/6761 6760/6760/6760
f 6765/6765/6765 6764/6764/6764 6763/6763/6763
f 6765/6765/6765 6763/6763/6763 6766/6766/6766
f 6769/6769/6769 6768/6768/6768 6767/6767/6767
f 6772/6772/6772 6771/6771/6771 6770/6770/6770
f 6772/6772/6772 6770/6770/6770 6773/6773/6773
f 6776/6776/6776 6775/6775/6775 6774/6774/6774
f 6779/6779/6779 6778/6778/6778 6777/6777/6777
f 6779/6779/6779 6777/6777/6777 6780/6780/6780
f 6783/6783/6783 6782/6782/6782 6781/6781/6781
f 6786/6786/6786 6785/6785/6785 6784/6784/6784
f 6786/6786/6786 6784/6784/6784 6787/6787/6787
f 6790/6790/6790 6789/6789/6789 6788/6788/6788
f 6793/6793/6793 6792/6792/6792 6791/6791/6791
f 6793/6793/6793 6791/6791/6791 6794/6794/6794
f 6797/6797/6797 6796/6796/6796 6795/6795/6795
f 6800/6800/6800 6799/6799/6799 6798/6798/6798
f 6800/6800/6800 6798/6798/6798 6801/6801/6801
f 6804/6804/6804 6803/6803/6803 6802/6802/6802
f 6807/6807/6807 6806/6806/6806 6805/6805/6805
f 6807/6807/6807 6805/6805/6805 6808/6808/6808
f 6811/6811/6811 6810/6810/6810 6809/6809/6809
f 6814/6814/6814 6813/6813/6813 6812/6812/6812
f 6814/6814/6814 6812/6812/6812 6815/6815/6815
f 6818/6818/6818 6817/6817/6817 6816/6816/6816
f 6821/6821/6821 6820/6820/6820 6819/6819/6819
f 6821/6821/6821 6819/6819/6819 6822/6822/6822
f 6825/6825/6825 6824/6824/6824 6823/6823/6823
f 6828/6828/6828 6827/6827/6827 6826/6826/6826
f 6828/6828/6828 6826/6826/6826 6829/6829/6829
f 6832/6832/6832 6831/6831/6831 6830/6830/6830
f 6835/6835/6835 6834/6834/6834 6833/6833/6833
f 6835/6835/6835 6833/6833/6833 6836/6836/6836
f 6839/6839/6839 6838/6838/6838 6837/6837/6837
f 6842/6842/6842 6841/6841/6841 6840/6840/6840
f 6842/6842/6842 6840/6840/6840 6843/6843/6843
f 6846/6846/6846 6845/6845/6845 6844/6844/6844
f 6849/6849/6849 6848/6848/6848 6847/6847/6847
f 6849/6849/6849 6847/6847/6847 6850/6850/6850
f 6853/6853/6853 6852/6852/6852 6851/6851/6851
f 6856/6856/6856 6855/6855/6855 6854/6854/6854
f 6856/6856/6856 6854/6854/6854 6857/6857/6857
f 6860/6860/6860 6859/6859/6859 6858/6858/6858
f 6863/6863/6863 6862/6862/6862 6861/6861/6861
f 6863/6863/6863 6861/6861/6861 6864/6864/6864
f 6867/6867/6867 6866/6866/6866 6865/6865/6865
f 6870/6870/6870 6869/6869/6869 6868/6868/6868
f 6870/6870/6870 6868/6868/6868 6871/6871/6871
f 6874/6874/6874 6873/6873/6873 6872/6872/6872
f 6877/6877/6877 6876/6876/6876 6875/6875/6875
f 6877/6877/6877 6875/6875/6875 6878/6878/6878
f 6881/6881/6881 6880/6880/6880 6879/6879/6879
f 6884/6884/6884 6883/6883/6883 6882/6882/6882
f 6884/6884/6884 6882/6882/6882 6885/6885/6885
f 6888/6888/6888 6887/6887/6887 6886/6886/6886
f 6891/6891/6891 6890/6890/6890 6889/6889/6889
f 6891/6891/6891 6889/6889/6889 6892/6892/6892
f 6895/6895/6895 6894/6894/6894 6893/6893/6893
f 6898/6898/6898 6897/6897/6897 6896/6896/6896
f 6898/6898/6898 6896/6896/6896 6899/6899/6899
f 6902/6902/6902 6901/6901/6901 6900/6900/6900
f 6905/6905/6905 6904/6904/6904 6903/6903/6903
f 6905/6905/6905 6903/6903/6903 6906/6906/6906
f 6909/6909/6909 6908/6908/6908 6907/6907/6907
f 6912/6912/6912 6911/6911/6911 6910/6910/6910
f 6912/6912/6912 6910/6910/6910 6913/6913/6913
f 6916/6916/6916 6915/6915/6915 6914/6914/6914
f 6919/6919/6919 6918/6918/6918 6917/6917/6917
f 6919/6919/6919 6917/6917/6917 6920/6920/6920
f 6923/6923/6923 6922/6922/6922 6921/6921/6921
f 6926/6926/6926 6925/6925/6925 6924/6924/6924
f 6926/6926/6926 6924/6924/6924 6927/6927/6927
f 6930/6930/6930 6929/6929/6929 6928/6928/6928
f 6933/6933/6933 6932/6932/6932 6931/6931/6931
f 6933/6933/6933 6931/6931/6931 6934/6934/6934
f 6937/6937/6937 6936/6936/6936 6935/6935/6935
f 6940/6940/6940 6939/6939/6939 6938/6938/6938
f 6940/6940/6940 6938/6938/6938 6941/6941/6941
f 6944/6944/6944 6943/6943/6943 6942/6942/6942
f 6947/6947/6947 6946/6946/6946 6945/6945/6945
f 6947/6947/6947 6945/6945/6945 6948/6948/6948
f 6951/6951/6951 6950/6950/6950 6949/6949/6949
f 6954/6954/6954 6953/6953/6953 6952/6952/6952
f 6954/6954/6954 6952/6952/6952 6955/6955/6955
f 6958/6958/6958 6957/6957/6957 6956/6956/6956
f 6961/6961/6961 6960/6960/6960 6959/6959/6959
f 6961/6961/6961 6959/6959/6959 6962/6962/6962
f 6965/6965/6965 6964/6964/6964 6963/6963/6963
f 6968/6968/6968 6967/6967/6967 6966/6966/6966
f 6968/6968/6968 6966/6966/6966 6969/6969/6969
f 6972/6972/6972 6971/6971/6971 6970/6970/6970
f 6975/6975/6975 6974/6974/6974 6973/6973/6973
f 6975/6975/6975 6973/6973/6973 6976/6976/6976
o #353535 5
v -1.035935 -0.5708312 2.339347
v -0.003317595 -0.5708314 2.339347
v -0.003317603 -0.6187341 2.346933
v -1.035935 -0.618734 2.346933
v -0.003317595 -0.5708314 2.339347
v 1.029299 -0.5708315 2.339347
v 1.029299 -0.6187342 2.346933
v -0.003317603 -0.6187341 2.346933
v -1.035935 -0.5276176 2.31733
v -0.003317595 -0.5276177 2.31733
v -0.003317595 -0.5708314 2.339347
v -1.035935 -0.5708312 2.339347
v -0.003317595 -0.5276177 2.31733
v 1.029299 -0.5276178 2.31733
v 1.029299 -0.5708315 2.339347
v -0.003317595 -0.5708314 2.339347
v -1.035935 -0.493323 2.283038
v -0.003317588 -0.4933231 2.283038
v -0.003317595 -0.5276177 2.31733
v -1.035935 -0.5276176 2.31733
v -0.003317588 -0.4933231 2.283038
v 1.029299 -0.4933232 2.283038
v 1.029299 -0.5276178 2.31733
v -0.003317595 -0.5276177 2.31733
v -1.035935 -0.4713045 2.239827
v -0.003317588 -0.4713046 2.239827
v -0.003317588 -0.4933231 2.283038
v -1.035935 -0.493323 2.283038
v -0.003317588 -0.4713046 2.239827
v 1.029299 -0.4713048 2.239827
v 1.029299 -0.4933232 2.283038
v -0.003317588 -0.4933231 2.283038
v -1.035935 -0.4637175 2.191927
v -0.003317588 -0.4637176 2.191927
v -0.003317588 -0.4713046 2.239827
v -1.035935 -0.4713045 2.239827
v -0.003317588 -0.4637176 2.191927
v 1.029299 -0.4637177 2.191927
v 1.029299 -0.4713048 2.239827
v -0.003317588 -0.4713046 2.239827
v -1.035935 -0.4713045 2.144028
v -0.003317588 -0.4713046 2.144028
v -0.003317588 -0.4637176 2.191927
v -1.035935 -0.4637175 2.191927
v -0.003317588 -0.4713046 2.144028
v 1.029299 -0.4713048 2.144028
v 1.029299 -0.4637177 2.191927
v -0.003317588 -0.4637176 2.191927
v -1.035935 -0.493323 2.100817
v -0.003317588 -0.4933231 2.100817
v -0.003317588 -0.4713046 2.144028
v -1.035935 -0.4713045 2.144028
v -0.003317588 -0.4933231 2.100817
v 1.029299 -0.4933232 2.100817
v 1.029299 -0.4713048 2.144028
v -0.003317588 -0.4713046 2.144028
v -1.035935 -0.5276176 2.066525
v -0.003317595 -0.5276177 2.066525
v -0.003317588 -0.4933231 2.100817
v -1.035935 -0.493323 2.100817
v -0.003317595 -0.5276177 2.066525
v 1.029299 -0.5276178 2.066525
v 1.029299 -0.4933232 2.100817
v -0.003317588 -0.4933231 2.100817
v -1.035935 -0.5708313 2.044508
v -0.003317595 -0.5708314 2.044508
v -0.003317595 -0.5276177 2.066525
v -1.035935 -0.5276176 2.066525
v -0.003317595 -0.5708314 2.044508
v 1.029299 -0.5708315 2.044508
v 1.029299 -0.5276178 2.066525
v -0.003317595 -0.5276177 2.066525
v -1.035935 -0.618734 2.036921
v -0.003317603 -0.6187341 2.036921
v -0.003317595 -0.5708314 2.044508
v -1.035935 -0.5708313 2.044508
v -0.003317603 -0.6187341 2.036921
v 1.029299 -0.6187342 2.036921
v 1.029299 -0.5708315 2.044508
v -0.003317595 -0.5708314 2.044508
v -1.035935 -0.6666367 2.044508
v -0.00331761 -0.6666369 2.044508
v -0.003317603 -0.6187341 2.036921
v -1.035935 -0.618734 2.036921
v -0.00331761 -0.6666369 2.044508
v 1.029299 -0.666637 2.044508
v 1.029299 -0.6187342 2.036921
v -0.003317603 -0.6187341 2.036921
v -1.035935 -0.7098504 2.066525
v -0.00331761 -0.7098505 2.066525
v -0.00331761 -0.6666369 2.044508
v -1.035935 -0.6666367 2.044508
v -0.00331761 -0.7098505 2.066525
v 1.029299 -0.7098507 2.066525
v 1.029299 -0.666637 2.044508
v -0.00331761 -0.6666369 2.044508
v -1.035935 -0.744145 2.100817
v -0.003317618 -0.7441452 2.100817
v -0.00331761 -0.7098505 2.066525
v -1.035935 -0.7098504 2.066525
v -0.003317618 -0.7441452 2.100817
v 1.029299 -0.7441453 2.100817
v 1.029299 -0.7098507 2.066525
v -0.00331761 -0.7098505 2.066525
v -1.035935 -0.7661635 2.144028
v -0.003317618 -0.7661636 2.144028
v -0.003317618 -0.7441452 2.100817
v -1.035935 -0.744145 2.100817
v -0.003317618 -0.7661636 2.144028
v 1.029299 -0.7661637 2.144028
v 1.029299 -0.7441453 2.100817
v -0.003317618 -0.7441452 2.100817
v -1.035935 -0.7737505 2.191927
v -0.003317618 -0.7737507 2.191927
v -0.003317618 -0.7661636 2.144028
v -1.035935 -0.7661635 2.144028
v -0.003317618 -0.7737507 2.191927
v 1.029299 -0.7737508 2.191927
v 1.029299 -0.7661637 2.144028
v -0.003317618 -0.7661636 2.144028
v -1.035935 -0.7661635 2.239827
v -0.003317618 -0.7661636 2.239827
v -0.003317618 -0.7737507 2.191927
v -1.035935 -0.7737505 2.191927
v -0.003317618 -0.7661636 2.239827
v 1.029299 -0.7661637 2.239827
v 1.029299 -0.7737508 2.191927
v -0.003317618 -0.7737507 2.191927
v -1.035935 -0.744145 2.283038
v -0.003317618 -0.7441451 2.283038
v -0.003317618 -0.7661636 2.239827
v -1.035935 -0.7661635 2.239827
v -0.003317618 -0.7441451 2.283038
v 1.029299 -0.7441452 2.283038
v 1.029299 -0.7661637 2.239827
v -0.003317618 -0.7661636 2.239827
v -1.035935 -0.7098504 2.31733
v -0.00331761 -0.7098505 2.31733
v -0.003317618 -0.7441451 2.283038
v -1.035935 -0.744145 2.283038
v -0.00331761 -0.7098505 2.31733
v 1.029299 -0.7098506 2.31733
v 1.029299 -0.7441452 2.283038
v -0.003317618 -0.7441451 2.283038
v -1.035935 -0.6666367 2.339347
v -0.00331761 -0.6666369 2.339347
v -0.00331761 -0.7098505 2.31733
v -1.035935 -0.7098504 2.31733
v -0.00331761 -0.6666369 2.339347
v 1.029299 -0.666637 2.339347
v 1.029299 -0.7098506 2.31733
v -0.00331761 -0.7098505 2.31733
v -1.035935 -0.618734 2.346933
v -0.003317603 -0.6187341 2.346933
v -0.00331761 -0.6666369 2.339347
v -1.035935 -0.6666367 2.339347
v -0.003317603 -0.6187341 2.346933
v 1.029299 -0.6187342 2.346933
v 1.029299 -0.666637 2.339347
v -0.00331761 -0.6666369 2.339347
v 1.029299 -0.6187342 2.191927
v 1.029299 -0.6187342 2.26943
v 1.029299 -0.5947828 2.265637
v 1.029299 -0.6187342 2.26943
v 1.029299 -0.6187342 2.346933
v 1.029299 -0.5708315 2.339347
v 1.029299 -0.5947828 2.265637
v 1.029299 -0.6187342 2.191927
v 1.029299 -0.5947828 2.265637
v 1.029299 -0.573176 2.254628
v 1.029299 -0.5947828 2.265637
v 1.029299 -0.5708315 2.339347
v 1.029299 -0.5276178 2.31733
v 1.029299 -0.573176 2.254628
v 1.029299 -0.6187342 2.191927
v 1.029299 -0.573176 2.254628
v 1.029299 -0.5560287 2.237482
v 1.029299 -0.573176 2.254628
v 1.029299 -0.5276178 2.31733
v 1.029299 -0.4933232 2.283038
v 1.029299 -0.5560287 2.237482
v 1.029299 -0.6187342 2.191927
v 1.029299 -0.5560287 2.237482
v 1.029299 -0.5450195 2.215877
v 1.029299 -0.5560287 2.237482
v 1.029299 -0.4933232 2.283038
v 1.029299 -0.4713048 2.239827
v 1.029299 -0.5450195 2.215877
v 1.029299 -0.6187342 2.191927
v 1.029299 -0.5450195 2.215877
v 1.029299 -0.541226 2.191927
v 1.029299 -0.5450195 2.215877
v 1.029299 -0.4713048 2.239827
v 1.029299 -0.4637177 2.191927
v 1.029299 -0.541226 2.191927
v 1.029299 -0.6187342 2.191927
v 1.029299 -0.541226 2.191927
v 1.029299 -0.5450195 2.167977
v 1.029299 -0.541226 2.191927
v 1.029299 -0.4637177 2.191927
v 1.029299 -0.4713048 2.144028
v 1.029299 -0.5450195 2.167977
v 1.029299 -0.6187342 2.191927
v 1.029299 -0.5450195 2.167977
v 1.029299 -0.5560287 2.146372
v 1.029299 -0.5450195 2.167977
v 1.029299 -0.4713048 2.144028
v 1.029299 -0.4933232 2.100817
v 1.029299 -0.5560287 2.146372
v 1.029299 -0.6187342 2.191927
v 1.029299 -0.5560287 2.146372
v 1.029299 -0.573176 2.129226
v 1.029299 -0.5560287 2.146372
v 1.029299 -0.4933232 2.100817
v 1.029299 -0.5276178 2.066525
v 1.029299 -0.573176 2.129226
v 1.029299 -0.6187342 2.191927
v 1.029299 -0.573176 2.129226
v 1.029299 -0.5947828 2.118217
v 1.029299 -0.573176 2.129226
v 1.029299 -0.5276178 2.066525
v 1.029299 -0.5708315 2.044508
v 1.029299 -0.5947828 2.118217
v 1.029299 -0.6187342 2.191927
v 1.029299 -0.5947828 2.118217
v 1.029299 -0.6187342 2.114424
v 1.029299 -0.5947828 2.118217
v 1.029299 -0.5708315 2.044508
v 1.029299 -0.6187342 2.036921
v 1.029299 -0.6187342 2.114424
v 1.029299 -0.6187342 2.191927
v 1.029299 -0.6187342 2.114424
v 1.029299 -0.6426857 2.118217
v 1.029299 -0.6187342 2.114424
v 1.029299 -0.6187342 2.036921
v 1.029299 -0.666637 2.044508
v 1.029299 -0.6426857 2.118217
v 1.029299 -0.6187342 2.191927
v 1.029299 -0.6426857 2.118217
v 1.029299 -0.6642925 2.129226
v 1.029299 -0.6426857 2.118217
v 1.029299 -0.666637 2.044508
v 1.029299 -0.7098507 2.066525
v 1.029299 -0.6642925 2.129226
v 1.029299 -0.6187342 2.191927
v 1.029299 -0.6642925 2.129226
v 1.029299 -0.6814398 2.146372
v 1.029299 -0.6642925 2.129226
v 1.029299 -0.7098507 2.066525
v 1.029299 -0.7441453 2.100817
v 1.029299 -0.6814398 2.146372
v 1.029299 -0.6187342 2.191927
v 1.029299 -0.6814398 2.146372
v 1.029299 -0.692449 2.167977
v 1.029299 -0.6814398 2.146372
v 1.029299 -0.7441453 2.100817
v 1.029299 -0.7661637 2.144028
v 1.029299 -0.692449 2.167977
v 1.029299 -0.6187342 2.191927
v 1.029299 -0.692449 2.167977
v 1.029299 -0.6962425 2.191927
v 1.029299 -0.692449 2.167977
v 1.029299 -0.7661637 2.144028
v 1.029299 -0.7737508 2.191927
v 1.029299 -0.6962425 2.191927
v 1.029299 -0.6187342 2.191927
v 1.029299 -0.6962425 2.191927
v 1.029299 -0.692449 2.215877
v 1.029299 -0.6962425 2.191927
v 1.029299 -0.7737508 2.191927
v 1.029299 -0.7661637 2.239827
v 1.029299 -0.692449 2.215877
v 1.029299 -0.6187342 2.191927
v 1.029299 -0.692449 2.215877
v 1.029299 -0.6814398 2.237482
v 1.029299 -0.692449 2.215877
v 1.029299 -0.7661637 2.239827
v 1.029299 -0.7441452 2.283038
v 1.029299 -0.6814398 2.237482
v 1.029299 -0.6187342 2.191927
v 1.029299 -0.6814398 2.237482
v 1.029299 -0.6642925 2.254629
v 1.029299 -0.6814398 2.237482
v 1.029299 -0.7441452 2.283038
v 1.029299 -0.7098506 2.31733
v 1.029299 -0.6642925 2.254629
v 1.029299 -0.6187342 2.191927
v 1.029299 -0.6642925 2.254629
v 1.029299 -0.6426857 2.265637
v 1.029299 -0.6642925 2.254629
v 1.029299 -0.7098506 2.31733
v 1.029299 -0.666637 2.339347
v 1.029299 -0.6426857 2.265637
v 1.029299 -0.6187342 2.191927
v 1.029299 -0.6426857 2.265637
v 1.029299 -0.6187342 2.26943
v 1.029299 -0.6426857 2.265637
v 1.029299 -0.666637 2.339347
v 1.029299 -0.6187342 2.346933
v 1.029299 -0.6187342 2.26943
v -1.035935 -0.618734 2.191927
v -1.035935 -0.618734 2.26943
v -1.035935 -0.6426854 2.265637
v -1.035935 -0.618734 2.26943
v -1.035935 -0.618734 2.346933
v -1.035935 -0.6666367 2.339347
v -1.035935 -0.6426854 2.265637
v -1.035935 -0.618734 2.191927
v -1.035935 -0.6426854 2.265637
v -1.035935 -0.6642922 2.254629
v -1.035935 -0.6426854 2.265637
v -1.035935 -0.6666367 2.339347
v -1.035935 -0.7098504 2.31733
v -1.035935 -0.6642922 2.254629
v -1.035935 -0.618734 2.191927
v -1.035935 -0.6642922 2.254629
v -1.035935 -0.6814395 2.237482
v -1.035935 -0.6642922 2.254629
v -1.035935 -0.7098504 2.31733
v -1.035935 -0.744145 2.283038
v -1.035935 -0.6814395 2.237482
v -1.035935 -0.618734 2.191927
v -1.035935 -0.6814395 2.237482
v -1.035935 -0.6924487 2.215877
v -1.035935 -0.6814395 2.237482
v -1.035935 -0.744145 2.283038
v -1.035935 -0.7661635 2.239827
v -1.035935 -0.6924487 2.215877
v -1.035935 -0.618734 2.191927
v -1.035935 -0.6924487 2.215877
v -1.035935 -0.6962422 2.191927
v -1.035935 -0.6924487 2.215877
v -1.035935 -0.7661635 2.239827
v -1.035935 -0.7737505 2.191927
v -1.035935 -0.6962422 2.191927
v -1.035935 -0.618734 2.191927
v -1.035935 -0.6962422 2.191927
v -1.035935 -0.6924487 2.167977
v -1.035935 -0.6962422 2.191927
v -1.035935 -0.7737505 2.191927
v -1.035935 -0.7661635 2.144028
v -1.035935 -0.6924487 2.167977
v -1.035935 -0.618734 2.191927
v -1.035935 -0.6924487 2.167977
v -1.035935 -0.6814395 2.146372
v -1.035935 -0.6924487 2.167977
v -1.035935 -0.7661635 2.144028
v -1.035935 -0.744145 2.100817
v -1.035935 -0.6814395 2.146372
v -1.035935 -0.618734 2.191927
v -1.035935 -0.6814395 2.146372
v -1.035935 -0.6642922 2.129226
v -1.035935 -0.6814395 2.146372
v -1.035935 -0.744145 2.100817
v -1.035935 -0.7098504 2.066525
v -1.035935 -0.6642922 2.129226
v -1.035935 -0.618734 2.191927
v -1.035935 -0.6642922 2.129226
v -1.035935 -0.6426854 2.118217
v -1.035935 -0.6642922 2.129226
v -1.035935 -0.7098504 2.066525
v -1.035935 -0.6666367 2.044508
v -1.035935 -0.6426854 2.118217
v -1.035935 -0.618734 2.191927
v -1.035935 -0.6426854 2.118217
v -1.035935 -0.618734 2.114424
v -1.035935 -0.6426854 2.118217
v -1.035935 -0.6666367 2.044508
v -1.035935 -0.618734 2.036921
v -1.035935 -0.618734 2.114424
v -1.035935 -0.618734 2.191927
v -1.035935 -0.618734 2.114424
v -1.035935 -0.5947826 2.118217
v -1.035935 -0.618734 2.114424
v -1.035935 -0.618734 2.036921
v -1.035935 -0.5708313 2.044508
v -1.035935 -0.5947826 2.118217
v -1.035935 -0.618734 2.191927
v -1.035935 -0.5947826 2.118217
v -1.035935 -0.5731758 2.129226
v -1.035935 -0.5947826 2.118217
v -1.035935 -0.5708313 2.044508
v -1.035935 -0.5276176 2.066525
v -1.035935 -0.5731758 2.129226
v -1.035935 -0.618734 2.191927
v -1.035935 -0.5731758 2.129226
v -1.035935 -0.5560285 2.146372
v -1.035935 -0.5731758 2.129226
v -1.035935 -0.5276176 2.066525
v -1.035935 -0.493323 2.100817
v -1.035935 -0.5560285 2.146372
v -1.035935 -0.618734 2.191927
v -1.035935 -0.5560285 2.146372
v -1.035935 -0.5450193 2.167977
v -1.035935 -0.5560285 2.146372
v -1.035935 -0.493323 2.100817
v -1.035935 -0.4713045 2.144028
v -1.035935 -0.5450193 2.167977
v -1.035935 -0.618734 2.191927
v -1.035935 -0.5450193 2.167977
v -1.035935 -0.5412257 2.191927
v -1.035935 -0.5450193 2.167977
v -1.035935 -0.4713045 2.144028
v -1.035935 -0.4637175 2.191927
v -1.035935 -0.5412257 2.191927
v -1.035935 -0.618734 2.191927
v -1.035935 -0.5412257 2.191927
v -1.035935 -0.5450193 2.215877
v -1.035935 -0.5412257 2.191927
v -1.035935 -0.4637175 2.191927
v -1.035935 -0.4713045 2.239827
v -1.035935 -0.5450193 2.215877
v -1.035935 -0.618734 2.191927
v -1.035935 -0.5450193 2.215877
v -1.035935 -0.5560285 2.237482
v -1.035935 -0.5450193 2.215877
v -1.035935 -0.4713045 2.239827
v -1.035935 -0.493323 2.283038
v -1.035935 -0.5560285 2.237482
v -1.035935 -0.618734 2.191927
v -1.035935 -0.5560285 2.237482
v -1.035935 -0.5731758 2.254628
v -1.035935 -0.5560285 2.237482
v -1.035935 -0.493323 2.283038
v -1.035935 -0.5276176 2.31733
v -1.035935 -0.5731758 2.254628
v -1.035935 -0.618734 2.191927
v -1.035935 -0.5731758 2.254628
v -1.035935 -0.5947826 2.265637
v -1.035935 -0.5731758 2.254628
v -1.035935 -0.5276176 2.31733
v -1.035935 -0.5708312 2.339347
v -1.035935 -0.5947826 2.265637
v -1.035935 -0.618734 2.191927
v -1.035935 -0.5947826 2.265637
v -1.035935 -0.618734 2.26943
v -1.035935 -0.5947826 2.265637
v -1.035935 -0.5708312 2.339347
v -1.035935 -0.618734 2.346933
v -1.035935 -0.618734 2.26943
vn 2.980232E-08 0.3089995 0.9510622
vn 2.980232E-08 0.3089995 0.9510622
vn -1.776357E-15 -1.609268E-08 1
vn -1.776357E-15 -1.609268E-08 1
vn 2.980232E-08 0.3089995 0.9510622
vn 2.980232E-08 0.3089995 0.9510622
vn -1.776357E-15 -1.609268E-08 1
vn -1.776357E-15 -1.609268E-08 1
vn 5.960464E-08 0.5877611 0.8090346
vn 5.960464E-08 0.5877611 0.8090346
vn 2.980232E-08 0.3089995 0.9510622
vn 2.980232E-08 0.3089995 0.9510622
vn 5.960464E-08 0.5877611 0.8090346
vn 5.960464E-08 0.5877611 0.8090346
vn 2.980232E-08 0.3089995 0.9510622
vn 2.980232E-08 0.3089995 0.9510622
vn 1.192093E-07 0.8089994 0.5878097
vn 1.192093E-07 0.8089994 0.5878096
vn 5.960464E-08 0.5877611 0.8090346
vn 5.960464E-08 0.5877611 0.8090346
vn 1.192093E-07 0.8089994 0.5878096
vn 1.192093E-07 0.8089994 0.5878097
vn 5.960464E-08 0.5877611 0.8090346
vn 5.960464E-08 0.5877611 0.8090346
vn 1.192093E-07 0.9510509 0.3090345
vn 1.192093E-07 0.9510509 0.3090345
vn 1.192093E-07 0.8089994 0.5878096
vn 1.192093E-07 0.8089994 0.5878097
vn 1.192093E-07 0.9510509 0.3090345
vn 1.192093E-07 0.9510509 0.3090345
vn 1.192093E-07 0.8089994 0.5878097
vn 1.192093E-07 0.8089994 0.5878096
vn 1.192093E-07 1 -1.609272E-08
vn 1.192093E-07 1 -1.609272E-08
vn 1.192093E-07 0.9510509 0.3090345
vn 1.192093E-07 0.9510509 0.3090345
vn 1.192093E-07 1 -1.609272E-08
vn 1.192093E-07 1 -1.609272E-08
vn 1.192093E-07 0.9510509 0.3090345
vn 1.192093E-07 0.9510509 0.3090345
vn 1.192093E-07 0.9510509 -0.3090346
vn 1.192093E-07 0.9510509 -0.3090346
vn 1.192093E-07 1 -1.609272E-08
vn 1.192093E-07 1 -1.609272E-08
vn 1.192093E-07 0.9510509 -0.3090346
vn 1.192093E-07 0.9510509 -0.3090346
vn 1.192093E-07 1 -1.609272E-08
vn 1.192093E-07 1 -1.609272E-08
vn 1.192093E-07 0.8089994 -0.5878096
vn 1.192093E-07 0.8089994 -0.5878096
vn 1.192093E-07 0.9510509 -0.3090346
vn 1.192093E-07 0.9510509 -0.3090346
vn 1.192093E-07 0.8089994 -0.5878096
vn 1.192093E-07 0.8089994 -0.5878096
vn 1.192093E-07 0.9510509 -0.3090346
vn 1.192093E-07 0.9510509 -0.3090346
vn 5.960464E-08 0.5877611 -0.8090346
vn 5.960464E-08 0.5877611 -0.8090346
vn 1.192093E-07 0.8089994 -0.5878096
vn 1.192093E-07 0.8089994 -0.5878096
vn 5.960464E-08 0.5877611 -0.8090346
vn 5.960464E-08 0.5877611 -0.8090346
vn 1.192093E-07 0.8089994 -0.5878096
vn 1.192093E-07 0.8089994 -0.5878096
vn 2.980232E-08 0.3089993 -0.9510623
vn 2.980232E-08 0.3089993 -0.9510623
vn 5.960464E-08 0.5877611 -0.8090346
vn 5.960464E-08 0.5877611 -0.8090346
vn 2.980232E-08 0.3089993 -0.9510623
vn 2.980232E-08 0.3089993 -0.9510623
vn 5.960464E-08 0.5877611 -0.8090346
vn 5.960464E-08 0.5877611 -0.8090346
vn -1.421085E-14 -1.501983E-07 -1
vn -1.421085E-14 -1.501983E-07 -1
vn 2.980232E-08 0.3089993 -0.9510623
vn 2.980232E-08 0.3089993 -0.9510623
vn -1.421085E-14 -1.501983E-07 -1
vn -1.421085E-14 -1.501983E-07 -1
vn 2.980232E-08 0.3089993 -0.9510623
vn 2.980232E-08 0.3089993 -0.9510623
vn -2.980232E-08 -0.3089994 -0.9510622
vn -2.980232E-08 -0.3089994 -0.9510622
vn -1.421085E-14 -1.501983E-07 -1
vn -1.421085E-14 -1.501983E-07 -1
vn -2.980232E-08 -0.3089994 -0.9510622
vn -2.980232E-08 -0.3089994 -0.9510622
vn -1.421085E-14 -1.501983E-07 -1
vn -1.421085E-14 -1.501983E-07 -1
vn -5.960464E-08 -0.5877612 -0.8090345
vn -5.960464E-08 -0.5877612 -0.8090346
vn -2.980232E-08 -0.3089994 -0.9510622
vn -2.980232E-08 -0.3089994 -0.9510622
vn -5.960464E-08 -0.5877612 -0.8090346
vn -5.960464E-08 -0.5877612 -0.8090345
vn -2.980232E-08 -0.3089994 -0.9510622
vn -2.980232E-08 -0.3089994 -0.9510622
vn -1.192093E-07 -0.8089994 -0.5878095
vn -1.192093E-07 -0.8089994 -0.5878096
vn -5.960464E-08 -0.5877612 -0.8090346
vn -5.960464E-08 -0.5877612 -0.8090345
vn -1.192093E-07 -0.8089994 -0.5878096
vn -1.192093E-07 -0.8089994 -0.5878095
vn -5.960464E-08 -0.5877612 -0.8090345
vn -5.960464E-08 -0.5877612 -0.8090346
vn -1.192093E-07 -0.9510509 -0.3090346
vn -1.192093E-07 -0.9510509 -0.3090346
vn -1.192093E-07 -0.8089994 -0.5878096
vn -1.192093E-07 -0.8089994 -0.5878095
vn -1.192093E-07 -0.9510509 -0.3090346
vn -1.192093E-07 -0.9510509 -0.3090346
vn -1.192093E-07 -0.8089994 -0.5878095
vn -1.192093E-07 -0.8089994 -0.5878096
vn -1.192093E-07 -1 -1.072848E-08
vn -1.192093E-07 -1 -1.072848E-08
vn -1.192093E-07 -0.9510509 -0.3090346
vn -1.192093E-07 -0.9510509 -0.3090346
vn -1.192093E-07 -1 -1.072848E-08
vn -1.192093E-07 -1 -1.072848E-08
vn -1.192093E-07 -0.9510509 -0.3090346
vn -1.192093E-07 -0.9510509 -0.3090346
vn -1.192093E-07 -0.9510509 0.3090347
vn -1.192093E-07 -0.9510509 0.3090347
vn -1.192093E-07 -1 -1.072848E-08
vn -1.192093E-07 -1 -1.072848E-08
vn -1.192093E-07 -0.9510509 0.3090347
vn -1.192093E-07 -0.9510509 0.3090347
vn -1.192093E-07 -1 -1.072848E-08
vn -1.192093E-07 -1 -1.072848E-08
vn -1.192093E-07 -0.8089992 0.5878099
vn -1.192093E-07 -0.8089992 0.5878099
vn -1.192093E-07 -0.9510509 0.3090347
vn -1.192093E-07 -0.9510509 0.3090347
vn -1.192093E-07 -0.8089992 0.5878099
vn -1.192093E-07 -0.8089992 0.5878099
vn -1.192093E-07 -0.9510509 0.3090347
vn -1.192093E-07 -0.9510509 0.3090347
vn -5.960464E-08 -0.5877609 0.8090348
vn -5.960464E-08 -0.5877609 0.8090348
vn -1.192093E-07 -0.8089992 0.5878099
vn -1.192093E-07 -0.8089992 0.5878099
vn -5.960464E-08 -0.5877609 0.8090348
vn -5.960464E-08 -0.5877609 0.8090348
vn -1.192093E-07 -0.8089992 0.5878099
vn -1.192093E-07 -0.8089992 0.5878099
vn -2.980232E-08 -0.3089993 0.9510623
vn -2.980232E-08 -0.3089993 0.9510623
vn -5.960464E-08 -0.5877609 0.8090348
vn -5.960464E-08 -0.5877609 0.8090348
vn -2.980232E-08 -0.3089993 0.9510623
vn -2.980232E-08 -0.3089993 0.9510623
vn -5.960464E-08 -0.5877609 0.8090348
vn -5.960464E-08 -0.5877609 0.8090348
vn -1.776357E-15 -1.609268E-08 1
vn -1.776357E-15 -1.609268E-08 1
vn -2.980232E-08 -0.3089993 0.9510623
vn -2.980232E-08 -0.3089993 0.9510623
vn -1.776357E-15 -1.609268E-08 1
vn -1.776357E-15 -1.609268E-08 1
vn -2.980232E-08 -0.3089993 0.9510623
vn -2.980232E-08 -0.3089993 0.9510623
vn 1 -1.192093E-07 0
vn 1 -1.192093E-07 0
vn 1 -1.192093E-07 0
vn 1 -1.192093E-07 0
vn 1 -1.192093E-07 0
vn 1 -1.192093E-07 0
vn 1 -1.192093E-07 0
vn 1 -1.192093E-07 0
vn 1 -1.192093E-07 0
vn 1 -1.192093E-07 0
vn 1 -1.192093E-07 0
vn 1 -1.192093E-07 0
vn 1 -1.192093E-07 0
vn 1 -1.192093E-07 0
vn 1 -1.192093E-07 0
vn 1 -1.192093E-07 0
vn 1 -1.192093E-07 0
vn 1 -1.192093E-07 0
vn 1 -1.192093E-07 0
vn 1 -1.192093E-07 0
vn 1 -1.192093E-07 0
vn 1 -1.192093E-07 0
vn 1 -1.192093E-07 0
vn 1 -1.192093E-07 0
vn 1 -1.192093E-07 0
vn 1 -1.192093E-07 0
vn 1 -1.192093E-07 0
vn 1 -1.192093E-07 0
vn 1 -1.192093E-07 0
vn 1 -1.192093E-07 0
vn 1 -1.192093E-07 0
vn 1 -1.192093E-07 0
vn 1 -1.192093E-07 0
vn 1 -1.192093E-07 0
vn 1 -1.192093E-07 0
vn 1 -1.192093E-07 0
vn 1 -1.192093E-07 0
vn 1 -1.192093E-07 0
vn 1 -1.192093E-07 0
vn 1 -1.192093E-07 0
vn 1 -1.192093E-07 0
vn 1 -1.192093E-07 0
vn 1 -1.192093E-07 0
vn 1 -1.192093E-07 0
vn 1 -1.192093E-07 0
vn 1 -1.192093E-07 0
vn 1 -1.192093E-07 0
vn 1 -1.192093E-07 0
vn 1 -1.192093E-07 0
vn 1 -1.192093E-07 0
vn 1 -1.192093E-07 0
vn 1 -1.192093E-07 0
vn 1 -1.192093E-07 0
vn 1 -1.192093E-07 0
vn 1 -1.192093E-07 0
vn 1 -1.192093E-07 0
vn 1 -1.192093E-07 0
vn 1 -1.192093E-07 0
vn 1 -1.192093E-07 0
vn 1 -1.192093E-07 0
vn 1 -1.192093E-07 0
vn 1 -1.192093E-07 0
vn 1 -1.192093E-07 0
vn 1 -1.192093E-07 0
vn 1 -1.192093E-07 0
vn 1 -1.192093E-07 0
vn 1 -1.192093E-07 0
vn 1 -1.192093E-07 0
vn 1 -1.192093E-07 0
vn 1 -1.192093E-07 0
vn 1 -1.192093E-07 0
vn 1 -1.192093E-07 0
vn 1 -1.192093E-07 0
vn 1 -1.192093E-07 0
vn 1 -1.192093E-07 0
vn 1 -1.192093E-07 0
vn 1 -1.192093E-07 0
vn 1 -1.192093E-07 0
vn 1 -1.192093E-07 0
vn 1 -1.192093E-07 0
vn 1 -1.192093E-07 0
vn 1 -1.192093E-07 0
vn 1 -1.192093E-07 0
vn 1 -1.192093E-07 0
vn 1 -1.192093E-07 0
vn 1 -1.192093E-07 0
vn 1 -1.192093E-07 0
vn 1 -1.192093E-07 0
vn 1 -1.192093E-07 0
vn 1 -1.192093E-07 0
vn 1 -1.192093E-07 0
vn 1 -1.192093E-07 0
vn 1 -1.192093E-07 0
vn 1 -1.192093E-07 0
vn 1 -1.192093E-07 0
vn 1 -1.192093E-07 0
vn 1 -1.192093E-07 0
vn 1 -1.192093E-07 0
vn 1 -1.192093E-07 0
vn 1 -1.192093E-07 0
vn 1 -1.192093E-07 0
vn 1 -1.192093E-07 0
vn 1 -1.192093E-07 0
vn 1 -1.192093E-07 0
vn 1 -1.192093E-07 0
vn 1 -1.192093E-07 0
vn 1 -1.192093E-07 0
vn 1 -1.192093E-07 0
vn 1 -1.192093E-07 0
vn 1 -1.192093E-07 0
vn 1 -1.192093E-07 0
vn 1 -1.192093E-07 0
vn 1 -1.192093E-07 0
vn 1 -1.192093E-07 0
vn 1 -1.192093E-07 0
vn 1 -1.192093E-07 0
vn 1 -1.192093E-07 0
vn 1 -1.192093E-07 0
vn 1 -1.192093E-07 0
vn 1 -1.192093E-07 0
vn 1 -1.192093E-07 0
vn 1 -1.192093E-07 0
vn 1 -1.192093E-07 0
vn 1 -1.192093E-07 0
vn 1 -1.192093E-07 0
vn 1 -1.192093E-07 0
vn 1 -1.192093E-07 0
vn 1 -1.192093E-07 0
vn 1 -1.192093E-07 0
vn 1 -1.192093E-07 0
vn 1 -1.192093E-07 0
vn 1 -1.192093E-07 0
vn 1 -1.192093E-07 0
vn 1 -1.192093E-07 0
vn 1 -1.192093E-07 0
vn 1 -1.192093E-07 0
vn 1 -1.192093E-07 0
vn 1 -1.192093E-07 0
vn 1 -1.192093E-07 0
vn 1 -1.192093E-07 0
vn -1 1.192093E-07 0
vn -1 1.192093E-07 0
vn -1 1.192093E-07 0
vn -1 1.192093E-07 0
vn -1 1.192093E-07 0
vn -1 1.192093E-07 0
vn -1 1.192093E-07 0
vn -1 1.192093E-07 0
vn -1 1.192093E-07 0
vn -1 1.192093E-07 0
vn -1 1.192093E-07 0
vn -1 1.192093E-07 0
vn -1 1.192093E-07 0
vn -1 1.192093E-07 0
vn -1 1.192093E-07 0
vn -1 1.192093E-07 0
vn -1 1.192093E-07 0
vn -1 1.192093E-07 0
vn -1 1.192093E-07 0
vn -1 1.192093E-07 0
vn -1 1.192093E-07 0
vn -1 1.192093E-07 0
vn -1 1.192093E-07 0
vn -1 1.192093E-07 0
vn -1 1.192093E-07 0
vn -1 1.192093E-07 0
vn -1 1.192093E-07 0
vn -1 1.192093E-07 0
vn -1 1.192093E-07 0
vn -1 1.192093E-07 0
vn -1 1.192093E-07 0
vn -1 1.192093E-07 0
vn -1 1.192093E-07 0
vn -1 1.192093E-07 0
vn -1 1.192093E-07 0
vn -1 1.192093E-07 0
vn -1 1.192093E-07 0
vn -1 1.192093E-07 0
vn -1 1.192093E-07 0
vn -1 1.192093E-07 0
vn -1 1.192093E-07 0
vn -1 1.192093E-07 0
vn -1 1.192093E-07 0
vn -1 1.192093E-07 0
vn -1 1.192093E-07 0
vn -1 1.192093E-07 0
vn -1 1.192093E-07 0
vn -1 1.192093E-07 0
vn -1 1.192093E-07 0
vn -1 1.192093E-07 0
vn -1 1.192093E-07 0
vn -1 1.192093E-07 0
vn -1 1.192093E-07 0
vn -1 1.192093E-07 0
vn -1 1.192093E-07 0
vn -1 1.192093E-07 0
vn -1 1.192093E-07 0
vn -1 1.192093E-07 0
vn -1 1.192093E-07 0
vn -1 1.192093E-07 0
vn -1 1.192093E-07 0
vn -1 1.192093E-07 0
vn -1 1.192093E-07 0
vn -1 1.192093E-07 0
vn -1 1.192093E-07 0
vn -1 1.192093E-07 0
vn -1 1.192093E-07 0
vn -1 1.192093E-07 0
vn -1 1.192093E-07 0
vn -1 1.192093E-07 0
vn -1 1.192093E-07 0
vn -1 1.192093E-07 0
vn -1 1.192093E-07 0
vn -1 1.192093E-07 0
vn -1 1.192093E-07 0
vn -1 1.192093E-07 0
vn -1 1.192093E-07 0
vn -1 1.192093E-07 0
vn -1 1.192093E-07 0
vn -1 1.192093E-07 0
vn -1 1.192093E-07 0
vn -1 1.192093E-07 0
vn -1 1.192093E-07 0
vn -1 1.192093E-07 0
vn -1 1.192093E-07 0
vn -1 1.192093E-07 0
vn -1 1.192093E-07 0
vn -1 1.192093E-07 0
vn -1 1.192093E-07 0
vn -1 1.192093E-07 0
vn -1 1.192093E-07 0
vn -1 1.192093E-07 0
vn -1 1.192093E-07 0
vn -1 1.192093E-07 0
vn -1 1.192093E-07 0
vn -1 1.192093E-07 0
vn -1 1.192093E-07 0
vn -1 1.192093E-07 0
vn -1 1.192093E-07 0
vn -1 1.192093E-07 0
vn -1 1.192093E-07 0
vn -1 1.192093E-07 0
vn -1 1.192093E-07 0
vn -1 1.192093E-07 0
vn -1 1.192093E-07 0
vn -1 1.192093E-07 0
vn -1 1.192093E-07 0
vn -1 1.192093E-07 0
vn -1 1.192093E-07 0
vn -1 1.192093E-07 0
vn -1 1.192093E-07 0
vn -1 1.192093E-07 0
vn -1 1.192093E-07 0
vn -1 1.192093E-07 0
vn -1 1.192093E-07 0
vn -1 1.192093E-07 0
vn -1 1.192093E-07 0
vn -1 1.192093E-07 0
vn -1 1.192093E-07 0
vn -1 1.192093E-07 0
vn -1 1.192093E-07 0
vn -1 1.192093E-07 0
vn -1 1.192093E-07 0
vn -1 1.192093E-07 0
vn -1 1.192093E-07 0
vn -1 1.192093E-07 0
vn -1 1.192093E-07 0
vn -1 1.192093E-07 0
vn -1 1.192093E-07 0
vn -1 1.192093E-07 0
vn -1 1.192093E-07 0
vn -1 1.192093E-07 0
vn -1 1.192093E-07 0
vn -1 1.192093E-07 0
vn -1 1.192093E-07 0
vn -1 1.192093E-07 0
vn -1 1.192093E-07 0
vn -1 1.192093E-07 0
vn -1 1.192093E-07 0
vn -1 1.192093E-07 0
vt -0.05 0
vt -0.05 0.5
vt 0 0.5
vt 0 0
vt -0.05 0.5
vt -0.05 1
vt 0 1
vt 0 0.5
vt -0.1 0
vt -0.1 0.5
vt -0.05 0.5
vt -0.05 0
vt -0.1 0.5
vt -0.1 1
vt -0.05 1
vt -0.05 0.5
vt -0.15 0
vt -0.15 0.5
vt -0.1 0.5
vt -0.1 0
vt -0.15 0.5
vt -0.15 1
vt -0.1 1
vt -0.1 0.5
vt -0.2 0
vt -0.2 0.5
vt -0.15 0.5
vt -0.15 0
vt -0.2 0.5
vt -0.2 1
vt -0.15 1
vt -0.15 0.5
vt -0.25 0
vt -0.25 0.5
vt -0.2 0.5
vt -0.2 0
vt -0.25 0.5
vt -0.25 1
vt -0.2 1
vt -0.2 0.5
vt -0.3 0
vt -0.3 0.5
vt -0.25 0.5
vt -0.25 0
vt -0.3 0.5
vt -0.3 1
vt -0.25 1
vt -0.25 0.5
vt -0.35 0
vt -0.35 0.5
vt -0.3 0.5
vt -0.3 0
vt -0.35 0.5
vt -0.35 1
vt -0.3 1
vt -0.3 0.5
vt -0.4 0
vt -0.4 0.5
vt -0.35 0.5
vt -0.35 0
vt -0.4 0.5
vt -0.4 1
vt -0.35 1
vt -0.35 0.5
vt -0.45 0
vt -0.45 0.5
vt -0.4 0.5
vt -0.4 0
vt -0.45 0.5
vt -0.45 1
vt -0.4 1
vt -0.4 0.5
vt -0.5 0
vt -0.5 0.5
vt -0.45 0.5
vt -0.45 0
vt -0.5 0.5
vt -0.5 1
vt -0.45 1
vt -0.45 0.5
vt -0.55 0
vt -0.55 0.5
vt -0.5 0.5
vt -0.5 0
vt -0.55 0.5
vt -0.55 1
vt -0.5 1
vt -0.5 0.5
vt -0.6 0
vt -0.6 0.5
vt -0.55 0.5
vt -0.55 0
vt -0.6 0.5
vt -0.6 1
vt -0.55 1
vt -0.55 0.5
vt -0.65 0
vt -0.65 0.5
vt -0.6 0.5
vt -0.6 0
vt -0.65 0.5
vt -0.65 1
vt -0.6 1
vt -0.6 0.5
vt -0.7 0
vt -0.7 0.5
vt -0.65 0.5
vt -0.65 0
vt -0.7 0.5
vt -0.7 1
vt -0.65 1
vt -0.65 0.5
vt -0.75 0
vt -0.75 0.5
vt -0.7 0.5
vt -0.7 0
vt -0.75 0.5
vt -0.75 1
vt -0.7 1
vt -0.7 0.5
vt -0.8 0
vt -0.8 0.5
vt -0.75 0.5
vt -0.75 0
vt -0.8 0.5
vt -0.8 1
vt -0.75 1
vt -0.75 0.5
vt -0.85 0
vt -0.85 0.5
vt -0.8 0.5
vt -0.8 0
vt -0.85 0.5
vt -0.85 1
vt -0.8 1
vt -0.8 0.5
vt -0.9 0
vt -0.9 0.5
vt -0.85 0.5
vt -0.85 0
vt -0.9 0.5
vt -0.9 1
vt -0.85 1
vt -0.85 0.5
vt -0.95 0
vt -0.95 0.5
vt -0.9 0.5
vt -0.9 0
vt -0.95 0.5
vt -0.95 1
vt -0.9 1
vt -0.9 0.5
vt -1 0
vt -1 0.5
vt -0.95 0.5
vt -0.95 0
vt -1 0.5
vt -1 1
vt -0.95 1
vt -0.95 0.5
vt 0.5 0.5
vt 0.5 0.75
vt 0.5772542 0.7377641
vt 0.5 0.75
vt 0.5 1
vt 0.6545085 0.9755282
vt 0.5772542 0.7377641
vt 0.5 0.5
vt 0.5772542 0.7377641
vt 0.6469463 0.7022542
vt 0.5772542 0.7377641
vt 0.6545085 0.9755282
vt 0.7938926 0.9045085
vt 0.6469463 0.7022542
vt 0.5 0.5
vt 0.6469463 0.7022542
vt 0.7022542 0.6469463
vt 0.6469463 0.7022542
vt 0.7938926 0.9045085
vt 0.9045085 0.7938926
vt 0.7022542 0.6469463
vt 0.5 0.5
vt 0.7022542 0.6469463
vt 0.7377641 0.5772542
vt 0.7022542 0.6469463
vt 0.9045085 0.7938926
vt 0.9755282 0.6545085
vt 0.7377641 0.5772542
vt 0.5 0.5
vt 0.7377641 0.5772542
vt 0.75 0.5
vt 0.7377641 0.5772542
vt 0.9755282 0.6545085
vt 1 0.5
vt 0.75 0.5
vt 0.5 0.5
vt 0.75 0.5
vt 0.7377641 0.4227457
vt 0.75 0.5
vt 1 0.5
vt 0.9755282 0.3454915
vt 0.7377641 0.4227457
vt 0.5 0.5
vt 0.7377641 0.4227457
vt 0.7022542 0.3530537
vt 0.7377641 0.4227457
vt 0.9755282 0.3454915
vt 0.9045085 0.2061074
vt 0.7022542 0.3530537
vt 0.5 0.5
vt 0.7022542 0.3530537
vt 0.6469463 0.2977457
vt 0.7022542 0.3530537
vt 0.9045085 0.2061074
vt 0.7938926 0.09549147
vt 0.6469463 0.2977457
vt 0.5 0.5
vt 0.6469463 0.2977457
vt 0.5772542 0.2622359
vt 0.6469463 0.2977457
vt 0.7938926 0.09549147
vt 0.6545084 0.0244717
vt 0.5772542 0.2622359
vt 0.5 0.5
vt 0.5772542 0.2622359
vt 0.5 0.25
vt 0.5772542 0.2622359
vt 0.6545084 0.0244717
vt 0.5 0
vt 0.5 0.25
vt 0.5 0.5
vt 0.5 0.25
vt 0.4227458 0.2622359
vt 0.5 0.25
vt 0.5 0
vt 0.3454915 0.02447173
vt 0.4227458 0.2622359
vt 0.5 0.5
vt 0.4227458 0.2622359
vt 0.3530537 0.2977458
vt 0.4227458 0.2622359
vt 0.3454915 0.02447173
vt 0.2061073 0.09549153
vt 0.3530537 0.2977458
vt 0.5 0.5
vt 0.3530537 0.2977458
vt 0.2977457 0.3530537
vt 0.3530537 0.2977458
vt 0.2061073 0.09549153
vt 0.09549144 0.2061075
vt 0.2977457 0.3530537
vt 0.5 0.5
vt 0.2977457 0.3530537
vt 0.2622359 0.4227457
vt 0.2977457 0.3530537
vt 0.09549144 0.2061075
vt 0.02447176 0.3454915
vt 0.2622359 0.4227457
vt 0.5 0.5
vt 0.2622359 0.4227457
vt 0.25 0.5
vt 0.2622359 0.4227457
vt 0.02447176 0.3454915
vt 0 0.5
vt 0.25 0.5
vt 0.5 0.5
vt 0.25 0.5
vt 0.2622359 0.5772543
vt 0.25 0.5
vt 0 0.5
vt 0.02447176 0.6545086
vt 0.2622359 0.5772543
vt 0.5 0.5
vt 0.2622359 0.5772543
vt 0.2977458 0.6469464
vt 0.2622359 0.5772543
vt 0.02447176 0.6545086
vt 0.09549159 0.7938927
vt 0.2977458 0.6469464
vt 0.5 0.5
vt 0.2977458 0.6469464
vt 0.3530537 0.7022543
vt 0.2977458 0.6469464
vt 0.09549159 0.7938927
vt 0.2061075 0.9045086
vt 0.3530537 0.7022543
vt 0.5 0.5
vt 0.3530537 0.7022543
vt 0.4227458 0.7377641
vt 0.3530537 0.7022543
vt 0.2061075 0.9045086
vt 0.3454915 0.9755282
vt 0.4227458 0.7377641
vt 0.5 0.5
vt 0.4227458 0.7377641
vt 0.5000001 0.75
vt 0.4227458 0.7377641
vt 0.3454915 0.9755282
vt 0.5000001 1
vt 0.5000001 0.75
vt 0.5 0.5
vt 0.5000001 0.75
vt 0.4227458 0.7377641
vt 0.5000001 0.75
vt 0.5000001 1
vt 0.3454915 0.9755282
vt 0.4227458 0.7377641
vt 0.5 0.5
vt 0.4227458 0.7377641
vt 0.3530537 0.7022543
vt 0.4227458 0.7377641
vt 0.3454915 0.9755282
vt 0.2061075 0.9045086
vt 0.3530537 0.7022543
vt 0.5 0.5
vt 0.3530537 0.7022543
vt 0.2977458 0.6469464
vt 0.3530537 0.7022543
vt 0.2061075 0.9045086
vt 0.09549159 0.7938927
vt 0.2977458 0.6469464
vt 0.5 0.5
vt 0.2977458 0.6469464
vt 0.2622359 0.5772543
vt 0.2977458 0.6469464
vt 0.09549159 0.7938927
vt 0.02447176 0.6545086
vt 0.2622359 0.5772543
vt 0.5 0.5
vt 0.2622359 0.5772543
vt 0.25 0.5
vt 0.2622359 0.5772543
vt 0.02447176 0.6545086
vt 0 0.5
vt 0.25 0.5
vt 0.5 0.5
vt 0.25 0.5
vt 0.2622359 0.4227457
vt 0.25 0.5
vt 0 0.5
vt 0.02447176 0.3454915
vt 0.2622359 0.4227457
vt 0.5 0.5
vt 0.2622359 0.4227457
vt 0.2977457 0.3530537
vt 0.2622359 0.4227457
vt 0.02447176 0.3454915
vt 0.09549144 0.2061075
vt 0.2977457 0.3530537
vt 0.5 0.5
vt 0.2977457 0.3530537
vt 0.3530537 0.2977458
vt 0.2977457 0.3530537
vt 0.09549144 0.2061075
vt 0.2061073 0.09549153
vt 0.3530537 0.2977458
vt 0.5 0.5
vt 0.3530537 0.2977458
vt 0.4227458 0.2622359
vt 0.3530537 0.2977458
vt 0.2061073 0.09549153
vt 0.3454915 0.02447173
vt 0.4227458 0.2622359
vt 0.5 0.5
vt 0.4227458 0.2622359
vt 0.5 0.25
vt 0.4227458 0.2622359
vt 0.3454915 0.02447173
vt 0.5 0
vt 0.5 0.25
vt 0.5 0.5
vt 0.5 0.25
vt 0.5772542 0.2622359
vt 0.5 0.25
vt 0.5 0
vt 0.6545084 0.0244717
vt 0.5772542 0.2622359
vt 0.5 0.5
vt 0.5772542 0.2622359
vt 0.6469463 0.2977457
vt 0.5772542 0.2622359
vt 0.6545084 0.0244717
vt 0.7938926 0.09549147
vt 0.6469463 0.2977457
vt 0.5 0.5
vt 0.6469463 0.2977457
vt 0.7022542 0.3530537
vt 0.6469463 0.2977457
vt 0.7938926 0.09549147
vt 0.9045085 0.2061074
vt 0.7022542 0.3530537
vt 0.5 0.5
vt 0.7022542 0.3530537
vt 0.7377641 0.4227457
vt 0.7022542 0.3530537
vt 0.9045085 0.2061074
vt 0.9755282 0.3454915
vt 0.7377641 0.4227457
vt 0.5 0.5
vt 0.7377641 0.4227457
vt 0.75 0.5
vt 0.7377641 0.4227457
vt 0.9755282 0.3454915
vt 1 0.5
vt 0.75 0.5
vt 0.5 0.5
vt 0.75 0.5
vt 0.7377641 0.5772542
vt 0.75 0.5
vt 1 0.5
vt 0.9755282 0.6545085
vt 0.7377641 0.5772542
vt 0.5 0.5
vt 0.7377641 0.5772542
vt 0.7022542 0.6469463
vt 0.7377641 0.5772542
vt 0.9755282 0.6545085
vt 0.9045085 0.7938926
vt 0.7022542 0.6469463
vt 0.5 0.5
vt 0.7022542 0.6469463
vt 0.6469463 0.7022542
vt 0.7022542 0.6469463
vt 0.9045085 0.7938926
vt 0.7938926 0.9045085
vt 0.6469463 0.7022542
vt 0.5 0.5
vt 0.6469463 0.7022542
vt 0.5772542 0.7377641
vt 0.6469463 0.7022542
vt 0.7938926 0.9045085
vt 0.6545085 0.9755282
vt 0.5772542 0.7377641
vt 0.5 0.5
vt 0.5772542 0.7377641
vt 0.5 0.75
vt 0.5772542 0.7377641
vt 0.6545085 0.9755282
vt 0.5 1
vt 0.5 0.75
usemtl Material 4
f 6979/6979/6979 6978/6978/6978 6977/6977/6977
f 6979/6979/6979 6977/6977/6977 6980/6980/6980
f 6983/6983/6983 6982/6982/6982 6981/6981/6981
f 6983/6983/6983 6981/6981/6981 6984/6984/6984
f 6987/6987/6987 6986/6986/6986 6985/6985/6985
f 6987/6987/6987 6985/6985/6985 6988/6988/6988
f 6991/6991/6991 6990/6990/6990 6989/6989/6989
f 6991/6991/6991 6989/6989/6989 6992/6992/6992
f 6995/6995/6995 6994/6994/6994 6993/6993/6993
f 6995/6995/6995 6993/6993/6993 6996/6996/6996
f 6999/6999/6999 6998/6998/6998 6997/6997/6997
f 6999/6999/6999 6997/6997/6997 7000/7000/7000
f 7003/7003/7003 7002/7002/7002 7001/7001/7001
f 7003/7003/7003 7001/7001/7001 7004/7004/7004
f 7007/7007/7007 7006/7006/7006 7005/7005/7005
f 7007/7007/7007 7005/7005/7005 7008/7008/7008
f 7011/7011/7011 7010/7010/7010 7009/7009/7009
f 7011/7011/7011 7009/7009/7009 7012/7012/7012
f 7015/7015/7015 7014/7014/7014 7013/7013/7013
f 7015/7015/7015 7013/7013/7013 7016/7016/7016
f 7019/7019/7019 7018/7018/7018 7017/7017/7017
f 7019/7019/7019 7017/7017/7017 7020/7020/7020
f 7023/7023/7023 7022/7022/7022 7021/7021/7021
f 7023/7023/7023 7021/7021/7021 7024/7024/7024
f 7027/7027/7027 7026/7026/7026 7025/7025/7025
f 7027/7027/7027 7025/7025/7025 7028/7028/7028
f 7031/7031/7031 7030/7030/7030 7029/7029/7029
f 7031/7031/7031 7029/7029/7029 7032/7032/7032
f 7035/7035/7035 7034/7034/7034 7033/7033/7033
f 7035/7035/7035 7033/7033/7033 7036/7036/7036
f 7039/7039/7039 7038/7038/7038 7037/7037/7037
f 7039/7039/7039 7037/7037/7037 7040/7040/7040
f 7043/7043/7043 7042/7042/7042 7041/7041/7041
f 7043/7043/7043 7041/7041/7041 7044/7044/7044
f 7047/7047/7047 7046/7046/7046 7045/7045/7045
f 7047/7047/7047 7045/7045/7045 7048/7048/7048
f 7051/7051/7051 7050/7050/7050 7049/7049/7049
f 7051/7051/7051 7049/7049/7049 7052/7052/7052
f 7055/7055/7055 7054/7054/7054 7053/7053/7053
f 7055/7055/7055 7053/7053/7053 7056/7056/7056
f 7059/7059/7059 7058/7058/7058 7057/7057/7057
f 7059/7059/7059 7057/7057/7057 7060/7060/7060
f 7063/7063/7063 7062/7062/7062 7061/7061/7061
f 7063/7063/7063 7061/7061/7061 7064/7064/7064
f 7067/7067/7067 7066/7066/7066 7065/7065/7065
f 7067/7067/7067 7065/7065/7065 7068/7068/7068
f 7071/7071/7071 7070/7070/7070 7069/7069/7069
f 7071/7071/7071 7069/7069/7069 7072/7072/7072
f 7075/7075/7075 7074/7074/7074 7073/7073/7073
f 7075/7075/7075 7073/7073/7073 7076/7076/7076
f 7079/7079/7079 7078/7078/7078 7077/7077/7077
f 7079/7079/7079 7077/7077/7077 7080/7080/7080
f 7083/7083/7083 7082/7082/7082 7081/7081/7081
f 7083/7083/7083 7081/7081/7081 7084/7084/7084
f 7087/7087/7087 7086/7086/7086 7085/7085/7085
f 7087/7087/7087 7085/7085/7085 7088/7088/7088
f 7091/7091/7091 7090/7090/7090 7089/7089/7089
f 7091/7091/7091 7089/7089/7089 7092/7092/7092
f 7095/7095/7095 7094/7094/7094 7093/7093/7093
f 7095/7095/7095 7093/7093/7093 7096/7096/7096
f 7099/7099/7099 7098/7098/7098 7097/7097/7097
f 7099/7099/7099 7097/7097/7097 7100/7100/7100
f 7103/7103/7103 7102/7102/7102 7101/7101/7101
f 7103/7103/7103 7101/7101/7101 7104/7104/7104
f 7107/7107/7107 7106/7106/7106 7105/7105/7105
f 7107/7107/7107 7105/7105/7105 7108/7108/7108
f 7111/7111/7111 7110/7110/7110 7109/7109/7109
f 7111/7111/7111 7109/7109/7109 7112/7112/7112
f 7115/7115/7115 7114/7114/7114 7113/7113/7113
f 7115/7115/7115 7113/7113/7113 7116/7116/7116
f 7119/7119/7119 7118/7118/7118 7117/7117/7117
f 7119/7119/7119 7117/7117/7117 7120/7120/7120
f 7123/7123/7123 7122/7122/7122 7121/7121/7121
f 7123/7123/7123 7121/7121/7121 7124/7124/7124
f 7127/7127/7127 7126/7126/7126 7125/7125/7125
f 7127/7127/7127 7125/7125/7125 7128/7128/7128
f 7131/7131/7131 7130/7130/7130 7129/7129/7129
f 7131/7131/7131 7129/7129/7129 7132/7132/7132
f 7135/7135/7135 7134/7134/7134 7133/7133/7133
f 7135/7135/7135 7133/7133/7133 7136/7136/7136
f 7139/7139/7139 7138/7138/7138 7137/7137/7137
f 7142/7142/7142 7141/7141/7141 7140/7140/7140
f 7142/7142/7142 7140/7140/7140 7143/7143/7143
f 7146/7146/7146 7145/7145/7145 7144/7144/7144
f 7149/7149/7149 7148/7148/7148 7147/7147/7147
f 7149/7149/7149 7147/7147/7147 7150/7150/7150
f 7153/7153/7153 7152/7152/7152 7151/7151/7151
f 7156/7156/7156 7155/7155/7155 7154/7154/7154
f 7156/7156/7156 7154/7154/7154 7157/7157/7157
f 7160/7160/7160 7159/7159/7159 7158/7158/7158
f 7163/7163/7163 7162/7162/7162 7161/7161/7161
f 7163/7163/7163 7161/7161/7161 7164/7164/7164
f 7167/7167/7167 7166/7166/7166 7165/7165/7165
f 7170/7170/7170 7169/7169/7169 7168/7168/7168
f 7170/7170/7170 7168/7168/7168 7171/7171/7171
f 7174/7174/7174 7173/7173/7173 7172/7172/7172
f 7177/7177/7177 7176/7176/7176 7175/7175/7175
f 7177/7177/7177 7175/7175/7175 7178/7178/7178
f 7181/7181/7181 7180/7180/7180 7179/7179/7179
f 7184/7184/7184 7183/7183/7183 7182/7182/7182
f 7184/7184/7184 7182/7182/7182 7185/7185/7185
f 7188/7188/7188 7187/7187/7187 7186/7186/7186
f 7191/7191/7191 7190/7190/7190 7189/7189/7189
f 7191/7191/7191 7189/7189/7189 7192/7192/7192
f 7195/7195/7195 7194/7194/7194 7193/7193/7193
f 7198/7198/7198 7197/7197/7197 7196/7196/7196
f 7198/7198/7198 7196/7196/7196 7199/7199/7199
f 7202/7202/7202 7201/7201/7201 7200/7200/7200
f 7205/7205/7205 7204/7204/7204 7203/7203/7203
f 7205/7205/7205 7203/7203/7203 7206/7206/7206
f 7209/7209/7209 7208/7208/7208 7207/7207/7207
f 7212/7212/7212 7211/7211/7211 7210/7210/7210
f 7212/7212/7212 7210/7210/7210 7213/7213/7213
f 7216/7216/7216 7215/7215/7215 7214/7214/7214
f 7219/7219/7219 7218/7218/7218 7217/7217/7217
f 7219/7219/7219 7217/7217/7217 7220/7220/7220
f 7223/7223/7223 7222/7222/7222 7221/7221/7221
f 7226/7226/7226 7225/7225/7225 7224/7224/7224
f 7226/7226/7226 7224/7224/7224 7227/7227/7227
f 7230/7230/7230 7229/7229/7229 7228/7228/7228
f 7233/7233/7233 7232/7232/7232 7231/7231/7231
f 7233/7233/7233 7231/7231/7231 7234/7234/7234
f 7237/7237/7237 7236/7236/7236 7235/7235/7235
f 7240/7240/7240 7239/7239/7239 7238/7238/7238
f 7240/7240/7240 7238/7238/7238 7241/7241/7241
f 7244/7244/7244 7243/7243/7243 7242/7242/7242
f 7247/7247/7247 7246/7246/7246 7245/7245/7245
f 7247/7247/7247 7245/7245/7245 7248/7248/7248
f 7251/7251/7251 7250/7250/7250 7249/7249/7249
f 7254/7254/7254 7253/7253/7253 7252/7252/7252
f 7254/7254/7254 7252/7252/7252 7255/7255/7255
f 7258/7258/7258 7257/7257/7257 7256/7256/7256
f 7261/7261/7261 7260/7260/7260 7259/7259/7259
f 7261/7261/7261 7259/7259/7259 7262/7262/7262
f 7265/7265/7265 7264/7264/7264 7263/7263/7263
f 7268/7268/7268 7267/7267/7267 7266/7266/7266
f 7268/7268/7268 7266/7266/7266 7269/7269/7269
f 7272/7272/7272 7271/7271/7271 7270/7270/7270
f 7275/7275/7275 7274/7274/7274 7273/7273/7273
f 7275/7275/7275 7273/7273/7273 7276/7276/7276
f 7279/7279/7279 7278/7278/7278 7277/7277/7277
f 7282/7282/7282 7281/7281/7281 7280/7280/7280
f 7282/7282/7282 7280/7280/7280 7283/7283/7283
f 7286/7286/7286 7285/7285/7285 7284/7284/7284
f 7289/7289/7289 7288/7288/7288 7287/7287/7287
f 7289/7289/7289 7287/7287/7287 7290/7290/7290
f 7293/7293/7293 7292/7292/7292 7291/7291/7291
f 7296/7296/7296 7295/7295/7295 7294/7294/7294
f 7296/7296/7296 7294/7294/7294 7297/7297/7297
f 7300/7300/7300 7299/7299/7299 7298/7298/7298
f 7303/7303/7303 7302/7302/7302 7301/7301/7301
f 7303/7303/7303 7301/7301/7301 7304/7304/7304
f 7307/7307/7307 7306/7306/7306 7305/7305/7305
f 7310/7310/7310 7309/7309/7309 7308/7308/7308
f 7310/7310/7310 7308/7308/7308 7311/7311/7311
f 7314/7314/7314 7313/7313/7313 7312/7312/7312
f 7317/7317/7317 7316/7316/7316 7315/7315/7315
f 7317/7317/7317 7315/7315/7315 7318/7318/7318
f 7321/7321/7321 7320/7320/7320 7319/7319/7319
f 7324/7324/7324 7323/7323/7323 7322/7322/7322
f 7324/7324/7324 7322/7322/7322 7325/7325/7325
f 7328/7328/7328 7327/7327/7327 7326/7326/7326
f 7331/7331/7331 7330/7330/7330 7329/7329/7329
f 7331/7331/7331 7329/7329/7329 7332/7332/7332
f 7335/7335/7335 7334/7334/7334 7333/7333/7333
f 7338/7338/7338 7337/7337/7337 7336/7336/7336
f 7338/7338/7338 7336/7336/7336 7339/7339/7339
f 7342/7342/7342 7341/7341/7341 7340/7340/7340
f 7345/7345/7345 7344/7344/7344 7343/7343/7343
f 7345/7345/7345 7343/7343/7343 7346/7346/7346
f 7349/7349/7349 7348/7348/7348 7347/7347/7347
f 7352/7352/7352 7351/7351/7351 7350/7350/7350
f 7352/7352/7352 7350/7350/7350 7353/7353/7353
f 7356/7356/7356 7355/7355/7355 7354/7354/7354
f 7359/7359/7359 7358/7358/7358 7357/7357/7357
f 7359/7359/7359 7357/7357/7357 7360/7360/7360
f 7363/7363/7363 7362/7362/7362 7361/7361/7361
f 7366/7366/7366 7365/7365/7365 7364/7364/7364
f 7366/7366/7366 7364/7364/7364 7367/7367/7367
f 7370/7370/7370 7369/7369/7369 7368/7368/7368
f 7373/7373/7373 7372/7372/7372 7371/7371/7371
f 7373/7373/7373 7371/7371/7371 7374/7374/7374
f 7377/7377/7377 7376/7376/7376 7375/7375/7375
f 7380/7380/7380 7379/7379/7379 7378/7378/7378
f 7380/7380/7380 7378/7378/7378 7381/7381/7381
f 7384/7384/7384 7383/7383/7383 7382/7382/7382
f 7387/7387/7387 7386/7386/7386 7385/7385/7385
f 7387/7387/7387 7385/7385/7385 7388/7388/7388
f 7391/7391/7391 7390/7390/7390 7389/7389/7389
f 7394/7394/7394 7393/7393/7393 7392/7392/7392
f 7394/7394/7394 7392/7392/7392 7395/7395/7395
f 7398/7398/7398 7397/7397/7397 7396/7396/7396
f 7401/7401/7401 7400/7400/7400 7399/7399/7399
f 7401/7401/7401 7399/7399/7399 7402/7402/7402
f 7405/7405/7405 7404/7404/7404 7403/7403/7403
f 7408/7408/7408 7407/7407/7407 7406/7406/7406
f 7408/7408/7408 7406/7406/7406 7409/7409/7409
f 7412/7412/7412 7411/7411/7411 7410/7410/7410
f 7415/7415/7415 7414/7414/7414 7413/7413/7413
f 7415/7415/7415 7413/7413/7413 7416/7416/7416
o #E74C3C 1
v -0.7907869 0.1784988 3.161443
v -0.7907869 0.3847716 3.161443
v -1.286445 0.3847716 3.161443
v -1.286445 0.1784988 3.161443
v -1.286445 0.1784988 3.352153
v -1.286445 0.3847716 3.352153
v -0.7907869 0.3847716 3.352153
v -0.7907869 0.1784988 3.352153
v -0.7907869 0.1784988 3.352153
v -0.7907869 0.3847716 3.352153
v -0.7907869 0.3847716 3.161443
v -0.7907869 0.1784988 3.161443
v -1.286445 0.1784988 3.161443
v -1.286445 0.3847716 3.161443
v -1.286445 0.3847716 3.352153
v -1.286445 0.1784988 3.352153
v -0.7907869 0.3847716 3.161443
v -0.7907869 0.3847716 3.352153
v -1.286445 0.3847716 3.352153
v -1.286445 0.3847716 3.161443
v -1.286445 0.1784988 3.161443
v -1.286445 0.1784988 3.352153
v -0.7907869 0.1784988 3.352153
v -0.7907869 0.1784988 3.161443
vn 0 0 -1
vn 0 0 -1
vn 0 0 -1
vn 0 0 -1
vn 0 0 1
vn 0 0 1
vn 0 0 1
vn 0 0 1
vn 1 0 0
vn 1 0 0
vn 1 0 0
vn 1 0 0
vn -1 0 0
vn -1 0 0
vn -1 0 0
vn -1 0 0
vn 0 1 0
vn 0 1 0
vn 0 1 0
vn 0 1 0
vn 0 -1 0
vn 0 -1 0
vn 0 -1 0
vn 0 -1 0
vt 0 0
vt 0 1
vt 1 1
vt 1 0
vt 0 0
vt 0 1
vt 1 1
vt 1 0
vt 0 0
vt 0 1
vt 1 1
vt 1 0
vt 0 0
vt 0 1
vt 1 1
vt 1 0
vt 0 0
vt 0 1
vt 1 1
vt 1 0
vt 0 0
vt 0 1
vt 1 1
vt 1 0
usemtl Material
f 7419/7419/7419 7418/7418/7418 7417/7417/7417
f 7419/7419/7419 7417/7417/7417 7420/7420/7420
f 7423/7423/7423 7422/7422/7422 7421/7421/7421
f 7423/7423/7423 7421/7421/7421 7424/7424/7424
f 7427/7427/7427 7426/7426/7426 7425/7425/7425
f 7427/7427/7427 7425/7425/7425 7428/7428/7428
f 7431/7431/7431 7430/7430/7430 7429/7429/7429
f 7431/7431/7431 7429/7429/7429 7432/7432/7432
f 7435/7435/7435 7434/7434/7434 7433/7433/7433
f 7435/7435/7435 7433/7433/7433 7436/7436/7436
f 7439/7439/7439 7438/7438/7438 7437/7437/7437
f 7439/7439/7439 7437/7437/7437 7440/7440/7440
o #E74C3C 2
v 1.272154 0.1784988 3.161443
v 1.272154 0.3847716 3.161443
v 0.7764952 0.3847716 3.161443
v 0.7764952 0.1784988 3.161443
v 0.7764952 0.1784988 3.352153
v 0.7764952 0.3847716 3.352153
v 1.272154 0.3847716 3.352153
v 1.272154 0.1784988 3.352153
v 1.272154 0.1784988 3.352153
v 1.272154 0.3847716 3.352153
v 1.272154 0.3847716 3.161443
v 1.272154 0.1784988 3.161443
v 0.7764952 0.1784988 3.161443
v 0.7764952 0.3847716 3.161443
v 0.7764952 0.3847716 3.352153
v 0.7764952 0.1784988 3.352153
v 1.272154 0.3847716 3.161443
v 1.272154 0.3847716 3.352153
v 0.7764952 0.3847716 3.352153
v 0.7764952 0.3847716 3.161443
v 0.7764952 0.1784988 3.161443
v 0.7764952 0.1784988 3.352153
v 1.272154 0.1784988 3.352153
v 1.272154 0.1784988 3.161443
vn 0 0 -1
vn 0 0 -1
vn 0 0 -1
vn 0 0 -1
vn 0 0 1
vn 0 0 1
vn 0 0 1
vn 0 0 1
vn 1 0 0
vn 1 0 0
vn 1 0 0
vn 1 0 0
vn -1 0 0
vn -1 0 0
vn -1 0 0
vn -1 0 0
vn 0 1 0
vn 0 1 0
vn 0 1 0
vn 0 1 0
vn 0 -1 0
vn 0 -1 0
vn 0 -1 0
vn 0 -1 0
vt 0 0
vt 0 1
vt 1 1
vt 1 0
vt 0 0
vt 0 1
vt 1 1
vt 1 0
vt 0 0
vt 0 1
vt 1 1
vt 1 0
vt 0 0
vt 0 1
vt 1 1
vt 1 0
vt 0 0
vt 0 1
vt 1 1
vt 1 0
vt 0 0
vt 0 1
vt 1 1
vt 1 0
usemtl Material
f 7443/7443/7443 7442/7442/7442 7441/7441/7441
f 7443/7443/7443 7441/7441/7441 7444/7444/7444
f 7447/7447/7447 7446/7446/7446 7445/7445/7445
f 7447/7447/7447 7445/7445/7445 7448/7448/7448
f 7451/7451/7451 7450/7450/7450 7449/7449/7449
f 7451/7451/7451 7449/7449/7449 7452/7452/7452
f 7455/7455/7455 7454/7454/7454 7453/7453/7453
f 7455/7455/7455 7453/7453/7453 7456/7456/7456
f 7459/7459/7459 7458/7458/7458 7457/7457/7457
f 7459/7459/7459 7457/7457/7457 7460/7460/7460
f 7463/7463/7463 7462/7462/7462 7461/7461/7461
f 7463/7463/7463 7461/7461/7461 7464/7464/7464
o #ABDDFE
v 1.268898 0.4530573 -2.144765
v 1.268898 1.453057 -1.244146
v -1.265864 1.453057 -1.244146
v -1.265864 0.4530573 -2.144765
v -1.265864 0.4530574 1.567158
v -1.265864 1.453057 0.8596579
v 1.268898 1.453057 0.8596579
v 1.268898 0.4530574 1.567158
v 1.268898 0.4530574 1.567158
v 1.268898 1.453057 0.8596579
v 1.268898 1.453057 -1.244146
v 1.268898 0.4530573 -2.144765
v -1.265864 0.4530573 -2.144765
v -1.265864 1.453057 -1.244146
v -1.265864 1.453057 0.8596579
v -1.265864 0.4530574 1.567158
v 1.268898 1.453057 -1.244146
v 1.268898 1.453057 0.8596579
v -1.265864 1.453057 0.8596579
v -1.265864 1.453057 -1.244146
v -1.265864 0.4530573 -2.144765
v -1.265864 0.4530574 1.567158
v 1.268898 0.4530574 1.567158
v 1.268898 0.4530573 -2.144765
vn 0 0.6692189 -0.7430653
vn 0 0.6692189 -0.7430653
vn 0 0.6692189 -0.7430653
vn 0 0.6692189 -0.7430653
vn 0 0.5775646 0.816345
vn 0 0.5775646 0.816345
vn 0 0.5775646 0.816345
vn 0 0.5775646 0.816345
vn 1 0 0
vn 1 0 0
vn 1 0 0
vn 1 0 0
vn -1 0 0
vn -1 0 0
vn -1 0 0
vn -1 0 0
vn 0 1 0
vn 0 1 0
vn 0 1 0
vn 0 1 0
vn 0 -1 8.028808E-09
vn 0 -1 8.028808E-09
vn 0 -1 8.028808E-09
vn 0 -1 8.028808E-09
vt 0 0
vt 0 1
vt 1 1
vt 1 0
vt 0 0
vt 0 1
vt 1 1
vt 1 0
vt 0 0
vt 0 1
vt 1 1
vt 1 0
vt 0 0
vt 0 1
vt 1 1
vt 1 0
vt 0 0
vt 0 1
vt 1 1
vt 1 0
vt 0 0
vt 0 1
vt 1 1
vt 1 0
usemtl Material 5
f 7467/7467/7467 7466/7466/7466 7465/7465/7465
f 7467/7467/7467 7465/7465/7465 7468/7468/7468
f 7471/7471/7471 7470/7470/7470 7469/7469/7469
f 7471/7471/7471 7469/7469/7469 7472/7472/7472
f 7475/7475/7475 7474/7474/7474 7473/7473/7473
f 7475/7475/7475 7473/7473/7473 7476/7476/7476
f 7479/7479/7479 7478/7478/7478 7477/7477/7477
f 7479/7479/7479 7477/7477/7477 7480/7480/7480
f 7483/7483/7483 7482/7482/7482 7481/7481/7481
f 7483/7483/7483 7481/7481/7481 7484/7484/7484
f 7487/7487/7487 7486/7486/7486 7485/7485/7485
f 7487/7487/7487 7485/7485/7485 7488/7488/7488
o #FFFEC3
v 1.243256 0.03087847 -4.044384
v 1.243256 0.373742 -4.044384
v 0.7020181 0.373742 -4.044384
v 0.7020181 0.03087847 -4.044384
v 0.7020181 0.03087841 -3.696979
v 0.7020181 0.373742 -3.696979
v 1.243256 0.373742 -3.696979
v 1.243256 0.03087841 -3.696979
v 1.243256 0.03087841 -3.696979
v 1.243256 0.373742 -3.696979
v 1.243256 0.373742 -4.044384
v 1.243256 0.03087847 -4.044384
v 0.7020181 0.03087847 -4.044384
v 0.7020181 0.373742 -4.044384
v 0.7020181 0.373742 -3.696979
v 0.7020181 0.03087841 -3.696979
v 1.243256 0.373742 -4.044384
v 1.243256 0.373742 -3.696979
v 0.7020181 0.373742 -3.696979
v 0.7020181 0.373742 -4.044384
v 0.7020181 0.03087847 -4.044384
v 0.7020181 0.03087841 -3.696979
v 1.243256 0.03087841 -3.696979
v 1.243256 0.03087847 -4.044384
vn 0 0 -1
vn 0 0 -1
vn 0 0 -1
vn 0 0 -1
vn 0 0 1
vn 0 0 1
vn 0 0 1
vn 0 0 1
vn 1 0 -4.289272E-08
vn 1 0 -4.289271E-08
vn 1 0 -4.289271E-08
vn 1 0 -4.289271E-08
vn -1 0 0
vn -1 0 0
vn -1 0 0
vn -1 0 0
vn 0 1 0
vn 0 1 0
vn 0 1 0
vn 0 1 0
vn 0 -1 -1.662093E-07
vn 0 -1 -1.662093E-07
vn 0 -1 -1.662093E-07
vn 0 -1 -1.662093E-07
vt 0 0
vt 0 1
vt 1 1
vt 1 0
vt 0 0
vt 0 1
vt 1 1
vt 1 0
vt 0 0
vt 0 1
vt 1 1
vt 1 0
vt 0 0
vt 0 1
vt 1 1
vt 1 0
vt 0 0
vt 0 1
vt 1 1
vt 1 0
vt 0 0
vt 0 1
vt 1 1
vt 1 0
usemtl Material 6
f 7491/7491/7491 7490/7490/7490 7489/7489/7489
f 7491/7491/7491 7489/7489/7489 7492/7492/7492
f 7495/7495/7495 7494/7494/7494 7493/7493/7493
f 7495/7495/7495 7493/7493/7493 7496/7496/7496
f 7499/7499/7499 7498/7498/7498 7497/7497/7497
f 7499/7499/7499 7497/7497/7497 7500/7500/7500
f 7503/7503/7503 7502/7502/7502 7501/7501/7501
f 7503/7503/7503 7501/7501/7501 7504/7504/7504
f 7507/7507/7507 7506/7506/7506 7505/7505/7505
f 7507/7507/7507 7505/7505/7505 7508/7508/7508
f 7511/7511/7511 7510/7510/7510 7509/7509/7509
f 7511/7511/7511 7509/7509/7509 7512/7512/7512
o #FFFEC3 1
v -0.7172552 0.03087844 -4.044384
v -0.7172552 0.373742 -4.044384
v -1.258493 0.373742 -4.044384
v -1.258493 0.03087844 -4.044384
v -1.258493 0.03087838 -3.696979
v -1.258493 0.373742 -3.696979
v -0.7172552 0.373742 -3.696979
v -0.7172552 0.03087838 -3.696979
v -0.7172552 0.03087838 -3.696979
v -0.7172552 0.373742 -3.696979
v -0.7172552 0.373742 -4.044384
v -0.7172552 0.03087844 -4.044384
v -1.258493 0.03087844 -4.044384
v -1.258493 0.373742 -4.044384
v -1.258493 0.373742 -3.696979
v -1.258493 0.03087838 -3.696979
v -0.7172552 0.373742 -4.044384
v -0.7172552 0.373742 -3.696979
v -1.258493 0.373742 -3.696979
v -1.258493 0.373742 -4.044384
v -1.258493 0.03087844 -4.044384
v -1.258493 0.03087838 -3.696979
v -0.7172552 0.03087838 -3.696979
v -0.7172552 0.03087844 -4.044384
vn 0 0 -1
vn 0 0 -1
vn 0 0 -1
vn 0 0 -1
vn 0 0 1
vn 0 0 1
vn 0 0 1
vn 0 0 1
vn 1 0 -4.289272E-08
vn 1 0 -4.289271E-08
vn 1 0 -4.289271E-08
vn 1 0 -4.289271E-08
vn -1 0 0
vn -1 0 0
vn -1 0 0
vn -1 0 0
vn 0 1 0
vn 0 1 0
vn 0 1 0
vn 0 1 0
vn 0 -1 -1.662093E-07
vn 0 -1 -1.662093E-07
vn 0 -1 -1.662093E-07
vn 0 -1 -1.662093E-07
vt 0 0
vt 0 1
vt 1 1
vt 1 0
vt 0 0
vt 0 1
vt 1 1
vt 1 0
vt 0 0
vt 0 1
vt 1 1
vt 1 0
vt 0 0
vt 0 1
vt 1 1
vt 1 0
vt 0 0
vt 0 1
vt 1 1
vt 1 0
vt 0 0
vt 0 1
vt 1 1
vt 1 0
usemtl Material 6
f 7515/7515/7515 7514/7514/7514 7513/7513/7513
f 7515/7515/7515 7513/7513/7513 7516/7516/7516
f 7519/7519/7519 7518/7518/7518 7517/7517/7517
f 7519/7519/7519 7517/7517/7517 7520/7520/7520
f 7523/7523/7523 7522/7522/7522 7521/7521/7521
f 7523/7523/7523 7521/7521/7521 7524/7524/7524
f 7527/7527/7527 7526/7526/7526 7525/7525/7525
f 7527/7527/7527 7525/7525/7525 7528/7528/7528
f 7531/7531/7531 7530/7530/7530 7529/7529/7529
f 7531/7531/7531 7529/7529/7529 7532/7532/7532
f 7535/7535/7535 7534/7534/7534 7533/7533/7533
f 7535/7535/7535 7533/7533/7533 7536/7536/7536
o #34495E 2
v -0.9553345 -0.203154 -2.581615
v -1.340498 -0.203154 -2.581615
v -1.340498 -0.5077295 -2.129372
v -0.9553345 -0.5077295 -2.129372
v -1.240147 0.5077295 -2.129372
v -1.340498 0.5077295 -2.129372
v -1.340498 0.5077295 -2.581454
v -0.9553345 0.5077295 -2.581454
v 1.043125 -0.5077295 -2.129372
v 1.0548 -0.5077295 -2.129372
v 1.0548 -0.1539052 -2.581631
v 1.043125 -0.3647476 -2.581504
v 1.043125 0.5077295 -2.581454
v 1.054801 0.5077295 -2.581454
v 1.178259 0.5077295 -2.129372
v 1.166584 0.5077295 -2.129372
v 0.7934067 0.5077295 -3.551421
v 0.8050824 0.5077295 -3.705639
v 1.054801 0.5077295 -3.066265
v 1.043125 0.5077295 -3.066265
v -0.9553345 0.5077295 -3.066264
v -1.340498 0.5077295 -3.066264
v -1.340498 0.5077295 -3.705639
v -0.7495136 0.5077295 -3.705639
v -0.9553345 -0.5077294 -3.551421
v -1.340498 -0.5077294 -3.551421
v -1.340498 -0.203154 -3.066426
v -0.9553345 -0.203154 -3.066426
v 1.043125 -0.3647476 -3.066314
v 1.054801 -0.1539052 -3.066442
v 1.054801 -0.5077294 -3.551421
v 1.043125 -0.5077294 -3.551421
v 1.340498 0.03906196 -3.551421
v 1.340498 -0.5077294 -3.551421
v 1.340498 -0.1539052 -3.066442
v 1.340498 0.03906196 -3.066265
v 1.340498 0.03906196 -3.066265
v 1.340498 0.04047847 -3.066265
v 1.340498 0.2121851 -3.694065
v 1.340498 0.03906196 -3.551421
v 1.340498 0.03906196 -2.581454
v 1.340498 -0.1539052 -2.581631
v 1.340498 -0.5077295 -2.129372
v 1.340498 0.03906196 -2.129372
v 1.340498 0.03906196 -2.129372
v 1.340498 0.04047847 -2.129372
v 1.340498 0.04047847 -2.581454
v 1.340498 0.03906196 -2.581454
v 1.054801 0.03906208 3.339733
v 1.054801 -0.5077293 3.339733
v 1.043125 -0.5077293 3.339733
v 1.043125 0.03906208 3.339733
v 1.043125 0.03906208 3.339733
v 1.043125 0.04047859 3.339733
v 1.054801 0.04047859 3.339733
v 1.054801 0.03906208 3.339733
v -0.9553345 0.03906208 3.339733
v -0.9553345 -0.5077293 3.339733
v -1.340498 -0.5077293 3.339733
v -1.340498 0.03906208 3.339733
v -1.340498 0.03906208 3.339733
v -1.340498 0.04047859 3.339733
v -0.9553345 0.04047859 3.339733
v -0.9553345 0.03906208 3.339733
v -1.340498 0.0390619 -2.129372
v -1.340498 -0.5077295 -2.129372
v -1.340498 -0.203154 -2.581615
v -1.340498 0.03906196 -2.581454
v -1.340498 0.03906196 -2.581454
v -1.340498 0.04047845 -2.581454
v -1.340498 0.04047844 -2.129372
v -1.340498 0.0390619 -2.129372
v -1.340498 0.03906196 -3.066264
v -1.340498 -0.203154 -3.066426
v -1.340498 -0.5077294 -3.551421
v -1.340498 0.03906202 -3.551421
v -1.340498 0.03906202 -3.551421
v -1.340498 0.2121851 -3.694065
v -1.340498 0.04047847 -3.066264
v -1.340498 0.03906196 -3.066264
v -1.340498 0.03906202 -4.033891
v -1.340498 -0.5077294 -4.033891
v -0.9553345 -0.5077294 -4.033891
v -0.9553345 0.03906202 -4.033891
v -0.9553345 0.03906202 -4.033891
v -0.7495136 0.2121851 -4.033891
v -1.340498 0.2121851 -4.033891
v -1.340498 0.03906202 -4.033891
v 1.043125 0.03906202 -4.033891
v 1.043125 -0.5077294 -4.033891
v 1.054801 -0.5077294 -4.033891
v 1.054801 0.03906202 -4.033891
v 1.054801 0.03906202 -4.033891
v 0.8050824 0.2121851 -4.033891
v 0.7934067 0.04047852 -4.033891
v 1.043125 0.03906202 -4.033891
v 1.054801 -0.1539052 -3.066442
v 1.340498 -0.1539052 -3.066442
v 1.340498 -0.5077294 -3.551421
v 1.054801 -0.5077294 -3.551421
v 1.054801 0.03906202 -4.033891
v 1.054801 -0.5077294 -4.033891
v 1.340498 -0.5077294 -4.033891
v 1.340498 0.03906202 -4.033891
v 1.340498 0.03906202 -4.033891
v 1.340498 0.2121851 -4.033891
v 0.8050824 0.2121851 -4.033891
v 1.054801 0.03906202 -4.033891
v 0.8050824 0.5077295 -3.705639
v 1.340498 0.5077295 -3.705639
v 1.340498 0.5077295 -3.066265
v 1.054801 0.5077295 -3.066265
v 1.054801 0.5077295 -2.581454
v 1.340498 0.5077295 -2.581454
v 1.340498 0.5077295 -2.129372
v 1.178259 0.5077295 -2.129372
v 1.054801 0.03906208 3.339733
v 1.054801 0.04047859 3.339733
v 1.340498 0.04047859 3.339733
v 1.340498 0.03906208 3.339733
v 1.340498 0.03906208 3.339733
v 1.340498 -0.5077293 3.339733
v 1.054801 -0.5077293 3.339733
v 1.054801 0.03906208 3.339733
v 1.0548 -0.5077295 -2.129372
v 1.340498 -0.5077295 -2.129372
v 1.340498 -0.1539052 -2.581631
v 1.0548 -0.1539052 -2.581631
v -0.95373 -0.5077294 -3.551421
v -0.9553345 -0.5077294 -3.551421
v -0.9553345 -0.203154 -3.066426
v -0.9537301 -0.3647476 -3.066314
v -0.95373 0.03906202 -4.033891
v -0.9553345 0.03906202 -4.033891
v -0.9553345 -0.5077294 -4.033891
v -0.95373 -0.5077294 -4.033891
v -0.7479091 0.04047857 -4.033891
v -0.7495136 0.2121851 -4.033891
v -0.9553345 0.03906202 -4.033891
v -0.95373 0.03906202 -4.033891
v -0.95373 0.5077295 -3.066264
v -0.9553345 0.5077295 -3.066264
v -0.7495136 0.5077295 -3.705639
v -0.7479091 0.5077295 -3.551421
v -1.238543 0.5077295 -2.129372
v -1.240147 0.5077295 -2.129372
v -0.9553345 0.5077295 -2.581454
v -0.95373 0.5077295 -2.581454
v -0.95373 0.03906208 3.339733
v -0.9553345 0.03906208 3.339733
v -0.9553345 0.04047859 3.339733
v -0.95373 0.04047859 3.339733
v -0.95373 -0.5077293 3.339733
v -0.9553345 -0.5077293 3.339733
v -0.9553345 0.03906208 3.339733
v -0.95373 0.03906208 3.339733
v -0.9537302 -0.3647476 -2.581504
v -0.9553345 -0.203154 -2.581615
v -0.9553345 -0.5077295 -2.129372
v -0.95373 -0.5077295 -2.129372
v -1.340498 0.03906196 -2.581454
v -1.340498 -0.203154 -2.581615
v -1.340498 -0.203154 -3.066426
v -1.340498 0.03906196 -3.066264
v -1.340498 0.03906196 -3.066264
v -1.340498 0.04047847 -3.066264
v -1.340498 0.04047845 -2.581454
v -1.340498 0.03906196 -2.581454
v -0.9553345 0.5077295 -2.581454
v -1.340498 0.5077295 -2.581454
v -1.340498 0.5077295 -3.066264
v -0.9553345 0.5077295 -3.066264
v -0.95373 0.5077295 -2.581454
v -0.9553345 0.5077295 -2.581454
v -0.9553345 0.5077295 -3.066264
v -0.95373 0.5077295 -3.066264
v 1.043125 0.5077295 -3.066265
v 1.054801 0.5077295 -3.066265
v 1.054801 0.5077295 -2.581454
v 1.043125 0.5077295 -2.581454
v 1.054801 0.5077295 -3.066265
v 1.340498 0.5077295 -3.066265
v 1.340498 0.5077295 -2.581454
v 1.054801 0.5077295 -2.581454
v 1.340498 0.03906196 -2.581454
v 1.340498 0.04047847 -2.581454
v 1.340498 0.04047847 -3.066265
v 1.340498 0.03906196 -3.066265
v 1.340498 0.03906196 -3.066265
v 1.340498 -0.1539052 -3.066442
v 1.340498 -0.1539052 -2.581631
v 1.340498 0.03906196 -2.581454
v 1.0548 -0.1539052 -2.581631
v 1.340498 -0.1539052 -2.581631
v 1.340498 -0.1539052 -3.066442
v 1.054801 -0.1539052 -3.066442
v 1.043125 -0.3647476 -2.581504
v 1.0548 -0.1539052 -2.581631
v 1.054801 -0.1539052 -3.066442
v 1.043125 -0.3647476 -3.066314
v -0.9537301 -0.3647476 -3.066314
v -0.9553345 -0.203154 -3.066426
v -0.9553345 -0.203154 -2.581615
v -0.9537302 -0.3647476 -2.581504
v -0.9553345 -0.203154 -3.066426
v -1.340498 -0.203154 -3.066426
v -1.340498 -0.203154 -2.581615
v -0.9553345 -0.203154 -2.581615
v -1.340498 -0.09202456 2.020486
v -1.340498 -0.5077295 1.600872
v -1.340498 0.03906196 1.600873
v -1.340498 0.03906199 2.020487
v -0.9553345 -0.09202456 2.020486
v -0.9553345 -0.5077295 1.600872
v -1.340498 -0.5077295 1.600872
v -1.340498 -0.09202456 2.020486
v -0.95373 -0.3949276 2.020447
v -0.95373 -0.5077295 1.600872
v -0.9553345 -0.5077295 1.600872
v -0.9553345 -0.09202456 2.020486
v 1.054801 -0.09202456 2.020486
v 1.054801 -0.5077295 1.600872
v 1.043125 -0.5077295 1.600872
v 1.043125 -0.3949276 2.020447
v 1.340498 -0.09202456 2.020486
v 1.340498 -0.5077295 1.600872
v 1.054801 -0.5077295 1.600872
v 1.054801 -0.09202456 2.020486
v 1.340498 0.03906199 2.020486
v 1.340498 0.03906196 1.600872
v 1.340498 -0.5077295 1.600872
v 1.340498 -0.09202456 2.020486
v 1.340498 0.0404785 2.020486
v 1.340498 0.04047847 1.600872
v 1.340498 0.03906196 1.600872
v 1.340498 0.03906199 2.020486
v 1.054801 0.5077295 2.020486
v 1.178259 0.5077295 1.600872
v 1.340498 0.5077295 1.600872
v 1.340498 0.5077295 2.020486
v 1.043125 0.5077295 2.020486
v 1.166584 0.5077295 1.600872
v 1.178259 0.5077295 1.600872
v 1.054801 0.5077295 2.020486
v -0.9553345 0.5077295 2.020487
v -1.240147 0.5077295 1.600873
v -1.238543 0.5077295 1.600873
v -0.95373 0.5077295 2.020487
v -1.340498 0.5077295 2.020487
v -1.340498 0.5077295 1.600873
v -1.240147 0.5077295 1.600873
v -0.9553345 0.5077295 2.020487
v -1.340498 0.03906199 2.020487
v -1.340498 0.03906196 1.600873
v -1.340498 0.04047847 1.600873
v -1.340498 0.0404785 2.020486
v -1.340498 -0.09202451 2.446651
v -1.340498 -0.09202456 2.020486
v -1.340498 0.03906199 2.020487
v -1.340498 0.03906202 2.446651
v -0.9553345 -0.09202451 2.446651
v -0.9553345 -0.09202456 2.020486
v -1.340498 -0.09202456 2.020486
v -1.340498 -0.09202451 2.446651
v -0.95373 -0.3949275 2.446612
v -0.95373 -0.3949276 2.020447
v -0.9553345 -0.09202456 2.020486
v -0.9553345 -0.09202451 2.446651
v 1.054801 -0.09202451 2.446651
v 1.054801 -0.09202456 2.020486
v 1.043125 -0.3949276 2.020447
v 1.043125 -0.3949275 2.446612
v 1.340498 -0.09202451 2.446651
v 1.340498 -0.09202456 2.020486
v 1.054801 -0.09202456 2.020486
v 1.054801 -0.09202451 2.446651
v 1.340498 0.03906202 2.446651
v 1.340498 0.03906199 2.020486
v 1.340498 -0.09202456 2.020486
v 1.340498 -0.09202451 2.446651
v 1.340498 0.04047853 2.446651
v 1.340498 0.0404785 2.020486
v 1.340498 0.03906199 2.020486
v 1.340498 0.03906202 2.446651
v 1.054801 0.5077295 2.446651
v 1.054801 0.5077295 2.020486
v 1.340498 0.5077295 2.020486
v 1.340498 0.5077295 2.446651
v 1.043125 0.5077295 2.446651
v 1.043125 0.5077295 2.020486
v 1.054801 0.5077295 2.020486
v 1.054801 0.5077295 2.446651
v -0.9553345 0.5077295 2.446651
v -0.9553345 0.5077295 2.020487
v -0.95373 0.5077295 2.020487
v -0.95373 0.5077295 2.446651
v -1.340498 0.5077295 2.446651
v -1.340498 0.5077295 2.020487
v -0.9553345 0.5077295 2.020487
v -0.9553345 0.5077295 2.446651
v -1.340498 0.03906202 2.446651
v -1.340498 0.03906199 2.020487
v -1.340498 0.0404785 2.020486
v -1.340498 0.04047853 2.446651
v -1.340498 0.03906205 2.841482
v -1.340498 0.03906208 3.339733
v -1.340498 -0.5077293 3.339733
v -1.340498 -0.5077294 2.841483
v -1.340498 -0.5077294 2.841483
v -1.340498 -0.09202451 2.446651
v -1.340498 0.03906202 2.446651
v -1.340498 0.03906205 2.841482
v -1.340498 -0.5077294 2.841483
v -1.340498 -0.5077293 3.339733
v -0.9553345 -0.5077293 3.339733
v -0.9553345 -0.5077294 2.841483
v -0.9553345 -0.5077294 2.841483
v -0.9553345 -0.09202451 2.446651
v -1.340498 -0.09202451 2.446651
v -1.340498 -0.5077294 2.841483
v -0.9553345 -0.5077294 2.841483
v -0.9553345 -0.5077293 3.339733
v -0.95373 -0.5077293 3.339733
v -0.95373 -0.5077294 2.841483
v -0.95373 -0.5077294 2.841483
v -0.95373 -0.3949275 2.446612
v -0.9553345 -0.09202451 2.446651
v -0.9553345 -0.5077294 2.841483
v 1.043125 -0.5077294 2.841483
v 1.043125 -0.5077293 3.339733
v 1.054801 -0.5077293 3.339733
v 1.054801 -0.5077294 2.841483
v 1.054801 -0.5077294 2.841483
v 1.054801 -0.09202451 2.446651
v 1.043125 -0.3949275 2.446612
v 1.043125 -0.5077294 2.841483
v 1.054801 -0.5077294 2.841483
v 1.054801 -0.5077293 3.339733
v 1.340498 -0.5077293 3.339733
v 1.340498 -0.5077294 2.841483
v 1.340498 -0.5077294 2.841483
v 1.340498 -0.09202451 2.446651
v 1.054801 -0.09202451 2.446651
v 1.054801 -0.5077294 2.841483
v 1.340498 -0.5077294 2.841483
v 1.340498 -0.5077293 3.339733
v 1.340498 0.03906208 3.339733
v 1.340498 0.03906205 2.841483
v 1.340498 0.03906205 2.841483
v 1.340498 0.03906202 2.446651
v 1.340498 -0.09202451 2.446651
v 1.340498 -0.5077294 2.841483
v 1.340498 0.03906205 2.841483
v 1.340498 0.03906208 3.339733
v 1.340498 0.04047859 3.339733
v 1.340498 0.04047855 2.841483
v 1.340498 0.04047855 2.841483
v 1.340498 0.04047853 2.446651
v 1.340498 0.03906202 2.446651
v 1.340498 0.03906205 2.841483
v 1.340498 0.5077295 2.841483
v 1.340498 0.5077296 3.339733
v 1.054801 0.5077296 3.339733
v 1.054801 0.5077295 2.841483
v 1.054801 0.5077295 2.841483
v 1.054801 0.5077295 2.446651
v 1.340498 0.5077295 2.446651
v 1.340498 0.5077295 2.841483
v 1.054801 0.5077295 2.841483
v 1.054801 0.5077296 3.339733
v 1.043125 0.5077296 3.339733
v 1.043125 0.5077295 2.841483
v 1.043125 0.5077295 2.841483
v 1.043125 0.5077295 2.446651
v 1.054801 0.5077295 2.446651
v 1.054801 0.5077295 2.841483
v -0.95373 0.5077295 2.841483
v -0.95373 0.5077296 3.339733
v -0.9553345 0.5077296 3.339733
v -0.9553345 0.5077295 2.841483
v -0.9553345 0.5077295 2.841483
v -0.9553345 0.5077295 2.446651
v -0.95373 0.5077295 2.446651
v -0.95373 0.5077295 2.841483
v -0.9553345 0.5077295 2.841483
v -0.9553345 0.5077296 3.339733
v -1.340498 0.5077296 3.339733
v -1.340498 0.5077295 2.841483
v -1.340498 0.5077295 2.841483
v -1.340498 0.5077295 2.446651
v -0.9553345 0.5077295 2.446651
v -0.9553345 0.5077295 2.841483
v -1.340498 0.04047855 2.841483
v -1.340498 0.04047859 3.339733
v -1.340498 0.03906208 3.339733
v -1.340498 0.03906205 2.841482
v -1.340498 0.03906205 2.841482
v -1.340498 0.03906202 2.446651
v -1.340498 0.04047853 2.446651
v -1.340498 0.04047855 2.841483
v -1.238543 0.5946269 1.536091
v -1.238543 0.5077295 1.600873
v -1.240147 0.5077295 1.600873
v -1.240147 0.5946269 1.536091
v -1.240147 0.5946269 1.536091
v -1.240147 0.5077295 1.600873
v -1.340498 0.5077295 1.600873
v -1.340498 0.5946269 1.536091
v -1.340498 0.5946269 -2.051792
v -1.340498 0.5077295 -2.129372
v -1.240147 0.5077295 -2.129372
v -1.240147 0.5946269 -2.051792
v -1.240147 0.5946269 -2.051792
v -1.240147 0.5077295 -2.129372
v -1.238543 0.5077295 -2.129372
v -1.238543 0.5946269 -2.051792
v 1.166584 0.5946269 -2.051792
v 1.166584 0.5077295 -2.129372
v 1.178259 0.5077295 -2.129372
v 1.178259 0.5946269 -2.051792
v 1.178259 0.5946269 -2.051792
v 1.178259 0.5077295 -2.129372
v 1.340498 0.5077295 -2.129372
v 1.340498 0.5946269 -2.051792
v 1.340498 0.5946269 1.536091
v 1.340498 0.5077295 1.600872
v 1.178259 0.5077295 1.600872
v 1.178259 0.5946269 1.536091
v 1.178259 0.5946269 1.536091
v 1.178259 0.5077295 1.600872
v 1.166584 0.5077295 1.600872
v 1.166584 0.5946268 1.536091
v -1.238543 1.45391 0.8955028
v -1.238543 0.5946269 1.536091
v -1.240147 0.5946269 1.536091
v -1.240147 1.45391 0.8955028
v -1.240147 1.45391 0.8955028
v -1.240147 1.510177 0.8535569
v -1.238543 1.510177 0.8535569
v -1.238543 1.45391 0.8955028
v -1.240147 1.45391 0.8955028
v -1.240147 0.5946269 1.536091
v -1.340498 0.5946269 1.536091
v -1.340498 1.45391 0.8955028
v -1.340498 1.45391 0.8955028
v -1.340498 1.510177 0.8535569
v -1.240147 1.510177 0.8535569
v -1.240147 1.45391 0.8955028
v -1.340498 1.45391 -1.284645
v -1.340498 0.5946269 -2.051792
v -1.240147 0.5946269 -2.051792
v -1.240147 1.45391 -1.284645
v -1.240147 1.45391 -1.284645
v -1.240147 1.510177 -1.234412
v -1.340498 1.510177 -1.234412
v -1.340498 1.45391 -1.284645
v -1.240147 1.45391 -1.284645
v -1.240147 0.5946269 -2.051792
v -1.238543 0.5946269 -2.051792
v -1.238543 1.45391 -1.284645
v -1.238543 1.45391 -1.284645
v -1.238543 1.510177 -1.234412
v -1.240147 1.510177 -1.234412
v -1.240147 1.45391 -1.284645
v 1.166584 1.45391 -1.284645
v 1.166584 0.5946269 -2.051792
v 1.178259 0.5946269 -2.051792
v 1.178259 1.45391 -1.284645
v 1.178259 1.45391 -1.284645
v 1.178259 1.510177 -1.234412
v 1.166584 1.510177 -1.234412
v 1.166584 1.45391 -1.284645
v 1.178259 1.45391 -1.284645
v 1.178259 0.5946269 -2.051792
v 1.340498 0.5946269 -2.051792
v 1.340498 1.45391 -1.284645
v 1.340498 1.45391 -1.284645
v 1.340498 1.510177 -1.234412
v 1.178259 1.510177 -1.234412
v 1.178259 1.45391 -1.284645
v 1.340498 1.45391 0.8955027
v 1.340498 0.5946269 1.536091
v 1.178259 0.5946269 1.536091
v 1.178259 1.45391 0.8955027
v 1.178259 1.45391 0.8955027
v 1.178259 1.510177 0.8535568
v 1.340498 1.510177 0.8535568
v 1.340498 1.45391 0.8955027
v 1.178259 1.45391 0.8955027
v 1.178259 0.5946269 1.536091
v 1.166584 0.5946268 1.536091
v 1.166584 1.45391 0.8955027
v 1.166584 1.45391 0.8955027
v 1.166584 1.510177 0.8535568
v 1.178259 1.510177 0.8535568
v 1.178259 1.45391 0.8955027
v -1.340498 1.45391 0.7777086
v -1.340498 1.45391 0.8955028
v -1.340498 0.5946269 1.536091
v -1.340498 0.5946269 1.342237
v -1.340498 1.510177 0.7407432
v -1.340498 1.510177 0.8535569
v -1.340498 1.45391 0.8955028
v -1.340498 1.45391 0.7777086
v -1.240147 1.510177 0.7407432
v -1.240147 1.510177 0.8535569
v -1.340498 1.510177 0.8535569
v -1.340498 1.510177 0.7407432
v -1.238543 1.510177 0.7407432
v -1.238543 1.510177 0.8535569
v -1.240147 1.510177 0.8535569
v -1.240147 1.510177 0.7407432
v 1.178259 1.510177 0.7407429
v 1.178259 1.510177 0.8535568
v 1.166584 1.510177 0.8535568
v 1.166584 1.510177 0.7407429
v 1.340498 1.510177 0.7407429
v 1.340498 1.510177 0.8535568
v 1.178259 1.510177 0.8535568
v 1.178259 1.510177 0.7407429
v 1.340498 1.45391 0.7777084
v 1.340498 1.45391 0.8955027
v 1.340498 1.510177 0.8535568
v 1.340498 1.510177 0.7407429
v 1.340498 0.5946269 1.342237
v 1.340498 0.5946269 1.536091
v 1.340498 1.45391 0.8955027
v 1.340498 1.45391 0.7777084
v 1.340498 0.5077295 1.399326
v 1.340498 0.5077295 1.600872
v 1.340498 0.5946269 1.536091
v 1.340498 0.5946269 1.342237
v 1.340498 0.03906196 1.399326
v 1.340498 0.03906196 1.600872
v 1.340498 0.04047847 1.600872
v 1.340498 0.04047847 1.399326
v 1.340498 -0.5077295 1.399326
v 1.340498 -0.5077295 1.600872
v 1.340498 0.03906196 1.600872
v 1.340498 0.03906196 1.399326
v 1.054801 -0.5077295 1.399326
v 1.054801 -0.5077295 1.600872
v 1.340498 -0.5077295 1.600872
v 1.340498 -0.5077295 1.399326
v 1.043125 -0.5077295 1.399326
v 1.043125 -0.5077295 1.600872
v 1.054801 -0.5077295 1.600872
v 1.054801 -0.5077295 1.399326
v -0.9553345 -0.5077295 1.399326
v -0.9553345 -0.5077295 1.600872
v -0.95373 -0.5077295 1.600872
v -0.95373 -0.5077295 1.399326
v -1.340498 -0.5077295 1.399326
v -1.340498 -0.5077295 1.600872
v -0.9553345 -0.5077295 1.600872
v -0.9553345 -0.5077295 1.399326
v -1.340498 0.03906196 1.399326
v -1.340498 0.03906196 1.600873
v -1.340498 -0.5077295 1.600872
v -1.340498 -0.5077295 1.399326
v -1.340498 0.04047847 1.399326
v -1.340498 0.04047847 1.600873
v -1.340498 0.03906196 1.600873
v -1.340498 0.03906196 1.399326
v -1.340498 0.5946269 1.342237
v -1.340498 0.5946269 1.536091
v -1.340498 0.5077295 1.600873
v -1.340498 0.5077295 1.399326
v -1.340498 0.5946269 -1.826389
v -1.340498 0.5946269 -2.051792
v -1.340498 1.45391 -1.284645
v -1.340498 1.45391 -1.147681
v -1.340498 1.45391 -1.147681
v -1.340498 1.45391 -1.284645
v -1.340498 1.510177 -1.234412
v -1.340498 1.510177 -1.103239
v -1.340498 1.510177 -1.103239
v -1.340498 1.510177 -1.234412
v -1.240147 1.510177 -1.234412
v -1.240147 1.510177 -1.103239
v -1.240147 1.510177 -1.103239
v -1.240147 1.510177 -1.234412
v -1.238543 1.510177 -1.234412
v -1.238543 1.510177 -1.103239
v 1.166584 1.510177 -1.103239
v 1.166584 1.510177 -1.234412
v 1.178259 1.510177 -1.234412
v 1.178259 1.510177 -1.103239
v 1.178259 1.510177 -1.103239
v 1.178259 1.510177 -1.234412
v 1.340498 1.510177 -1.234412
v 1.340498 1.510177 -1.103239
v 1.340498 1.510177 -1.103239
v 1.340498 1.510177 -1.234412
v 1.340498 1.45391 -1.284645
v 1.340498 1.45391 -1.147681
v 1.340498 1.45391 -1.147681
v 1.340498 1.45391 -1.284645
v 1.340498 0.5946269 -2.051792
v 1.340498 0.5946269 -1.826389
v 1.340498 0.5946269 -1.826389
v 1.340498 0.5946269 -2.051792
v 1.340498 0.5077295 -2.129372
v 1.340498 0.5077295 -1.895026
v 1.340498 0.04047847 -1.895026
v 1.340498 0.04047847 -2.129372
v 1.340498 0.03906196 -2.129372
v 1.340498 0.03906196 -1.895026
v 1.340498 0.03906196 -1.895026
v 1.340498 0.03906196 -2.129372
v 1.340498 -0.5077295 -2.129372
v 1.340498 -0.5077295 -1.895026
v 1.340498 -0.5077295 -1.895026
v 1.340498 -0.5077295 -2.129372
v 1.0548 -0.5077295 -2.129372
v 1.0548 -0.5077295 -1.895026
v 1.0548 -0.5077295 -1.895026
v 1.0548 -0.5077295 -2.129372
v 1.043125 -0.5077295 -2.129372
v 1.043125 -0.5077295 -1.895026
v -0.95373 -0.5077295 -1.895026
v -0.95373 -0.5077295 -2.129372
v -0.9553345 -0.5077295 -2.129372
v -0.9553345 -0.5077295 -1.895026
v -0.9553345 -0.5077295 -1.895026
v -0.9553345 -0.5077295 -2.129372
v -1.340498 -0.5077295 -2.129372
v -1.340498 -0.5077295 -1.895026
v -1.340498 -0.5077295 -1.895026
v -1.340498 -0.5077295 -2.129372
v -1.340498 0.0390619 -2.129372
v -1.340498 0.03906191 -1.895025
v -1.340498 0.03906191 -1.895025
v -1.340498 0.0390619 -2.129372
v -1.340498 0.04047844 -2.129372
v -1.340498 0.04047844 -1.895025
v -1.340498 0.5077295 -1.895025
v -1.340498 0.5077295 -2.129372
v -1.340498 0.5946269 -2.051792
v -1.340498 0.5946269 -1.826389
v -1.340498 1.510177 -0.0915823
v -1.340498 1.510177 0.7407432
v -1.340498 1.45391 0.7777086
v -1.340498 1.45391 -0.09136212
v -1.240147 1.510177 -0.0915823
v -1.240147 1.510177 0.7407432
v -1.340498 1.510177 0.7407432
v -1.340498 1.510177 -0.0915823
v -1.238543 1.510177 -0.0915823
v -1.238543 1.510177 0.7407432
v -1.240147 1.510177 0.7407432
v -1.240147 1.510177 -0.0915823
v 1.178259 1.510177 -0.09158254
v 1.178259 1.510177 0.7407429
v 1.166584 1.510177 0.7407429
v 1.166584 1.510177 -0.09158254
v 1.340498 1.510177 -0.09158254
v 1.340498 1.510177 0.7407429
v 1.178259 1.510177 0.7407429
v 1.178259 1.510177 -0.09158254
v 1.340498 1.45391 -0.09136224
v 1.340498 1.45391 0.7777084
v 1.340498 1.510177 0.7407429
v 1.340498 1.510177 -0.09158254
v 1.340498 0.5077295 -0.08765864
v 1.340498 0.5077295 1.399326
v 1.340498 0.5946269 1.342237
v 1.340498 0.5946269 -0.08799863
v 1.340498 0.03906196 -0.08765864
v 1.340498 0.03906196 1.399326
v 1.340498 0.04047847 1.399326
v 1.340498 0.04047847 -0.08765864
v 1.340498 -0.5077295 -0.08765864
v 1.340498 -0.5077295 1.399326
v 1.340498 0.03906196 1.399326
v 1.340498 0.03906196 -0.08765864
v 1.054801 -0.5077295 -0.08765864
v 1.054801 -0.5077295 1.399326
v 1.340498 -0.5077295 1.399326
v 1.340498 -0.5077295 -0.08765864
v 1.043125 -0.5077295 -0.08765864
v 1.043125 -0.5077295 1.399326
v 1.054801 -0.5077295 1.399326
v 1.054801 -0.5077295 -0.08765864
v -0.9553345 -0.5077295 -0.08765864
v -0.9553345 -0.5077295 1.399326
v -0.95373 -0.5077295 1.399326
v -0.95373 -0.5077295 -0.08765864
v -1.340498 -0.5077295 -0.08765864
v -1.340498 -0.5077295 1.399326
v -0.9553345 -0.5077295 1.399326
v -0.9553345 -0.5077295 -0.08765864
v -1.340498 0.03906194 -0.08765841
v -1.340498 0.03906196 1.399326
v -1.340498 -0.5077295 1.399326
v -1.340498 -0.5077295 -0.08765864
v -1.340498 0.04047846 -0.08765841
v -1.340498 0.04047847 1.399326
v -1.340498 0.03906196 1.399326
v -1.340498 0.03906194 -0.08765841
v -1.340498 0.5946269 -0.08799851
v -1.340498 0.5946269 1.342237
v -1.340498 0.5077295 1.399326
v -1.340498 0.5077295 -0.08765841
v -1.340498 1.45391 -0.1436857
v -1.340498 1.45391 -0.09136212
v -1.340498 0.5946269 -0.08799851
v -1.340498 0.5946269 -0.1741077
v -1.340498 1.45391 -0.1436857
v -1.340498 1.45391 -1.147681
v -1.340498 1.510177 -1.103239
v -1.340498 1.510177 -0.1416936
v -1.340498 1.510177 -0.1416936
v -1.340498 1.510177 -0.0915823
v -1.340498 1.45391 -0.09136212
v -1.340498 1.45391 -0.1436857
v -1.340498 1.510177 -0.1416936
v -1.340498 1.510177 -1.103239
v -1.240147 1.510177 -1.103239
v -1.240147 1.510177 -0.1416936
v -1.240147 1.510177 -0.1416936
v -1.240147 1.510177 -0.0915823
v -1.340498 1.510177 -0.0915823
v -1.340498 1.510177 -0.1416936
v -1.240147 1.510177 -0.1416936
v -1.240147 1.510177 -1.103239
v -1.238543 1.510177 -1.103239
v -1.238543 1.510177 -0.1416936
v -1.238543 1.510177 -0.1416936
v -1.238543 1.510177 -0.0915823
v -1.240147 1.510177 -0.0915823
v -1.240147 1.510177 -0.1416936
v 1.166584 1.510177 -0.1416938
v 1.166584 1.510177 -1.103239
v 1.178259 1.510177 -1.103239
v 1.178259 1.510177 -0.1416938
v 1.178259 1.510177 -0.1416938
v 1.178259 1.510177 -0.09158254
v 1.166584 1.510177 -0.09158254
v 1.166584 1.510177 -0.1416938
v 1.178259 1.510177 -0.1416938
v 1.178259 1.510177 -1.103239
v 1.340498 1.510177 -1.103239
v 1.340498 1.510177 -0.1416938
v 1.340498 1.510177 -0.1416938
v 1.340498 1.510177 -0.09158254
v 1.178259 1.510177 -0.09158254
v 1.178259 1.510177 -0.1416938
v 1.340498 1.510177 -0.1416938
v 1.340498 1.510177 -1.103239
v 1.340498 1.45391 -1.147681
v 1.340498 1.45391 -0.1436858
v 1.340498 1.45391 -0.1436858
v 1.340498 1.45391 -0.09136224
v 1.340498 1.510177 -0.09158254
v 1.340498 1.510177 -0.1416938
v 1.340498 0.5946269 -0.1741079
v 1.340498 0.5946269 -0.08799863
v 1.340498 1.45391 -0.09136224
v 1.340498 1.45391 -0.1436858
v 1.340498 0.5946269 -0.1741079
v 1.340498 0.5946269 -1.826389
v 1.340498 0.5077295 -1.895026
v 1.340498 0.5077295 -0.1771846
v 1.340498 0.5077295 -0.1771846
v 1.340498 0.5077295 -0.08765864
v 1.340498 0.5946269 -0.08799863
v 1.340498 0.5946269 -0.1741079
v 1.340498 0.04047847 -0.1771846
v 1.340498 0.04047847 -1.895026
v 1.340498 0.03906196 -1.895026
v 1.340498 0.03906196 -0.1771846
v 1.340498 0.03906196 -0.1771846
v 1.340498 0.03906196 -0.08765864
v 1.340498 0.04047847 -0.08765864
v 1.340498 0.04047847 -0.1771846
v 1.340498 0.03906196 -0.1771846
v 1.340498 0.03906196 -1.895026
v 1.340498 -0.5077295 -1.895026
v 1.340498 -0.5077295 -0.1771846
v 1.340498 -0.5077295 -0.1771846
v 1.340498 -0.5077295 -0.08765864
v 1.340498 0.03906196 -0.08765864
v 1.340498 0.03906196 -0.1771846
v 1.340498 -0.5077295 -0.1771846
v 1.340498 -0.5077295 -1.895026
v 1.0548 -0.5077295 -1.895026
v 1.054801 -0.5077295 -0.1771846
v 1.054801 -0.5077295 -0.1771846
v 1.054801 -0.5077295 -0.08765864
v 1.340498 -0.5077295 -0.08765864
v 1.340498 -0.5077295 -0.1771846
v 1.054801 -0.5077295 -0.1771846
v 1.0548 -0.5077295 -1.895026
v 1.043125 -0.5077295 -1.895026
v 1.043125 -0.5077295 -0.1771846
v 1.043125 -0.5077295 -0.1771846
v 1.043125 -0.5077295 -0.08765864
v 1.054801 -0.5077295 -0.08765864
v 1.054801 -0.5077295 -0.1771846
v -0.95373 -0.5077295 -0.1771846
v -0.95373 -0.5077295 -1.895026
v -0.9553345 -0.5077295 -1.895026
v -0.9553345 -0.5077295 -0.1771846
v -0.9553345 -0.5077295 -0.1771846
v -0.9553345 -0.5077295 -0.08765864
v -0.95373 -0.5077295 -0.08765864
v -0.95373 -0.5077295 -0.1771846
v -0.9553345 -0.5077295 -0.1771846
v -0.9553345 -0.5077295 -1.895026
v -1.340498 -0.5077295 -1.895026
v -1.340498 -0.5077295 -0.1771846
v -1.340498 -0.5077295 -0.1771846
v -1.340498 -0.5077295 -0.08765864
v -0.9553345 -0.5077295 -0.08765864
v -0.9553345 -0.5077295 -0.1771846
v -1.340498 -0.5077295 -0.1771846
v -1.340498 -0.5077295 -1.895026
v -1.340498 0.03906191 -1.895025
v -1.340498 0.03906194 -0.1771843
v -1.340498 0.03906194 -0.1771843
v -1.340498 0.03906194 -0.08765841
v -1.340498 -0.5077295 -0.08765864
v -1.340498 -0.5077295 -0.1771846
v -1.340498 0.03906194 -0.1771843
v -1.340498 0.03906191 -1.895025
v -1.340498 0.04047844 -1.895025
v -1.340498 0.04047846 -0.1771843
v -1.340498 0.04047846 -0.1771843
v -1.340498 0.04047846 -0.08765841
v -1.340498 0.03906194 -0.08765841
v -1.340498 0.03906194 -0.1771843
v -1.340498 0.5077295 -0.1771843
v -1.340498 0.5077295 -1.895025
v -1.340498 0.5946269 -1.826389
v -1.340498 0.5946269 -0.1741077
v -1.340498 0.5946269 -0.1741077
v -1.340498 0.5946269 -0.08799851
v -1.340498 0.5077295 -0.08765841
v -1.340498 0.5077295 -0.1771843
v 1.340498 1.45391 -0.1436858
v 1.340498 1.45391 -1.147681
v 1.161395 1.45391 -1.147681
v 1.161395 1.45391 -0.1436858
v 1.340498 1.45391 -1.147681
v 1.340498 0.5946269 -1.826389
v 1.161395 0.5946269 -1.826389
v 1.161395 1.45391 -1.147681
v 1.340498 0.5946269 -1.826389
v 1.340498 0.5946269 -0.1741079
v 1.161395 0.5946269 -0.1741079
v 1.161395 0.5946269 -1.826389
v 1.340498 0.5946269 -0.1741079
v 1.340498 1.45391 -0.1436858
v 1.161395 1.45391 -0.1436858
v 1.161395 0.5946269 -0.1741079
v 1.161395 1.45391 -0.1436858
v 1.161395 1.45391 -1.147681
v 1.161395 0.5946269 -1.826389
v 1.161395 0.5946269 -0.1741079
v 1.340498 0.5946269 -0.08799863
v 1.340498 0.5946269 1.342237
v 1.161395 0.5946269 1.342237
v 1.161395 0.5946269 -0.08799863
v 1.340498 0.5946269 1.342237
v 1.340498 1.45391 0.7777084
v 1.161395 1.45391 0.7777084
v 1.161395 0.5946269 1.342237
v 1.340498 1.45391 0.7777084
v 1.340498 1.45391 -0.09136224
v 1.161395 1.45391 -0.09136224
v 1.161395 1.45391 0.7777084
v 1.340498 1.45391 -0.09136224
v 1.340498 0.5946269 -0.08799863
v 1.161395 0.5946269 -0.08799863
v 1.161395 1.45391 -0.09136224
v 1.161395 0.5946269 -0.08799863
v 1.161395 0.5946269 1.342237
v 1.161395 1.45391 0.7777084
v 1.161395 1.45391 -0.09136224
v -1.340498 0.5946269 -0.1741077
v -1.340498 0.5946269 -1.826389
v -1.182301 0.5946269 -1.826389
v -1.182301 0.5946269 -0.1741077
v -1.340498 0.5946269 -1.826389
v -1.340498 1.45391 -1.147681
v -1.182301 1.45391 -1.147681
v -1.182301 0.5946269 -1.826389
v -1.340498 1.45391 -1.147681
v -1.340498 1.45391 -0.1436857
v -1.182301 1.45391 -0.1436857
v -1.182301 1.45391 -1.147681
v -1.340498 1.45391 -0.1436857
v -1.340498 0.5946269 -0.1741077
v -1.182301 0.5946269 -0.1741077
v -1.182301 1.45391 -0.1436857
v -1.182301 0.5946269 -0.1741077
v -1.182301 0.5946269 -1.826389
v -1.182301 1.45391 -1.147681
v -1.182301 1.45391 -0.1436857
v -1.340498 1.45391 -0.09136212
v -1.340498 1.45391 0.7777086
v -1.182301 1.45391 0.7777086
v -1.182301 1.45391 -0.09136212
v -1.340498 1.45391 0.7777086
v -1.340498 0.5946269 1.342237
v -1.182301 0.5946269 1.342237
v -1.182301 1.45391 0.7777086
v -1.340498 0.5946269 1.342237
v -1.340498 0.5946269 -0.08799851
v -1.182301 0.5946269 -0.08799851
v -1.182301 0.5946269 1.342237
v -1.340498 0.5946269 -0.08799851
v -1.340498 1.45391 -0.09136212
v -1.182301 1.45391 -0.09136212
v -1.182301 0.5946269 -0.08799851
v -1.182301 1.45391 -0.09136212
v -1.182301 1.45391 0.7777086
v -1.182301 0.5946269 1.342237
v -1.182301 0.5946269 -0.08799851
v -1.238543 1.45391 -1.284645
v -1.238543 0.5946269 -2.051792
v -1.238543 0.5378945 -1.988246
v -1.238543 1.397178 -1.221099
v 1.166584 0.5946269 -2.051792
v 1.166584 1.45391 -1.284645
v 1.166584 1.397178 -1.221099
v 1.166584 0.5378945 -1.988246
v 1.166584 1.45391 0.8955027
v 1.166584 0.5946268 1.536091
v 1.166584 0.5268431 1.445166
v 1.166584 1.386127 0.8045776
v -1.238543 0.5946269 1.536091
v -1.238543 1.45391 0.8955028
v -1.238543 1.386127 0.8045778
v -1.238543 0.5268431 1.445166
v -0.95373 0.03906202 -4.033891
v 1.043125 0.03906202 -4.033891
v 0.7934067 0.04047852 -4.033891
v -0.7479091 0.04047857 -4.033891
v -0.7479091 0.5077295 -3.551421
v 0.7934067 0.5077295 -3.551421
v 1.043125 0.5077295 -3.066265
v -0.95373 0.5077295 -3.066264
v -0.95373 0.5077295 -3.066264
v 1.043125 0.5077295 -3.066265
v 1.043125 0.5077295 -2.581454
v -0.95373 0.5077295 -2.581454
v -0.95373 0.5077295 -2.581454
v 1.043125 0.5077295 -2.581454
v 1.166584 0.5077295 -2.129372
v -1.238543 0.5077295 -2.129372
v -1.238543 0.5946269 -2.051792
v -1.238543 0.5077295 -2.129372
v 1.166584 0.5077295 -2.129372
v 1.166584 0.5946269 -2.051792
v -1.238543 0.5946269 -2.051792
v 1.166584 0.5946269 -2.051792
v 1.166584 0.5378945 -1.988246
v -1.238543 0.5378945 -1.988246
v -1.238543 1.397178 -1.221099
v -1.238543 0.5378945 -1.988246
v 1.166584 0.5378945 -1.988246
v 1.166584 1.397178 -1.221099
v 1.166584 1.45391 -1.284645
v -1.238543 1.45391 -1.284645
v -1.238543 1.397178 -1.221099
v 1.166584 1.397178 -1.221099
v 1.166584 1.45391 -1.284645
v 1.166584 1.510177 -1.234412
v -1.238543 1.510177 -1.234412
v -1.238543 1.45391 -1.284645
v -1.238543 1.510177 -1.103239
v -1.238543 1.510177 -1.234412
v 1.166584 1.510177 -1.234412
v 1.166584 1.510177 -1.103239
v -1.238543 1.510177 -0.1416936
v -1.238543 1.510177 -1.103239
v 1.166584 1.510177 -1.103239
v 1.166584 1.510177 -0.1416938
v 1.166584 1.510177 -0.1416938
v 1.166584 1.510177 -0.09158254
v -1.238543 1.510177 -0.0915823
v -1.238543 1.510177 -0.1416936
v 1.166584 1.510177 -0.09158254
v 1.166584 1.510177 0.7407429
v -1.238543 1.510177 0.7407432
v -1.238543 1.510177 -0.0915823
v 1.166584 1.510177 0.7407429
v 1.166584 1.510177 0.8535568
v -1.238543 1.510177 0.8535569
v -1.238543 1.510177 0.7407432
v -1.238543 1.45391 0.8955028
v -1.238543 1.510177 0.8535569
v 1.166584 1.510177 0.8535568
v 1.166584 1.45391 0.8955027
v -1.238543 1.45391 0.8955028
v 1.166584 1.45391 0.8955027
v 1.166584 1.386127 0.8045776
v -1.238543 1.386127 0.8045778
v 1.166584 1.386127 0.8045776
v 1.166584 0.5268431 1.445166
v -1.238543 0.5268431 1.445166
v -1.238543 1.386127 0.8045778
v 1.166584 0.5946268 1.536091
v -1.238543 0.5946269 1.536091
v -1.238543 0.5268431 1.445166
v 1.166584 0.5268431 1.445166
v 1.166584 0.5946268 1.536091
v 1.166584 0.5077295 1.600872
v -1.238543 0.5077295 1.600873
v -1.238543 0.5946269 1.536091
v -0.95373 0.5077295 2.020487
v -1.238543 0.5077295 1.600873
v 1.166584 0.5077295 1.600872
v 1.043125 0.5077295 2.020486
v -0.95373 0.5077295 2.446651
v -0.95373 0.5077295 2.020487
v 1.043125 0.5077295 2.020486
v 1.043125 0.5077295 2.446651
v -0.95373 0.5077295 2.841483
v -0.95373 0.5077295 2.446651
v 1.043125 0.5077295 2.446651
v 1.043125 0.5077295 2.841483
v 1.043125 0.5077295 2.841483
v 1.043125 0.5077296 3.339733
v -0.95373 0.5077296 3.339733
v -0.95373 0.5077295 2.841483
v -0.95373 0.04047859 3.339733
v 1.043125 0.04047859 3.339733
v 1.043125 0.03906208 3.339733
v -0.95373 0.03906208 3.339733
v -0.95373 0.03906208 3.339733
v 1.043125 0.03906208 3.339733
v 1.043125 -0.5077293 3.339733
v -0.95373 -0.5077293 3.339733
v -0.95373 -0.5077294 2.841483
v -0.95373 -0.5077293 3.339733
v 1.043125 -0.5077293 3.339733
v 1.043125 -0.5077294 2.841483
v 1.043125 -0.5077294 2.841483
v 1.043125 -0.3949275 2.446612
v -0.95373 -0.3949275 2.446612
v -0.95373 -0.5077294 2.841483
v 1.043125 -0.3949275 2.446612
v 1.043125 -0.3949276 2.020447
v -0.95373 -0.3949276 2.020447
v -0.95373 -0.3949275 2.446612
v 1.043125 -0.3949276 2.020447
v 1.043125 -0.5077295 1.600872
v -0.95373 -0.5077295 1.600872
v -0.95373 -0.3949276 2.020447
v -0.95373 -0.5077295 1.399326
v -0.95373 -0.5077295 1.600872
v 1.043125 -0.5077295 1.600872
v 1.043125 -0.5077295 1.399326
v -0.95373 -0.5077295 -0.08765864
v -0.95373 -0.5077295 1.399326
v 1.043125 -0.5077295 1.399326
v 1.043125 -0.5077295 -0.08765864
v -0.95373 -0.5077295 -0.1771846
v -0.95373 -0.5077295 -0.08765864
v 1.043125 -0.5077295 -0.08765864
v 1.043125 -0.5077295 -0.1771846
v 1.043125 -0.5077295 -0.1771846
v 1.043125 -0.5077295 -1.895026
v -0.95373 -0.5077295 -1.895026
v -0.95373 -0.5077295 -0.1771846
v 1.043125 -0.5077295 -1.895026
v 1.043125 -0.5077295 -2.129372
v -0.95373 -0.5077295 -2.129372
v -0.95373 -0.5077295 -1.895026
v -0.95373 -0.5077295 -2.129372
v 1.043125 -0.5077295 -2.129372
v 1.043125 -0.3647476 -2.581504
v -0.9537302 -0.3647476 -2.581504
v -0.9537302 -0.3647476 -2.581504
v 1.043125 -0.3647476 -2.581504
v 1.043125 -0.3647476 -3.066314
v -0.9537301 -0.3647476 -3.066314
v -0.9537301 -0.3647476 -3.066314
v 1.043125 -0.3647476 -3.066314
v 1.043125 -0.5077294 -3.551421
v -0.95373 -0.5077294 -3.551421
v -0.95373 -0.5077294 -4.033891
v 1.043125 -0.5077294 -4.033891
v 1.043125 0.03906202 -4.033891
v -0.95373 0.03906202 -4.033891
v -0.7479091 0.5077295 -3.551421
v -0.7495136 0.5077295 -3.705639
v -0.7495136 0.5077295 -4.033891
v -0.7479091 0.5077295 -4.033891
v -0.7479091 0.5077295 -4.033891
v 0.7934067 0.5077295 -4.033891
v 0.7934067 0.5077295 -3.551421
v -0.7479091 0.5077295 -3.551421
v 0.7934067 0.5077295 -4.033891
v 0.8050824 0.5077295 -4.033891
v 0.8050824 0.5077295 -3.705639
v 0.7934067 0.5077295 -3.551421
v 0.8050824 0.5077295 -4.033891
v 1.340498 0.5077295 -4.033891
v 1.340498 0.5077295 -3.705639
v 0.8050824 0.5077295 -3.705639
v 1.340498 0.03906196 -3.551421
v 1.340498 0.2121851 -3.694065
v 1.340498 0.2121851 -4.033891
v 1.340498 0.03906202 -4.033891
v 1.340498 0.03906202 -4.033891
v 1.340498 -0.5077294 -4.033891
v 1.340498 -0.5077294 -3.551421
v 1.340498 0.03906196 -3.551421
v 1.054801 -0.5077294 -3.551421
v 1.340498 -0.5077294 -3.551421
v 1.340498 -0.5077294 -4.033891
v 1.054801 -0.5077294 -4.033891
v 1.043125 -0.5077294 -3.551421
v 1.054801 -0.5077294 -3.551421
v 1.054801 -0.5077294 -4.033891
v 1.043125 -0.5077294 -4.033891
v -0.95373 -0.5077294 -3.551421
v 1.043125 -0.5077294 -3.551421
v 1.043125 -0.5077294 -4.033891
v -0.95373 -0.5077294 -4.033891
v -0.95373 -0.5077294 -4.033891
v -0.9553345 -0.5077294 -4.033891
v -0.9553345 -0.5077294 -3.551421
v -0.95373 -0.5077294 -3.551421
v -0.9553345 -0.5077294 -4.033891
v -1.340498 -0.5077294 -4.033891
v -1.340498 -0.5077294 -3.551421
v -0.9553345 -0.5077294 -3.551421
v -1.340498 0.03906202 -3.551421
v -1.340498 -0.5077294 -3.551421
v -1.340498 -0.5077294 -4.033891
v -1.340498 0.03906202 -4.033891
v -1.340498 0.03906202 -4.033891
v -1.340498 0.2121851 -4.033891
v -1.340498 0.2121851 -3.694065
v -1.340498 0.03906202 -3.551421
v -0.7495136 0.5077295 -3.705639
v -1.340498 0.5077295 -3.705639
v -1.340498 0.5077295 -4.033891
v -0.7495136 0.5077295 -4.033891
v -0.7479091 0.5077295 -4.033891
v -0.7495136 0.5077295 -4.033891
v -0.7495136 0.2121851 -4.033891
v -0.7479091 0.04047857 -4.033891
v -0.7479091 0.04047857 -4.033891
v 0.7934067 0.04047852 -4.033891
v 0.7934067 0.5077295 -4.033891
v -0.7479091 0.5077295 -4.033891
v 0.7934067 0.04047852 -4.033891
v 0.8050824 0.2121851 -4.033891
v 0.8050824 0.5077295 -4.033891
v 0.7934067 0.5077295 -4.033891
v 0.8050824 0.2121851 -4.033891
v 1.340498 0.2121851 -4.033891
v 1.340498 0.5077295 -4.033891
v 0.8050824 0.5077295 -4.033891
v 1.340498 0.5077295 -3.705639
v 1.340498 0.5077295 -4.033891
v 1.340498 0.2121851 -4.033891
v 1.340498 0.2121851 -3.694065
v 1.340498 0.2121851 -3.694065
v 1.340498 0.04047847 -3.066265
v 1.340498 0.5077295 -3.066265
v 1.340498 0.5077295 -3.705639
v 1.340498 0.5077295 -2.581454
v 1.340498 0.5077295 -3.066265
v 1.340498 0.04047847 -3.066265
v 1.340498 0.04047847 -2.581454
v 1.340498 0.04047847 -2.581454
v 1.340498 0.04047847 -2.129372
v 1.340498 0.5077295 -2.129372
v 1.340498 0.5077295 -2.581454
v 1.340498 0.5077295 -1.895026
v 1.340498 0.5077295 -2.129372
v 1.340498 0.04047847 -2.129372
v 1.340498 0.04047847 -1.895026
v 1.340498 0.5077295 -0.1771846
v 1.340498 0.5077295 -1.895026
v 1.340498 0.04047847 -1.895026
v 1.340498 0.04047847 -0.1771846
v 1.340498 0.04047847 -0.1771846
v 1.340498 0.04047847 -0.08765864
v 1.340498 0.5077295 -0.08765864
v 1.340498 0.5077295 -0.1771846
v 1.340498 0.04047847 -0.08765864
v 1.340498 0.04047847 1.399326
v 1.340498 0.5077295 1.399326
v 1.340498 0.5077295 -0.08765864
v 1.340498 0.04047847 1.399326
v 1.340498 0.04047847 1.600872
v 1.340498 0.5077295 1.600872
v 1.340498 0.5077295 1.399326
v 1.340498 0.5077295 2.020486
v 1.340498 0.5077295 1.600872
v 1.340498 0.04047847 1.600872
v 1.340498 0.0404785 2.020486
v 1.340498 0.5077295 2.446651
v 1.340498 0.5077295 2.020486
v 1.340498 0.0404785 2.020486
v 1.340498 0.04047853 2.446651
v 1.340498 0.5077295 2.841483
v 1.340498 0.5077295 2.446651
v 1.340498 0.04047853 2.446651
v 1.340498 0.04047855 2.841483
v 1.340498 0.04047855 2.841483
v 1.340498 0.04047859 3.339733
v 1.340498 0.5077296 3.339733
v 1.340498 0.5077295 2.841483
v 1.054801 0.5077296 3.339733
v 1.340498 0.5077296 3.339733
v 1.340498 0.04047859 3.339733
v 1.054801 0.04047859 3.339733
v 1.043125 0.5077296 3.339733
v 1.054801 0.5077296 3.339733
v 1.054801 0.04047859 3.339733
v 1.043125 0.04047859 3.339733
v -0.95373 0.5077296 3.339733
v 1.043125 0.5077296 3.339733
v 1.043125 0.04047859 3.339733
v -0.95373 0.04047859 3.339733
v -0.95373 0.04047859 3.339733
v -0.9553345 0.04047859 3.339733
v -0.9553345 0.5077296 3.339733
v -0.95373 0.5077296 3.339733
v -0.9553345 0.04047859 3.339733
v -1.340498 0.04047859 3.339733
v -1.340498 0.5077296 3.339733
v -0.9553345 0.5077296 3.339733
v -1.340498 0.5077295 2.841483
v -1.340498 0.5077296 3.339733
v -1.340498 0.04047859 3.339733
v -1.340498 0.04047855 2.841483
v -1.340498 0.04047855 2.841483
v -1.340498 0.04047853 2.446651
v -1.340498 0.5077295 2.446651
v -1.340498 0.5077295 2.841483
v -1.340498 0.04047853 2.446651
v -1.340498 0.0404785 2.020486
v -1.340498 0.5077295 2.020487
v -1.340498 0.5077295 2.446651
v -1.340498 0.0404785 2.020486
v -1.340498 0.04047847 1.600873
v -1.340498 0.5077295 1.600873
v -1.340498 0.5077295 2.020487
v -1.340498 0.5077295 1.399326
v -1.340498 0.5077295 1.600873
v -1.340498 0.04047847 1.600873
v -1.340498 0.04047847 1.399326
v -1.340498 0.5077295 -0.08765841
v -1.340498 0.5077295 1.399326
v -1.340498 0.04047847 1.399326
v -1.340498 0.04047846 -0.08765841
v -1.340498 0.5077295 -0.1771843
v -1.340498 0.5077295 -0.08765841
v -1.340498 0.04047846 -0.08765841
v -1.340498 0.04047846 -0.1771843
v -1.340498 0.04047846 -0.1771843
v -1.340498 0.04047844 -1.895025
v -1.340498 0.5077295 -1.895025
v -1.340498 0.5077295 -0.1771843
v -1.340498 0.04047844 -1.895025
v -1.340498 0.04047844 -2.129372
v -1.340498 0.5077295 -2.129372
v -1.340498 0.5077295 -1.895025
v -1.340498 0.5077295 -2.581454
v -1.340498 0.5077295 -2.129372
v -1.340498 0.04047844 -2.129372
v -1.340498 0.04047845 -2.581454
v -1.340498 0.04047845 -2.581454
v -1.340498 0.04047847 -3.066264
v -1.340498 0.5077295 -3.066264
v -1.340498 0.5077295 -2.581454
v -1.340498 0.5077295 -3.705639
v -1.340498 0.5077295 -3.066264
v -1.340498 0.04047847 -3.066264
v -1.340498 0.2121851 -3.694065
v -1.340498 0.2121851 -3.694065
v -1.340498 0.2121851 -4.033891
v -1.340498 0.5077295 -4.033891
v -1.340498 0.5077295 -3.705639
v -0.7495136 0.5077295 -4.033891
v -1.340498 0.5077295 -4.033891
v -1.340498 0.2121851 -4.033891
v -0.7495136 0.2121851 -4.033891
vn 0 -0.8294339 -0.558605
vn 0 -0.8294339 -0.5586049
vn 0 -0.8294339 -0.5586049
vn 0 -0.8294339 -0.5586049
vn 0 1 0
vn 0 1 0
vn 0 1 0
vn 0 1 0
vn 0.6898981 -0.6400433 -0.3382088
vn 0.6898981 -0.6400433 -0.3382088
vn 0.6898981 -0.6400433 -0.3382088
vn 0.6898981 -0.6400433 -0.3382087
vn 0 1 0
vn 0 1 0
vn 0 1 0
vn 0 1 0
vn 4.205791E-08 1 6.546641E-08
vn 7.271558E-09 1 2.21828E-08
vn 1.945602E-08 1 4.060706E-08
vn 3.321784E-08 1 4.152622E-08
vn -2.822059E-08 1 3.904761E-08
vn 0 1 4.661169E-08
vn 0 1 4.661169E-08
vn -7.211956E-09 1 2.152716E-08
vn 0 -0.8468558 0.5318227
vn 0 -0.8468558 0.5318227
vn 0 -0.8468558 0.5318227
vn 0 -0.8468558 0.5318227
vn 0.6898494 -0.648913 0.320967
vn 0.6898494 -0.6489129 0.320967
vn 0.6898494 -0.6489129 0.320967
vn 0.6898494 -0.648913 0.320967
vn 1 0 0
vn 1 0 0
vn 1 0 0
vn 1 0 0
vn 1 0 0
vn 1 0 0
vn 1 0 0
vn 1 0 0
vn 1 0 0
vn 1 0 0
vn 1 0 0
vn 1 0 0
vn 1 0 0
vn 1 0 0
vn 1 0 0
vn 1 0 0
vn 0 0 1
vn 0 0 1
vn 0 0 1
vn 0 0 1
vn 0 0 1
vn 0 0 1
vn 0 0 1
vn 0 0 1
vn 0 0 1
vn 0 0 1
vn 0 0 1
vn 0 0 1
vn 0 0 1
vn 0 0 1
vn 0 0 1
vn 0 0 1
vn -1 0 0
vn -1 0 0
vn -1 0 0
vn -1 0 0
vn -1 0 0
vn -1 0 0
vn -1 0 0
vn -1 0 0
vn -1 0 0
vn -1 0 0
vn -1 0 0
vn -1 0 0
vn -1 0 0
vn -1 0 0
vn -1 0 0
vn -1 0 0
vn 0 0 -1
vn 0 0 -1
vn 0 0 -1
vn 0 0 -1
vn 0 0 -1
vn 0 0 -1
vn 0 0 -1
vn 0 0 -1
vn 0 0 -1
vn 0 0 -1
vn 0 0 -1
vn 0 0 -1
vn 0 0 -1
vn 0 0 -1
vn 0 0 -1
vn 0 0 -1
vn 0 -0.8078541 0.5893824
vn 0 -0.8078541 0.5893824
vn 0 -0.8078541 0.5893824
vn 0 -0.8078541 0.5893824
vn 0 0 -1
vn 0 0 -1
vn 0 0 -1
vn 0 0 -1
vn 0 0 -1
vn 0 0 -1
vn 0 0 -1
vn 0 0 -1
vn 7.271558E-09 1 2.21828E-08
vn 0 1 4.661169E-08
vn 0 1 4.661169E-08
vn 1.945602E-08 1 4.060706E-08
vn 0 1 0
vn 0 1 0
vn 0 1 0
vn 0 1 0
vn 0 0 1
vn 0 0 1
vn 0 0 1
vn 0 0 1
vn 0 0 1
vn 0 0 1
vn 0 0 1
vn 0 0 1
vn 0 -0.7876043 -0.6161814
vn 0 -0.7876043 -0.6161814
vn 0 -0.7876043 -0.6161814
vn 0 -0.7876043 -0.6161814
vn -0.7065369 -0.6450752 0.2910043
vn -0.7065369 -0.6450753 0.2910044
vn -0.7065369 -0.6450753 0.2910044
vn -0.7065369 -0.6450752 0.2910044
vn 0 0 -1
vn 0 0 -1
vn 0 0 -1
vn 0 0 -1
vn 0 0 -1
vn 0 0 -1
vn 0 0 -1
vn 0 0 -1
vn -4.419028E-08 1 4.028321E-08
vn -2.822059E-08 1 3.904761E-08
vn -7.211956E-09 1 2.152716E-08
vn -6.117481E-08 1 6.266681E-08
vn 0 1 0
vn 0 1 0
vn 0 1 0
vn 0 1 0
vn 0 0 1
vn 0 0 1
vn 0 0 1
vn 0 0 1
vn 0 0 1
vn 0 0 1
vn 0 0 1
vn 0 0 1
vn -0.7067865 -0.6371216 -0.3074556
vn -0.7067865 -0.6371217 -0.3074556
vn -0.7067865 -0.6371216 -0.3074556
vn -0.7067865 -0.6371216 -0.3074556
vn -1 0 0
vn -1 0 0
vn -1 0 0
vn -1 0 0
vn -1 0 0
vn -1 0 0
vn -1 0 0
vn -1 0 0
vn 0 1 0
vn 0 1 0
vn 0 1 4.661169E-08
vn -2.822059E-08 1 3.904761E-08
vn 0 1 0
vn 0 1 0
vn -2.822059E-08 1 3.904761E-08
vn -4.419028E-08 1 4.028321E-08
vn 3.321784E-08 1 4.152622E-08
vn 1.945602E-08 1 4.060706E-08
vn 0 1 0
vn 0 1 0
vn 1.945602E-08 1 4.060706E-08
vn 0 1 4.661169E-08
vn 0 1 0
vn 0 1 0
vn 1 0 0
vn 1 0 0
vn 1 0 0
vn 1 0 0
vn 1 0 0
vn 1 0 0
vn 1 0 0
vn 1 0 0
vn 0 -1 -1.229442E-07
vn 0 -1 -1.229442E-07
vn 0 -1 -1.229442E-07
vn 0 -1 -1.229442E-07
vn 0.9984702 -0.05529179 2.387144E-07
vn 0.9984702 -0.05529179 2.387144E-07
vn 0.9984702 -0.05529179 2.387144E-07
vn 0.9984702 -0.05529179 2.387144E-07
vn -0.9999508 -0.009927804 -1.856278E-07
vn -0.9999507 -0.009927803 -1.856278E-07
vn -0.9999508 -0.009927804 -1.856278E-07
vn -0.9999507 -0.009927803 -1.856278E-07
vn 0 -1 -1.229442E-07
vn 0 -1 -1.229442E-07
vn 0 -1 -1.229442E-07
vn 0 -1 -1.229442E-07
vn -1 0 0
vn -1 0 0
vn -1 0 0
vn -1 0 0
vn 0 -0.710408 0.70379
vn 0 -0.710408 0.70379
vn 0 -0.710408 0.70379
vn 0 -0.710408 0.70379
vn -0.7167476 -0.6044862 0.3476627
vn -0.7167476 -0.6044861 0.3476627
vn -0.7167476 -0.6044861 0.3476627
vn -0.7167476 -0.6044861 0.3476627
vn 0.7024372 -0.6164293 0.3558046
vn 0.7024372 -0.6164294 0.3558046
vn 0.7024372 -0.6164294 0.3558046
vn 0.7024372 -0.6164293 0.3558046
vn 0 -0.710408 0.70379
vn 0 -0.710408 0.70379
vn 0 -0.710408 0.70379
vn 0 -0.710408 0.70379
vn 1 0 0
vn 1 0 0
vn 1 0 0
vn 1 0 0
vn 1 0 0
vn 1 0 0
vn 1 0 0
vn 1 0 0
vn 0 1 -6.993152E-08
vn 0 1 0
vn 0 1 0
vn 0 1 -6.993152E-08
vn -2.087405E-15 1 -6.993153E-08
vn 0 1 0
vn 0 1 0
vn 0 1 -6.993152E-08
vn 0 1 -6.993156E-08
vn 0 1 0
vn 0 1 0
vn -2.087405E-15 1 -6.993155E-08
vn 0 1 -6.993156E-08
vn 0 1 0
vn 0 1 0
vn 0 1 -6.993156E-08
vn -1 0 0
vn -1 0 0
vn -1 0 0
vn -1 0 0
vn -1 0 0
vn -1 0 0
vn -1 0 0
vn -1 0 0
vn 0 -1 1.39863E-07
vn 0 -1 1.39863E-07
vn 0 -1 1.39863E-07
vn 0 -1 1.39863E-07
vn -0.9999859 -0.005296992 7.408533E-10
vn -0.999986 -0.005296993 7.408534E-10
vn -0.9999859 -0.005296992 7.408533E-10
vn -0.999986 -0.005296993 7.408534E-10
vn 0.9992579 -0.03851784 5.387223E-09
vn 0.9992579 -0.03851784 5.387223E-09
vn 0.9992579 -0.03851784 5.387223E-09
vn 0.9992579 -0.03851784 5.387223E-09
vn 0 -1 1.39863E-07
vn 0 -1 1.39863E-07
vn 0 -1 1.39863E-07
vn 0 -1 1.39863E-07
vn 1 0 0
vn 1 0 0
vn 1 0 0
vn 1 0 0
vn 1 0 0
vn 1 0 0
vn 1 0 0
vn 1 0 0
vn 0 1 -6.993152E-08
vn 0 1 -6.993152E-08
vn 0 1 -6.993152E-08
vn 0 1 -6.993152E-08
vn -2.087405E-15 1 -6.993153E-08
vn -2.087405E-15 1 -6.993153E-08
vn 0 1 -6.993152E-08
vn 0 1 -6.993152E-08
vn 0 1 -6.993156E-08
vn 0 1 -6.993156E-08
vn -2.087405E-15 1 -6.993155E-08
vn -2.087405E-15 1 -6.993154E-08
vn 0 1 -6.993156E-08
vn 0 1 -6.993156E-08
vn 0 1 -6.993156E-08
vn 0 1 -6.993156E-08
vn -1 0 0
vn -1 0 0
vn -1 0 0
vn -1 0 0
vn -1 0 0
vn -1 0 0
vn -1 0 0
vn -1 0 0
vn -1 0 0
vn -1 0 0
vn -1 0 0
vn -1 0 0
vn 0 -1 1.19628E-07
vn 0 -1 1.19628E-07
vn 0 -1 1.19628E-07
vn 0 -1 1.19628E-07
vn 0 -0.688669 -0.7250758
vn 0 -0.688669 -0.7250758
vn 0 -0.688669 -0.7250758
vn 0 -0.688669 -0.7250758
vn 0 -1 1.19628E-07
vn 0 -1 1.19628E-07
vn 0 -1 1.19628E-07
vn 0 -0.9957263 -0.09235265
vn -0.7173964 -0.5957386 -0.3611616
vn -0.7173964 -0.5957386 -0.3611616
vn -0.7173965 -0.5957386 -0.3611616
vn -0.7173964 -0.5957386 -0.3611616
vn 0 -0.9957263 -0.09235265
vn 0 -1 1.19628E-07
vn 0 -1 1.19628E-07
vn 0 -1 1.19628E-07
vn 0.7028117 -0.6076667 -0.3698609
vn 0.7028116 -0.6076666 -0.3698609
vn 0.7028117 -0.6076667 -0.3698609
vn 0.7028117 -0.6076667 -0.3698609
vn 0 -1 1.19628E-07
vn 0 -1 1.19628E-07
vn 0 -1 1.19628E-07
vn 0 -1 1.19628E-07
vn 0 -0.688669 -0.7250758
vn 0 -0.688669 -0.7250758
vn 0 -0.688669 -0.7250758
vn 0 -0.688669 -0.7250758
vn 1 0 0
vn 1 0 0
vn 1 0 0
vn 1 0 0
vn 1 0 0
vn 1 0 0
vn 1 0 0
vn 1 0 0
vn 1 0 0
vn 1 0 0
vn 1 0 0
vn 1 0 0
vn 1 0 0
vn 1 0 0
vn 1 0 0
vn 1 0 0
vn 0 1 -5.981399E-08
vn 0 1 -1.19628E-07
vn 0 1 -1.19628E-07
vn 0 1 -5.981399E-08
vn 0 1 -5.981399E-08
vn 0 1 -6.993152E-08
vn 0 1 -6.993152E-08
vn 0 1 -5.981399E-08
vn 0 1 -5.981399E-08
vn 0 1 -1.19628E-07
vn 0 1 -1.19628E-07
vn 0 1 -5.981399E-08
vn 0 1 -5.981399E-08
vn -2.087405E-15 1 -6.993153E-08
vn 0 1 -6.993152E-08
vn 0 1 -5.981399E-08
vn 0 1 -5.981399E-08
vn 0 1 -1.19628E-07
vn 0 1 -1.19628E-07
vn 0 1 -5.981399E-08
vn 0 1 -5.981399E-08
vn 0 1 -6.993156E-08
vn -2.087405E-15 1 -6.993154E-08
vn 0 1 -5.981399E-08
vn 0 1 -5.981399E-08
vn 0 1 -1.19628E-07
vn 0 1 -1.19628E-07
vn 0 1 -5.981399E-08
vn 0 1 -5.981399E-08
vn 0 1 -6.993156E-08
vn 0 1 -6.993156E-08
vn 0 1 -5.981399E-08
vn -1 0 0
vn -1 0 0
vn -1 0 0
vn -1 0 0
vn -1 0 0
vn -1 0 0
vn -1 0 0
vn -1 0 0
vn 2.896037E-08 0.5976842 0.8017316
vn 4.344056E-08 0.5976843 0.8017316
vn 0 0.5976842 0.8017316
vn 0 0.5976842 0.8017316
vn 0 0.5976842 0.8017316
vn 0 0.5976842 0.8017316
vn 0 0.5976842 0.8017316
vn 0 0.5976842 0.8017316
vn 0 0.6659821 -0.7459678
vn 0 0.6659822 -0.7459676
vn 0 0.6659822 -0.7459676
vn 0 0.6659821 -0.7459678
vn 0 0.6659821 -0.7459678
vn 0 0.6659822 -0.7459676
vn -3.697363E-08 0.6659822 -0.7459676
vn -2.464909E-08 0.6659822 -0.7459677
vn -2.464909E-08 0.6659822 -0.7459677
vn -3.697363E-08 0.6659822 -0.7459676
vn 0 0.6659822 -0.7459676
vn 0 0.6659821 -0.7459677
vn 0 0.6659821 -0.7459677
vn 0 0.6659822 -0.7459676
vn 0 0.6659822 -0.7459676
vn 0 0.6659821 -0.7459678
vn 0 0.5976841 0.8017317
vn 0 0.5976842 0.8017316
vn -7.627884E-07 0.5976843 0.8017316
vn -7.627881E-07 0.5976841 0.8017317
vn -7.627881E-07 0.5976841 0.8017317
vn -7.627884E-07 0.5976843 0.8017316
vn -7.193478E-07 0.5976843 0.8017315
vn -9.880904E-07 0.5976842 0.8017315
vn 1.324586E-08 0.597684 0.8017318
vn 2.896037E-08 0.5976842 0.8017316
vn 0 0.5976842 0.8017316
vn 0 0.597684 0.8017318
vn 0 0.597684 0.8017318
vn 0 0.5976838 0.8017319
vn 1.986879E-08 0.5976838 0.8017319
vn 1.324586E-08 0.597684 0.8017318
vn 0 0.597684 0.8017318
vn 0 0.5976842 0.8017316
vn 0 0.5976842 0.8017316
vn 0 0.597684 0.8017318
vn 0 0.597684 0.8017318
vn 0 0.5976838 0.8017319
vn 0 0.5976838 0.8017319
vn 0 0.597684 0.8017318
vn 0 0.6659816 -0.7459682
vn 0 0.6659821 -0.7459678
vn 0 0.6659821 -0.7459678
vn 0 0.6659816 -0.7459682
vn 0 0.6659816 -0.7459682
vn 0 0.6659814 -0.7459684
vn 0 0.6659814 -0.7459684
vn 0 0.6659816 -0.7459682
vn 0 0.6659816 -0.7459682
vn 0 0.6659821 -0.7459678
vn -2.464909E-08 0.6659822 -0.7459677
vn 0 0.6659815 -0.7459683
vn 0 0.6659815 -0.7459683
vn 0 0.6659814 -0.7459684
vn 0 0.6659814 -0.7459684
vn 0 0.6659816 -0.7459682
vn 0 0.6659815 -0.7459682
vn -2.464909E-08 0.6659822 -0.7459677
vn 0 0.6659821 -0.7459677
vn 0 0.6659817 -0.7459681
vn 0 0.6659817 -0.7459681
vn 0 0.6659814 -0.7459684
vn 0 0.6659814 -0.7459684
vn 0 0.6659815 -0.7459682
vn 0 0.6659817 -0.7459681
vn 0 0.6659821 -0.7459677
vn 0 0.6659821 -0.7459678
vn 0 0.6659817 -0.7459681
vn 0 0.6659817 -0.7459681
vn 0 0.6659814 -0.7459684
vn 0 0.6659814 -0.7459684
vn 0 0.6659817 -0.7459681
vn 0 0.597684 0.8017318
vn 0 0.5976841 0.8017317
vn -7.627881E-07 0.5976841 0.8017317
vn -3.81394E-07 0.597684 0.8017318
vn -3.81394E-07 0.597684 0.8017318
vn 0 0.5976838 0.8017319
vn 0 0.5976838 0.8017319
vn 0 0.597684 0.8017318
vn -3.81394E-07 0.597684 0.8017318
vn -7.627881E-07 0.5976841 0.8017317
vn -9.880904E-07 0.5976842 0.8017315
vn -4.952794E-07 0.597684 0.8017319
vn -4.952794E-07 0.597684 0.8017319
vn 1.986879E-08 0.5976838 0.8017319
vn 0 0.5976838 0.8017319
vn -3.81394E-07 0.597684 0.8017318
vn -1 0 0
vn -1 0 0
vn -1 0 0
vn -1 0 0
vn -1 0 0
vn -1 0 0
vn -1 0 0
vn -1 0 0
vn 0 1 0
vn 0 1 0
vn 0 1 0
vn 0 1 0
vn 0 1 0
vn 0 1 0
vn 0 1 0
vn 0 1 0
vn 0 1 0
vn 0 1 0
vn 0 1 0
vn 0 1 0
vn 0 1 0
vn 0 1 0
vn 0 1 0
vn 0 1 0
vn 1 0 0
vn 1 0 0
vn 1 0 0
vn 1 0 0
vn 1 0 0
vn 1 0 0
vn 1 0 0
vn 1 0 0
vn 1 0 0
vn 1 0 0
vn 1 0 0
vn 1 0 0
vn 1 0 0
vn 1 0 0
vn 1 0 0
vn 1 0 0
vn 1 0 0
vn 1 0 0
vn 1 0 0
vn 1 0 0
vn 0 -1 0
vn 0 -1 0
vn 0 -1 0
vn 0 -1 0
vn 0 -1 0
vn 0 -0.99619 0.08721004
vn 0 -1 0
vn 0 -1 0
vn 0 -1 0
vn 0 -1 0
vn 0 -0.99619 0.08721004
vn 0 -1 0
vn 0 -1 0
vn 0 -1 0
vn 0 -1 0
vn 0 -1 0
vn -1 0 0
vn -1 0 0
vn -1 0 0
vn -1 0 0
vn -1 0 0
vn -1 0 0
vn -1 0 0
vn -1 0 0
vn -1 0 0
vn -1 0 0
vn -1 0 0
vn -1 0 0
vn -1 0 0
vn -1 0 0
vn -1 0 0
vn -1 0 0
vn -1 0 0
vn -1 0 0
vn -1 0 0
vn -1 0 0
vn 0 1 0
vn 0 1 0
vn 0 1 0
vn 0 1 0
vn 0 1 0
vn 0 1 0
vn 0 1 0
vn 0 1 0
vn 0 1 0
vn 0 1 0
vn 0 1 0
vn 0 1 0
vn 0 1 0
vn 0 1 0
vn 0 1 0
vn 0 1 0
vn 1 0 0
vn 1 0 0
vn 1 0 0
vn 1 0 0
vn 1 0 0
vn 1 0 0
vn 1 0 0
vn 1 0 0
vn 1 0 0
vn 1 0 0
vn 1 0 0
vn 1 0 0
vn 1 0 0
vn 1 0 0
vn 1 0 0
vn 1 0 0
vn 1 0 0
vn 1 0 0
vn 1 0 0
vn 1 0 0
vn 0 -1 0
vn 0 -1 0
vn 0 -1 0
vn 0 -1 0
vn 0 -1 0
vn 0 -1 0
vn 0 -0.9948291 -0.1015631
vn 0 -1 0
vn 0 -1 0
vn 0 -0.9948291 -0.1015631
vn 0 -1 0
vn 0 -1 0
vn 0 -1 0
vn 0 -1 0
vn 0 -1 0
vn 0 -1 0
vn -1 0 0
vn -1 0 0
vn -1 0 0
vn -1 0 0
vn -1 0 0
vn -1 0 0
vn -1 0 0
vn -1 0 0
vn -1 0 0
vn -1 0 0
vn -1 0 0
vn -1 0 0
vn -1 0 0
vn -1 0 0
vn -1 0 0
vn -1 0 0
vn 0 1 0
vn 0 1 0
vn 0 1 0
vn 0 1 0
vn 0 1 0
vn 0 1 0
vn 0 1 0
vn 0 1 0
vn 0 1 0
vn 0 1 0
vn 0 1 0
vn 0 1 0
vn 0 1 0
vn 0 1 0
vn 0 1 0
vn 0 1 0
vn 1 0 0
vn 1 0 0
vn 1 0 0
vn 1 0 0
vn 1 0 0
vn 1 0 0
vn 1 0 0
vn 1 0 0
vn 1 0 0
vn 1 0 0
vn 1 0 0
vn 1 0 0
vn 1 0 0
vn 1 0 0
vn 1 0 0
vn 1 0 0
vn 0 -1 0
vn 0 -1 0
vn 0 -1 0
vn 0 -1 0
vn 0 -1 0
vn 0 -1 0
vn 0 -1 0
vn 0 -1 0
vn 0 -1 0
vn 0 -1 0
vn 0 -1 0
vn 0 -1 0
vn 0 -1 0
vn 0 -1 0
vn 0 -1 0
vn 0 -1 0
vn -1 0 0
vn -1 0 0
vn -1 0 0
vn -1 0 0
vn -1 0 0
vn -1 0 0
vn -1 0 0
vn -1 0 0
vn -1 0 0
vn -1 0 0
vn -1 0 0
vn -1 0 0
vn -1 0 0
vn -1 0 0
vn -1 0 0
vn -1 0 0
vn -1 0 0
vn -1 0 0
vn -1 0 0
vn -1 0 0
vn -1 0 0
vn -1 0 0
vn -1 0 0
vn -1 0 0
vn 0 1 0
vn 0 1 0
vn 0 1 0
vn 0 1 0
vn 0 1 0
vn 0 1 0
vn 0 1 0
vn 0 1 0
vn 0 1 0
vn 0 1 0
vn 0 1 0
vn 0 1 0
vn 0 1 0
vn 0 1 0
vn 0 1 0
vn 0 1 0
vn 0 1 0
vn 0 1 0
vn 0 1 0
vn 0 1 0
vn 0 1 0
vn 0 1 0
vn 0 1 0
vn 0 1 0
vn 0 1 0
vn 0 1 0
vn 0 1 0
vn 0 1 0
vn 0 1 0
vn 0 1 0
vn 0 1 0
vn 0 1 0
vn 1 0 0
vn 1 0 0
vn 1 0 0
vn 1 0 0
vn 1 0 0
vn 1 0 0
vn 1 0 0
vn 1 0 0
vn 1 0 0
vn 1 0 0
vn 1 0 0
vn 1 0 0
vn 1 0 0
vn 1 0 0
vn 1 0 0
vn 1 0 0
vn 1 0 0
vn 1 0 0
vn 1 0 0
vn 1 0 0
vn 1 0 0
vn 1 0 0
vn 1 0 0
vn 1 0 0
vn 1 0 0
vn 1 0 0
vn 1 0 0
vn 1 0 0
vn 1 0 0
vn 1 0 0
vn 1 0 0
vn 1 0 0
vn 1 0 0
vn 1 0 0
vn 1 0 0
vn 1 0 0
vn 0 -1 0
vn 0 -1 0
vn 0 -1 0
vn 0 -1 0
vn 0 -1 0
vn 0 -1 0
vn 0 -1 0
vn 0 -1 0
vn 0 -1 0
vn 0 -1 0
vn 0 -1 0
vn 0 -1 0
vn 0 -1 0
vn 0 -1 0
vn 0 -1 0
vn 0 -1 0
vn 0 -1 0
vn 0 -1 0
vn 0 -1 0
vn 0 -1 0
vn 0 -1 0
vn 0 -1 0
vn 0 -1 0
vn 0 -1 0
vn 0 -1 0
vn 0 -1 0
vn 0 -1 0
vn 0 -1 0
vn 0 -1 0
vn 0 -1 0
vn 0 -1 0
vn 0 -1 0
vn -1 0 0
vn -1 0 0
vn -1 0 0
vn -1 0 0
vn -1 0 0
vn -1 0 0
vn -1 0 0
vn -1 0 0
vn -1 0 0
vn -1 0 0
vn -1 0 0
vn -1 0 0
vn -1 0 0
vn -1 0 0
vn -1 0 0
vn -1 0 0
vn -1 0 0
vn -1 0 0
vn -1 0 0
vn -1 0 0
vn -1 0 0
vn -1 0 0
vn -1 0 0
vn -1 0 0
vn 0 -1 0
vn 0 -1 0
vn 0 -1 0
vn 0 -1 0
vn 0 -0.619828 0.7847376
vn 0 -0.619828 0.7847376
vn 0 -0.619828 0.7847376
vn 0 -0.619828 0.7847376
vn 0 1 0
vn 0 1 0
vn 0 1 0
vn 0 1 0
vn 0 0.03538186 -0.9993739
vn 0 0.03538186 -0.9993739
vn 0 0.03538186 -0.9993739
vn 0 0.03538186 -0.9993739
vn 1 0 0
vn 1 0 0
vn 1 0 0
vn 1 0 0
vn 0 1 0
vn 0 1 0
vn 0 1 0
vn 0 1 0
vn 0 -0.5490801 -0.8357697
vn 0 -0.5490801 -0.8357697
vn 0 -0.5490801 -0.8357697
vn 0 -0.5490801 -0.8357697
vn 0 -1 0
vn 0 -1 0
vn 0 -1 0
vn 0 -1 0
vn 0 0.003914405 0.9999924
vn 0 0.003914405 0.9999924
vn 0 0.003914405 0.9999924
vn 0 0.003914405 0.9999924
vn 1 0 0
vn 1 0 0
vn 1 0 0
vn 1 0 0
vn 0 1 0
vn 0 1 0
vn 0 1 0
vn 0 1 0
vn 0 -0.619828 0.7847377
vn 0 -0.619828 0.7847377
vn 0 -0.619828 0.7847377
vn 0 -0.619828 0.7847377
vn 0 -1 0
vn 0 -1 0
vn 0 -1 0
vn 0 -1 0
vn 0 0.03538179 -0.9993739
vn 0 0.03538179 -0.9993739
vn 0 0.03538179 -0.9993739
vn 0 0.03538179 -0.9993739
vn -1 0 0
vn -1 0 0
vn -1 0 0
vn -1 0 0
vn 0 -1 0
vn 0 -1 0
vn 0 -1 0
vn 0 -1 0
vn 0 -0.5490801 -0.8357697
vn 0 -0.5490801 -0.8357697
vn 0 -0.5490801 -0.8357697
vn 0 -0.5490801 -0.8357697
vn 0 1 0
vn 0 1 0
vn 0 1 0
vn 0 1 0
vn 0 0.003914405 0.9999924
vn 0 0.003914405 0.9999924
vn 0 0.003914405 0.9999924
vn 0 0.003914405 0.9999924
vn -1 0 0
vn -1 0 0
vn -1 0 0
vn -1 0 0
vn 1 0 0
vn 1 0 0
vn 1 0 0
vn 1 0 0
vn -1 0 0
vn -1 0 0
vn -1 0 0
vn -1 0 0
vn -1 0 0
vn -1 0 0
vn -1 0 0
vn -1 0 0
vn 1 0 0
vn 1 0 0
vn 1 0 0
vn 1 0 0
vn 0 0 -1
vn 0 0 -1
vn 0 0 -1
vn 0 0 -1
vn -6.117481E-08 1 6.266681E-08
vn 4.205791E-08 1 6.546641E-08
vn 3.321784E-08 1 4.152622E-08
vn -4.419028E-08 1 4.028321E-08
vn -4.419028E-08 1 4.028321E-08
vn 3.321784E-08 1 4.152622E-08
vn 0 1 0
vn 0 1 0
vn 0 1 0
vn 0 1 0
vn 0 1 0
vn 0 1 0
vn -2.464909E-08 0.6659822 -0.7459677
vn -3.697363E-08 0.6659822 -0.7459676
vn -3.697363E-08 0.6659822 -0.7459676
vn -2.464909E-08 0.6659822 -0.7459677
vn 6.601829E-08 0.7459682 0.6659815
vn 6.601829E-08 0.7459682 0.6659815
vn 6.601829E-08 0.7459682 0.6659815
vn 6.601829E-08 0.7459682 0.6659815
vn -3.697366E-08 0.6659816 -0.7459682
vn -3.697366E-08 0.6659816 -0.7459682
vn -3.697366E-08 0.6659816 -0.7459682
vn -3.697366E-08 0.6659816 -0.7459682
vn 0 -0.745971 -0.6659784
vn 0 -0.745971 -0.6659784
vn 0 -0.745971 -0.6659784
vn 0 -0.745971 -0.6659784
vn 0 0.6659815 -0.7459682
vn 0 0.6659814 -0.7459684
vn 0 0.6659814 -0.7459684
vn 0 0.6659815 -0.7459683
vn 0 1 0
vn 0 1 0
vn 0 1 0
vn 0 1 0
vn 0 1 0
vn 0 1 0
vn 0 1 0
vn 0 1 0
vn 0 1 0
vn 0 1 0
vn 0 1 0
vn 0 1 0
vn 0 1 0
vn 0 1 0
vn 0 1 0
vn 0 1 0
vn 0 1 0
vn 0 1 0
vn 0 1 0
vn 0 1 0
vn 1.324586E-08 0.597684 0.8017318
vn 1.986879E-08 0.5976838 0.8017319
vn 1.986879E-08 0.5976838 0.8017319
vn -4.952794E-07 0.597684 0.8017319
vn 2.962394E-08 -0.8017327 0.5976827
vn 2.962394E-08 -0.8017327 0.5976827
vn 2.962394E-08 -0.8017327 0.5976827
vn 2.962394E-08 -0.8017327 0.5976827
vn 6.701235E-08 0.5976841 0.8017317
vn 6.701235E-08 0.5976841 0.8017317
vn 6.701235E-08 0.5976841 0.8017317
vn 6.701235E-08 0.5976841 0.8017317
vn -3.937923E-08 0.8017318 -0.597684
vn -3.937923E-08 0.8017318 -0.597684
vn -3.937923E-08 0.8017318 -0.597684
vn -3.937923E-08 0.8017318 -0.597684
vn -9.880904E-07 0.5976842 0.8017315
vn -7.193478E-07 0.5976843 0.8017315
vn 4.344056E-08 0.5976843 0.8017316
vn 2.896037E-08 0.5976842 0.8017316
vn -2.087405E-15 1 -6.993155E-08
vn 0 1 0
vn 0 1 0
vn -2.087405E-15 1 -6.993153E-08
vn -2.087405E-15 1 -6.993154E-08
vn -2.087405E-15 1 -6.993155E-08
vn -2.087405E-15 1 -6.993153E-08
vn -2.087405E-15 1 -6.993153E-08
vn 0 1 -5.981399E-08
vn -2.087405E-15 1 -6.993154E-08
vn -2.087405E-15 1 -6.993153E-08
vn 0 1 -5.981399E-08
vn 0 1 -5.981399E-08
vn 0 1 -1.19628E-07
vn 0 1 -1.19628E-07
vn 0 1 -5.981399E-08
vn 0 0 1
vn 0 0 1
vn 0 0 1
vn 0 0 1
vn 0 0 1
vn 0 0 1
vn 0 0 1
vn 0 0 1
vn 0 -0.9957263 -0.09235265
vn 0 -1 1.19628E-07
vn 0 -1 1.19628E-07
vn 0 -0.9957263 -0.09235265
vn 0 -0.9957263 -0.09235265
vn 0 -0.9903373 -0.1386798
vn 0 -0.9903373 -0.1386798
vn 0 -0.9957263 -0.09235265
vn 0 -0.9903373 -0.1386798
vn 0 -0.99139 0.1309419
vn 0 -0.99139 0.1309419
vn 0 -0.9903373 -0.1386798
vn 0 -0.99139 0.1309419
vn 0 -0.99619 0.08721004
vn 0 -0.99619 0.08721004
vn 0 -0.99139 0.1309419
vn 0 -1 0
vn 0 -0.99619 0.08721004
vn 0 -0.99619 0.08721004
vn 0 -1 0
vn 0 -1 0
vn 0 -1 0
vn 0 -1 0
vn 0 -1 0
vn 0 -1 0
vn 0 -1 0
vn 0 -1 0
vn 0 -1 0
vn 0 -1 0
vn 0 -1 0
vn 0 -1 0
vn 0 -1 0
vn 0 -1 0
vn 0 -0.9948291 -0.1015631
vn 0 -0.9948291 -0.1015631
vn 0 -1 0
vn 0 -0.9948291 -0.1015631
vn 0 -0.9948291 -0.1015631
vn 0 -0.9882963 -0.1525462
vn 0 -0.9882963 -0.1525462
vn 0 -0.9882963 -0.1525462
vn 0 -0.9882963 -0.1525462
vn 0 -0.9897482 0.1428232
vn 0 -0.9897482 0.1428232
vn 0 -0.9897482 0.1428232
vn 0 -0.9897482 0.1428232
vn 0 -0.9954672 0.09510557
vn 0 -0.9954672 0.09510557
vn 0 0 -1
vn 0 0 -1
vn 0 0 -1
vn 0 0 -1
vn -6.117481E-08 1 6.266681E-08
vn -7.211956E-09 1 2.152716E-08
vn 0 1 0
vn 0 1 0
vn 0 1 0
vn 0 1 0
vn 4.205791E-08 1 6.546641E-08
vn -6.117481E-08 1 6.266681E-08
vn 0 1 0
vn 0 1 0
vn 7.271558E-09 1 2.21828E-08
vn 4.205791E-08 1 6.546641E-08
vn 0 1 0
vn 0 1 0
vn 0 1 4.661169E-08
vn 7.271558E-09 1 2.21828E-08
vn 1 0 0
vn 1 0 0
vn 1 0 0
vn 1 0 0
vn 1 0 0
vn 1 0 0
vn 1 0 0
vn 1 0 0
vn 0 -1 0
vn 0 -1 0
vn 0 -1 0
vn 0 -1 0
vn 0 -0.9954672 0.09510557
vn 0 -1 0
vn 0 -1 0
vn 0 -1 0
vn 0 -0.9954672 0.09510557
vn 0 -0.9954672 0.09510557
vn 0 -1 0
vn 0 -1 0
vn 0 -1 0
vn 0 -1 0
vn 0 -1 0
vn 0 -0.9954672 0.09510557
vn 0 -1 0
vn 0 -1 0
vn 0 -1 0
vn 0 -1 0
vn -1 0 0
vn -1 0 0
vn -1 0 0
vn -1 0 0
vn -1 0 0
vn -1 0 0
vn -1 0 0
vn -1 0 0
vn -7.211956E-09 1 2.152716E-08
vn 0 1 4.661169E-08
vn 0 1 0
vn 0 1 0
vn 0 0 -1
vn 0 0 -1
vn 0 0 -1
vn 0 0 -1
vn 0 0 -1
vn 0 0 -1
vn 0 0 -1
vn 0 0 -1
vn 0 0 -1
vn 0 0 -1
vn 0 0 -1
vn 0 0 -1
vn 0 0 -1
vn 0 0 -1
vn 0 0 -1
vn 0 0 -1
vn 1 0 0
vn 1 0 0
vn 1 0 0
vn 1 0 0
vn 1 0 0
vn 1 0 0
vn 1 0 0
vn 1 0 0
vn 1 0 0
vn 1 0 0
vn 1 0 0
vn 1 0 0
vn 1 0 0
vn 1 0 0
vn 1 0 0
vn 1 0 0
vn 1 0 0
vn 1 0 0
vn 1 0 0
vn 1 0 0
vn 1 0 0
vn 1 0 0
vn 1 0 0
vn 1 0 0
vn 1 0 0
vn 1 0 0
vn 1 0 0
vn 1 0 0
vn 1 0 0
vn 1 0 0
vn 1 0 0
vn 1 0 0
vn 1 0 0
vn 1 0 0
vn 1 0 0
vn 1 0 0
vn 1 0 0
vn 1 0 0
vn 1 0 0
vn 1 0 0
vn 1 0 0
vn 1 0 0
vn 1 0 0
vn 1 0 0
vn 1 0 0
vn 1 0 0
vn 1 0 0
vn 1 0 0
vn 1 0 0
vn 1 0 0
vn 1 0 0
vn 1 0 0
vn 0 0 1
vn 0 0 1
vn 0 0 1
vn 0 0 1
vn 0 0 1
vn 0 0 1
vn 0 0 1
vn 0 0 1
vn 0 0 1
vn 0 0 1
vn 0 0 1
vn 0 0 1
vn 0 0 1
vn 0 0 1
vn 0 0 1
vn 0 0 1
vn 0 0 1
vn 0 0 1
vn 0 0 1
vn 0 0 1
vn -1 0 0
vn -1 0 0
vn -1 0 0
vn -1 0 0
vn -1 0 0
vn -1 0 0
vn -1 0 0
vn -1 0 0
vn -1 0 0
vn -1 0 0
vn -1 0 0
vn -1 0 0
vn -1 0 0
vn -1 0 0
vn -1 0 0
vn -1 0 0
vn -1 0 0
vn -1 0 0
vn -1 0 0
vn -1 0 0
vn -1 0 0
vn -1 0 0
vn -1 0 0
vn -1 0 0
vn -1 0 0
vn -1 0 0
vn -1 0 0
vn -1 0 0
vn -1 0 0
vn -1 0 0
vn -1 0 0
vn -1 0 0
vn -1 0 0
vn -1 0 0
vn -1 0 0
vn -1 0 0
vn -1 0 0
vn -1 0 0
vn -1 0 0
vn -1 0 0
vn -1 0 0
vn -1 0 0
vn -1 0 0
vn -1 0 0
vn -1 0 0
vn -1 0 0
vn -1 0 0
vn -1 0 0
vn -1 0 0
vn -1 0 0
vn -1 0 0
vn -1 0 0
vn 0 0 -1
vn 0 0 -1
vn 0 0 -1
vn 0 0 -1
vt 0.1436644 0.1967252
vt 0 0.1967252
vt 0 0.2579573
vt 0.1436644 0.2579573
vt 0.8563356 0.2579573
vt 1 0.2579573
vt 1 0.1967252
vt 0.8563356 0.1967252
vt 0.8890811 0.2579573
vt 0.893436 0.2579573
vt 0.893436 0.1967252
vt 0.889081 0.1967252
vt 0.1109189 0.1967252
vt 0.106564 0.1967252
vt 0.106564 0.2579573
vt 0.110919 0.2579573
vt 0.1109189 0.06534811
vt 0.106564 0.06534811
vt 0.106564 0.1310601
vt 0.110919 0.1310601
vt 0.8563356 0.1310601
vt 1 0.1310601
vt 1 0.06534811
vt 0.8563356 0.06534811
vt 0.1436644 0.06534811
vt 0 0.06534811
vt 0 0.1310601
vt 0.1436644 0.1310601
vt 0.8890811 0.1310601
vt 0.893436 0.1310601
vt 0.893436 0.06534811
vt 0.889081 0.06534811
vt 0.9346519 0.5384672
vt 0.9346519 0
vt 0.8689399 0
vt 0.8689399 0.5384672
vt 0.8689399 0.5384672
vt 0.8689399 0.5398622
vt 0.9346519 0.5398622
vt 0.9346519 0.5384672
vt 0.8032748 0.5384672
vt 0.8032748 0
vt 0.7420427 0
vt 0.7420427 0.5384672
vt 0.7420427 0.5384672
vt 0.7420427 0.5398622
vt 0.8032748 0.5398622
vt 0.8032748 0.5384672
vt 0.893436 0.5384672
vt 0.893436 0
vt 0.889081 0
vt 0.8890811 0.5384672
vt 0.8890811 0.5384672
vt 0.8890811 0.5398622
vt 0.893436 0.5398622
vt 0.893436 0.5384672
vt 0.1436644 0.5384672
vt 0.1436644 0
vt 0 0
vt 0 0.5384672
vt 0 0.5384672
vt 0 0.5398622
vt 0.1436644 0.5398622
vt 0.1436644 0.5384672
vt 0.2579573 0.5384672
vt 0.2579573 0
vt 0.1967252 0
vt 0.1967252 0.5384672
vt 0.1967252 0.5384672
vt 0.1967252 0.5398622
vt 0.2579573 0.5398622
vt 0.2579573 0.5384672
vt 0.1310601 0.5384672
vt 0.1310601 0
vt 0.06534811 0
vt 0.06534811 0.5384672
vt 0.06534811 0.5384672
vt 0.06534811 0.5398622
vt 0.1310601 0.5398622
vt 0.1310601 0.5384672
vt 1 0.5384672
vt 1 0
vt 0.8563356 0
vt 0.8563356 0.5384672
vt 0.8563356 0.5384672
vt 0.8563356 0.5398622
vt 1 0.5398622
vt 1 0.5384672
vt 0.110919 0.5384672
vt 0.1109189 0
vt 0.106564 0
vt 0.106564 0.5384672
vt 0.106564 0.5384672
vt 0.106564 0.5398622
vt 0.110919 0.5398622
vt 0.110919 0.5384672
vt 0.893436 0.1310601
vt 1 0.1310601
vt 1 0.06534811
vt 0.893436 0.06534811
vt 0.106564 0.5384672
vt 0.106564 0
vt 0 0
vt 0 0.5384672
vt 0 0.5384672
vt 0 0.5398622
vt 0.106564 0.5398622
vt 0.106564 0.5384672
vt 0.106564 0.06534811
vt 0 0.06534811
vt 0 0.1310601
vt 0.106564 0.1310601
vt 0.106564 0.1967252
vt 0 0.1967252
vt 0 0.2579573
vt 0.106564 0.2579573
vt 0.893436 0.5384672
vt 0.893436 0.5398622
vt 1 0.5398622
vt 1 0.5384672
vt 1 0.5384672
vt 1 0
vt 0.893436 0
vt 0.893436 0.5384672
vt 0.893436 0.2579573
vt 1 0.2579573
vt 1 0.1967252
vt 0.893436 0.1967252
vt 0.1442628 0.06534811
vt 0.1436644 0.06534811
vt 0.1436644 0.1310601
vt 0.1442628 0.1310601
vt 0.8557372 0.5384672
vt 0.8563356 0.5384672
vt 0.8563356 0
vt 0.8557372 0
vt 0.8557372 0.5398622
vt 0.8563356 0.5398622
vt 0.8563356 0.5384672
vt 0.8557372 0.5384672
vt 0.8557372 0.1310601
vt 0.8563356 0.1310601
vt 0.8563356 0.06534811
vt 0.8557372 0.06534811
vt 0.8557372 0.2579573
vt 0.8563356 0.2579573
vt 0.8563356 0.1967252
vt 0.8557372 0.1967252
vt 0.1442628 0.5384672
vt 0.1436644 0.5384672
vt 0.1436644 0.5398622
vt 0.1442628 0.5398622
vt 0.1442628 0
vt 0.1436644 0
vt 0.1436644 0.5384672
vt 0.1442628 0.5384672
vt 0.1442628 0.1967252
vt 0.1436644 0.1967252
vt 0.1436644 0.2579573
vt 0.1442628 0.2579573
vt 0.1967252 0.5384672
vt 0.1967252 0
vt 0.1310601 0
vt 0.1310601 0.5384672
vt 0.1310601 0.5384672
vt 0.1310601 0.5398622
vt 0.1967252 0.5398622
vt 0.1967252 0.5384672
vt 0.8563356 0.1967252
vt 1 0.1967252
vt 1 0.1310601
vt 0.8563356 0.1310601
vt 0.8557372 0.1967252
vt 0.8563356 0.1967252
vt 0.8563356 0.1310601
vt 0.8557372 0.1310601
vt 0.1109189 0.1310601
vt 0.106564 0.1310601
vt 0.106564 0.1967252
vt 0.110919 0.1967252
vt 0.106564 0.1310601
vt 0 0.1310601
vt 0 0.1967252
vt 0.106564 0.1967252
vt 0.8032748 0.5384672
vt 0.8032748 0.5398622
vt 0.8689399 0.5398622
vt 0.8689399 0.5384672
vt 0.8689399 0.5384672
vt 0.8689399 0
vt 0.8032748 0
vt 0.8032748 0.5384672
vt 0.893436 0.1967252
vt 1 0.1967252
vt 1 0.1310601
vt 0.893436 0.1310601
vt 0.8890811 0.1967252
vt 0.893436 0.1967252
vt 0.893436 0.1310601
vt 0.889081 0.1310601
vt 0.1442628 0.1310601
vt 0.1436644 0.1310601
vt 0.1436644 0.1967252
vt 0.1442628 0.1967252
vt 0.1436644 0.1310601
vt 0 0.1310601
vt 0 0.1967252
vt 0.1436644 0.1967252
vt 0.7587147 0
vt 0.6819689 0
vt 0.6819689 0.5384672
vt 0.7587147 0.5384672
vt 0.1436644 0.7587147
vt 0.1436644 0.6819689
vt 0 0.6819689
vt 0 0.7587147
vt 0.1442628 0.7587147
vt 0.1442628 0.6819689
vt 0.1436644 0.6819689
vt 0.1436644 0.7587147
vt 0.893436 0.7587147
vt 0.893436 0.6819689
vt 0.889081 0.6819689
vt 0.889081 0.7587147
vt 1 0.7587147
vt 1 0.6819689
vt 0.893436 0.6819689
vt 0.893436 0.7587147
vt 0.2412853 0.5384672
vt 0.3180311 0.5384672
vt 0.3180311 0
vt 0.2412853 0
vt 0.2412853 0.5398622
vt 0.3180311 0.5398622
vt 0.3180311 0.5384672
vt 0.2412853 0.5384672
vt 0.106564 0.7587147
vt 0.106564 0.6819689
vt 0 0.6819689
vt 0 0.7587147
vt 0.1109189 0.7587147
vt 0.1109189 0.6819689
vt 0.106564 0.6819689
vt 0.106564 0.7587147
vt 0.8563356 0.7587147
vt 0.8563356 0.6819689
vt 0.8557372 0.6819689
vt 0.8557372 0.7587147
vt 1 0.7587147
vt 1 0.6819689
vt 0.8563356 0.6819689
vt 0.8563356 0.7587147
vt 0.7587147 0.5384672
vt 0.6819689 0.5384672
vt 0.6819689 0.5398622
vt 0.7587147 0.5398622
vt 0.8366586 0
vt 0.7587147 0
vt 0.7587147 0.5384672
vt 0.8366586 0.5384672
vt 0.1436644 0.8366586
vt 0.1436644 0.7587147
vt 0 0.7587147
vt 0 0.8366586
vt 0.1442628 0.8366586
vt 0.1442628 0.7587147
vt 0.1436644 0.7587147
vt 0.1436644 0.8366586
vt 0.893436 0.8366586
vt 0.893436 0.7587147
vt 0.889081 0.7587147
vt 0.889081 0.8366586
vt 1 0.8366586
vt 1 0.7587147
vt 0.893436 0.7587147
vt 0.893436 0.8366586
vt 0.1633414 0.5384672
vt 0.2412853 0.5384672
vt 0.2412853 0
vt 0.1633414 0
vt 0.1633414 0.5398622
vt 0.2412853 0.5398622
vt 0.2412853 0.5384672
vt 0.1633414 0.5384672
vt 0.106564 0.8366586
vt 0.106564 0.7587147
vt 0 0.7587147
vt 0 0.8366586
vt 0.110919 0.8366586
vt 0.1109189 0.7587147
vt 0.106564 0.7587147
vt 0.106564 0.8366586
vt 0.8563356 0.8366586
vt 0.8563356 0.7587147
vt 0.8557372 0.7587147
vt 0.8557372 0.8366586
vt 1 0.8366586
vt 1 0.7587147
vt 0.8563356 0.7587147
vt 0.8563356 0.8366586
vt 0.8366586 0.5384672
vt 0.7587147 0.5384672
vt 0.7587147 0.5398622
vt 0.8366586 0.5398622
vt 0.9088719 0.5384672
vt 1 0.5384672
vt 1 0
vt 0.9088719 0
vt 0.9088719 0
vt 0.8366586 0
vt 0.8366586 0.5384672
vt 0.9088719 0.5384672
vt 0 0.9088719
vt 0 1
vt 0.1436644 1
vt 0.1436644 0.9088719
vt 0.1436644 0.9088719
vt 0.1436644 0.8366586
vt 0 0.8366586
vt 0 0.9088719
vt 0.1436644 0.9088719
vt 0.1436644 1
vt 0.1442628 1
vt 0.1442628 0.9088719
vt 0.1442628 0.9088719
vt 0.1442628 0.8366586
vt 0.1436644 0.8366586
vt 0.1436644 0.9088719
vt 0.889081 0.9088719
vt 0.8890811 1
vt 0.893436 1
vt 0.893436 0.9088719
vt 0.893436 0.9088719
vt 0.893436 0.8366586
vt 0.889081 0.8366586
vt 0.889081 0.9088719
vt 0.893436 0.9088719
vt 0.893436 1
vt 1 1
vt 1 0.9088719
vt 1 0.9088719
vt 1 0.8366586
vt 0.893436 0.8366586
vt 0.893436 0.9088719
vt 0.09112812 0
vt 0 0
vt 0 0.5384672
vt 0.09112812 0.5384672
vt 0.09112812 0.5384672
vt 0.1633414 0.5384672
vt 0.1633414 0
vt 0.09112812 0
vt 0.09112812 0.5384672
vt 0 0.5384672
vt 0 0.5398622
vt 0.09112812 0.5398622
vt 0.09112812 0.5398622
vt 0.1633414 0.5398622
vt 0.1633414 0.5384672
vt 0.09112812 0.5384672
vt 0 0.9088719
vt 0 1
vt 0.106564 1
vt 0.106564 0.9088719
vt 0.106564 0.9088719
vt 0.106564 0.8366586
vt 0 0.8366586
vt 0 0.9088719
vt 0.106564 0.9088719
vt 0.106564 1
vt 0.110919 1
vt 0.110919 0.9088719
vt 0.110919 0.9088719
vt 0.110919 0.8366586
vt 0.106564 0.8366586
vt 0.106564 0.9088719
vt 0.8557372 0.9088719
vt 0.8557372 1
vt 0.8563356 1
vt 0.8563356 0.9088719
vt 0.8563356 0.9088719
vt 0.8563356 0.8366586
vt 0.8557372 0.8366586
vt 0.8557372 0.9088719
vt 0.8563356 0.9088719
vt 0.8563356 1
vt 1 1
vt 1 0.9088719
vt 1 0.9088719
vt 1 0.8366586
vt 0.8563356 0.8366586
vt 0.8563356 0.9088719
vt 0.9088719 0.5398622
vt 1 0.5398622
vt 1 0.5384672
vt 0.9088719 0.5384672
vt 0.9088719 0.5384672
vt 0.8366586 0.5384672
vt 0.8366586 0.5398622
vt 0.9088719 0.5398622
vt 0.8557372 0.6819689
vt 0.8557372 0.6819689
vt 0.8563356 0.6819689
vt 0.8563356 0.6819689
vt 0.8563356 0.6819689
vt 0.8563356 0.6819689
vt 1 0.6819689
vt 1 0.6819689
vt 1 0.2579573
vt 1 0.2579573
vt 0.8563356 0.2579573
vt 0.8563356 0.2579573
vt 0.8563356 0.2579573
vt 0.8563356 0.2579573
vt 0.8557372 0.2579573
vt 0.8557372 0.2579573
vt 0.1109189 0.2579573
vt 0.1109189 0.2579573
vt 0.106564 0.2579573
vt 0.106564 0.2579573
vt 0.106564 0.2579573
vt 0.106564 0.2579573
vt 0 0.2579573
vt 0 0.2579573
vt 0 0.6819689
vt 0 0.6819689
vt 0.106564 0.6819689
vt 0.106564 0.6819689
vt 0.106564 0.6819689
vt 0.106564 0.6819689
vt 0.110919 0.6819689
vt 0.110919 0.6819689
vt 0.8557372 0.6819689
vt 0.8557372 0.6819689
vt 0.8563356 0.6819689
vt 0.8563356 0.6819689
vt 0.8563356 0.6819689
vt 0.8563356 0.6819689
vt 0.8557372 0.6819689
vt 0.8557372 0.6819689
vt 0.8563356 0.6819689
vt 0.8563356 0.6819689
vt 1 0.6819689
vt 1 0.6819689
vt 1 0.6819689
vt 1 0.6819689
vt 0.8563356 0.6819689
vt 0.8563356 0.6819689
vt 1 0.2579573
vt 1 0.2579573
vt 0.8563356 0.2579573
vt 0.8563356 0.2579573
vt 0.8563356 0.2579573
vt 0.8563356 0.2579573
vt 1 0.2579573
vt 1 0.2579573
vt 0.8563356 0.2579573
vt 0.8563356 0.2579573
vt 0.8557372 0.2579573
vt 0.8557372 0.2579573
vt 0.8557372 0.2579573
vt 0.8557372 0.2579573
vt 0.8563356 0.2579573
vt 0.8563356 0.2579573
vt 0.110919 0.2579573
vt 0.1109189 0.2579573
vt 0.106564 0.2579573
vt 0.106564 0.2579573
vt 0.106564 0.2579573
vt 0.106564 0.2579573
vt 0.110919 0.2579573
vt 0.110919 0.2579573
vt 0.106564 0.2579573
vt 0.106564 0.2579573
vt 0 0.2579573
vt 0 0.2579573
vt 0 0.2579573
vt 0 0.2579573
vt 0.106564 0.2579573
vt 0.106564 0.2579573
vt 0 0.6819689
vt 0 0.6819689
vt 0.106564 0.6819689
vt 0.106564 0.6819689
vt 0.106564 0.6819689
vt 0.106564 0.6819689
vt 0 0.6819689
vt 0 0.6819689
vt 0.106564 0.6819689
vt 0.106564 0.6819689
vt 0.110919 0.6819689
vt 0.1109189 0.6819689
vt 0.1109189 0.6819689
vt 0.1109189 0.6819689
vt 0.106564 0.6819689
vt 0.106564 0.6819689
vt 1 0.6590594
vt 1 0.6819689
vt 1 0.6819689
vt 1 0.6590594
vt 1 0.6590594
vt 1 0.6819689
vt 1 0.6819689
vt 1 0.6590594
vt 0.8563356 0.6590594
vt 0.8563356 0.6819689
vt 1 0.6819689
vt 1 0.6590594
vt 0.8557372 0.6590594
vt 0.8557372 0.6819689
vt 0.8563356 0.6819689
vt 0.8563356 0.6590594
vt 0.106564 0.6590594
vt 0.106564 0.6819689
vt 0.110919 0.6819689
vt 0.110919 0.6590594
vt 0 0.6590594
vt 0 0.6819689
vt 0.106564 0.6819689
vt 0.106564 0.6590594
vt 0 0.6590594
vt 0 0.6819689
vt 0 0.6819689
vt 0 0.6590594
vt 0 0.6590594
vt 0 0.6819689
vt 0 0.6819689
vt 0 0.6590594
vt 0 0.6590594
vt 0 0.6819689
vt 0 0.6819689
vt 0 0.6590594
vt 0.3409406 0.5384672
vt 0.3180311 0.5384672
vt 0.3180311 0.5398622
vt 0.3409406 0.5398622
vt 0.3409406 0
vt 0.3180311 0
vt 0.3180311 0.5384672
vt 0.3409406 0.5384672
vt 0.893436 0.6590594
vt 0.893436 0.6819689
vt 1 0.6819689
vt 1 0.6590594
vt 0.8890811 0.6590594
vt 0.8890811 0.6819689
vt 0.893436 0.6819689
vt 0.893436 0.6590594
vt 0.1436644 0.6590594
vt 0.1436644 0.6819689
vt 0.1442628 0.6819689
vt 0.1442628 0.6590594
vt 0 0.6590594
vt 0 0.6819689
vt 0.1436644 0.6819689
vt 0.1436644 0.6590594
vt 0.6590594 0.5384672
vt 0.6819689 0.5384672
vt 0.6819689 0
vt 0.6590594 0
vt 0.6590594 0.5398622
vt 0.6819689 0.5398622
vt 0.6819689 0.5384672
vt 0.6590594 0.5384672
vt 1 0.6590594
vt 1 0.6819689
vt 1 0.6819689
vt 1 0.6590594
vt 1 0.2845952
vt 1 0.2579573
vt 1 0.2579573
vt 1 0.2845952
vt 1 0.2845952
vt 1 0.2579573
vt 1 0.2579573
vt 1 0.2845952
vt 1 0.2845952
vt 1 0.2579573
vt 0.8563356 0.2579573
vt 0.8563356 0.2845952
vt 0.8563356 0.2845952
vt 0.8563356 0.2579573
vt 0.8557372 0.2579573
vt 0.8557372 0.2845952
vt 0.1109189 0.2845952
vt 0.1109189 0.2579573
vt 0.106564 0.2579573
vt 0.106564 0.2845952
vt 0.106564 0.2845952
vt 0.106564 0.2579573
vt 0 0.2579573
vt 0 0.2845952
vt 0 0.2845952
vt 0 0.2579573
vt 0 0.2579573
vt 0 0.2845952
vt 0 0.2845952
vt 0 0.2579573
vt 0 0.2579573
vt 0 0.2845952
vt 0 0.2845952
vt 0 0.2579573
vt 0 0.2579573
vt 0 0.2845952
vt 0.7154048 0.5398622
vt 0.7420427 0.5398622
vt 0.7420427 0.5384672
vt 0.7154048 0.5384672
vt 0.7154048 0.5384672
vt 0.7420427 0.5384672
vt 0.7420427 0
vt 0.7154048 0
vt 1 0.2845952
vt 1 0.2579573
vt 0.893436 0.2579573
vt 0.893436 0.2845952
vt 0.893436 0.2845952
vt 0.893436 0.2579573
vt 0.889081 0.2579573
vt 0.889081 0.2845952
vt 0.1442628 0.2845952
vt 0.1442628 0.2579573
vt 0.1436644 0.2579573
vt 0.1436644 0.2845952
vt 0.1436644 0.2845952
vt 0.1436644 0.2579573
vt 0 0.2579573
vt 0 0.2845952
vt 0.2845952 0
vt 0.2579573 0
vt 0.2579573 0.5384672
vt 0.2845952 0.5384672
vt 0.2845952 0.5384672
vt 0.2579573 0.5384672
vt 0.2579573 0.5398622
vt 0.2845952 0.5398622
vt 1 0.2845952
vt 1 0.2579573
vt 1 0.2579573
vt 1 0.2845952
vt 1 0.490036
vt 1 0.6590594
vt 1 0.6590594
vt 1 0.490036
vt 0.8563356 0.490036
vt 0.8563356 0.6590594
vt 1 0.6590594
vt 1 0.490036
vt 0.8557372 0.490036
vt 0.8557372 0.6590594
vt 0.8563356 0.6590594
vt 0.8563356 0.490036
vt 0.106564 0.490036
vt 0.106564 0.6590594
vt 0.110919 0.6590594
vt 0.110919 0.490036
vt 0 0.490036
vt 0 0.6590594
vt 0.106564 0.6590594
vt 0.106564 0.490036
vt 0 0.490036
vt 0 0.6590594
vt 0 0.6590594
vt 0 0.490036
vt 0 0.490036
vt 0 0.6590594
vt 0 0.6590594
vt 0 0.490036
vt 0.509964 0.5384672
vt 0.3409406 0.5384672
vt 0.3409406 0.5398622
vt 0.509964 0.5398622
vt 0.509964 0
vt 0.3409406 0
vt 0.3409406 0.5384672
vt 0.509964 0.5384672
vt 0.893436 0.490036
vt 0.893436 0.6590594
vt 1 0.6590594
vt 1 0.490036
vt 0.8890811 0.490036
vt 0.8890811 0.6590594
vt 0.893436 0.6590594
vt 0.893436 0.490036
vt 0.1436644 0.490036
vt 0.1436644 0.6590594
vt 0.1442628 0.6590594
vt 0.1442628 0.490036
vt 0 0.490036
vt 0 0.6590594
vt 0.1436644 0.6590594
vt 0.1436644 0.490036
vt 0.490036 0.5384672
vt 0.6590594 0.5384672
vt 0.6590594 0
vt 0.490036 0
vt 0.490036 0.5398622
vt 0.6590594 0.5398622
vt 0.6590594 0.5384672
vt 0.490036 0.5384672
vt 1 0.490036
vt 1 0.6590594
vt 1 0.6590594
vt 1 0.490036
vt 1 0.4798597
vt 1 0.490036
vt 1 0.490036
vt 1 0.4798597
vt 1 0.4798597
vt 1 0.2845952
vt 1 0.2845952
vt 1 0.4798597
vt 1 0.4798597
vt 1 0.490036
vt 1 0.490036
vt 1 0.4798597
vt 1 0.4798597
vt 1 0.2845952
vt 0.8563356 0.2845952
vt 0.8563356 0.4798597
vt 0.8563356 0.4798597
vt 0.8563356 0.490036
vt 1 0.490036
vt 1 0.4798597
vt 0.8563356 0.4798597
vt 0.8563356 0.2845952
vt 0.8557372 0.2845952
vt 0.8557372 0.4798597
vt 0.8557372 0.4798597
vt 0.8557372 0.490036
vt 0.8563356 0.490036
vt 0.8563356 0.4798597
vt 0.110919 0.4798597
vt 0.1109189 0.2845952
vt 0.106564 0.2845952
vt 0.106564 0.4798597
vt 0.106564 0.4798597
vt 0.106564 0.490036
vt 0.110919 0.490036
vt 0.110919 0.4798597
vt 0.106564 0.4798597
vt 0.106564 0.2845952
vt 0 0.2845952
vt 0 0.4798597
vt 0 0.4798597
vt 0 0.490036
vt 0.106564 0.490036
vt 0.106564 0.4798597
vt 0 0.4798597
vt 0 0.2845952
vt 0 0.2845952
vt 0 0.4798597
vt 0 0.4798597
vt 0 0.490036
vt 0 0.490036
vt 0 0.4798597
vt 0 0.4798597
vt 0 0.490036
vt 0 0.490036
vt 0 0.4798597
vt 0 0.4798597
vt 0 0.2845952
vt 0 0.2845952
vt 0 0.4798597
vt 0 0.4798597
vt 0 0.490036
vt 0 0.490036
vt 0 0.4798597
vt 0.5201403 0.5398622
vt 0.7154048 0.5398622
vt 0.7154048 0.5384672
vt 0.5201403 0.5384672
vt 0.5201403 0.5384672
vt 0.509964 0.5384672
vt 0.509964 0.5398622
vt 0.5201403 0.5398622
vt 0.5201403 0.5384672
vt 0.7154048 0.5384672
vt 0.7154048 0
vt 0.5201403 0
vt 0.5201403 0
vt 0.509964 0
vt 0.509964 0.5384672
vt 0.5201403 0.5384672
vt 1 0.4798597
vt 1 0.2845952
vt 0.893436 0.2845952
vt 0.893436 0.4798597
vt 0.893436 0.4798597
vt 0.893436 0.490036
vt 1 0.490036
vt 1 0.4798597
vt 0.893436 0.4798597
vt 0.893436 0.2845952
vt 0.889081 0.2845952
vt 0.8890811 0.4798597
vt 0.8890811 0.4798597
vt 0.8890811 0.490036
vt 0.893436 0.490036
vt 0.893436 0.4798597
vt 0.1442628 0.4798597
vt 0.1442628 0.2845952
vt 0.1436644 0.2845952
vt 0.1436644 0.4798597
vt 0.1436644 0.4798597
vt 0.1436644 0.490036
vt 0.1442628 0.490036
vt 0.1442628 0.4798597
vt 0.1436644 0.4798597
vt 0.1436644 0.2845952
vt 0 0.2845952
vt 0 0.4798597
vt 0 0.4798597
vt 0 0.490036
vt 0.1436644 0.490036
vt 0.1436644 0.4798597
vt 0.4798597 0
vt 0.2845952 0
vt 0.2845952 0.5384672
vt 0.4798597 0.5384672
vt 0.4798597 0.5384672
vt 0.490036 0.5384672
vt 0.490036 0
vt 0.4798597 0
vt 0.4798597 0.5384672
vt 0.2845952 0.5384672
vt 0.2845952 0.5398622
vt 0.4798597 0.5398622
vt 0.4798597 0.5398622
vt 0.490036 0.5398622
vt 0.490036 0.5384672
vt 0.4798597 0.5384672
vt 1 0.4798597
vt 1 0.2845952
vt 1 0.2845952
vt 1 0.4798597
vt 1 0.4798597
vt 1 0.490036
vt 1 0.490036
vt 1 0.4798597
vt 0 0.4798597
vt 0 0.2845952
vt 0 0.2845952
vt 0 0.4798597
vt 0 0.2845952
vt 0 0.2845952
vt 0 0.2845952
vt 0 0.2845952
vt 0 0.2845952
vt 0 0.4798597
vt 0 0.4798597
vt 0 0.2845952
vt 0 0.4798597
vt 0 0.4798597
vt 0 0.4798597
vt 0 0.4798597
vt 0 0.4798597
vt 0 0.2845952
vt 0 0.2845952
vt 0 0.4798597
vt 0 0.490036
vt 0 0.6590594
vt 0 0.6590594
vt 0 0.490036
vt 0 0.6590594
vt 0 0.6590594
vt 0 0.6590594
vt 0 0.6590594
vt 0 0.6590594
vt 0 0.490036
vt 0 0.490036
vt 0 0.6590594
vt 0 0.490036
vt 0 0.490036
vt 0 0.490036
vt 0 0.490036
vt 0 0.490036
vt 0 0.6590594
vt 0 0.6590594
vt 0 0.490036
vt 1 0.4798597
vt 1 0.2845952
vt 1 0.2845952
vt 1 0.4798597
vt 1 0.2845952
vt 1 0.2845952
vt 1 0.2845952
vt 1 0.2845952
vt 1 0.2845952
vt 1 0.4798597
vt 1 0.4798597
vt 1 0.2845952
vt 1 0.4798597
vt 1 0.4798597
vt 1 0.4798597
vt 1 0.4798597
vt 1 0.4798597
vt 1 0.2845952
vt 1 0.2845952
vt 1 0.4798597
vt 1 0.490036
vt 1 0.6590594
vt 1 0.6590594
vt 1 0.490036
vt 1 0.6590594
vt 1 0.6590594
vt 1 0.6590594
vt 1 0.6590594
vt 1 0.6590594
vt 1 0.490036
vt 1 0.490036
vt 1 0.6590594
vt 1 0.490036
vt 1 0.490036
vt 1 0.490036
vt 1 0.490036
vt 1 0.490036
vt 1 0.6590594
vt 1 0.6590594
vt 1 0.490036
vt 0.8557372 0.2579573
vt 0.8557372 0.2579573
vt 0.8557372 0.2579573
vt 0.8557372 0.2579573
vt 0.1109189 0.2579573
vt 0.110919 0.2579573
vt 0.110919 0.2579573
vt 0.1109189 0.2579573
vt 0.1109189 0.6819689
vt 0.110919 0.6819689
vt 0.110919 0.6819689
vt 0.1109189 0.6819689
vt 0.8557372 0.6819689
vt 0.8557372 0.6819689
vt 0.8557372 0.6819689
vt 0.8557372 0.6819689
vt 0.8557372 0.5384672
vt 0.110919 0.5384672
vt 0.110919 0.5398622
vt 0.8557372 0.5398622
vt 0.8557372 0.06534811
vt 0.1109189 0.06534811
vt 0.110919 0.1310601
vt 0.8557372 0.1310601
vt 0.8557372 0.1310601
vt 0.1109189 0.1310601
vt 0.110919 0.1967252
vt 0.8557372 0.1967252
vt 0.8557372 0.1967252
vt 0.1109189 0.1967252
vt 0.110919 0.2579573
vt 0.8557372 0.2579573
vt 0.8557372 0.2579573
vt 0.8557372 0.2579573
vt 0.1109189 0.2579573
vt 0.1109189 0.2579573
vt 0.8557372 0.2579573
vt 0.1109189 0.2579573
vt 0.1109189 0.2579573
vt 0.8557372 0.2579573
vt 0.8557372 0.2579573
vt 0.8557372 0.2579573
vt 0.1109189 0.2579573
vt 0.110919 0.2579573
vt 0.110919 0.2579573
vt 0.8557372 0.2579573
vt 0.8557372 0.2579573
vt 0.110919 0.2579573
vt 0.110919 0.2579573
vt 0.110919 0.2579573
vt 0.8557372 0.2579573
vt 0.8557372 0.2579573
vt 0.8557372 0.2845952
vt 0.8557372 0.2579573
vt 0.1109189 0.2579573
vt 0.1109189 0.2845952
vt 0.8557372 0.4798597
vt 0.8557372 0.2845952
vt 0.1109189 0.2845952
vt 0.110919 0.4798597
vt 0.110919 0.4798597
vt 0.110919 0.490036
vt 0.8557372 0.490036
vt 0.8557372 0.4798597
vt 0.110919 0.490036
vt 0.110919 0.6590594
vt 0.8557372 0.6590594
vt 0.8557372 0.490036
vt 0.110919 0.6590594
vt 0.110919 0.6819689
vt 0.8557372 0.6819689
vt 0.8557372 0.6590594
vt 0.8557372 0.6819689
vt 0.8557372 0.6819689
vt 0.1109189 0.6819689
vt 0.1109189 0.6819689
vt 0.8557372 0.6819689
vt 0.1109189 0.6819689
vt 0.1109189 0.6819689
vt 0.8557372 0.6819689
vt 0.1109189 0.6819689
vt 0.110919 0.6819689
vt 0.8557372 0.6819689
vt 0.8557372 0.6819689
vt 0.110919 0.6819689
vt 0.8557372 0.6819689
vt 0.8557372 0.6819689
vt 0.110919 0.6819689
vt 0.110919 0.6819689
vt 0.110919 0.6819689
vt 0.8557372 0.6819689
vt 0.8557372 0.6819689
vt 0.8557372 0.7587147
vt 0.8557372 0.6819689
vt 0.1109189 0.6819689
vt 0.1109189 0.7587147
vt 0.8557372 0.8366586
vt 0.8557372 0.7587147
vt 0.1109189 0.7587147
vt 0.110919 0.8366586
vt 0.8557372 0.9088719
vt 0.8557372 0.8366586
vt 0.110919 0.8366586
vt 0.110919 0.9088719
vt 0.110919 0.9088719
vt 0.110919 1
vt 0.8557372 1
vt 0.8557372 0.9088719
vt 0.1442628 0.5398622
vt 0.8890811 0.5398622
vt 0.8890811 0.5384672
vt 0.1442628 0.5384672
vt 0.1442628 0.5384672
vt 0.8890811 0.5384672
vt 0.889081 0
vt 0.1442628 0
vt 0.1442628 0.9088719
vt 0.1442628 1
vt 0.8890811 1
vt 0.889081 0.9088719
vt 0.889081 0.9088719
vt 0.889081 0.8366586
vt 0.1442628 0.8366586
vt 0.1442628 0.9088719
vt 0.889081 0.8366586
vt 0.889081 0.7587147
vt 0.1442628 0.7587147
vt 0.1442628 0.8366586
vt 0.889081 0.7587147
vt 0.889081 0.6819689
vt 0.1442628 0.6819689
vt 0.1442628 0.7587147
vt 0.1442628 0.6590594
vt 0.1442628 0.6819689
vt 0.8890811 0.6819689
vt 0.8890811 0.6590594
vt 0.1442628 0.490036
vt 0.1442628 0.6590594
vt 0.8890811 0.6590594
vt 0.8890811 0.490036
vt 0.1442628 0.4798597
vt 0.1442628 0.490036
vt 0.8890811 0.490036
vt 0.8890811 0.4798597
vt 0.8890811 0.4798597
vt 0.889081 0.2845952
vt 0.1442628 0.2845952
vt 0.1442628 0.4798597
vt 0.889081 0.2845952
vt 0.889081 0.2579573
vt 0.1442628 0.2579573
vt 0.1442628 0.2845952
vt 0.1442628 0.2579573
vt 0.8890811 0.2579573
vt 0.889081 0.1967252
vt 0.1442628 0.1967252
vt 0.1442628 0.1967252
vt 0.8890811 0.1967252
vt 0.889081 0.1310601
vt 0.1442628 0.1310601
vt 0.1442628 0.1310601
vt 0.8890811 0.1310601
vt 0.889081 0.06534811
vt 0.1442628 0.06534811
vt 0.8557372 0
vt 0.1109189 0
vt 0.110919 0.5384672
vt 0.8557372 0.5384672
vt 0.8557372 0.06534811
vt 0.8563356 0.06534811
vt 0.8563356 0
vt 0.8557372 0
vt 0.8557372 0
vt 0.1109189 0
vt 0.110919 0.06534811
vt 0.8557372 0.06534811
vt 0.1109189 0
vt 0.106564 0
vt 0.106564 0.06534811
vt 0.110919 0.06534811
vt 0.106564 0
vt 0 0
vt 0 0.06534811
vt 0.106564 0.06534811
vt 0.9346519 0.5384672
vt 0.9346519 0.5398622
vt 1 0.5398622
vt 1 0.5384672
vt 1 0.5384672
vt 1 0
vt 0.9346519 0
vt 0.9346519 0.5384672
vt 0.893436 0.06534811
vt 1 0.06534811
vt 1 0
vt 0.893436 0
vt 0.8890811 0.06534811
vt 0.893436 0.06534811
vt 0.893436 0
vt 0.889081 0
vt 0.1442628 0.06534811
vt 0.8890811 0.06534811
vt 0.889081 0
vt 0.1442628 0
vt 0.1442628 0
vt 0.1436644 0
vt 0.1436644 0.06534811
vt 0.1442628 0.06534811
vt 0.1436644 0
vt 0 0
vt 0 0.06534811
vt 0.1436644 0.06534811
vt 0.06534811 0.5384672
vt 0.06534811 0
vt 0 0
vt 0 0.5384672
vt 0 0.5384672
vt 0 0.5398622
vt 0.06534811 0.5398622
vt 0.06534811 0.5384672
vt 0.8563356 0.06534811
vt 1 0.06534811
vt 1 0
vt 0.8563356 0
vt 0.8557372 1
vt 0.8563356 1
vt 0.8563356 0.5398622
vt 0.8557372 0.5398622
vt 0.8557372 0.5398622
vt 0.1109189 0.5398622
vt 0.110919 1
vt 0.8557372 1
vt 0.1109189 0.5398622
vt 0.106564 0.5398622
vt 0.106564 1
vt 0.110919 1
vt 0.106564 0.5398622
vt 0 0.5398622
vt 0 1
vt 0.106564 1
vt 0.9346519 1
vt 1 1
vt 1 0.5398622
vt 0.9346519 0.5398622
vt 0.9346519 0.5398622
vt 0.8689399 0.5398622
vt 0.8689399 1
vt 0.9346519 1
vt 0.8032748 1
vt 0.8689399 1
vt 0.8689399 0.5398622
vt 0.8032748 0.5398622
vt 0.8032748 0.5398622
vt 0.7420427 0.5398622
vt 0.7420427 1
vt 0.8032748 1
vt 0.7154048 1
vt 0.7420427 1
vt 0.7420427 0.5398622
vt 0.7154048 0.5398622
vt 0.5201403 1
vt 0.7154048 1
vt 0.7154048 0.5398622
vt 0.5201403 0.5398622
vt 0.5201403 0.5398622
vt 0.509964 0.5398622
vt 0.509964 1
vt 0.5201403 1
vt 0.509964 0.5398622
vt 0.3409406 0.5398622
vt 0.3409406 1
vt 0.509964 1
vt 0.3409406 0.5398622
vt 0.3180311 0.5398622
vt 0.3180311 1
vt 0.3409406 1
vt 0.2412853 1
vt 0.3180311 1
vt 0.3180311 0.5398622
vt 0.2412853 0.5398622
vt 0.1633414 1
vt 0.2412853 1
vt 0.2412853 0.5398622
vt 0.1633414 0.5398622
vt 0.09112812 1
vt 0.1633414 1
vt 0.1633414 0.5398622
vt 0.09112812 0.5398622
vt 0.09112812 0.5398622
vt 0 0.5398622
vt 0 1
vt 0.09112812 1
vt 0.893436 1
vt 1 1
vt 1 0.5398622
vt 0.893436 0.5398622
vt 0.8890811 1
vt 0.893436 1
vt 0.893436 0.5398622
vt 0.889081 0.5398622
vt 0.1442628 1
vt 0.8890811 1
vt 0.889081 0.5398622
vt 0.1442628 0.5398622
vt 0.1442628 0.5398622
vt 0.1436644 0.5398622
vt 0.1436644 1
vt 0.1442628 1
vt 0.1436644 0.5398622
vt 0 0.5398622
vt 0 1
vt 0.1436644 1
vt 0.9088719 1
vt 1 1
vt 1 0.5398622
vt 0.9088719 0.5398622
vt 0.9088719 0.5398622
vt 0.8366586 0.5398622
vt 0.8366586 1
vt 0.9088719 1
vt 0.8366586 0.5398622
vt 0.7587147 0.5398622
vt 0.7587147 1
vt 0.8366586 1
vt 0.7587147 0.5398622
vt 0.6819689 0.5398622
vt 0.6819689 1
vt 0.7587147 1
vt 0.6590594 1
vt 0.6819689 1
vt 0.6819689 0.5398622
vt 0.6590594 0.5398622
vt 0.490036 1
vt 0.6590594 1
vt 0.6590594 0.5398622
vt 0.490036 0.5398622
vt 0.4798597 1
vt 0.490036 1
vt 0.490036 0.5398622
vt 0.4798597 0.5398622
vt 0.4798597 0.5398622
vt 0.2845952 0.5398622
vt 0.2845952 1
vt 0.4798597 1
vt 0.2845952 0.5398622
vt 0.2579573 0.5398622
vt 0.2579573 1
vt 0.2845952 1
vt 0.1967252 1
vt 0.2579573 1
vt 0.2579573 0.5398622
vt 0.1967252 0.5398622
vt 0.1967252 0.5398622
vt 0.1310601 0.5398622
vt 0.1310601 1
vt 0.1967252 1
vt 0.06534811 1
vt 0.1310601 1
vt 0.1310601 0.5398622
vt 0.06534811 0.5398622
vt 0.06534811 0.5398622
vt 0 0.5398622
vt 0 1
vt 0.06534811 1
vt 0.8563356 1
vt 1 1
vt 1 0.5398622
vt 0.8563356 0.5398622
usemtl Material 3
f 7539/7539/7539 7538/7538/7538 7537/7537/7537
f 7539/7539/7539 7537/7537/7537 7540/7540/7540
f 7543/7543/7543 7542/7542/7542 7541/7541/7541
f 7543/7543/7543 7541/7541/7541 7544/7544/7544
f 7547/7547/7547 7546/7546/7546 7545/7545/7545
f 7547/7547/7547 7545/7545/7545 7548/7548/7548
f 7551/7551/7551 7550/7550/7550 7549/7549/7549
f 7551/7551/7551 7549/7549/7549 7552/7552/7552
f 7555/7555/7555 7554/7554/7554 7553/7553/7553
f 7555/7555/7555 7553/7553/7553 7556/7556/7556
f 7559/7559/7559 7558/7558/7558 7557/7557/7557
f 7559/7559/7559 7557/7557/7557 7560/7560/7560
f 7563/7563/7563 7562/7562/7562 7561/7561/7561
f 7563/7563/7563 7561/7561/7561 7564/7564/7564
f 7567/7567/7567 7566/7566/7566 7565/7565/7565
f 7567/7567/7567 7565/7565/7565 7568/7568/7568
f 7571/7571/7571 7570/7570/7570 7569/7569/7569
f 7571/7571/7571 7569/7569/7569 7572/7572/7572
f 7575/7575/7575 7574/7574/7574 7573/7573/7573
f 7575/7575/7575 7573/7573/7573 7576/7576/7576
f 7579/7579/7579 7578/7578/7578 7577/7577/7577
f 7579/7579/7579 7577/7577/7577 7580/7580/7580
f 7583/7583/7583 7582/7582/7582 7581/7581/7581
f 7583/7583/7583 7581/7581/7581 7584/7584/7584
f 7587/7587/7587 7586/7586/7586 7585/7585/7585
f 7587/7587/7587 7585/7585/7585 7588/7588/7588
f 7591/7591/7591 7590/7590/7590 7589/7589/7589
f 7591/7591/7591 7589/7589/7589 7592/7592/7592
f 7595/7595/7595 7594/7594/7594 7593/7593/7593
f 7595/7595/7595 7593/7593/7593 7596/7596/7596
f 7599/7599/7599 7598/7598/7598 7597/7597/7597
f 7599/7599/7599 7597/7597/7597 7600/7600/7600
f 7603/7603/7603 7602/7602/7602 7601/7601/7601
f 7603/7603/7603 7601/7601/7601 7604/7604/7604
f 7607/7607/7607 7606/7606/7606 7605/7605/7605
f 7607/7607/7607 7605/7605/7605 7608/7608/7608
f 7611/7611/7611 7610/7610/7610 7609/7609/7609
f 7611/7611/7611 7609/7609/7609 7612/7612/7612
f 7615/7615/7615 7614/7614/7614 7613/7613/7613
f 7615/7615/7615 7613/7613/7613 7616/7616/7616
f 7619/7619/7619 7618/7618/7618 7617/7617/7617
f 7619/7619/7619 7617/7617/7617 7620/7620/7620
f 7623/7623/7623 7622/7622/7622 7621/7621/7621
f 7623/7623/7623 7621/7621/7621 7624/7624/7624
f 7627/7627/7627 7626/7626/7626 7625/7625/7625
f 7627/7627/7627 7625/7625/7625 7628/7628/7628
f 7631/7631/7631 7630/7630/7630 7629/7629/7629
f 7631/7631/7631 7629/7629/7629 7632/7632/7632
f 7635/7635/7635 7634/7634/7634 7633/7633/7633
f 7635/7635/7635 7633/7633/7633 7636/7636/7636
f 7639/7639/7639 7638/7638/7638 7637/7637/7637
f 7639/7639/7639 7637/7637/7637 7640/7640/7640
f 7643/7643/7643 7642/7642/7642 7641/7641/7641
f 7643/7643/7643 7641/7641/7641 7644/7644/7644
f 7647/7647/7647 7646/7646/7646 7645/7645/7645
f 7647/7647/7647 7645/7645/7645 7648/7648/7648
f 7651/7651/7651 7650/7650/7650 7649/7649/7649
f 7651/7651/7651 7649/7649/7649 7652/7652/7652
f 7655/7655/7655 7654/7654/7654 7653/7653/7653
f 7655/7655/7655 7653/7653/7653 7656/7656/7656
f 7659/7659/7659 7658/7658/7658 7657/7657/7657
f 7659/7659/7659 7657/7657/7657 7660/7660/7660
f 7663/7663/7663 7662/7662/7662 7661/7661/7661
f 7663/7663/7663 7661/7661/7661 7664/7664/7664
f 7667/7667/7667 7666/7666/7666 7665/7665/7665
f 7667/7667/7667 7665/7665/7665 7668/7668/7668
f 7671/7671/7671 7670/7670/7670 7669/7669/7669
f 7671/7671/7671 7669/7669/7669 7672/7672/7672
f 7675/7675/7675 7674/7674/7674 7673/7673/7673
f 7675/7675/7675 7673/7673/7673 7676/7676/7676
f 7679/7679/7679 7678/7678/7678 7677/7677/7677
f 7679/7679/7679 7677/7677/7677 7680/7680/7680
f 7683/7683/7683 7682/7682/7682 7681/7681/7681
f 7683/7683/7683 7681/7681/7681 7684/7684/7684
f 7687/7687/7687 7686/7686/7686 7685/7685/7685
f 7687/7687/7687 7685/7685/7685 7688/7688/7688
f 7691/7691/7691 7690/7690/7690 7689/7689/7689
f 7691/7691/7691 7689/7689/7689 7692/7692/7692
f 7695/7695/7695 7694/7694/7694 7693/7693/7693
f 7695/7695/7695 7693/7693/7693 7696/7696/7696
f 7699/7699/7699 7698/7698/7698 7697/7697/7697
f 7699/7699/7699 7697/7697/7697 7700/7700/7700
f 7703/7703/7703 7702/7702/7702 7701/7701/7701
f 7703/7703/7703 7701/7701/7701 7704/7704/7704
f 7707/7707/7707 7706/7706/7706 7705/7705/7705
f 7707/7707/7707 7705/7705/7705 7708/7708/7708
f 7711/7711/7711 7710/7710/7710 7709/7709/7709
f 7711/7711/7711 7709/7709/7709 7712/7712/7712
f 7715/7715/7715 7714/7714/7714 7713/7713/7713
f 7715/7715/7715 7713/7713/7713 7716/7716/7716
f 7719/7719/7719 7718/7718/7718 7717/7717/7717
f 7719/7719/7719 7717/7717/7717 7720/7720/7720
f 7723/7723/7723 7722/7722/7722 7721/7721/7721
f 7723/7723/7723 7721/7721/7721 7724/7724/7724
f 7727/7727/7727 7726/7726/7726 7725/7725/7725
f 7727/7727/7727 7725/7725/7725 7728/7728/7728
f 7731/7731/7731 7730/7730/7730 7729/7729/7729
f 7731/7731/7731 7729/7729/7729 7732/7732/7732
f 7735/7735/7735 7734/7734/7734 7733/7733/7733
f 7735/7735/7735 7733/7733/7733 7736/7736/7736
f 7739/7739/7739 7738/7738/7738 7737/7737/7737
f 7739/7739/7739 7737/7737/7737 7740/7740/7740
f 7743/7743/7743 7742/7742/7742 7741/7741/7741
f 7743/7743/7743 7741/7741/7741 7744/7744/7744
f 7747/7747/7747 7746/7746/7746 7745/7745/7745
f 7747/7747/7747 7745/7745/7745 7748/7748/7748
f 7751/7751/7751 7750/7750/7750 7749/7749/7749
f 7751/7751/7751 7749/7749/7749 7752/7752/7752
f 7755/7755/7755 7754/7754/7754 7753/7753/7753
f 7755/7755/7755 7753/7753/7753 7756/7756/7756
f 7759/7759/7759 7758/7758/7758 7757/7757/7757
f 7759/7759/7759 7757/7757/7757 7760/7760/7760
f 7763/7763/7763 7762/7762/7762 7761/7761/7761
f 7763/7763/7763 7761/7761/7761 7764/7764/7764
f 7767/7767/7767 7766/7766/7766 7765/7765/7765
f 7767/7767/7767 7765/7765/7765 7768/7768/7768
f 7771/7771/7771 7770/7770/7770 7769/7769/7769
f 7771/7771/7771 7769/7769/7769 7772/7772/7772
f 7775/7775/7775 7774/7774/7774 7773/7773/7773
f 7775/7775/7775 7773/7773/7773 7776/7776/7776
f 7779/7779/7779 7778/7778/7778 7777/7777/7777
f 7779/7779/7779 7777/7777/7777 7780/7780/7780
f 7783/7783/7783 7782/7782/7782 7781/7781/7781
f 7783/7783/7783 7781/7781/7781 7784/7784/7784
f 7787/7787/7787 7786/7786/7786 7785/7785/7785
f 7787/7787/7787 7785/7785/7785 7788/7788/7788
f 7791/7791/7791 7790/7790/7790 7789/7789/7789
f 7791/7791/7791 7789/7789/7789 7792/7792/7792
f 7795/7795/7795 7794/7794/7794 7793/7793/7793
f 7795/7795/7795 7793/7793/7793 7796/7796/7796
f 7799/7799/7799 7798/7798/7798 7797/7797/7797
f 7799/7799/7799 7797/7797/7797 7800/7800/7800
f 7803/7803/7803 7802/7802/7802 7801/7801/7801
f 7803/7803/7803 7801/7801/7801 7804/7804/7804
f 7807/7807/7807 7806/7806/7806 7805/7805/7805
f 7807/7807/7807 7805/7805/7805 7808/7808/7808
f 7811/7811/7811 7810/7810/7810 7809/7809/7809
f 7811/7811/7811 7809/7809/7809 7812/7812/7812
f 7815/7815/7815 7814/7814/7814 7813/7813/7813
f 7815/7815/7815 7813/7813/7813 7816/7816/7816
f 7819/7819/7819 7818/7818/7818 7817/7817/7817
f 7819/7819/7819 7817/7817/7817 7820/7820/7820
f 7823/7823/7823 7822/7822/7822 7821/7821/7821
f 7823/7823/7823 7821/7821/7821 7824/7824/7824
f 7827/7827/7827 7826/7826/7826 7825/7825/7825
f 7827/7827/7827 7825/7825/7825 7828/7828/7828
f 7831/7831/7831 7830/7830/7830 7829/7829/7829
f 7831/7831/7831 7829/7829/7829 7832/7832/7832
f 7835/7835/7835 7834/7834/7834 7833/7833/7833
f 7835/7835/7835 7833/7833/7833 7836/7836/7836
f 7839/7839/7839 7838/7838/7838 7837/7837/7837
f 7839/7839/7839 7837/7837/7837 7840/7840/7840
f 7843/7843/7843 7842/7842/7842 7841/7841/7841
f 7843/7843/7843 7841/7841/7841 7844/7844/7844
f 7847/7847/7847 7846/7846/7846 7845/7845/7845
f 7847/7847/7847 7845/7845/7845 7848/7848/7848
f 7851/7851/7851 7850/7850/7850 7849/7849/7849
f 7851/7851/7851 7849/7849/7849 7852/7852/7852
f 7855/7855/7855 7854/7854/7854 7853/7853/7853
f 7855/7855/7855 7853/7853/7853 7856/7856/7856
f 7859/7859/7859 7858/7858/7858 7857/7857/7857
f 7859/7859/7859 7857/7857/7857 7860/7860/7860
f 7863/7863/7863 7862/7862/7862 7861/7861/7861
f 7863/7863/7863 7861/7861/7861 7864/7864/7864
f 7867/7867/7867 7866/7866/7866 7865/7865/7865
f 7867/7867/7867 7865/7865/7865 7868/7868/7868
f 7871/7871/7871 7870/7870/7870 7869/7869/7869
f 7871/7871/7871 7869/7869/7869 7872/7872/7872
f 7875/7875/7875 7874/7874/7874 7873/7873/7873
f 7875/7875/7875 7873/7873/7873 7876/7876/7876
f 7879/7879/7879 7878/7878/7878 7877/7877/7877
f 7879/7879/7879 7877/7877/7877 7880/7880/7880
f 7883/7883/7883 7882/7882/7882 7881/7881/7881
f 7883/7883/7883 7881/7881/7881 7884/7884/7884
f 7887/7887/7887 7886/7886/7886 7885/7885/7885
f 7887/7887/7887 7885/7885/7885 7888/7888/7888
f 7891/7891/7891 7890/7890/7890 7889/7889/7889
f 7891/7891/7891 7889/7889/7889 7892/7892/7892
f 7895/7895/7895 7894/7894/7894 7893/7893/7893
f 7895/7895/7895 7893/7893/7893 7896/7896/7896
f 7899/7899/7899 7898/7898/7898 7897/7897/7897
f 7899/7899/7899 7897/7897/7897 7900/7900/7900
f 7903/7903/7903 7902/7902/7902 7901/7901/7901
f 7903/7903/7903 7901/7901/7901 7904/7904/7904
f 7907/7907/7907 7906/7906/7906 7905/7905/7905
f 7907/7907/7907 7905/7905/7905 7908/7908/7908
f 7911/7911/7911 7910/7910/7910 7909/7909/7909
f 7911/7911/7911 7909/7909/7909 7912/7912/7912
f 7915/7915/7915 7914/7914/7914 7913/7913/7913
f 7915/7915/7915 7913/7913/7913 7916/7916/7916
f 7919/7919/7919 7918/7918/7918 7917/7917/7917
f 7919/7919/7919 7917/7917/7917 7920/7920/7920
f 7923/7923/7923 7922/7922/7922 7921/7921/7921
f 7923/7923/7923 7921/7921/7921 7924/7924/7924
f 7927/7927/7927 7926/7926/7926 7925/7925/7925
f 7927/7927/7927 7925/7925/7925 7928/7928/7928
f 7931/7931/7931 7930/7930/7930 7929/7929/7929
f 7931/7931/7931 7929/7929/7929 7932/7932/7932
f 7935/7935/7935 7934/7934/7934 7933/7933/7933
f 7935/7935/7935 7933/7933/7933 7936/7936/7936
f 7939/7939/7939 7938/7938/7938 7937/7937/7937
f 7939/7939/7939 7937/7937/7937 7940/7940/7940
f 7943/7943/7943 7942/7942/7942 7941/7941/7941
f 7943/7943/7943 7941/7941/7941 7944/7944/7944
f 7947/7947/7947 7946/7946/7946 7945/7945/7945
f 7947/7947/7947 7945/7945/7945 7948/7948/7948
f 7951/7951/7951 7950/7950/7950 7949/7949/7949
f 7951/7951/7951 7949/7949/7949 7952/7952/7952
f 7955/7955/7955 7954/7954/7954 7953/7953/7953
f 7955/7955/7955 7953/7953/7953 7956/7956/7956
f 7959/7959/7959 7958/7958/7958 7957/7957/7957
f 7959/7959/7959 7957/7957/7957 7960/7960/7960
f 7963/7963/7963 7962/7962/7962 7961/7961/7961
f 7963/7963/7963 7961/7961/7961 7964/7964/7964
f 7967/7967/7967 7966/7966/7966 7965/7965/7965
f 7967/7967/7967 7965/7965/7965 7968/7968/7968
f 7971/7971/7971 7970/7970/7970 7969/7969/7969
f 7971/7971/7971 7969/7969/7969 7972/7972/7972
f 7975/7975/7975 7974/7974/7974 7973/7973/7973
f 7975/7975/7975 7973/7973/7973 7976/7976/7976
f 7979/7979/7979 7978/7978/7978 7977/7977/7977
f 7979/7979/7979 7977/7977/7977 7980/7980/7980
f 7983/7983/7983 7982/7982/7982 7981/7981/7981
f 7983/7983/7983 7981/7981/7981 7984/7984/7984
f 7987/7987/7987 7986/7986/7986 7985/7985/7985
f 7987/7987/7987 7985/7985/7985 7988/7988/7988
f 7991/7991/7991 7990/7990/7990 7989/7989/7989
f 7991/7991/7991 7989/7989/7989 7992/7992/7992
f 7995/7995/7995 7994/7994/7994 7993/7993/7993
f 7995/7995/7995 7993/7993/7993 7996/7996/7996
f 7999/7999/7999 7998/7998/7998 7997/7997/7997
f 7999/7999/7999 7997/7997/7997 8000/8000/8000
f 8003/8003/8003 8002/8002/8002 8001/8001/8001
f 8003/8003/8003 8001/8001/8001 8004/8004/8004
f 8007/8007/8007 8006/8006/8006 8005/8005/8005
f 8007/8007/8007 8005/8005/8005 8008/8008/8008
f 8011/8011/8011 8010/8010/8010 8009/8009/8009
f 8011/8011/8011 8009/8009/8009 8012/8012/8012
f 8015/8015/8015 8014/8014/8014 8013/8013/8013
f 8015/8015/8015 8013/8013/8013 8016/8016/8016
f 8019/8019/8019 8018/8018/8018 8017/8017/8017
f 8019/8019/8019 8017/8017/8017 8020/8020/8020
f 8023/8023/8023 8022/8022/8022 8021/8021/8021
f 8023/8023/8023 8021/8021/8021 8024/8024/8024
f 8027/8027/8027 8026/8026/8026 8025/8025/8025
f 8027/8027/8027 8025/8025/8025 8028/8028/8028
f 8031/8031/8031 8030/8030/8030 8029/8029/8029
f 8031/8031/8031 8029/8029/8029 8032/8032/8032
f 8035/8035/8035 8034/8034/8034 8033/8033/8033
f 8035/8035/8035 8033/8033/8033 8036/8036/8036
f 8039/8039/8039 8038/8038/8038 8037/8037/8037
f 8039/8039/8039 8037/8037/8037 8040/8040/8040
f 8043/8043/8043 8042/8042/8042 8041/8041/8041
f 8043/8043/8043 8041/8041/8041 8044/8044/8044
f 8047/8047/8047 8046/8046/8046 8045/8045/8045
f 8047/8047/8047 8045/8045/8045 8048/8048/8048
f 8051/8051/8051 8050/8050/8050 8049/8049/8049
f 8051/8051/8051 8049/8049/8049 8052/8052/8052
f 8055/8055/8055 8054/8054/8054 8053/8053/8053
f 8055/8055/8055 8053/8053/8053 8056/8056/8056
f 8059/8059/8059 8058/8058/8058 8057/8057/8057
f 8059/8059/8059 8057/8057/8057 8060/8060/8060
f 8063/8063/8063 8062/8062/8062 8061/8061/8061
f 8063/8063/8063 8061/8061/8061 8064/8064/8064
f 8067/8067/8067 8066/8066/8066 8065/8065/8065
f 8067/8067/8067 8065/8065/8065 8068/8068/8068
f 8071/8071/8071 8070/8070/8070 8069/8069/8069
f 8071/8071/8071 8069/8069/8069 8072/8072/8072
f 8075/8075/8075 8074/8074/8074 8073/8073/8073
f 8075/8075/8075 8073/8073/8073 8076/8076/8076
f 8079/8079/8079 8078/8078/8078 8077/8077/8077
f 8079/8079/8079 8077/8077/8077 8080/8080/8080
f 8083/8083/8083 8082/8082/8082 8081/8081/8081
f 8083/8083/8083 8081/8081/8081 8084/8084/8084
f 8087/8087/8087 8086/8086/8086 8085/8085/8085
f 8087/8087/8087 8085/8085/8085 8088/8088/8088
f 8091/8091/8091 8090/8090/8090 8089/8089/8089
f 8091/8091/8091 8089/8089/8089 8092/8092/8092
f 8095/8095/8095 8094/8094/8094 8093/8093/8093
f 8095/8095/8095 8093/8093/8093 8096/8096/8096
f 8099/8099/8099 8098/8098/8098 8097/8097/8097
f 8099/8099/8099 8097/8097/8097 8100/8100/8100
f 8103/8103/8103 8102/8102/8102 8101/8101/8101
f 8103/8103/8103 8101/8101/8101 8104/8104/8104
f 8107/8107/8107 8106/8106/8106 8105/8105/8105
f 8107/8107/8107 8105/8105/8105 8108/8108/8108
f 8111/8111/8111 8110/8110/8110 8109/8109/8109
f 8111/8111/8111 8109/8109/8109 8112/8112/8112
f 8115/8115/8115 8114/8114/8114 8113/8113/8113
f 8115/8115/8115 8113/8113/8113 8116/8116/8116
f 8119/8119/8119 8118/8118/8118 8117/8117/8117
f 8119/8119/8119 8117/8117/8117 8120/8120/8120
f 8123/8123/8123 8122/8122/8122 8121/8121/8121
f 8123/8123/8123 8121/8121/8121 8124/8124/8124
f 8127/8127/8127 8126/8126/8126 8125/8125/8125
f 8127/8127/8127 8125/8125/8125 8128/8128/8128
f 8131/8131/8131 8130/8130/8130 8129/8129/8129
f 8131/8131/8131 8129/8129/8129 8132/8132/8132
f 8135/8135/8135 8134/8134/8134 8133/8133/8133
f 8135/8135/8135 8133/8133/8133 8136/8136/8136
f 8139/8139/8139 8138/8138/8138 8137/8137/8137
f 8139/8139/8139 8137/8137/8137 8140/8140/8140
f 8143/8143/8143 8142/8142/8142 8141/8141/8141
f 8143/8143/8143 8141/8141/8141 8144/8144/8144
f 8147/8147/8147 8146/8146/8146 8145/8145/8145
f 8147/8147/8147 8145/8145/8145 8148/8148/8148
f 8151/8151/8151 8150/8150/8150 8149/8149/8149
f 8151/8151/8151 8149/8149/8149 8152/8152/8152
f 8155/8155/8155 8154/8154/8154 8153/8153/8153
f 8155/8155/8155 8153/8153/8153 8156/8156/8156
f 8159/8159/8159 8158/8158/8158 8157/8157/8157
f 8159/8159/8159 8157/8157/8157 8160/8160/8160
f 8163/8163/8163 8162/8162/8162 8161/8161/8161
f 8163/8163/8163 8161/8161/8161 8164/8164/8164
f 8167/8167/8167 8166/8166/8166 8165/8165/8165
f 8167/8167/8167 8165/8165/8165 8168/8168/8168
f 8171/8171/8171 8170/8170/8170 8169/8169/8169
f 8171/8171/8171 8169/8169/8169 8172/8172/8172
f 8175/8175/8175 8174/8174/8174 8173/8173/8173
f 8175/8175/8175 8173/8173/8173 8176/8176/8176
f 8179/8179/8179 8178/8178/8178 8177/8177/8177
f 8179/8179/8179 8177/8177/8177 8180/8180/8180
f 8183/8183/8183 8182/8182/8182 8181/8181/8181
f 8183/8183/8183 8181/8181/8181 8184/8184/8184
f 8187/8187/8187 8186/8186/8186 8185/8185/8185
f 8187/8187/8187 8185/8185/8185 8188/8188/8188
f 8191/8191/8191 8190/8190/8190 8189/8189/8189
f 8191/8191/8191 8189/8189/8189 8192/8192/8192
f 8195/8195/8195 8194/8194/8194 8193/8193/8193
f 8195/8195/8195 8193/8193/8193 8196/8196/8196
f 8199/8199/8199 8198/8198/8198 8197/8197/8197
f 8199/8199/8199 8197/8197/8197 8200/8200/8200
f 8203/8203/8203 8202/8202/8202 8201/8201/8201
f 8203/8203/8203 8201/8201/8201 8204/8204/8204
f 8207/8207/8207 8206/8206/8206 8205/8205/8205
f 8207/8207/8207 8205/8205/8205 8208/8208/8208
f 8211/8211/8211 8210/8210/8210 8209/8209/8209
f 8211/8211/8211 8209/8209/8209 8212/8212/8212
f 8215/8215/8215 8214/8214/8214 8213/8213/8213
f 8215/8215/8215 8213/8213/8213 8216/8216/8216
f 8219/8219/8219 8218/8218/8218 8217/8217/8217
f 8219/8219/8219 8217/8217/8217 8220/8220/8220
f 8223/8223/8223 8222/8222/8222 8221/8221/8221
f 8223/8223/8223 8221/8221/8221 8224/8224/8224
f 8227/8227/8227 8226/8226/8226 8225/8225/8225
f 8227/8227/8227 8225/8225/8225 8228/8228/8228
f 8231/8231/8231 8230/8230/8230 8229/8229/8229
f 8231/8231/8231 8229/8229/8229 8232/8232/8232
f 8235/8235/8235 8234/8234/8234 8233/8233/8233
f 8235/8235/8235 8233/8233/8233 8236/8236/8236
f 8239/8239/8239 8238/8238/8238 8237/8237/8237
f 8239/8239/8239 8237/8237/8237 8240/8240/8240
f 8243/8243/8243 8242/8242/8242 8241/8241/8241
f 8243/8243/8243 8241/8241/8241 8244/8244/8244
f 8247/8247/8247 8246/8246/8246 8245/8245/8245
f 8247/8247/8247 8245/8245/8245 8248/8248/8248
f 8251/8251/8251 8250/8250/8250 8249/8249/8249
f 8251/8251/8251 8249/8249/8249 8252/8252/8252
f 8255/8255/8255 8254/8254/8254 8253/8253/8253
f 8255/8255/8255 8253/8253/8253 8256/8256/8256
f 8259/8259/8259 8258/8258/8258 8257/8257/8257
f 8259/8259/8259 8257/8257/8257 8260/8260/8260
f 8263/8263/8263 8262/8262/8262 8261/8261/8261
f 8263/8263/8263 8261/8261/8261 8264/8264/8264
f 8267/8267/8267 8266/8266/8266 8265/8265/8265
f 8267/8267/8267 8265/8265/8265 8268/8268/8268
f 8271/8271/8271 8270/8270/8270 8269/8269/8269
f 8271/8271/8271 8269/8269/8269 8272/8272/8272
f 8275/8275/8275 8274/8274/8274 8273/8273/8273
f 8275/8275/8275 8273/8273/8273 8276/8276/8276
f 8279/8279/8279 8278/8278/8278 8277/8277/8277
f 8279/8279/8279 8277/8277/8277 8280/8280/8280
f 8283/8283/8283 8282/8282/8282 8281/8281/8281
f 8283/8283/8283 8281/8281/8281 8284/8284/8284
f 8287/8287/8287 8286/8286/8286 8285/8285/8285
f 8287/8287/8287 8285/8285/8285 8288/8288/8288
f 8291/8291/8291 8290/8290/8290 8289/8289/8289
f 8291/8291/8291 8289/8289/8289 8292/8292/8292
f 8295/8295/8295 8294/8294/8294 8293/8293/8293
f 8295/8295/8295 8293/8293/8293 8296/8296/8296
f 8299/8299/8299 8298/8298/8298 8297/8297/8297
f 8299/8299/8299 8297/8297/8297 8300/8300/8300
f 8303/8303/8303 8302/8302/8302 8301/8301/8301
f 8303/8303/8303 8301/8301/8301 8304/8304/8304
f 8307/8307/8307 8306/8306/8306 8305/8305/8305
f 8307/8307/8307 8305/8305/8305 8308/8308/8308
f 8311/8311/8311 8310/8310/8310 8309/8309/8309
f 8311/8311/8311 8309/8309/8309 8312/8312/8312
f 8315/8315/8315 8314/8314/8314 8313/8313/8313
f 8315/8315/8315 8313/8313/8313 8316/8316/8316
f 8319/8319/8319 8318/8318/8318 8317/8317/8317
f 8319/8319/8319 8317/8317/8317 8320/8320/8320
f 8323/8323/8323 8322/8322/8322 8321/8321/8321
f 8323/8323/8323 8321/8321/8321 8324/8324/8324
f 8327/8327/8327 8326/8326/8326 8325/8325/8325
f 8327/8327/8327 8325/8325/8325 8328/8328/8328
f 8331/8331/8331 8330/8330/8330 8329/8329/8329
f 8331/8331/8331 8329/8329/8329 8332/8332/8332
f 8335/8335/8335 8334/8334/8334 8333/8333/8333
f 8335/8335/8335 8333/8333/8333 8336/8336/8336
f 8339/8339/8339 8338/8338/8338 8337/8337/8337
f 8339/8339/8339 8337/8337/8337 8340/8340/8340
f 8343/8343/8343 8342/8342/8342 8341/8341/8341
f 8343/8343/8343 8341/8341/8341 8344/8344/8344
f 8347/8347/8347 8346/8346/8346 8345/8345/8345
f 8347/8347/8347 8345/8345/8345 8348/8348/8348
f 8351/8351/8351 8350/8350/8350 8349/8349/8349
f 8351/8351/8351 8349/8349/8349 8352/8352/8352
f 8355/8355/8355 8354/8354/8354 8353/8353/8353
f 8355/8355/8355 8353/8353/8353 8356/8356/8356
f 8359/8359/8359 8358/8358/8358 8357/8357/8357
f 8359/8359/8359 8357/8357/8357 8360/8360/8360
f 8363/8363/8363 8362/8362/8362 8361/8361/8361
f 8363/8363/8363 8361/8361/8361 8364/8364/8364
f 8367/8367/8367 8366/8366/8366 8365/8365/8365
f 8367/8367/8367 8365/8365/8365 8368/8368/8368
f 8371/8371/8371 8370/8370/8370 8369/8369/8369
f 8371/8371/8371 8369/8369/8369 8372/8372/8372
f 8375/8375/8375 8374/8374/8374 8373/8373/8373
f 8375/8375/8375 8373/8373/8373 8376/8376/8376
f 8379/8379/8379 8378/8378/8378 8377/8377/8377
f 8379/8379/8379 8377/8377/8377 8380/8380/8380
f 8383/8383/8383 8382/8382/8382 8381/8381/8381
f 8383/8383/8383 8381/8381/8381 8384/8384/8384
f 8387/8387/8387 8386/8386/8386 8385/8385/8385
f 8387/8387/8387 8385/8385/8385 8388/8388/8388
f 8391/8391/8391 8390/8390/8390 8389/8389/8389
f 8391/8391/8391 8389/8389/8389 8392/8392/8392
f 8395/8395/8395 8394/8394/8394 8393/8393/8393
f 8395/8395/8395 8393/8393/8393 8396/8396/8396
f 8399/8399/8399 8398/8398/8398 8397/8397/8397
f 8399/8399/8399 8397/8397/8397 8400/8400/8400
f 8403/8403/8403 8402/8402/8402 8401/8401/8401
f 8403/8403/8403 8401/8401/8401 8404/8404/8404
f 8407/8407/8407 8406/8406/8406 8405/8405/8405
f 8407/8407/8407 8405/8405/8405 8408/8408/8408
f 8411/8411/8411 8410/8410/8410 8409/8409/8409
f 8411/8411/8411 8409/8409/8409 8412/8412/8412
f 8415/8415/8415 8414/8414/8414 8413/8413/8413
f 8415/8415/8415 8413/8413/8413 8416/8416/8416
f 8419/8419/8419 8418/8418/8418 8417/8417/8417
f 8419/8419/8419 8417/8417/8417 8420/8420/8420
f 8423/8423/8423 8422/8422/8422 8421/8421/8421
f 8423/8423/8423 8421/8421/8421 8424/8424/8424
f 8427/8427/8427 8426/8426/8426 8425/8425/8425
f 8427/8427/8427 8425/8425/8425 8428/8428/8428
f 8431/8431/8431 8430/8430/8430 8429/8429/8429
f 8431/8431/8431 8429/8429/8429 8432/8432/8432
f 8435/8435/8435 8434/8434/8434 8433/8433/8433
f 8435/8435/8435 8433/8433/8433 8436/8436/8436
f 8439/8439/8439 8438/8438/8438 8437/8437/8437
f 8439/8439/8439 8437/8437/8437 8440/8440/8440
f 8443/8443/8443 8442/8442/8442 8441/8441/8441
f 8443/8443/8443 8441/8441/8441 8444/8444/8444
f 8447/8447/8447 8446/8446/8446 8445/8445/8445
f 8447/8447/8447 8445/8445/8445 8448/8448/8448
f 8451/8451/8451 8450/8450/8450 8449/8449/8449
f 8451/8451/8451 8449/8449/8449 8452/8452/8452
f 8455/8455/8455 8454/8454/8454 8453/8453/8453
f 8455/8455/8455 8453/8453/8453 8456/8456/8456
f 8459/8459/8459 8458/8458/8458 8457/8457/8457
f 8459/8459/8459 8457/8457/8457 8460/8460/8460
f 8463/8463/8463 8462/8462/8462 8461/8461/8461
f 8463/8463/8463 8461/8461/8461 8464/8464/8464
f 8467/8467/8467 8466/8466/8466 8465/8465/8465
f 8467/8467/8467 8465/8465/8465 8468/8468/8468
f 8471/8471/8471 8470/8470/8470 8469/8469/8469
f 8471/8471/8471 8469/8469/8469 8472/8472/8472
f 8475/8475/8475 8474/8474/8474 8473/8473/8473
f 8475/8475/8475 8473/8473/8473 8476/8476/8476
f 8479/8479/8479 8478/8478/8478 8477/8477/8477
f 8479/8479/8479 8477/8477/8477 8480/8480/8480
f 8483/8483/8483 8482/8482/8482 8481/8481/8481
f 8483/8483/8483 8481/8481/8481 8484/8484/8484
f 8487/8487/8487 8486/8486/8486 8485/8485/8485
f 8487/8487/8487 8485/8485/8485 8488/8488/8488
f 8491/8491/8491 8490/8490/8490 8489/8489/8489
f 8491/8491/8491 8489/8489/8489 8492/8492/8492
f 8495/8495/8495 8494/8494/8494 8493/8493/8493
f 8495/8495/8495 8493/8493/8493 8496/8496/8496
f 8499/8499/8499 8498/8498/8498 8497/8497/8497
f 8499/8499/8499 8497/8497/8497 8500/8500/8500
f 8503/8503/8503 8502/8502/8502 8501/8501/8501
f 8503/8503/8503 8501/8501/8501 8504/8504/8504
f 8507/8507/8507 8506/8506/8506 8505/8505/8505
f 8507/8507/8507 8505/8505/8505 8508/8508/8508
f 8511/8511/8511 8510/8510/8510 8509/8509/8509
f 8511/8511/8511 8509/8509/8509 8512/8512/8512
f 8515/8515/8515 8514/8514/8514 8513/8513/8513
f 8515/8515/8515 8513/8513/8513 8516/8516/8516
f 8519/8519/8519 8518/8518/8518 8517/8517/8517
f 8519/8519/8519 8517/8517/8517 8520/8520/8520
f 8523/8523/8523 8522/8522/8522 8521/8521/8521
f 8523/8523/8523 8521/8521/8521 8524/8524/8524
f 8527/8527/8527 8526/8526/8526 8525/8525/8525
f 8527/8527/8527 8525/8525/8525 8528/8528/8528
f 8531/8531/8531 8530/8530/8530 8529/8529/8529
f 8531/8531/8531 8529/8529/8529 8532/8532/8532
f 8535/8535/8535 8534/8534/8534 8533/8533/8533
f 8535/8535/8535 8533/8533/8533 8536/8536/8536
f 8539/8539/8539 8538/8538/8538 8537/8537/8537
f 8539/8539/8539 8537/8537/8537 8540/8540/8540
f 8543/8543/8543 8542/8542/8542 8541/8541/8541
f 8543/8543/8543 8541/8541/8541 8544/8544/8544
f 8547/8547/8547 8546/8546/8546 8545/8545/8545
f 8547/8547/8547 8545/8545/8545 8548/8548/8548
f 8551/8551/8551 8550/8550/8550 8549/8549/8549
f 8551/8551/8551 8549/8549/8549 8552/8552/8552
f 8555/8555/8555 8554/8554/8554 8553/8553/8553
f 8555/8555/8555 8553/8553/8553 8556/8556/8556
f 8559/8559/8559 8558/8558/8558 8557/8557/8557
f 8559/8559/8559 8557/8557/8557 8560/8560/8560
f 8563/8563/8563 8562/8562/8562 8561/8561/8561
f 8563/8563/8563 8561/8561/8561 8564/8564/8564
f 8567/8567/8567 8566/8566/8566 8565/8565/8565
f 8567/8567/8567 8565/8565/8565 8568/8568/8568
f 8571/8571/8571 8570/8570/8570 8569/8569/8569
f 8571/8571/8571 8569/8569/8569 8572/8572/8572
f 8575/8575/8575 8574/8574/8574 8573/8573/8573
f 8575/8575/8575 8573/8573/8573 8576/8576/8576
f 8579/8579/8579 8578/8578/8578 8577/8577/8577
f 8579/8579/8579 8577/8577/8577 8580/8580/8580
f 8583/8583/8583 8582/8582/8582 8581/8581/8581
f 8583/8583/8583 8581/8581/8581 8584/8584/8584
f 8587/8587/8587 8586/8586/8586 8585/8585/8585
f 8587/8587/8587 8585/8585/8585 8588/8588/8588
f 8591/8591/8591 8590/8590/8590 8589/8589/8589
f 8591/8591/8591 8589/8589/8589 8592/8592/8592
f 8595/8595/8595 8594/8594/8594 8593/8593/8593
f 8595/8595/8595 8593/8593/8593 8596/8596/8596
f 8599/8599/8599 8598/8598/8598 8597/8597/8597
f 8599/8599/8599 8597/8597/8597 8600/8600/8600
f 8603/8603/8603 8602/8602/8602 8601/8601/8601
f 8603/8603/8603 8601/8601/8601 8604/8604/8604
f 8607/8607/8607 8606/8606/8606 8605/8605/8605
f 8607/8607/8607 8605/8605/8605 8608/8608/8608
f 8611/8611/8611 8610/8610/8610 8609/8609/8609
f 8611/8611/8611 8609/8609/8609 8612/8612/8612
f 8615/8615/8615 8614/8614/8614 8613/8613/8613
f 8615/8615/8615 8613/8613/8613 8616/8616/8616
f 8619/8619/8619 8618/8618/8618 8617/8617/8617
f 8619/8619/8619 8617/8617/8617 8620/8620/8620
f 8623/8623/8623 8622/8622/8622 8621/8621/8621
f 8623/8623/8623 8621/8621/8621 8624/8624/8624
f 8627/8627/8627 8626/8626/8626 8625/8625/8625
f 8627/8627/8627 8625/8625/8625 8628/8628/8628
f 8631/8631/8631 8630/8630/8630 8629/8629/8629
f 8631/8631/8631 8629/8629/8629 8632/8632/8632
f 8635/8635/8635 8634/8634/8634 8633/8633/8633
f 8635/8635/8635 8633/8633/8633 8636/8636/8636
f 8639/8639/8639 8638/8638/8638 8637/8637/8637
f 8639/8639/8639 8637/8637/8637 8640/8640/8640
f 8643/8643/8643 8642/8642/8642 8641/8641/8641
f 8643/8643/8643 8641/8641/8641 8644/8644/8644
f 8647/8647/8647 8646/8646/8646 8645/8645/8645
f 8647/8647/8647 8645/8645/8645 8648/8648/8648
f 8651/8651/8651 8650/8650/8650 8649/8649/8649
f 8651/8651/8651 8649/8649/8649 8652/8652/8652
f 8655/8655/8655 8654/8654/8654 8653/8653/8653
f 8655/8655/8655 8653/8653/8653 8656/8656/8656
f 8659/8659/8659 8658/8658/8658 8657/8657/8657
f 8659/8659/8659 8657/8657/8657 8660/8660/8660
f 8663/8663/8663 8662/8662/8662 8661/8661/8661
f 8663/8663/8663 8661/8661/8661 8664/8664/8664
f 8667/8667/8667 8666/8666/8666 8665/8665/8665
f 8667/8667/8667 8665/8665/8665 8668/8668/8668
f 8671/8671/8671 8670/8670/8670 8669/8669/8669
f 8671/8671/8671 8669/8669/8669 8672/8672/8672
f 8675/8675/8675 8674/8674/8674 8673/8673/8673
f 8675/8675/8675 8673/8673/8673 8676/8676/8676
f 8679/8679/8679 8678/8678/8678 8677/8677/8677
f 8679/8679/8679 8677/8677/8677 8680/8680/8680
f 8683/8683/8683 8682/8682/8682 8681/8681/8681
f 8683/8683/8683 8681/8681/8681 8684/8684/8684
f 8687/8687/8687 8686/8686/8686 8685/8685/8685
f 8687/8687/8687 8685/8685/8685 8688/8688/8688
f 8691/8691/8691 8690/8690/8690 8689/8689/8689
f 8691/8691/8691 8689/8689/8689 8692/8692/8692
f 8695/8695/8695 8694/8694/8694 8693/8693/8693
f 8695/8695/8695 8693/8693/8693 8696/8696/8696
f 8699/8699/8699 8698/8698/8698 8697/8697/8697
f 8699/8699/8699 8697/8697/8697 8700/8700/8700
f 8703/8703/8703 8702/8702/8702 8701/8701/8701
f 8703/8703/8703 8701/8701/8701 8704/8704/8704
f 8707/8707/8707 8706/8706/8706 8705/8705/8705
f 8707/8707/8707 8705/8705/8705 8708/8708/8708
f 8711/8711/8711 8710/8710/8710 8709/8709/8709
f 8711/8711/8711 8709/8709/8709 8712/8712/8712
f 8715/8715/8715 8714/8714/8714 8713/8713/8713
f 8715/8715/8715 8713/8713/8713 8716/8716/8716
f 8719/8719/8719 8718/8718/8718 8717/8717/8717
f 8719/8719/8719 8717/8717/8717 8720/8720/8720
f 8723/8723/8723 8722/8722/8722 8721/8721/8721
f 8723/8723/8723 8721/8721/8721 8724/8724/8724
f 8727/8727/8727 8726/8726/8726 8725/8725/8725
f 8727/8727/8727 8725/8725/8725 8728/8728/8728
f 8731/8731/8731 8730/8730/8730 8729/8729/8729
f 8731/8731/8731 8729/8729/8729 8732/8732/8732
f 8735/8735/8735 8734/8734/8734 8733/8733/8733
f 8735/8735/8735 8733/8733/8733 8736/8736/8736
f 8739/8739/8739 8738/8738/8738 8737/8737/8737
f 8739/8739/8739 8737/8737/8737 8740/8740/8740
f 8743/8743/8743 8742/8742/8742 8741/8741/8741
f 8743/8743/8743 8741/8741/8741 8744/8744/8744
f 8747/8747/8747 8746/8746/8746 8745/8745/8745
f 8747/8747/8747 8745/8745/8745 8748/8748/8748
f 8751/8751/8751 8750/8750/8750 8749/8749/8749
f 8751/8751/8751 8749/8749/8749 8752/8752/8752
f 8755/8755/8755 8754/8754/8754 8753/8753/8753
f 8755/8755/8755 8753/8753/8753 8756/8756/8756
f 8759/8759/8759 8758/8758/8758 8757/8757/8757
f 8759/8759/8759 8757/8757/8757 8760/8760/8760
f 8763/8763/8763 8762/8762/8762 8761/8761/8761
f 8763/8763/8763 8761/8761/8761 8764/8764/8764
f 8767/8767/8767 8766/8766/8766 8765/8765/8765
f 8767/8767/8767 8765/8765/8765 8768/8768/8768
f 8771/8771/8771 8770/8770/8770 8769/8769/8769
f 8771/8771/8771 8769/8769/8769 8772/8772/8772
f 8775/8775/8775 8774/8774/8774 8773/8773/8773
f 8775/8775/8775 8773/8773/8773 8776/8776/8776
f 8779/8779/8779 8778/8778/8778 8777/8777/8777
f 8779/8779/8779 8777/8777/8777 8780/8780/8780
f 8783/8783/8783 8782/8782/8782 8781/8781/8781
f 8783/8783/8783 8781/8781/8781 8784/8784/8784
f 8787/8787/8787 8786/8786/8786 8785/8785/8785
f 8787/8787/8787 8785/8785/8785 8788/8788/8788
f 8791/8791/8791 8790/8790/8790 8789/8789/8789
f 8791/8791/8791 8789/8789/8789 8792/8792/8792
f 8795/8795/8795 8794/8794/8794 8793/8793/8793
f 8795/8795/8795 8793/8793/8793 8796/8796/8796
f 8799/8799/8799 8798/8798/8798 8797/8797/8797
f 8799/8799/8799 8797/8797/8797 8800/8800/8800
f 8803/8803/8803 8802/8802/8802 8801/8801/8801
f 8803/8803/8803 8801/8801/8801 8804/8804/8804
f 8807/8807/8807 8806/8806/8806 8805/8805/8805
f 8807/8807/8807 8805/8805/8805 8808/8808/8808
f 8811/8811/8811 8810/8810/8810 8809/8809/8809
f 8811/8811/8811 8809/8809/8809 8812/8812/8812
f 8815/8815/8815 8814/8814/8814 8813/8813/8813
f 8815/8815/8815 8813/8813/8813 8816/8816/8816
f 8819/8819/8819 8818/8818/8818 8817/8817/8817
f 8819/8819/8819 8817/8817/8817 8820/8820/8820
f 8823/8823/8823 8822/8822/8822 8821/8821/8821
f 8823/8823/8823 8821/8821/8821 8824/8824/8824
