Using pre-set license
Built from '2022.3/staging' branch; Version is '2022.3.57f1 (9d8bd91adc0a) revision 10324953'; Using compiler version '192829333'; Build Type 'Release'
OS: 'Windows 10  (10.0.19045) 64bit Professional' Language: 'en' Physical Memory: 8136 MB
BatchMode: 1, IsHumanControllingUs: 0, StartBugReporterOnCrash: 0, Is64bit: 1, IsPro: 1

COMMAND LINE ARGUMENTS:
D:\2 YAHYA\2022.3.57f1\Editor\Unity.exe
-adb2
-batchMode
-noUpm
-name
AssetImportWorker0
-projectPath
D:/2 YAHYA/Action
-logFile
Logs/AssetImportWorker0.log
-srvPort
52118
Successfully changed project path to: D:/2 YAHYA/Action
D:/2 YAHYA/Action
[UnityMemory] Configuration Parameters - Can be set up in boot.config
    "memorysetup-bucket-allocator-granularity=16"
    "memorysetup-bucket-allocator-bucket-count=8"
    "memorysetup-bucket-allocator-block-size=33554432"
    "memorysetup-bucket-allocator-block-count=8"
    "memorysetup-main-allocator-block-size=16777216"
    "memorysetup-thread-allocator-block-size=16777216"
    "memorysetup-gfx-main-allocator-block-size=16777216"
    "memorysetup-gfx-thread-allocator-block-size=16777216"
    "memorysetup-cache-allocator-block-size=4194304"
    "memorysetup-typetree-allocator-block-size=2097152"
    "memorysetup-profiler-bucket-allocator-granularity=16"
    "memorysetup-profiler-bucket-allocator-bucket-count=8"
    "memorysetup-profiler-bucket-allocator-block-size=33554432"
    "memorysetup-profiler-bucket-allocator-block-count=8"
    "memorysetup-profiler-allocator-block-size=16777216"
    "memorysetup-profiler-editor-allocator-block-size=1048576"
    "memorysetup-temp-allocator-size-main=16777216"
    "memorysetup-job-temp-allocator-block-size=2097152"
    "memorysetup-job-temp-allocator-block-size-background=1048576"
    "memorysetup-job-temp-allocator-reduction-small-platforms=262144"
    "memorysetup-allocator-temp-initial-block-size-main=262144"
    "memorysetup-allocator-temp-initial-block-size-worker=262144"
    "memorysetup-temp-allocator-size-background-worker=32768"
    "memorysetup-temp-allocator-size-job-worker=262144"
    "memorysetup-temp-allocator-size-preload-manager=33554432"
    "memorysetup-temp-allocator-size-nav-mesh-worker=65536"
    "memorysetup-temp-allocator-size-audio-worker=65536"
    "memorysetup-temp-allocator-size-cloud-worker=32768"
    "memorysetup-temp-allocator-size-gi-baking-worker=262144"
    "memorysetup-temp-allocator-size-gfx=262144"
Player connection [3216]  Target information:

Player connection [3216] Host joined multi-casting on [225.0.0.222:54997]...
Player connection [3216] Host joined alternative multi-casting on [225.0.0.222:34997]...
Input System module state changed to: Initialized.
[PhysX] Initialized MultithreadedTaskDispatcher with 8 workers.
Refreshing native plugins compatible for Editor in 32.34 ms, found 3 plugins.
Preloading 0 native plugins for Editor in 0.00 ms.
Initialize engine version: 2022.3.57f1 (9d8bd91adc0a)
[Subsystems] Discovering subsystems at path D:/2 YAHYA/2022.3.57f1/Editor/Data/Resources/UnitySubsystems
[Subsystems] Discovering subsystems at path D:/2 YAHYA/Action/Assets
GfxDevice: creating device client; threaded=0; jobified=0
Direct3D:
    Version:  Direct3D 11.0 [level 11.1]
    Renderer: NVIDIA Quadro P400 (ID=0x1cb3)
    Vendor:   NVIDIA
    VRAM:     1966 MB
    Driver:   32.0.15.7260
Initialize mono
Mono path[0] = 'D:/2 YAHYA/2022.3.57f1/Editor/Data/Managed'
Mono path[1] = 'D:/2 YAHYA/2022.3.57f1/Editor/Data/MonoBleedingEdge/lib/mono/unityjit-win32'
Mono config path = 'D:/2 YAHYA/2022.3.57f1/Editor/Data/MonoBleedingEdge/etc'
Using monoOptions --debugger-agent=transport=dt_socket,embedding=1,server=y,suspend=n,address=127.0.0.1:56672
Begin MonoManager ReloadAssembly
Registering precompiled unity dll's ...
Register platform support module: D:/2 YAHYA/2022.3.57f1/Editor/Data/PlaybackEngines/WebGLSupport/UnityEditor.WebGL.Extensions.dll
Register platform support module: D:/2 YAHYA/2022.3.57f1/Editor/Data/PlaybackEngines/AndroidPlayer/UnityEditor.Android.Extensions.dll
Register platform support module: D:/2 YAHYA/2022.3.57f1/Editor/Data/PlaybackEngines/WindowsStandaloneSupport/UnityEditor.WindowsStandalone.Extensions.dll
Registered in 0.052484 seconds.
- Loaded All Assemblies, in  0.774 seconds
Native extension for WindowsStandalone target not found
Native extension for Android target not found
Android Extension - Scanning For ADB Devices 458 ms
Native extension for WebGL target not found
Mono: successfully reloaded assembly
- Finished resetting the current domain, in  1.017 seconds
Domain Reload Profiling: 1778ms
	BeginReloadAssembly (238ms)
		ExecutionOrderSort (0ms)
		DisableScriptedObjects (0ms)
		BackupInstance (0ms)
		ReleaseScriptingObjects (0ms)
		CreateAndSetChildDomain (1ms)
	RebuildCommonClasses (54ms)
	RebuildNativeTypeToScriptingClass (21ms)
	initialDomainReloadingComplete (165ms)
	LoadAllAssembliesAndSetupDomain (284ms)
		LoadAssemblies (230ms)
		RebuildTransferFunctionScriptingTraits (0ms)
		AnalyzeDomain (276ms)
			TypeCache.Refresh (273ms)
				TypeCache.ScanAssembly (249ms)
			ScanForSourceGeneratedMonoScriptInfo (1ms)
			ResolveRequiredComponents (1ms)
	FinalizeReload (1018ms)
		ReleaseScriptCaches (0ms)
		RebuildScriptCaches (0ms)
		SetupLoadedEditorAssemblies (938ms)
			LogAssemblyErrors (0ms)
			InitializePlatformSupportModulesInManaged (646ms)
			SetLoadedEditorAssemblies (6ms)
			RefreshPlugins (0ms)
			BeforeProcessingInitializeOnLoad (4ms)
			ProcessInitializeOnLoadAttributes (204ms)
			ProcessInitializeOnLoadMethodAttributes (78ms)
			AfterProcessingInitializeOnLoad (0ms)
			EditorAssembliesLoaded (0ms)
		ExecutionOrderSort2 (0ms)
		AwakeInstancesAfterBackupRestoration (0ms)
========================================================================
Worker process is ready to serve import requests
Caller must complete domain reload
Begin MonoManager ReloadAssembly
- Loaded All Assemblies, in  3.427 seconds
Native extension for WindowsStandalone target not found
Native extension for Android target not found
Native extension for WebGL target not found
Mono: successfully reloaded assembly
- Finished resetting the current domain, in  1.742 seconds
Domain Reload Profiling: 5111ms
	BeginReloadAssembly (541ms)
		ExecutionOrderSort (0ms)
		DisableScriptedObjects (10ms)
		BackupInstance (0ms)
		ReleaseScriptingObjects (0ms)
		CreateAndSetChildDomain (34ms)
	RebuildCommonClasses (306ms)
	RebuildNativeTypeToScriptingClass (80ms)
	initialDomainReloadingComplete (297ms)
	LoadAllAssembliesAndSetupDomain (2143ms)
		LoadAssemblies (1828ms)
		RebuildTransferFunctionScriptingTraits (0ms)
		AnalyzeDomain (736ms)
			TypeCache.Refresh (699ms)
				TypeCache.ScanAssembly (670ms)
			ScanForSourceGeneratedMonoScriptInfo (25ms)
			ResolveRequiredComponents (10ms)
	FinalizeReload (1743ms)
		ReleaseScriptCaches (0ms)
		RebuildScriptCaches (0ms)
		SetupLoadedEditorAssemblies (1247ms)
			LogAssemblyErrors (0ms)
			InitializePlatformSupportModulesInManaged (57ms)
			SetLoadedEditorAssemblies (8ms)
			RefreshPlugins (0ms)
			BeforeProcessingInitializeOnLoad (244ms)
			ProcessInitializeOnLoadAttributes (854ms)
			ProcessInitializeOnLoadMethodAttributes (33ms)
			AfterProcessingInitializeOnLoad (50ms)
			EditorAssembliesLoaded (0ms)
		ExecutionOrderSort2 (0ms)
		AwakeInstancesAfterBackupRestoration (10ms)
Launched and connected shader compiler UnityShaderCompiler.exe after 0.06 seconds
Refreshing native plugins compatible for Editor in 23.23 ms, found 3 plugins.
Preloading 0 native plugins for Editor in 0.00 ms.
Unloading 3579 Unused Serialized files (Serialized files now loaded: 0)
Unloading 20 unused Assets / (104.7 KB). Loaded Objects now: 4053.
Memory consumption went from 140.6 MB to 140.5 MB.
Total: 9.436200 ms (FindLiveObjects: 0.733400 ms CreateObjectMapping: 0.239400 ms MarkObjects: 8.216400 ms  DeleteObjects: 0.245200 ms)

AssetImportParameters requested are different than current active one (requested -> active):
  custom:container-demuxer-ogg: 62fdf1f143b41e24485cea50d1cbac27 -> 
  custom:video-decoder-ogg-theora: a1e56fd34408186e4bbccfd4996cb3dc -> 
  custom:framework-win-MediaFoundation: 216162199b28c13a410421893ffa2e32 -> 
  custom:CustomObjectIndexerAttribute: 9a22284fe3817be447336de3de66b15e -> 
  custom:container-demuxer-webm: 4f35f7cbe854078d1ac9338744f61a02 -> 
  custom:container-muxer-webm: aa71ff27fc2769a1b78a27578f13a17b -> 
  custom:video-decoder-webm-vp8: 9c59270c3fd7afecdb556c50c9e8de78 -> 
  custom:SearchIndexIgnoredProperties: e643bd26f0fe6173181afceb89e7c659 -> 
  custom:AudioImporter_EditorPlatform: d09bf68614088b80899f8185d706f6e7 -> 
  custom:video-encoder-webm-vp8: eb34c28f22e8b96e1ab97ce403110664 -> 
  custom:audio-decoder-ogg-vorbis: bf7c407c2cedff20999df2af8eb42d56 -> 
  custom:audio-encoder-webm-vorbis: bf7c407c2cedff20999df2af8eb42d56 -> 
========================================================================
Received Import Request.
  Time since last request: 3287.784195 seconds.
  path: Assets/Scenes/SampleScene.unity
  artifactKey: Guid(9fc0d4010bbf28b4594072e72b8655ab) Importer(815301076,1909f56bfc062723c751e8b465ee728b)
Start importing Assets/Scenes/SampleScene.unity using Guid(9fc0d4010bbf28b4594072e72b8655ab) Importer(815301076,1909f56bfc062723c751e8b465ee728b) [PhysX] Initialized MultithreadedTaskDispatcher with 8 workers.
 -> (artifact id: 'ba123f1e65fc44a0ae8c003fe8239525') in 0.005933 seconds
Number of updated asset objects reloaded before import = 0
Number of asset objects unloaded after import = 0
========================================================================
Received Import Request.
  Time since last request: 458.327372 seconds.
  path: Assets/Materials/خريطة الدول العربية.mat
  artifactKey: Guid(10bc0aafd372e6348b3a8bcd8c559b8e) Importer(815301076,1909f56bfc062723c751e8b465ee728b)
Start importing Assets/Materials/خريطة الدول العربية.mat using Guid(10bc0aafd372e6348b3a8bcd8c559b8e) Importer(815301076,1909f56bfc062723c751e8b465ee728b) [PhysX] Initialized MultithreadedTaskDispatcher with 8 workers.
[PhysX] Initialized MultithreadedTaskDispatcher with 8 workers.
 -> (artifact id: '7f80170d67719734f418ada7f1a57077') in 0.173351 seconds
Number of updated asset objects reloaded before import = 0
Number of asset objects unloaded after import = 2
========================================================================
Received Import Request.
  Time since last request: 1730.417704 seconds.
  path: Assets/Adventure_Character/Materials/Man_Body.mat
  artifactKey: Guid(215fc7c8e2d87c8438088b27a1600878) Importer(815301076,1909f56bfc062723c751e8b465ee728b)
Start importing Assets/Adventure_Character/Materials/Man_Body.mat using Guid(215fc7c8e2d87c8438088b27a1600878) Importer(815301076,1909f56bfc062723c751e8b465ee728b) [PhysX] Initialized MultithreadedTaskDispatcher with 8 workers.
[PhysX] Initialized MultithreadedTaskDispatcher with 8 workers.
 -> (artifact id: '849f97fbef746b45e2cbc075bc2f0ca1') in 2.110117 seconds
Number of updated asset objects reloaded before import = 0
Number of asset objects unloaded after import = 5
========================================================================
Received Import Request.
  Time since last request: 0.000049 seconds.
  path: Assets/Adventure_Character/Materials/Man_Cloth_Up_02.mat
  artifactKey: Guid(1fa5b2a9d37f61244aefcdac8092f401) Importer(815301076,1909f56bfc062723c751e8b465ee728b)
Start importing Assets/Adventure_Character/Materials/Man_Cloth_Up_02.mat using Guid(1fa5b2a9d37f61244aefcdac8092f401) Importer(815301076,1909f56bfc062723c751e8b465ee728b) [PhysX] Initialized MultithreadedTaskDispatcher with 8 workers.
[PhysX] Initialized MultithreadedTaskDispatcher with 8 workers.
 -> (artifact id: 'cc1bd91358d8952ebd52307261a93e91') in 2.110865 seconds
Number of updated asset objects reloaded before import = 0
Number of asset objects unloaded after import = 5
========================================================================
Received Import Request.
  Time since last request: 0.000055 seconds.
  path: Assets/Adventure_Character/Materials/Man_Cloth_Down_02.mat
  artifactKey: Guid(bad921bf5cea1f04687b3f7577ac9d34) Importer(815301076,1909f56bfc062723c751e8b465ee728b)
Start importing Assets/Adventure_Character/Materials/Man_Cloth_Down_02.mat using Guid(bad921bf5cea1f04687b3f7577ac9d34) Importer(815301076,1909f56bfc062723c751e8b465ee728b) [PhysX] Initialized MultithreadedTaskDispatcher with 8 workers.
[PhysX] Initialized MultithreadedTaskDispatcher with 8 workers.
 -> (artifact id: '78d75e03c5c1c041f6233f38f1347675') in 1.491565 seconds
Number of updated asset objects reloaded before import = 0
Number of asset objects unloaded after import = 5
========================================================================
Received Import Request.
  Time since last request: 0.004369 seconds.
  path: Assets/Adventure_Character/Materials/Man_Cloth_Down_03.mat
  artifactKey: Guid(a3c5be1a8d065a44ba4ad43c3c18b64e) Importer(815301076,1909f56bfc062723c751e8b465ee728b)
Start importing Assets/Adventure_Character/Materials/Man_Cloth_Down_03.mat using Guid(a3c5be1a8d065a44ba4ad43c3c18b64e) Importer(815301076,1909f56bfc062723c751e8b465ee728b) [PhysX] Initialized MultithreadedTaskDispatcher with 8 workers.
[PhysX] Initialized MultithreadedTaskDispatcher with 8 workers.
 -> (artifact id: 'f5995a39d89d8f13ed0b9a667bfae631') in 1.891605 seconds
Number of updated asset objects reloaded before import = 0
Number of asset objects unloaded after import = 5
========================================================================
Received Import Request.
  Time since last request: 0.000032 seconds.
  path: Assets/Adventure_Character/Prefabs/Man_02.prefab
  artifactKey: Guid(7ee9a881584999e498cd568894ff4b39) Importer(815301076,1909f56bfc062723c751e8b465ee728b)
Start importing Assets/Adventure_Character/Prefabs/Man_02.prefab using Guid(7ee9a881584999e498cd568894ff4b39) Importer(815301076,1909f56bfc062723c751e8b465ee728b) [PhysX] Initialized MultithreadedTaskDispatcher with 8 workers.
[PhysX] Initialized MultithreadedTaskDispatcher with 8 workers.
 -> (artifact id: '46037e666d258034b3b06e1096ef87dd') in 5.211348 seconds
Number of updated asset objects reloaded before import = 0
Number of asset objects unloaded after import = 199
========================================================================
Received Import Request.
  Time since last request: 0.000043 seconds.
  path: Assets/Adventure_Character/Prefabs/Man_04.prefab
  artifactKey: Guid(889d24f8fc349cf45b463fb9b13b0143) Importer(815301076,1909f56bfc062723c751e8b465ee728b)
Start importing Assets/Adventure_Character/Prefabs/Man_04.prefab using Guid(889d24f8fc349cf45b463fb9b13b0143) Importer(815301076,1909f56bfc062723c751e8b465ee728b) [PhysX] Initialized MultithreadedTaskDispatcher with 8 workers.
[PhysX] Initialized MultithreadedTaskDispatcher with 8 workers.
 -> (artifact id: 'd1641b6334d1f5b512b917c5d635d799') in 9.721858 seconds
Number of updated asset objects reloaded before import = 0
Number of asset objects unloaded after import = 199
========================================================================
Received Import Request.
  Time since last request: 19.427515 seconds.
  path: Assets/Full game .prefab
  artifactKey: Guid(1c000a1c4d8124b4c985937123d06b4a) Importer(815301076,1909f56bfc062723c751e8b465ee728b)
Start importing Assets/Full game .prefab using Guid(1c000a1c4d8124b4c985937123d06b4a) Importer(815301076,1909f56bfc062723c751e8b465ee728b) [PhysX] Initialized MultithreadedTaskDispatcher with 8 workers.
[PhysX] Initialized MultithreadedTaskDispatcher with 8 workers.
 -> (artifact id: '650ab4c2982f085558d2a51d854eb636') in 8.277698 seconds
Number of updated asset objects reloaded before import = 0
Number of asset objects unloaded after import = 3124
========================================================================
Received Import Request.
  Time since last request: 31.960251 seconds.
  path: Assets/ARCADE - FREE Racing Car/Prefabs (Meshes Only)/Free Racing Car.prefab
  artifactKey: Guid(c4cad50aa03bbca42938fe318344950b) Importer(815301076,1909f56bfc062723c751e8b465ee728b)
Start importing Assets/ARCADE - FREE Racing Car/Prefabs (Meshes Only)/Free Racing Car.prefab using Guid(c4cad50aa03bbca42938fe318344950b) Importer(815301076,1909f56bfc062723c751e8b465ee728b) [PhysX] Initialized MultithreadedTaskDispatcher with 8 workers.
[PhysX] Initialized MultithreadedTaskDispatcher with 8 workers.
 -> (artifact id: 'eb104d208688d68942bf4160e7b13d88') in 0.087610 seconds
Number of updated asset objects reloaded before import = 0
Number of asset objects unloaded after import = 42
========================================================================
Received Import Request.
  Time since last request: 0.000024 seconds.
  path: Assets/ARCADE - FREE Racing Car/Prefabs (Meshes Only)/Free Racing Car Gray Variant.prefab
  artifactKey: Guid(f430073c636116b4b9c0f5e6ddcde097) Importer(815301076,1909f56bfc062723c751e8b465ee728b)
Start importing Assets/ARCADE - FREE Racing Car/Prefabs (Meshes Only)/Free Racing Car Gray Variant.prefab using Guid(f430073c636116b4b9c0f5e6ddcde097) Importer(815301076,1909f56bfc062723c751e8b465ee728b) [PhysX] Initialized MultithreadedTaskDispatcher with 8 workers.
[PhysX] Initialized MultithreadedTaskDispatcher with 8 workers.
 -> (artifact id: '8a6f3506314c78bf11a14ca248e9124e') in 0.237715 seconds
Number of updated asset objects reloaded before import = 0
Number of asset objects unloaded after import = 77
========================================================================
Received Import Request.
  Time since last request: 0.000044 seconds.
  path: Assets/ARCADE - FREE Racing Car/Prefabs (Meshes Only)/Free Racing Car Purple Variant.prefab
  artifactKey: Guid(98c57f100a7d7684dba02b8725bbc5d8) Importer(815301076,1909f56bfc062723c751e8b465ee728b)
Start importing Assets/ARCADE - FREE Racing Car/Prefabs (Meshes Only)/Free Racing Car Purple Variant.prefab using Guid(98c57f100a7d7684dba02b8725bbc5d8) Importer(815301076,1909f56bfc062723c751e8b465ee728b) [PhysX] Initialized MultithreadedTaskDispatcher with 8 workers.
[PhysX] Initialized MultithreadedTaskDispatcher with 8 workers.
 -> (artifact id: '306de23601b0101945e4f2360b732ff2') in 0.155146 seconds
Number of updated asset objects reloaded before import = 0
Number of asset objects unloaded after import = 77
========================================================================
Received Import Request.
  Time since last request: 11.423943 seconds.
  path: Assets/Cars
  artifactKey: Guid(7f3edf70649f90342ab6613b35a3c270) Importer(815301076,1909f56bfc062723c751e8b465ee728b)
Start importing Assets/Cars using Guid(7f3edf70649f90342ab6613b35a3c270) Importer(815301076,1909f56bfc062723c751e8b465ee728b) [PhysX] Initialized MultithreadedTaskDispatcher with 8 workers.
 -> (artifact id: 'a36f810006ed9a8eee9e33fbdada8e66') in 0.001198 seconds
Number of updated asset objects reloaded before import = 0
Number of asset objects unloaded after import = 0
========================================================================
Received Import Request.
  Time since last request: 20.907534 seconds.
  path: Assets/Steret
  artifactKey: Guid(44b288f079b0fde4c8bdbdae46281891) Importer(815301076,1909f56bfc062723c751e8b465ee728b)
Start importing Assets/Steret using Guid(44b288f079b0fde4c8bdbdae46281891) Importer(815301076,1909f56bfc062723c751e8b465ee728b) [PhysX] Initialized MultithreadedTaskDispatcher with 8 workers.
 -> (artifact id: 'de5a8d1bb8469d44273a78c2c6329368') in 0.000856 seconds
Number of updated asset objects reloaded before import = 0
Number of asset objects unloaded after import = 0
========================================================================
Received Import Request.
  Time since last request: 5.054828 seconds.
  path: Assets/illusionloop.com/road props/Prefabs - Standard/Barrel with lid.prefab
  artifactKey: Guid(f29f3ec9cc727474eb773f18277491df) Importer(815301076,1909f56bfc062723c751e8b465ee728b)
Start importing Assets/illusionloop.com/road props/Prefabs - Standard/Barrel with lid.prefab using Guid(f29f3ec9cc727474eb773f18277491df) Importer(815301076,1909f56bfc062723c751e8b465ee728b) [PhysX] Initialized MultithreadedTaskDispatcher with 8 workers.
[PhysX] Initialized MultithreadedTaskDispatcher with 8 workers.
 -> (artifact id: '74be2971229edc717861b3d3b4335fcc') in 0.907647 seconds
Number of updated asset objects reloaded before import = 0
Number of asset objects unloaded after import = 26
========================================================================
Received Import Request.
  Time since last request: 0.000033 seconds.
  path: Assets/illusionloop.com/road props/Prefabs - Standard/Water Barrel.prefab
  artifactKey: Guid(83cd7cee4e25ee5489a38f35fa9880de) Importer(815301076,1909f56bfc062723c751e8b465ee728b)
Start importing Assets/illusionloop.com/road props/Prefabs - Standard/Water Barrel.prefab using Guid(83cd7cee4e25ee5489a38f35fa9880de) Importer(815301076,1909f56bfc062723c751e8b465ee728b) [PhysX] Initialized MultithreadedTaskDispatcher with 8 workers.
[PhysX] Initialized MultithreadedTaskDispatcher with 8 workers.
 -> (artifact id: 'd1927c76c9a90492b51228706018945d') in 0.258999 seconds
Number of updated asset objects reloaded before import = 0
Number of asset objects unloaded after import = 15
========================================================================
Received Import Request.
  Time since last request: 0.000039 seconds.
  path: Assets/illusionloop.com/road props/Prefabs - Standard/Rubber Stand.prefab
  artifactKey: Guid(cc951bf377daadb4f9848574296d1ffb) Importer(815301076,1909f56bfc062723c751e8b465ee728b)
Start importing Assets/illusionloop.com/road props/Prefabs - Standard/Rubber Stand.prefab using Guid(cc951bf377daadb4f9848574296d1ffb) Importer(815301076,1909f56bfc062723c751e8b465ee728b) [PhysX] Initialized MultithreadedTaskDispatcher with 8 workers.
[PhysX] Initialized MultithreadedTaskDispatcher with 8 workers.
 -> (artifact id: 'd4ab928bb84a693f6ac344544ece6017') in 0.230327 seconds
Number of updated asset objects reloaded before import = 0
Number of asset objects unloaded after import = 14
========================================================================
Received Import Request.
  Time since last request: 0.000047 seconds.
  path: Assets/illusionloop.com/road props/Prefabs - Standard/Barrier Plastic.prefab
  artifactKey: Guid(0e999189ff415364798d53bb25e626ce) Importer(815301076,1909f56bfc062723c751e8b465ee728b)
Start importing Assets/illusionloop.com/road props/Prefabs - Standard/Barrier Plastic.prefab using Guid(0e999189ff415364798d53bb25e626ce) Importer(815301076,1909f56bfc062723c751e8b465ee728b) [PhysX] Initialized MultithreadedTaskDispatcher with 8 workers.
[PhysX] Initialized MultithreadedTaskDispatcher with 8 workers.
 -> (artifact id: 'fbe144a3443a10d6dac75cfca3e27f13') in 0.238004 seconds
Number of updated asset objects reloaded before import = 0
Number of asset objects unloaded after import = 14
========================================================================
Received Import Request.
  Time since last request: 0.000035 seconds.
  path: Assets/illusionloop.com/road props/Prefabs - Standard/Stone Block.prefab
  artifactKey: Guid(6b7f9dc333d9c6b499b7ecf4d7b68102) Importer(815301076,1909f56bfc062723c751e8b465ee728b)
Start importing Assets/illusionloop.com/road props/Prefabs - Standard/Stone Block.prefab using Guid(6b7f9dc333d9c6b499b7ecf4d7b68102) Importer(815301076,1909f56bfc062723c751e8b465ee728b) [PhysX] Initialized MultithreadedTaskDispatcher with 8 workers.
[PhysX] Initialized MultithreadedTaskDispatcher with 8 workers.
 -> (artifact id: '6d38dfe8e90bfd6bbe4dd1ac335d1c3d') in 0.190806 seconds
Number of updated asset objects reloaded before import = 0
Number of asset objects unloaded after import = 14
========================================================================
Received Import Request.
  Time since last request: 0.000029 seconds.
  path: Assets/illusionloop.com/road props/Prefabs - Standard/Lamp Yellow.prefab
  artifactKey: Guid(9a934dfdc471c5b468799e39e6c54ddb) Importer(815301076,1909f56bfc062723c751e8b465ee728b)
Start importing Assets/illusionloop.com/road props/Prefabs - Standard/Lamp Yellow.prefab using Guid(9a934dfdc471c5b468799e39e6c54ddb) Importer(815301076,1909f56bfc062723c751e8b465ee728b) [PhysX] Initialized MultithreadedTaskDispatcher with 8 workers.
[PhysX] Initialized MultithreadedTaskDispatcher with 8 workers.
 -> (artifact id: '394b2afbe1d56105ee2d23351ba2d0de') in 0.181403 seconds
Number of updated asset objects reloaded before import = 0
Number of asset objects unloaded after import = 14
========================================================================
Received Import Request.
  Time since last request: 0.000045 seconds.
  path: Assets/illusionloop.com/road props/Prefabs - Standard/Tire Stack.prefab
  artifactKey: Guid(52b0483b1937d7b45a0fcebd84ba00bb) Importer(815301076,1909f56bfc062723c751e8b465ee728b)
Start importing Assets/illusionloop.com/road props/Prefabs - Standard/Tire Stack.prefab using Guid(52b0483b1937d7b45a0fcebd84ba00bb) Importer(815301076,1909f56bfc062723c751e8b465ee728b) [PhysX] Initialized MultithreadedTaskDispatcher with 8 workers.
[PhysX] Initialized MultithreadedTaskDispatcher with 8 workers.
 -> (artifact id: 'c7c50e572bd500c3fbcb0493126b39f4') in 0.192507 seconds
Number of updated asset objects reloaded before import = 0
Number of asset objects unloaded after import = 37
========================================================================
Received Import Request.
  Time since last request: 0.000029 seconds.
  path: Assets/illusionloop.com/road props/Prefabs - Standard/Bollard.prefab
  artifactKey: Guid(e4dfcbe8294dfb542b0c83720815e04e) Importer(815301076,1909f56bfc062723c751e8b465ee728b)
Start importing Assets/illusionloop.com/road props/Prefabs - Standard/Bollard.prefab using Guid(e4dfcbe8294dfb542b0c83720815e04e) Importer(815301076,1909f56bfc062723c751e8b465ee728b) [PhysX] Initialized MultithreadedTaskDispatcher with 8 workers.
[PhysX] Initialized MultithreadedTaskDispatcher with 8 workers.
 -> (artifact id: 'bc35f28b3a81c3fc409c6713b44bf9bb') in 0.273923 seconds
Number of updated asset objects reloaded before import = 0
Number of asset objects unloaded after import = 14
========================================================================
Received Import Request.
  Time since last request: 0.000044 seconds.
  path: Assets/illusionloop.com/road props/Prefabs - Standard/Road Cone.prefab
  artifactKey: Guid(7ed407e0aeced17448a2a8beade4d639) Importer(815301076,1909f56bfc062723c751e8b465ee728b)
Start importing Assets/illusionloop.com/road props/Prefabs - Standard/Road Cone.prefab using Guid(7ed407e0aeced17448a2a8beade4d639) Importer(815301076,1909f56bfc062723c751e8b465ee728b) [PhysX] Initialized MultithreadedTaskDispatcher with 8 workers.
[PhysX] Initialized MultithreadedTaskDispatcher with 8 workers.
 -> (artifact id: '4182081b9a98f4362b3bdd545d2f5a56') in 0.271550 seconds
Number of updated asset objects reloaded before import = 0
Number of asset objects unloaded after import = 15
========================================================================
Received Import Request.
  Time since last request: 0.000073 seconds.
  path: Assets/illusionloop.com/road props/Prefabs - Standard/Lid.prefab
  artifactKey: Guid(faa57e92831570046a225f6d7d8708ca) Importer(815301076,1909f56bfc062723c751e8b465ee728b)
Start importing Assets/illusionloop.com/road props/Prefabs - Standard/Lid.prefab using Guid(faa57e92831570046a225f6d7d8708ca) Importer(815301076,1909f56bfc062723c751e8b465ee728b) [PhysX] Initialized MultithreadedTaskDispatcher with 8 workers.
[PhysX] Initialized MultithreadedTaskDispatcher with 8 workers.
 -> (artifact id: 'e589ebf1fd2ec45612aa626bb6e13ddf') in 0.187544 seconds
Number of updated asset objects reloaded before import = 0
Number of asset objects unloaded after import = 15
========================================================================
Received Import Request.
  Time since last request: 296.821189 seconds.
  path: Assets/Roadblock
  artifactKey: Guid(0e5d80d0f1500c448b9da25491c40eab) Importer(815301076,1909f56bfc062723c751e8b465ee728b)
Start importing Assets/Roadblock using Guid(0e5d80d0f1500c448b9da25491c40eab) Importer(815301076,1909f56bfc062723c751e8b465ee728b) [PhysX] Initialized MultithreadedTaskDispatcher with 8 workers.
 -> (artifact id: 'a6955383c8be002896438bd31732dbf7') in 0.001285 seconds
Number of updated asset objects reloaded before import = 0
Number of asset objects unloaded after import = 0
========================================================================
Received Import Request.
  Time since last request: 20.198766 seconds.
  path: Assets/Stat
  artifactKey: Guid(1598736bc8053e14e9cbd122ef9e3606) Importer(815301076,1909f56bfc062723c751e8b465ee728b)
Start importing Assets/Stat using Guid(1598736bc8053e14e9cbd122ef9e3606) Importer(815301076,1909f56bfc062723c751e8b465ee728b) [PhysX] Initialized MultithreadedTaskDispatcher with 8 workers.
 -> (artifact id: 'de43f7168d7a671395e5ed24e485d1e6') in 0.000772 seconds
Number of updated asset objects reloaded before import = 0
Number of asset objects unloaded after import = 0
========================================================================
Received Import Request.
  Time since last request: 6.865902 seconds.
  path: Assets/Low Poly Guns/Models/Guns/assault2/assault2.mat
  artifactKey: Guid(35a5af17f562eb044a809af0526a562f) Importer(815301076,1909f56bfc062723c751e8b465ee728b)
Start importing Assets/Low Poly Guns/Models/Guns/assault2/assault2.mat using Guid(35a5af17f562eb044a809af0526a562f) Importer(815301076,1909f56bfc062723c751e8b465ee728b) [PhysX] Initialized MultithreadedTaskDispatcher with 8 workers.
[PhysX] Initialized MultithreadedTaskDispatcher with 8 workers.
 -> (artifact id: '664de9378477cca3cf963e771934de4c') in 0.593401 seconds
Number of updated asset objects reloaded before import = 0
Number of asset objects unloaded after import = 3
========================================================================
Received Prepare
Caller must complete domain reload
Begin MonoManager ReloadAssembly
- Loaded All Assemblies, in  6.707 seconds
Native extension for WindowsStandalone target not found
Native extension for Android target not found
Native extension for WebGL target not found
Mono: successfully reloaded assembly
- Finished resetting the current domain, in 15.990 seconds
Domain Reload Profiling: 22673ms
	BeginReloadAssembly (472ms)
		ExecutionOrderSort (0ms)
		DisableScriptedObjects (14ms)
		BackupInstance (0ms)
		ReleaseScriptingObjects (0ms)
		CreateAndSetChildDomain (105ms)
	RebuildCommonClasses (78ms)
	RebuildNativeTypeToScriptingClass (20ms)
	initialDomainReloadingComplete (101ms)
	LoadAllAssembliesAndSetupDomain (6012ms)
		LoadAssemblies (6211ms)
		RebuildTransferFunctionScriptingTraits (0ms)
		AnalyzeDomain (78ms)
			TypeCache.Refresh (33ms)
				TypeCache.ScanAssembly (2ms)
			ScanForSourceGeneratedMonoScriptInfo (33ms)
			ResolveRequiredComponents (10ms)
	FinalizeReload (15991ms)
		ReleaseScriptCaches (0ms)
		RebuildScriptCaches (0ms)
		SetupLoadedEditorAssemblies (1046ms)
			LogAssemblyErrors (0ms)
			InitializePlatformSupportModulesInManaged (52ms)
			SetLoadedEditorAssemblies (6ms)
			RefreshPlugins (0ms)
			BeforeProcessingInitializeOnLoad (158ms)
			ProcessInitializeOnLoadAttributes (748ms)
			ProcessInitializeOnLoadMethodAttributes (32ms)
			AfterProcessingInitializeOnLoad (49ms)
			EditorAssembliesLoaded (0ms)
		ExecutionOrderSort2 (0ms)
		AwakeInstancesAfterBackupRestoration (10ms)
Refreshing native plugins compatible for Editor in 17.58 ms, found 3 plugins.
Preloading 0 native plugins for Editor in 0.00 ms.
Unloading 3537 Unused Serialized files (Serialized files now loaded: 0)
Unloading 24 unused Assets / (88.5 KB). Loaded Objects now: 4101.
Memory consumption went from 138.9 MB to 138.8 MB.
Total: 5.496300 ms (FindLiveObjects: 0.340500 ms CreateObjectMapping: 0.224500 ms MarkObjects: 4.703900 ms  DeleteObjects: 0.226200 ms)

Prepare: number of updated asset objects reloaded= 0
AssetImportParameters requested are different than current active one (requested -> active):
  custom:scripting/monoscript/fileName/JoystickEditor.cs: 31d892737481409a0ec21b3641383a31 -> 406670d2fe263f5d7c582f8389f2b844
  custom:container-demuxer-ogg: 62fdf1f143b41e24485cea50d1cbac27 -> 
  custom:scripting/monoscript/fileName/JoystickPlayerExample.cs: b49ed73c06895c00887fd43b2fe13656 -> 2ec96b3abad264f4393a91b76b487cb7
  custom:scripting/monoscript/fileName/JoystickSetterExample.cs: 959f5a79520f07bdb5268f1ee0033001 -> 9ef810522df7cdd512f52a98ae7a04f9
  custom:video-decoder-ogg-theora: a1e56fd34408186e4bbccfd4996cb3dc -> 
  custom:framework-win-MediaFoundation: 216162199b28c13a410421893ffa2e32 -> 
  custom:scripting/monoscript/fileName/DynamicJoystickEditor.cs: 022b5797234952c5d7bc35d1bd14e1f1 -> f92673ca2cd03c2f140cf81ccfee7ccb
  custom:scripting/monoscript/fileName/DynamicJoystick.cs: 0ab293606d3fa5fd65cbd65e1d06c400 -> fa6fdbd0de9beec4a70bc764c26bb796
  custom:CustomObjectIndexerAttribute: 9a22284fe3817be447336de3de66b15e -> 
  custom:container-demuxer-webm: 4f35f7cbe854078d1ac9338744f61a02 -> 
  custom:scripting/monoscript/fileName/FloatingJoystick.cs: 5ad2d6fd170f0b909c85d006ae763629 -> 516035e2342d093d90fb2bd11ff41e68
  custom:container-muxer-webm: aa71ff27fc2769a1b78a27578f13a17b -> 
  custom:video-decoder-webm-vp8: 9c59270c3fd7afecdb556c50c9e8de78 -> 
  custom:SearchIndexIgnoredProperties: e643bd26f0fe6173181afceb89e7c659 -> 
  custom:AudioImporter_EditorPlatform: d09bf68614088b80899f8185d706f6e7 -> 
  custom:scripting/monoscript/fileName/VariableJoystickEditor.cs: 75e1b4b36e9f7518c61272653e1a297a -> fee5e077b31909c4bba3d7329fdefd90
  custom:video-encoder-webm-vp8: eb34c28f22e8b96e1ab97ce403110664 -> 
  custom:audio-decoder-ogg-vorbis: bf7c407c2cedff20999df2af8eb42d56 -> 
  custom:scripting/monoscript/fileName/FloatingJoystickEditor.cs: 77573a9156cb44c5d5d617fe80c220c5 -> 20a94efd412f2009d4e6722fe16a3051
  custom:scripting/monoscript/fileName/VariableJoystick.cs: 39f03dc32328afe11ebf2977b1593dda -> 6a21e483212ef280c767be5522709419
  custom:scripting/monoscript/fileName/FixedJoystick.cs: 475c6e1ca66c78aed6c49f6039c5734b -> ceaced0056a716bd82a85e0f3d488361
  custom:scripting/monoscript/fileName/Joystick.cs: efd34e62618f1aa62f745acbb935ce75 -> c13c665079b3ba178e3a8ef05c62070b
  custom:audio-encoder-webm-vorbis: bf7c407c2cedff20999df2af8eb42d56 -> 
  custom:scripting/precompiled-assembly-types:Assembly-CSharp-Editor: e324ca911fd2e13b09c6e0773d0a7dd5 -> f7c7739fc303cafe5879da7512dd0656
  custom:scripting/precompiled-assembly-types:Assembly-CSharp: 105874ce564fa05e781634cbc347ef69 -> 3c8e6843d631723f8999220926f3c146
========================================================================
Received Import Request.
  Time since last request: 65.174923 seconds.
  path: Assets/Full game .prefab
  artifactKey: Guid(1c000a1c4d8124b4c985937123d06b4a) Importer(815301076,1909f56bfc062723c751e8b465ee728b)
Start importing Assets/Full game .prefab using Guid(1c000a1c4d8124b4c985937123d06b4a) Importer(815301076,1909f56bfc062723c751e8b465ee728b) [PhysX] Initialized MultithreadedTaskDispatcher with 8 workers.
[PhysX] Initialized MultithreadedTaskDispatcher with 8 workers.
 -> (artifact id: '89ee8f5d7b6ddeaa304459db6ee057ee') in 4.641038 seconds
Number of updated asset objects reloaded before import = 0
Number of asset objects unloaded after import = 3124
========================================================================
Received Import Request.
  Time since last request: 38.976981 seconds.
  path: Assets/Tree_Textures
  artifactKey: Guid(dc3507bc0ebaee54ba686239e605c736) Importer(815301076,1909f56bfc062723c751e8b465ee728b)
Start importing Assets/Tree_Textures using Guid(dc3507bc0ebaee54ba686239e605c736) Importer(815301076,1909f56bfc062723c751e8b465ee728b) [PhysX] Initialized MultithreadedTaskDispatcher with 8 workers.
 -> (artifact id: 'd694529a2de11f177fab8da2b3a855bc') in 0.003042 seconds
Number of updated asset objects reloaded before import = 0
Number of asset objects unloaded after import = 0
========================================================================
Received Import Request.
  Time since last request: 10.545360 seconds.
  path: Assets/New Folder (2)
  artifactKey: Guid(b1a00c7cfd69ece4596aabb5321fe3e4) Importer(815301076,1909f56bfc062723c751e8b465ee728b)
Start importing Assets/New Folder (2) using Guid(b1a00c7cfd69ece4596aabb5321fe3e4) Importer(815301076,1909f56bfc062723c751e8b465ee728b) [PhysX] Initialized MultithreadedTaskDispatcher with 8 workers.
 -> (artifact id: '3316736736c761f1f80299df5146e9a8') in 0.000766 seconds
Number of updated asset objects reloaded before import = 0
Number of asset objects unloaded after import = 0
========================================================================
Received Import Request.
  Time since last request: 3.372929 seconds.
  path: Assets/New Folder (2)/New Folder
  artifactKey: Guid(aa0592632decb9845a0d21dc77d1829c) Importer(815301076,1909f56bfc062723c751e8b465ee728b)
Start importing Assets/New Folder (2)/New Folder using Guid(aa0592632decb9845a0d21dc77d1829c) Importer(815301076,1909f56bfc062723c751e8b465ee728b) [PhysX] Initialized MultithreadedTaskDispatcher with 8 workers.
 -> (artifact id: 'd30c61a6e94ef9aaf69c2968488e59ed') in 0.000721 seconds
Number of updated asset objects reloaded before import = 0
Number of asset objects unloaded after import = 0
========================================================================
Received Import Request.
  Time since last request: 19.310260 seconds.
  path: Assets/Scripts
  artifactKey: Guid(b1a00c7cfd69ece4596aabb5321fe3e4) Importer(815301076,1909f56bfc062723c751e8b465ee728b)
Start importing Assets/Scripts using Guid(b1a00c7cfd69ece4596aabb5321fe3e4) Importer(815301076,1909f56bfc062723c751e8b465ee728b) [PhysX] Initialized MultithreadedTaskDispatcher with 8 workers.
 -> (artifact id: '0e38af69ae4702d1420a9b10d0805387') in 0.001258 seconds
Number of updated asset objects reloaded before import = 0
Number of asset objects unloaded after import = 0
========================================================================
Received Prepare
Caller must complete domain reload
Begin MonoManager ReloadAssembly
- Loaded All Assemblies, in  1.238 seconds
Native extension for WindowsStandalone target not found
Native extension for Android target not found
Native extension for WebGL target not found
Mono: successfully reloaded assembly
- Finished resetting the current domain, in  2.535 seconds
Domain Reload Profiling: 3751ms
	BeginReloadAssembly (311ms)
		ExecutionOrderSort (0ms)
		DisableScriptedObjects (7ms)
		BackupInstance (0ms)
		ReleaseScriptingObjects (0ms)
		CreateAndSetChildDomain (48ms)
	RebuildCommonClasses (52ms)
	RebuildNativeTypeToScriptingClass (16ms)
	initialDomainReloadingComplete (86ms)
	LoadAllAssembliesAndSetupDomain (750ms)
		LoadAssemblies (902ms)
		RebuildTransferFunctionScriptingTraits (0ms)
		AnalyzeDomain (46ms)
			TypeCache.Refresh (15ms)
				TypeCache.ScanAssembly (1ms)
			ScanForSourceGeneratedMonoScriptInfo (19ms)
			ResolveRequiredComponents (10ms)
	FinalizeReload (2535ms)
		ReleaseScriptCaches (0ms)
		RebuildScriptCaches (0ms)
		SetupLoadedEditorAssemblies (1018ms)
			LogAssemblyErrors (0ms)
			InitializePlatformSupportModulesInManaged (50ms)
			SetLoadedEditorAssemblies (6ms)
			RefreshPlugins (0ms)
			BeforeProcessingInitializeOnLoad (157ms)
			ProcessInitializeOnLoadAttributes (732ms)
			ProcessInitializeOnLoadMethodAttributes (28ms)
			AfterProcessingInitializeOnLoad (45ms)
			EditorAssembliesLoaded (0ms)
		ExecutionOrderSort2 (0ms)
		AwakeInstancesAfterBackupRestoration (9ms)
Refreshing native plugins compatible for Editor in 20.27 ms, found 3 plugins.
Preloading 0 native plugins for Editor in 0.00 ms.
Unloading 3537 Unused Serialized files (Serialized files now loaded: 0)
Unloading 22 unused Assets / (87.4 KB). Loaded Objects now: 4104.
Memory consumption went from 139.0 MB to 138.9 MB.
Total: 7.380200 ms (FindLiveObjects: 0.569400 ms CreateObjectMapping: 0.180400 ms MarkObjects: 6.332200 ms  DeleteObjects: 0.296100 ms)

Prepare: number of updated asset objects reloaded= 0
AssetImportParameters requested are different than current active one (requested -> active):
  custom:scripting/monoscript/fileName/JoystickEditor.cs: 31d892737481409a0ec21b3641383a31 -> 406670d2fe263f5d7c582f8389f2b844
  custom:container-demuxer-ogg: 62fdf1f143b41e24485cea50d1cbac27 -> 
  custom:scripting/monoscript/fileName/JoystickPlayerExample.cs: b49ed73c06895c00887fd43b2fe13656 -> 2ec96b3abad264f4393a91b76b487cb7
  custom:scripting/monoscript/fileName/JoystickSetterExample.cs: 959f5a79520f07bdb5268f1ee0033001 -> 9ef810522df7cdd512f52a98ae7a04f9
  custom:video-decoder-ogg-theora: a1e56fd34408186e4bbccfd4996cb3dc -> 
  custom:framework-win-MediaFoundation: 216162199b28c13a410421893ffa2e32 -> 
  custom:scripting/monoscript/fileName/DynamicJoystickEditor.cs: 022b5797234952c5d7bc35d1bd14e1f1 -> f92673ca2cd03c2f140cf81ccfee7ccb
  custom:scripting/monoscript/fileName/DynamicJoystick.cs: 0ab293606d3fa5fd65cbd65e1d06c400 -> fa6fdbd0de9beec4a70bc764c26bb796
  custom:scripting/monoscript/fileName/PlayerController.cs: 807d658ab5c9f400331841a7af990d8e -> c6d6334dbee39969b7eddb0b08d8203e
  custom:CustomObjectIndexerAttribute: 9a22284fe3817be447336de3de66b15e -> 
  custom:container-demuxer-webm: 4f35f7cbe854078d1ac9338744f61a02 -> 
  custom:scripting/monoscript/fileName/FloatingJoystick.cs: 5ad2d6fd170f0b909c85d006ae763629 -> 516035e2342d093d90fb2bd11ff41e68
  custom:container-muxer-webm: aa71ff27fc2769a1b78a27578f13a17b -> 
  custom:video-decoder-webm-vp8: 9c59270c3fd7afecdb556c50c9e8de78 -> 
  custom:SearchIndexIgnoredProperties: e643bd26f0fe6173181afceb89e7c659 -> 
  custom:AudioImporter_EditorPlatform: d09bf68614088b80899f8185d706f6e7 -> 
  custom:scripting/monoscript/fileName/VariableJoystickEditor.cs: 75e1b4b36e9f7518c61272653e1a297a -> fee5e077b31909c4bba3d7329fdefd90
  custom:video-encoder-webm-vp8: eb34c28f22e8b96e1ab97ce403110664 -> 
  custom:audio-decoder-ogg-vorbis: bf7c407c2cedff20999df2af8eb42d56 -> 
  custom:scripting/monoscript/fileName/FloatingJoystickEditor.cs: 77573a9156cb44c5d5d617fe80c220c5 -> 20a94efd412f2009d4e6722fe16a3051
  custom:scripting/monoscript/fileName/VariableJoystick.cs: 39f03dc32328afe11ebf2977b1593dda -> 6a21e483212ef280c767be5522709419
  custom:scripting/monoscript/fileName/FixedJoystick.cs: 475c6e1ca66c78aed6c49f6039c5734b -> ceaced0056a716bd82a85e0f3d488361
  custom:scripting/monoscript/fileName/Joystick.cs: efd34e62618f1aa62f745acbb935ce75 -> c13c665079b3ba178e3a8ef05c62070b
  custom:scripting/monoscript/fileName/anim1.cs: 05e913852816f4c6fcc126bf7ffb4ba9 -> 10b52e4432610f56cea187ac60513ec2
  custom:audio-encoder-webm-vorbis: bf7c407c2cedff20999df2af8eb42d56 -> 
  custom:scripting/precompiled-assembly-types:Assembly-CSharp-Editor: e324ca911fd2e13b09c6e0773d0a7dd5 -> f7c7739fc303cafe5879da7512dd0656
  custom:scripting/precompiled-assembly-types:Assembly-CSharp: 5800158f9d17694f0d06897d93c96a52 -> 3c8e6843d631723f8999220926f3c146
  custom:scripting/monoscript/fileName/Tigger.cs: ca771e08fd5c5c2e7d1ac379e6d4b2ec -> 387f4c79276ee1729c01db13ee9675a3
========================================================================
Received Import Request.
  Time since last request: 14.554642 seconds.
  path: Assets/Full game .prefab
  artifactKey: Guid(1c000a1c4d8124b4c985937123d06b4a) Importer(815301076,1909f56bfc062723c751e8b465ee728b)
Start importing Assets/Full game .prefab using Guid(1c000a1c4d8124b4c985937123d06b4a) Importer(815301076,1909f56bfc062723c751e8b465ee728b) [PhysX] Initialized MultithreadedTaskDispatcher with 8 workers.
[PhysX] Initialized MultithreadedTaskDispatcher with 8 workers.
 -> (artifact id: 'f279032aae6c06d890b67edd9c5ebcbe') in 4.835424 seconds
Number of updated asset objects reloaded before import = 0
Number of asset objects unloaded after import = 3124
========================================================================
Received Import Request.
  Time since last request: 24.509419 seconds.
  path: Assets/Jump.cs
  artifactKey: Guid(7e0eae8d61504194085ab4cfcdab3278) Importer(815301076,1909f56bfc062723c751e8b465ee728b)
Start importing Assets/Jump.cs using Guid(7e0eae8d61504194085ab4cfcdab3278) Importer(815301076,1909f56bfc062723c751e8b465ee728b) [PhysX] Initialized MultithreadedTaskDispatcher with 8 workers.
 -> (artifact id: '0d8fb60e31c15e2abba47e5dbad869c6') in 0.003077 seconds
Number of updated asset objects reloaded before import = 0
Number of asset objects unloaded after import = 0
========================================================================
Received Import Request.
  Time since last request: 15.922041 seconds.
  path: Assets/Full game .prefab
  artifactKey: Guid(1c000a1c4d8124b4c985937123d06b4a) Importer(815301076,1909f56bfc062723c751e8b465ee728b)
Start importing Assets/Full game .prefab using Guid(1c000a1c4d8124b4c985937123d06b4a) Importer(815301076,1909f56bfc062723c751e8b465ee728b) [PhysX] Initialized MultithreadedTaskDispatcher with 8 workers.
[PhysX] Initialized MultithreadedTaskDispatcher with 8 workers.
 -> (artifact id: 'a796d44e9bc9093a1c840946d155e3aa') in 6.081526 seconds
Number of updated asset objects reloaded before import = 0
Number of asset objects unloaded after import = 3124
========================================================================
Received Import Request.
  Time since last request: 31.358898 seconds.
  path: Assets/Scripts/anim1.cs
  artifactKey: Guid(eb6b26cd849fbd044a505453dbfc978e) Importer(815301076,1909f56bfc062723c751e8b465ee728b)
Start importing Assets/Scripts/anim1.cs using Guid(eb6b26cd849fbd044a505453dbfc978e) Importer(815301076,1909f56bfc062723c751e8b465ee728b) [PhysX] Initialized MultithreadedTaskDispatcher with 8 workers.
 -> (artifact id: 'ee548433e085bfe47f941557701ee776') in 0.003398 seconds
Number of updated asset objects reloaded before import = 0
Number of asset objects unloaded after import = 0
========================================================================
Received Import Request.
  Time since last request: 20.722921 seconds.
  path: Assets/Scripts/Scripts
  artifactKey: Guid(c39631bb7736fdc40a22ef0e9690935a) Importer(815301076,1909f56bfc062723c751e8b465ee728b)
Start importing Assets/Scripts/Scripts using Guid(c39631bb7736fdc40a22ef0e9690935a) Importer(815301076,1909f56bfc062723c751e8b465ee728b) [PhysX] Initialized MultithreadedTaskDispatcher with 8 workers.
 -> (artifact id: '7a497484a3da8ccd0c847ba5710f5eec') in 0.000809 seconds
Number of updated asset objects reloaded before import = 0
Number of asset objects unloaded after import = 0
========================================================================
Received Prepare
Caller must complete domain reload
Begin MonoManager ReloadAssembly
- Loaded All Assemblies, in  1.494 seconds
Native extension for WindowsStandalone target not found
Native extension for Android target not found
Native extension for WebGL target not found
Mono: successfully reloaded assembly
- Finished resetting the current domain, in 17.537 seconds
Domain Reload Profiling: 19008ms
	BeginReloadAssembly (317ms)
		ExecutionOrderSort (0ms)
		DisableScriptedObjects (7ms)
		BackupInstance (0ms)
		ReleaseScriptingObjects (0ms)
		CreateAndSetChildDomain (44ms)
	RebuildCommonClasses (66ms)
	RebuildNativeTypeToScriptingClass (20ms)
	initialDomainReloadingComplete (96ms)
	LoadAllAssembliesAndSetupDomain (971ms)
		LoadAssemblies (1131ms)
		RebuildTransferFunctionScriptingTraits (0ms)
		AnalyzeDomain (42ms)
			TypeCache.Refresh (14ms)
				TypeCache.ScanAssembly (1ms)
			ScanForSourceGeneratedMonoScriptInfo (16ms)
			ResolveRequiredComponents (10ms)
	FinalizeReload (17538ms)
		ReleaseScriptCaches (0ms)
		RebuildScriptCaches (0ms)
		SetupLoadedEditorAssemblies (1029ms)
			LogAssemblyErrors (0ms)
			InitializePlatformSupportModulesInManaged (47ms)
			SetLoadedEditorAssemblies (7ms)
			RefreshPlugins (0ms)
			BeforeProcessingInitializeOnLoad (150ms)
			ProcessInitializeOnLoadAttributes (745ms)
			ProcessInitializeOnLoadMethodAttributes (28ms)
			AfterProcessingInitializeOnLoad (52ms)
			EditorAssembliesLoaded (0ms)
		ExecutionOrderSort2 (0ms)
		AwakeInstancesAfterBackupRestoration (11ms)
Script is not up to date after domain reload: guid(eb6b26cd849fbd044a505453dbfc978e) path("Assets/Scripts/Gan.cs") state(2)
Refreshing native plugins compatible for Editor in 374.60 ms, found 3 plugins.
Preloading 0 native plugins for Editor in 0.00 ms.
Unloading 3536 Unused Serialized files (Serialized files now loaded: 0)
Unloading 23 unused Assets / (87.9 KB). Loaded Objects now: 4106.
Memory consumption went from 139.1 MB to 139.0 MB.
Total: 31.069800 ms (FindLiveObjects: 0.466400 ms CreateObjectMapping: 0.374200 ms MarkObjects: 29.926300 ms  DeleteObjects: 0.301200 ms)

Prepare: number of updated asset objects reloaded= 0
AssetImportParameters requested are different than current active one (requested -> active):
  custom:scripting/monoscript/fileName/JoystickEditor.cs: 31d892737481409a0ec21b3641383a31 -> 406670d2fe263f5d7c582f8389f2b844
  custom:scripting/monoscript/fileName/Main.cs: bcc0f9052176b2186a7114234ef44a73 -> c093076ba5753d7bec74a8a751ffb653
  custom:container-demuxer-ogg: 62fdf1f143b41e24485cea50d1cbac27 -> 
  custom:scripting/monoscript/fileName/JoystickPlayerExample.cs: b49ed73c06895c00887fd43b2fe13656 -> 2ec96b3abad264f4393a91b76b487cb7
  custom:scripting/monoscript/fileName/JoystickSetterExample.cs: 959f5a79520f07bdb5268f1ee0033001 -> 9ef810522df7cdd512f52a98ae7a04f9
  custom:video-decoder-ogg-theora: a1e56fd34408186e4bbccfd4996cb3dc -> 
  custom:framework-win-MediaFoundation: 216162199b28c13a410421893ffa2e32 -> 
  custom:scripting/monoscript/fileName/DynamicJoystickEditor.cs: 022b5797234952c5d7bc35d1bd14e1f1 -> f92673ca2cd03c2f140cf81ccfee7ccb
  custom:scripting/monoscript/fileName/DynamicJoystick.cs: 0ab293606d3fa5fd65cbd65e1d06c400 -> fa6fdbd0de9beec4a70bc764c26bb796
  custom:scripting/monoscript/fileName/PlayerController.cs: 807d658ab5c9f400331841a7af990d8e -> c6d6334dbee39969b7eddb0b08d8203e
  custom:CustomObjectIndexerAttribute: 9a22284fe3817be447336de3de66b15e -> 
  custom:container-demuxer-webm: 4f35f7cbe854078d1ac9338744f61a02 -> 
  custom:scripting/monoscript/fileName/FloatingJoystick.cs: 5ad2d6fd170f0b909c85d006ae763629 -> 516035e2342d093d90fb2bd11ff41e68
  custom:container-muxer-webm: aa71ff27fc2769a1b78a27578f13a17b -> 
  custom:video-decoder-webm-vp8: 9c59270c3fd7afecdb556c50c9e8de78 -> 
  custom:SearchIndexIgnoredProperties: e643bd26f0fe6173181afceb89e7c659 -> 
  custom:AudioImporter_EditorPlatform: d09bf68614088b80899f8185d706f6e7 -> 
  custom:scripting/monoscript/fileName/VariableJoystickEditor.cs: 75e1b4b36e9f7518c61272653e1a297a -> fee5e077b31909c4bba3d7329fdefd90
  custom:video-encoder-webm-vp8: eb34c28f22e8b96e1ab97ce403110664 -> 
  custom:audio-decoder-ogg-vorbis: bf7c407c2cedff20999df2af8eb42d56 -> 
  custom:scripting/monoscript/fileName/mune.cs: 854be57a593bde74a27cc6a4e94cf976 -> b21687ddb03d73bd9f0c1daecb9714de
  custom:scripting/monoscript/fileName/FloatingJoystickEditor.cs: 77573a9156cb44c5d5d617fe80c220c5 -> 20a94efd412f2009d4e6722fe16a3051
  custom:scripting/monoscript/fileName/VariableJoystick.cs: 39f03dc32328afe11ebf2977b1593dda -> 6a21e483212ef280c767be5522709419
  custom:scripting/monoscript/fileName/FixedJoystick.cs: 475c6e1ca66c78aed6c49f6039c5734b -> ceaced0056a716bd82a85e0f3d488361
  custom:scripting/monoscript/fileName/Joystick.cs: efd34e62618f1aa62f745acbb935ce75 -> c13c665079b3ba178e3a8ef05c62070b
  custom:scripting/monoscript/fileName/anim1.cs: 05e913852816f4c6fcc126bf7ffb4ba9 -> 10b52e4432610f56cea187ac60513ec2
  custom:audio-encoder-webm-vorbis: bf7c407c2cedff20999df2af8eb42d56 -> 
  custom:scripting/precompiled-assembly-types:Assembly-CSharp-Editor: e324ca911fd2e13b09c6e0773d0a7dd5 -> f7c7739fc303cafe5879da7512dd0656
  custom:scripting/monoscript/fileName/Rotation.cs: 4761afa5daf9234473e31a02ede334c2 -> 1be1d08457a69d09528d40d7c8df2473
  custom:scripting/monoscript/fileName/Jump.cs: 5b090d859ab09be631dc3b0f203f9571 -> d93a52a180fbbe603a59e9aa6da73c83
  custom:scripting/precompiled-assembly-types:Assembly-CSharp: a74e82d7cb6b6191a2867690e66f61e0 -> 3c8e6843d631723f8999220926f3c146
  custom:scripting/monoscript/fileName/Tigger.cs: ca771e08fd5c5c2e7d1ac379e6d4b2ec -> 387f4c79276ee1729c01db13ee9675a3
========================================================================
Received Prepare
Caller must complete domain reload
Begin MonoManager ReloadAssembly
- Loaded All Assemblies, in  3.406 seconds
Native extension for WindowsStandalone target not found
Native extension for Android target not found
Native extension for WebGL target not found
Mono: successfully reloaded assembly
- Finished resetting the current domain, in 17.001 seconds
Domain Reload Profiling: 20364ms
	BeginReloadAssembly (572ms)
		ExecutionOrderSort (0ms)
		DisableScriptedObjects (10ms)
		BackupInstance (0ms)
		ReleaseScriptingObjects (0ms)
		CreateAndSetChildDomain (62ms)
	RebuildCommonClasses (62ms)
	RebuildNativeTypeToScriptingClass (17ms)
	initialDomainReloadingComplete (91ms)
	LoadAllAssembliesAndSetupDomain (2621ms)
		LoadAssemblies (2998ms)
		RebuildTransferFunctionScriptingTraits (0ms)
		AnalyzeDomain (40ms)
			TypeCache.Refresh (15ms)
				TypeCache.ScanAssembly (2ms)
			ScanForSourceGeneratedMonoScriptInfo (14ms)
			ResolveRequiredComponents (10ms)
	FinalizeReload (17001ms)
		ReleaseScriptCaches (0ms)
		RebuildScriptCaches (0ms)
		SetupLoadedEditorAssemblies (1065ms)
			LogAssemblyErrors (0ms)
			InitializePlatformSupportModulesInManaged (53ms)
			SetLoadedEditorAssemblies (6ms)
			RefreshPlugins (0ms)
			BeforeProcessingInitializeOnLoad (163ms)
			ProcessInitializeOnLoadAttributes (766ms)
			ProcessInitializeOnLoadMethodAttributes (29ms)
			AfterProcessingInitializeOnLoad (47ms)
			EditorAssembliesLoaded (0ms)
		ExecutionOrderSort2 (0ms)
		AwakeInstancesAfterBackupRestoration (10ms)
Refreshing native plugins compatible for Editor in 21.72 ms, found 3 plugins.
Preloading 0 native plugins for Editor in 0.00 ms.
Unloading 3537 Unused Serialized files (Serialized files now loaded: 0)
Unloading 14 unused Assets / (84.1 KB). Loaded Objects now: 4110.
Memory consumption went from 139.1 MB to 139.0 MB.
Total: 9.620900 ms (FindLiveObjects: 0.769400 ms CreateObjectMapping: 0.469100 ms MarkObjects: 8.136100 ms  DeleteObjects: 0.241700 ms)

Prepare: number of updated asset objects reloaded= 0
AssetImportParameters requested are different than current active one (requested -> active):
  custom:scripting/monoscript/fileName/JoystickEditor.cs: 31d892737481409a0ec21b3641383a31 -> 406670d2fe263f5d7c582f8389f2b844
  custom:scripting/monoscript/fileName/Main.cs: bcc0f9052176b2186a7114234ef44a73 -> c093076ba5753d7bec74a8a751ffb653
  custom:container-demuxer-ogg: 62fdf1f143b41e24485cea50d1cbac27 -> 
  custom:scripting/monoscript/fileName/JoystickPlayerExample.cs: b49ed73c06895c00887fd43b2fe13656 -> 2ec96b3abad264f4393a91b76b487cb7
  custom:scripting/monoscript/fileName/JoystickSetterExample.cs: 959f5a79520f07bdb5268f1ee0033001 -> 9ef810522df7cdd512f52a98ae7a04f9
  custom:video-decoder-ogg-theora: a1e56fd34408186e4bbccfd4996cb3dc -> 
  custom:framework-win-MediaFoundation: 216162199b28c13a410421893ffa2e32 -> 
  custom:scripting/monoscript/fileName/DynamicJoystickEditor.cs: 022b5797234952c5d7bc35d1bd14e1f1 -> f92673ca2cd03c2f140cf81ccfee7ccb
  custom:scripting/monoscript/fileName/DynamicJoystick.cs: 0ab293606d3fa5fd65cbd65e1d06c400 -> fa6fdbd0de9beec4a70bc764c26bb796
  custom:scripting/monoscript/fileName/PlayerController.cs: 807d658ab5c9f400331841a7af990d8e -> c6d6334dbee39969b7eddb0b08d8203e
  custom:CustomObjectIndexerAttribute: 9a22284fe3817be447336de3de66b15e -> 
  custom:container-demuxer-webm: 4f35f7cbe854078d1ac9338744f61a02 -> 
  custom:scripting/monoscript/fileName/FloatingJoystick.cs: 5ad2d6fd170f0b909c85d006ae763629 -> 516035e2342d093d90fb2bd11ff41e68
  custom:container-muxer-webm: aa71ff27fc2769a1b78a27578f13a17b -> 
  custom:video-decoder-webm-vp8: 9c59270c3fd7afecdb556c50c9e8de78 -> 
  custom:SearchIndexIgnoredProperties: e643bd26f0fe6173181afceb89e7c659 -> 
  custom:scripting/monoscript/fileName/Gan.cs: 10b52e4432610f56cea187ac60513ec2 -> 
  custom:AudioImporter_EditorPlatform: d09bf68614088b80899f8185d706f6e7 -> 
  custom:scripting/monoscript/fileName/VariableJoystickEditor.cs: 75e1b4b36e9f7518c61272653e1a297a -> fee5e077b31909c4bba3d7329fdefd90
  custom:video-encoder-webm-vp8: eb34c28f22e8b96e1ab97ce403110664 -> 
  custom:audio-decoder-ogg-vorbis: bf7c407c2cedff20999df2af8eb42d56 -> 
  custom:scripting/monoscript/fileName/mune.cs: 854be57a593bde74a27cc6a4e94cf976 -> b21687ddb03d73bd9f0c1daecb9714de
  custom:scripting/monoscript/fileName/FloatingJoystickEditor.cs: 77573a9156cb44c5d5d617fe80c220c5 -> 20a94efd412f2009d4e6722fe16a3051
  custom:scripting/monoscript/fileName/VariableJoystick.cs: 39f03dc32328afe11ebf2977b1593dda -> 6a21e483212ef280c767be5522709419
  custom:scripting/monoscript/fileName/FixedJoystick.cs: 475c6e1ca66c78aed6c49f6039c5734b -> ceaced0056a716bd82a85e0f3d488361
  custom:scripting/monoscript/fileName/Joystick.cs: efd34e62618f1aa62f745acbb935ce75 -> c13c665079b3ba178e3a8ef05c62070b
  custom:scripting/monoscript/fileName/anim1.cs: 05e913852816f4c6fcc126bf7ffb4ba9 -> 10b52e4432610f56cea187ac60513ec2
  custom:audio-encoder-webm-vorbis: bf7c407c2cedff20999df2af8eb42d56 -> 
  custom:scripting/precompiled-assembly-types:Assembly-CSharp-Editor: e324ca911fd2e13b09c6e0773d0a7dd5 -> f7c7739fc303cafe5879da7512dd0656
  custom:scripting/monoscript/fileName/Rotation.cs: 4761afa5daf9234473e31a02ede334c2 -> 1be1d08457a69d09528d40d7c8df2473
  custom:scripting/monoscript/fileName/Jump.cs: 5b090d859ab09be631dc3b0f203f9571 -> d93a52a180fbbe603a59e9aa6da73c83
  custom:scripting/precompiled-assembly-types:Assembly-CSharp: bd7ccfc1af8547b17adea1ad7f49f4ac -> 3c8e6843d631723f8999220926f3c146
  custom:scripting/monoscript/fileName/Tigger.cs: ca771e08fd5c5c2e7d1ac379e6d4b2ec -> 387f4c79276ee1729c01db13ee9675a3
========================================================================
Received Import Request.
  Time since last request: 96.001199 seconds.
  path: Assets/Scripts/Joystick.cs
  artifactKey: Guid(8d788515bfeac284f8c6d1e6dd6675b9) Importer(815301076,1909f56bfc062723c751e8b465ee728b)
Start importing Assets/Scripts/Joystick.cs using Guid(8d788515bfeac284f8c6d1e6dd6675b9) Importer(815301076,1909f56bfc062723c751e8b465ee728b) [PhysX] Initialized MultithreadedTaskDispatcher with 8 workers.
 -> (artifact id: '073f3743b0a948ebc55391deb7c27d70') in 0.014399 seconds
Number of updated asset objects reloaded before import = 0
Number of asset objects unloaded after import = 0
========================================================================
Received Import Request.
  Time since last request: 0.000067 seconds.
  path: Assets/Scripts/Jump.cs
  artifactKey: Guid(2e16615e9af9b0444aaa11e8369efaf2) Importer(815301076,1909f56bfc062723c751e8b465ee728b)
Start importing Assets/Scripts/Jump.cs using Guid(2e16615e9af9b0444aaa11e8369efaf2) Importer(815301076,1909f56bfc062723c751e8b465ee728b) [PhysX] Initialized MultithreadedTaskDispatcher with 8 workers.
 -> (artifact id: 'bce319a86a374f77fae620a3533931bb') in 0.002184 seconds
Number of updated asset objects reloaded before import = 0
Number of asset objects unloaded after import = 0
========================================================================
Received Import Request.
  Time since last request: 0.000027 seconds.
  path: Assets/Scripts/Gan.cs
  artifactKey: Guid(eb6b26cd849fbd044a505453dbfc978e) Importer(815301076,1909f56bfc062723c751e8b465ee728b)
Start importing Assets/Scripts/Gan.cs using Guid(eb6b26cd849fbd044a505453dbfc978e) Importer(815301076,1909f56bfc062723c751e8b465ee728b) [PhysX] Initialized MultithreadedTaskDispatcher with 8 workers.
 -> (artifact id: 'fce03cb01a915b81728ee8b02060441c') in 0.001549 seconds
Number of updated asset objects reloaded before import = 0
Number of asset objects unloaded after import = 0
========================================================================
Received Import Request.
  Time since last request: 109.989891 seconds.
  path: Assets/Scripts/Walk.cs
  artifactKey: Guid(2e16615e9af9b0444aaa11e8369efaf2) Importer(815301076,1909f56bfc062723c751e8b465ee728b)
Start importing Assets/Scripts/Walk.cs using Guid(2e16615e9af9b0444aaa11e8369efaf2) Importer(815301076,1909f56bfc062723c751e8b465ee728b) [PhysX] Initialized MultithreadedTaskDispatcher with 8 workers.
 -> (artifact id: '988c33152db0446effc001711f7f19da') in 0.001017 seconds
Number of updated asset objects reloaded before import = 0
Number of asset objects unloaded after import = 0
========================================================================
Received Prepare
Caller must complete domain reload
Begin MonoManager ReloadAssembly
- Loaded All Assemblies, in  1.222 seconds
Native extension for WindowsStandalone target not found
Native extension for Android target not found
Native extension for WebGL target not found
Mono: successfully reloaded assembly
- Finished resetting the current domain, in  2.545 seconds
Domain Reload Profiling: 3747ms
	BeginReloadAssembly (323ms)
		ExecutionOrderSort (0ms)
		DisableScriptedObjects (8ms)
		BackupInstance (0ms)
		ReleaseScriptingObjects (0ms)
		CreateAndSetChildDomain (46ms)
	RebuildCommonClasses (65ms)
	RebuildNativeTypeToScriptingClass (16ms)
	initialDomainReloadingComplete (94ms)
	LoadAllAssembliesAndSetupDomain (703ms)
		LoadAssemblies (856ms)
		RebuildTransferFunctionScriptingTraits (0ms)
		AnalyzeDomain (45ms)
			TypeCache.Refresh (17ms)
				TypeCache.ScanAssembly (2ms)
			ScanForSourceGeneratedMonoScriptInfo (17ms)
			ResolveRequiredComponents (10ms)
	FinalizeReload (2546ms)
		ReleaseScriptCaches (0ms)
		RebuildScriptCaches (0ms)
		SetupLoadedEditorAssemblies (992ms)
			LogAssemblyErrors (0ms)
			InitializePlatformSupportModulesInManaged (49ms)
			SetLoadedEditorAssemblies (6ms)
			RefreshPlugins (0ms)
			BeforeProcessingInitializeOnLoad (164ms)
			ProcessInitializeOnLoadAttributes (697ms)
			ProcessInitializeOnLoadMethodAttributes (28ms)
			AfterProcessingInitializeOnLoad (48ms)
			EditorAssembliesLoaded (0ms)
		ExecutionOrderSort2 (0ms)
		AwakeInstancesAfterBackupRestoration (10ms)
Refreshing native plugins compatible for Editor in 21.32 ms, found 3 plugins.
Preloading 0 native plugins for Editor in 0.00 ms.
Unloading 3537 Unused Serialized files (Serialized files now loaded: 0)
Unloading 14 unused Assets / (84.2 KB). Loaded Objects now: 4113.
Memory consumption went from 139.1 MB to 139.0 MB.
Total: 9.500600 ms (FindLiveObjects: 0.708100 ms CreateObjectMapping: 0.721900 ms MarkObjects: 7.879700 ms  DeleteObjects: 0.189100 ms)

Prepare: number of updated asset objects reloaded= 0
AssetImportParameters requested are different than current active one (requested -> active):
  custom:scripting/monoscript/fileName/JoystickEditor.cs: 31d892737481409a0ec21b3641383a31 -> 406670d2fe263f5d7c582f8389f2b844
  custom:scripting/monoscript/fileName/Main.cs: bcc0f9052176b2186a7114234ef44a73 -> c093076ba5753d7bec74a8a751ffb653
  custom:container-demuxer-ogg: 62fdf1f143b41e24485cea50d1cbac27 -> 
  custom:scripting/monoscript/fileName/JoystickPlayerExample.cs: b49ed73c06895c00887fd43b2fe13656 -> 2ec96b3abad264f4393a91b76b487cb7
  custom:scripting/monoscript/fileName/JoystickSetterExample.cs: 959f5a79520f07bdb5268f1ee0033001 -> 9ef810522df7cdd512f52a98ae7a04f9
  custom:video-decoder-ogg-theora: a1e56fd34408186e4bbccfd4996cb3dc -> 
  custom:framework-win-MediaFoundation: 216162199b28c13a410421893ffa2e32 -> 
  custom:scripting/monoscript/fileName/DynamicJoystickEditor.cs: 022b5797234952c5d7bc35d1bd14e1f1 -> f92673ca2cd03c2f140cf81ccfee7ccb
  custom:scripting/monoscript/fileName/DynamicJoystick.cs: 0ab293606d3fa5fd65cbd65e1d06c400 -> fa6fdbd0de9beec4a70bc764c26bb796
  custom:scripting/monoscript/fileName/PlayerController.cs: 807d658ab5c9f400331841a7af990d8e -> c6d6334dbee39969b7eddb0b08d8203e
  custom:CustomObjectIndexerAttribute: 9a22284fe3817be447336de3de66b15e -> 
  custom:container-demuxer-webm: 4f35f7cbe854078d1ac9338744f61a02 -> 
  custom:scripting/monoscript/fileName/FloatingJoystick.cs: 5ad2d6fd170f0b909c85d006ae763629 -> 516035e2342d093d90fb2bd11ff41e68
  custom:container-muxer-webm: aa71ff27fc2769a1b78a27578f13a17b -> 
  custom:video-decoder-webm-vp8: 9c59270c3fd7afecdb556c50c9e8de78 -> 
  custom:SearchIndexIgnoredProperties: e643bd26f0fe6173181afceb89e7c659 -> 
  custom:scripting/monoscript/fileName/Gan.cs: 10b52e4432610f56cea187ac60513ec2 -> 
  custom:AudioImporter_EditorPlatform: d09bf68614088b80899f8185d706f6e7 -> 
  custom:scripting/monoscript/fileName/VariableJoystickEditor.cs: 75e1b4b36e9f7518c61272653e1a297a -> fee5e077b31909c4bba3d7329fdefd90
  custom:scripting/monoscript/fileName/Walk.cs: d93a52a180fbbe603a59e9aa6da73c83 -> 
  custom:video-encoder-webm-vp8: eb34c28f22e8b96e1ab97ce403110664 -> 
  custom:audio-decoder-ogg-vorbis: bf7c407c2cedff20999df2af8eb42d56 -> 
  custom:scripting/monoscript/fileName/mune.cs: 854be57a593bde74a27cc6a4e94cf976 -> b21687ddb03d73bd9f0c1daecb9714de
  custom:scripting/monoscript/fileName/FloatingJoystickEditor.cs: 77573a9156cb44c5d5d617fe80c220c5 -> 20a94efd412f2009d4e6722fe16a3051
  custom:scripting/monoscript/fileName/VariableJoystick.cs: 39f03dc32328afe11ebf2977b1593dda -> 6a21e483212ef280c767be5522709419
  custom:scripting/monoscript/fileName/FixedJoystick.cs: 475c6e1ca66c78aed6c49f6039c5734b -> ceaced0056a716bd82a85e0f3d488361
  custom:scripting/monoscript/fileName/Joystick.cs: efd34e62618f1aa62f745acbb935ce75 -> c13c665079b3ba178e3a8ef05c62070b
  custom:scripting/monoscript/fileName/anim1.cs: 05e913852816f4c6fcc126bf7ffb4ba9 -> 10b52e4432610f56cea187ac60513ec2
  custom:audio-encoder-webm-vorbis: bf7c407c2cedff20999df2af8eb42d56 -> 
  custom:scripting/precompiled-assembly-types:Assembly-CSharp-Editor: e324ca911fd2e13b09c6e0773d0a7dd5 -> f7c7739fc303cafe5879da7512dd0656
  custom:scripting/monoscript/fileName/Rotation.cs: 4761afa5daf9234473e31a02ede334c2 -> 1be1d08457a69d09528d40d7c8df2473
  custom:scripting/monoscript/fileName/Jump.cs: 5b090d859ab09be631dc3b0f203f9571 -> d93a52a180fbbe603a59e9aa6da73c83
  custom:scripting/precompiled-assembly-types:Assembly-CSharp: 084b867e174ec096efde7b256c6cf603 -> 3c8e6843d631723f8999220926f3c146
  custom:scripting/monoscript/fileName/Tigger.cs: ca771e08fd5c5c2e7d1ac379e6d4b2ec -> 387f4c79276ee1729c01db13ee9675a3
========================================================================
Received Import Request.
  Time since last request: 13.949428 seconds.
  path: Assets/Scripts/mune.cs
  artifactKey: Guid(ba080802efda6f6409dc26a65a671b76) Importer(815301076,1909f56bfc062723c751e8b465ee728b)
Start importing Assets/Scripts/mune.cs using Guid(ba080802efda6f6409dc26a65a671b76) Importer(815301076,1909f56bfc062723c751e8b465ee728b) [PhysX] Initialized MultithreadedTaskDispatcher with 8 workers.
 -> (artifact id: 'b91e8ba3516a8ea988766e052ba118e2') in 0.005517 seconds
Number of updated asset objects reloaded before import = 0
Number of asset objects unloaded after import = 0
========================================================================
Received Import Request.
  Time since last request: 0.000058 seconds.
  path: Assets/Scripts/Walk.cs
  artifactKey: Guid(2e16615e9af9b0444aaa11e8369efaf2) Importer(815301076,1909f56bfc062723c751e8b465ee728b)
Start importing Assets/Scripts/Walk.cs using Guid(2e16615e9af9b0444aaa11e8369efaf2) Importer(815301076,1909f56bfc062723c751e8b465ee728b) [PhysX] Initialized MultithreadedTaskDispatcher with 8 workers.
 -> (artifact id: '7a000bdc93793a32724e1416de14ebc2') in 0.001659 seconds
Number of updated asset objects reloaded before import = 0
Number of asset objects unloaded after import = 0
========================================================================
Received Import Request.
  Time since last request: 0.000028 seconds.
  path: Assets/Scripts/Main.cs
  artifactKey: Guid(02b17d3ad5b4dc7408cb82da20dd96f4) Importer(815301076,1909f56bfc062723c751e8b465ee728b)
Start importing Assets/Scripts/Main.cs using Guid(02b17d3ad5b4dc7408cb82da20dd96f4) Importer(815301076,1909f56bfc062723c751e8b465ee728b) [PhysX] Initialized MultithreadedTaskDispatcher with 8 workers.
 -> (artifact id: '863c3ba599941088afe0b1e14941e045') in 0.001462 seconds
Number of updated asset objects reloaded before import = 0
Number of asset objects unloaded after import = 0
========================================================================
Received Import Request.
  Time since last request: 9.830360 seconds.
  path: Assets/Scripts/PlayerController.cs
  artifactKey: Guid(bf46f2acac3955e4bba15ace4b8f65b0) Importer(815301076,1909f56bfc062723c751e8b465ee728b)
Start importing Assets/Scripts/PlayerController.cs using Guid(bf46f2acac3955e4bba15ace4b8f65b0) Importer(815301076,1909f56bfc062723c751e8b465ee728b) [PhysX] Initialized MultithreadedTaskDispatcher with 8 workers.
 -> (artifact id: 'ffdaeb7dec98cc00c229b2d3398d7892') in 0.000843 seconds
Number of updated asset objects reloaded before import = 0
Number of asset objects unloaded after import = 0
========================================================================
Received Import Request.
  Time since last request: 37.933833 seconds.
  path: Assets/Scripts/Tigger.cs
  artifactKey: Guid(77813cd985ecc244a93523ac87f513b2) Importer(815301076,1909f56bfc062723c751e8b465ee728b)
Start importing Assets/Scripts/Tigger.cs using Guid(77813cd985ecc244a93523ac87f513b2) Importer(815301076,1909f56bfc062723c751e8b465ee728b) [PhysX] Initialized MultithreadedTaskDispatcher with 8 workers.
 -> (artifact id: 'fc86fa231438e9c363bc9fd92b577c9f') in 0.000960 seconds
Number of updated asset objects reloaded before import = 0
Number of asset objects unloaded after import = 0
========================================================================
Received Import Request.
  Time since last request: 3.867544 seconds.
  path: Assets/Scripts/Rotation.cs
  artifactKey: Guid(31f3240ee765cdf448929f38b79bd2a8) Importer(815301076,1909f56bfc062723c751e8b465ee728b)
Start importing Assets/Scripts/Rotation.cs using Guid(31f3240ee765cdf448929f38b79bd2a8) Importer(815301076,1909f56bfc062723c751e8b465ee728b) [PhysX] Initialized MultithreadedTaskDispatcher with 8 workers.
 -> (artifact id: 'b643c18b5ee6d218125c26b69f849ab4') in 0.000923 seconds
Number of updated asset objects reloaded before import = 0
Number of asset objects unloaded after import = 0
========================================================================
Received Prepare
Caller must complete domain reload
Begin MonoManager ReloadAssembly
- Loaded All Assemblies, in  1.158 seconds
Native extension for WindowsStandalone target not found
Native extension for Android target not found
Native extension for WebGL target not found
Mono: successfully reloaded assembly
- Finished resetting the current domain, in  4.370 seconds
Domain Reload Profiling: 5506ms
	BeginReloadAssembly (311ms)
		ExecutionOrderSort (0ms)
		DisableScriptedObjects (8ms)
		BackupInstance (0ms)
		ReleaseScriptingObjects (0ms)
		CreateAndSetChildDomain (40ms)
	RebuildCommonClasses (56ms)
	RebuildNativeTypeToScriptingClass (16ms)
	initialDomainReloadingComplete (89ms)
	LoadAllAssembliesAndSetupDomain (663ms)
		LoadAssemblies (838ms)
		RebuildTransferFunctionScriptingTraits (0ms)
		AnalyzeDomain (25ms)
			TypeCache.Refresh (9ms)
				TypeCache.ScanAssembly (0ms)
			ScanForSourceGeneratedMonoScriptInfo (0ms)
			ResolveRequiredComponents (14ms)
	FinalizeReload (4371ms)
		ReleaseScriptCaches (0ms)
		RebuildScriptCaches (0ms)
		SetupLoadedEditorAssemblies (1131ms)
			LogAssemblyErrors (0ms)
			InitializePlatformSupportModulesInManaged (57ms)
			SetLoadedEditorAssemblies (7ms)
			RefreshPlugins (0ms)
			BeforeProcessingInitializeOnLoad (186ms)
			ProcessInitializeOnLoadAttributes (795ms)
			ProcessInitializeOnLoadMethodAttributes (34ms)
			AfterProcessingInitializeOnLoad (51ms)
			EditorAssembliesLoaded (0ms)
		ExecutionOrderSort2 (0ms)
		AwakeInstancesAfterBackupRestoration (11ms)
Refreshing native plugins compatible for Editor in 20.86 ms, found 3 plugins.
Preloading 0 native plugins for Editor in 0.00 ms.
Unloading 3537 Unused Serialized files (Serialized files now loaded: 0)
Unloading 14 unused Assets / (84.3 KB). Loaded Objects now: 4116.
Memory consumption went from 139.1 MB to 139.0 MB.
Total: 7.112700 ms (FindLiveObjects: 0.572700 ms CreateObjectMapping: 0.172400 ms MarkObjects: 6.179100 ms  DeleteObjects: 0.186600 ms)

Prepare: number of updated asset objects reloaded= 0
AssetImportParameters requested are different than current active one (requested -> active):
  custom:scripting/monoscript/fileName/JoystickEditor.cs: 31d892737481409a0ec21b3641383a31 -> 406670d2fe263f5d7c582f8389f2b844
  custom:scripting/monoscript/fileName/Main.cs: bcc0f9052176b2186a7114234ef44a73 -> c093076ba5753d7bec74a8a751ffb653
  custom:container-demuxer-ogg: 62fdf1f143b41e24485cea50d1cbac27 -> 
  custom:scripting/monoscript/fileName/JoystickPlayerExample.cs: b49ed73c06895c00887fd43b2fe13656 -> 2ec96b3abad264f4393a91b76b487cb7
  custom:scripting/monoscript/fileName/JoystickSetterExample.cs: 959f5a79520f07bdb5268f1ee0033001 -> 9ef810522df7cdd512f52a98ae7a04f9
  custom:video-decoder-ogg-theora: a1e56fd34408186e4bbccfd4996cb3dc -> 
  custom:framework-win-MediaFoundation: 216162199b28c13a410421893ffa2e32 -> 
  custom:scripting/monoscript/fileName/DynamicJoystickEditor.cs: 022b5797234952c5d7bc35d1bd14e1f1 -> f92673ca2cd03c2f140cf81ccfee7ccb
  custom:scripting/monoscript/fileName/DynamicJoystick.cs: 0ab293606d3fa5fd65cbd65e1d06c400 -> fa6fdbd0de9beec4a70bc764c26bb796
  custom:scripting/monoscript/fileName/PlayerController.cs: 807d658ab5c9f400331841a7af990d8e -> c6d6334dbee39969b7eddb0b08d8203e
  custom:CustomObjectIndexerAttribute: 9a22284fe3817be447336de3de66b15e -> 
  custom:container-demuxer-webm: 4f35f7cbe854078d1ac9338744f61a02 -> 
  custom:scripting/monoscript/fileName/FloatingJoystick.cs: 5ad2d6fd170f0b909c85d006ae763629 -> 516035e2342d093d90fb2bd11ff41e68
  custom:container-muxer-webm: aa71ff27fc2769a1b78a27578f13a17b -> 
  custom:video-decoder-webm-vp8: 9c59270c3fd7afecdb556c50c9e8de78 -> 
  custom:SearchIndexIgnoredProperties: e643bd26f0fe6173181afceb89e7c659 -> 
  custom:scripting/monoscript/fileName/Gan.cs: 10b52e4432610f56cea187ac60513ec2 -> 
  custom:AudioImporter_EditorPlatform: d09bf68614088b80899f8185d706f6e7 -> 
  custom:scripting/monoscript/fileName/VariableJoystickEditor.cs: 75e1b4b36e9f7518c61272653e1a297a -> fee5e077b31909c4bba3d7329fdefd90
  custom:scripting/monoscript/fileName/Walk.cs: d93a52a180fbbe603a59e9aa6da73c83 -> 
  custom:video-encoder-webm-vp8: eb34c28f22e8b96e1ab97ce403110664 -> 
  custom:audio-decoder-ogg-vorbis: bf7c407c2cedff20999df2af8eb42d56 -> 
  custom:scripting/monoscript/fileName/mune.cs: 854be57a593bde74a27cc6a4e94cf976 -> b21687ddb03d73bd9f0c1daecb9714de
  custom:scripting/monoscript/fileName/FloatingJoystickEditor.cs: 77573a9156cb44c5d5d617fe80c220c5 -> 20a94efd412f2009d4e6722fe16a3051
  custom:scripting/monoscript/fileName/VariableJoystick.cs: 39f03dc32328afe11ebf2977b1593dda -> 6a21e483212ef280c767be5522709419
  custom:scripting/monoscript/fileName/FixedJoystick.cs: 475c6e1ca66c78aed6c49f6039c5734b -> ceaced0056a716bd82a85e0f3d488361
  custom:scripting/monoscript/fileName/Joystick.cs: efd34e62618f1aa62f745acbb935ce75 -> c13c665079b3ba178e3a8ef05c62070b
  custom:scripting/monoscript/fileName/anim1.cs: 05e913852816f4c6fcc126bf7ffb4ba9 -> 10b52e4432610f56cea187ac60513ec2
  custom:audio-encoder-webm-vorbis: bf7c407c2cedff20999df2af8eb42d56 -> 
  custom:scripting/precompiled-assembly-types:Assembly-CSharp-Editor: e324ca911fd2e13b09c6e0773d0a7dd5 -> f7c7739fc303cafe5879da7512dd0656
  custom:scripting/monoscript/fileName/Rotation.cs: 4761afa5daf9234473e31a02ede334c2 -> 1be1d08457a69d09528d40d7c8df2473
  custom:scripting/monoscript/fileName/Jump.cs: 5b090d859ab09be631dc3b0f203f9571 -> d93a52a180fbbe603a59e9aa6da73c83
  custom:scripting/precompiled-assembly-types:Assembly-CSharp: 084b867e174ec096efde7b256c6cf603 -> 3c8e6843d631723f8999220926f3c146
  custom:scripting/monoscript/fileName/Tigger.cs: ca771e08fd5c5c2e7d1ac379e6d4b2ec -> 387f4c79276ee1729c01db13ee9675a3
========================================================================
Received Import Request.
  Time since last request: 53.916725 seconds.
  path: Assets/Full game .prefab
  artifactKey: Guid(1c000a1c4d8124b4c985937123d06b4a) Importer(815301076,1909f56bfc062723c751e8b465ee728b)
Start importing Assets/Full game .prefab using Guid(1c000a1c4d8124b4c985937123d06b4a) Importer(815301076,1909f56bfc062723c751e8b465ee728b) [PhysX] Initialized MultithreadedTaskDispatcher with 8 workers.
GameObject (named 'Player') references runtime script in scene file. Fixing!
[PhysX] Initialized MultithreadedTaskDispatcher with 8 workers.
 -> (artifact id: 'a2cca18225a025b004e2737472b40c50') in 60.105047 seconds
Number of updated asset objects reloaded before import = 0
Number of asset objects unloaded after import = 3126
========================================================================
Received Import Request.
  Time since last request: 2.288476 seconds.
  path: Assets/Jump.cs
  artifactKey: Guid(7e0eae8d61504194085ab4cfcdab3278) Importer(815301076,1909f56bfc062723c751e8b465ee728b)
Start importing Assets/Jump.cs using Guid(7e0eae8d61504194085ab4cfcdab3278) Importer(815301076,1909f56bfc062723c751e8b465ee728b) [PhysX] Initialized MultithreadedTaskDispatcher with 8 workers.
 -> (artifact id: '887e2b725e75adf7a7b073cf232bd861') in 0.094226 seconds
Number of updated asset objects reloaded before import = 0
Number of asset objects unloaded after import = 0
========================================================================
Received Prepare
Caller must complete domain reload
Begin MonoManager ReloadAssembly
- Loaded All Assemblies, in 26.080 seconds
Native extension for WindowsStandalone target not found
Native extension for Android target not found
Native extension for WebGL target not found
Mono: successfully reloaded assembly
- Finished resetting the current domain, in  7.186 seconds
Domain Reload Profiling: 33332ms
	BeginReloadAssembly (5761ms)
		ExecutionOrderSort (0ms)
		DisableScriptedObjects (198ms)
		BackupInstance (0ms)
		ReleaseScriptingObjects (0ms)
		CreateAndSetChildDomain (2046ms)
	RebuildCommonClasses (74ms)
	RebuildNativeTypeToScriptingClass (17ms)
	initialDomainReloadingComplete (343ms)
	LoadAllAssembliesAndSetupDomain (19951ms)
		LoadAssemblies (20247ms)
		RebuildTransferFunctionScriptingTraits (0ms)
		AnalyzeDomain (972ms)
			TypeCache.Refresh (375ms)
				TypeCache.ScanAssembly (23ms)
			ScanForSourceGeneratedMonoScriptInfo (308ms)
			ResolveRequiredComponents (286ms)
	FinalizeReload (7186ms)
		ReleaseScriptCaches (0ms)
		RebuildScriptCaches (0ms)
		SetupLoadedEditorAssemblies (1225ms)
			LogAssemblyErrors (0ms)
			InitializePlatformSupportModulesInManaged (102ms)
			SetLoadedEditorAssemblies (9ms)
			RefreshPlugins (0ms)
			BeforeProcessingInitializeOnLoad (204ms)
			ProcessInitializeOnLoadAttributes (820ms)
			ProcessInitializeOnLoadMethodAttributes (37ms)
			AfterProcessingInitializeOnLoad (53ms)
			EditorAssembliesLoaded (0ms)
		ExecutionOrderSort2 (0ms)
		AwakeInstancesAfterBackupRestoration (11ms)
Refreshing native plugins compatible for Editor in 15.15 ms, found 3 plugins.
Preloading 0 native plugins for Editor in 0.00 ms.
Unloading 3537 Unused Serialized files (Serialized files now loaded: 0)
Unloading 23 unused Assets / (88.0 KB). Loaded Objects now: 4119.
Memory consumption went from 139.1 MB to 139.1 MB.
Total: 47.128300 ms (FindLiveObjects: 0.408900 ms CreateObjectMapping: 0.454700 ms MarkObjects: 46.043400 ms  DeleteObjects: 0.219900 ms)

Prepare: number of updated asset objects reloaded= 0
AssetImportParameters requested are different than current active one (requested -> active):
  custom:scripting/monoscript/fileName/JoystickEditor.cs: 31d892737481409a0ec21b3641383a31 -> 406670d2fe263f5d7c582f8389f2b844
  custom:scripting/monoscript/fileName/Main.cs: bcc0f9052176b2186a7114234ef44a73 -> c093076ba5753d7bec74a8a751ffb653
  custom:container-demuxer-ogg: 62fdf1f143b41e24485cea50d1cbac27 -> 
  custom:scripting/monoscript/fileName/JoystickPlayerExample.cs: b49ed73c06895c00887fd43b2fe13656 -> 2ec96b3abad264f4393a91b76b487cb7
  custom:scripting/monoscript/fileName/JoystickSetterExample.cs: 959f5a79520f07bdb5268f1ee0033001 -> 9ef810522df7cdd512f52a98ae7a04f9
  custom:video-decoder-ogg-theora: a1e56fd34408186e4bbccfd4996cb3dc -> 
  custom:framework-win-MediaFoundation: 216162199b28c13a410421893ffa2e32 -> 
  custom:scripting/monoscript/fileName/DynamicJoystickEditor.cs: 022b5797234952c5d7bc35d1bd14e1f1 -> f92673ca2cd03c2f140cf81ccfee7ccb
  custom:scripting/monoscript/fileName/DynamicJoystick.cs: 0ab293606d3fa5fd65cbd65e1d06c400 -> fa6fdbd0de9beec4a70bc764c26bb796
  custom:scripting/monoscript/fileName/PlayerController.cs: 807d658ab5c9f400331841a7af990d8e -> c6d6334dbee39969b7eddb0b08d8203e
  custom:CustomObjectIndexerAttribute: 9a22284fe3817be447336de3de66b15e -> 
  custom:container-demuxer-webm: 4f35f7cbe854078d1ac9338744f61a02 -> 
  custom:scripting/monoscript/fileName/FloatingJoystick.cs: 5ad2d6fd170f0b909c85d006ae763629 -> 516035e2342d093d90fb2bd11ff41e68
  custom:container-muxer-webm: aa71ff27fc2769a1b78a27578f13a17b -> 
  custom:video-decoder-webm-vp8: 9c59270c3fd7afecdb556c50c9e8de78 -> 
  custom:SearchIndexIgnoredProperties: e643bd26f0fe6173181afceb89e7c659 -> 
  custom:scripting/monoscript/fileName/Gan.cs: 10b52e4432610f56cea187ac60513ec2 -> 
  custom:AudioImporter_EditorPlatform: d09bf68614088b80899f8185d706f6e7 -> 
  custom:scripting/monoscript/fileName/VariableJoystickEditor.cs: 75e1b4b36e9f7518c61272653e1a297a -> fee5e077b31909c4bba3d7329fdefd90
  custom:scripting/monoscript/fileName/Walk.cs: b813fe3de227fa89db06a9337fee964a -> 
  custom:video-encoder-webm-vp8: eb34c28f22e8b96e1ab97ce403110664 -> 
  custom:audio-decoder-ogg-vorbis: bf7c407c2cedff20999df2af8eb42d56 -> 
  custom:scripting/monoscript/fileName/mune.cs: 854be57a593bde74a27cc6a4e94cf976 -> b21687ddb03d73bd9f0c1daecb9714de
  custom:scripting/monoscript/fileName/FloatingJoystickEditor.cs: 77573a9156cb44c5d5d617fe80c220c5 -> 20a94efd412f2009d4e6722fe16a3051
  custom:scripting/monoscript/fileName/VariableJoystick.cs: 39f03dc32328afe11ebf2977b1593dda -> 6a21e483212ef280c767be5522709419
  custom:scripting/monoscript/fileName/FixedJoystick.cs: 475c6e1ca66c78aed6c49f6039c5734b -> ceaced0056a716bd82a85e0f3d488361
  custom:scripting/monoscript/fileName/Joystick.cs: efd34e62618f1aa62f745acbb935ce75 -> c13c665079b3ba178e3a8ef05c62070b
  custom:scripting/monoscript/fileName/anim1.cs: 05e913852816f4c6fcc126bf7ffb4ba9 -> 10b52e4432610f56cea187ac60513ec2
  custom:audio-encoder-webm-vorbis: bf7c407c2cedff20999df2af8eb42d56 -> 
  custom:scripting/precompiled-assembly-types:Assembly-CSharp-Editor: e324ca911fd2e13b09c6e0773d0a7dd5 -> f7c7739fc303cafe5879da7512dd0656
  custom:scripting/monoscript/fileName/Rotation.cs: 4761afa5daf9234473e31a02ede334c2 -> 1be1d08457a69d09528d40d7c8df2473
  custom:scripting/monoscript/fileName/Jump.cs: 5b090d859ab09be631dc3b0f203f9571 -> d93a52a180fbbe603a59e9aa6da73c83
  custom:scripting/precompiled-assembly-types:Assembly-CSharp: 862900c9fab91a97142311342f1647c1 -> 3c8e6843d631723f8999220926f3c146
  custom:scripting/monoscript/fileName/Tigger.cs: ca771e08fd5c5c2e7d1ac379e6d4b2ec -> 387f4c79276ee1729c01db13ee9675a3
========================================================================
Received Prepare
Caller must complete domain reload
Begin MonoManager ReloadAssembly
- Loaded All Assemblies, in  1.143 seconds
Native extension for WindowsStandalone target not found
Native extension for Android target not found
Native extension for WebGL target not found
Mono: successfully reloaded assembly
- Finished resetting the current domain, in  2.386 seconds
Domain Reload Profiling: 3508ms
	BeginReloadAssembly (320ms)
		ExecutionOrderSort (0ms)
		DisableScriptedObjects (10ms)
		BackupInstance (0ms)
		ReleaseScriptingObjects (0ms)
		CreateAndSetChildDomain (43ms)
	RebuildCommonClasses (53ms)
	RebuildNativeTypeToScriptingClass (16ms)
	initialDomainReloadingComplete (87ms)
	LoadAllAssembliesAndSetupDomain (644ms)
		LoadAssemblies (832ms)
		RebuildTransferFunctionScriptingTraits (0ms)
		AnalyzeDomain (18ms)
			TypeCache.Refresh (7ms)
				TypeCache.ScanAssembly (0ms)
			ScanForSourceGeneratedMonoScriptInfo (0ms)
			ResolveRequiredComponents (9ms)
	FinalizeReload (2387ms)
		ReleaseScriptCaches (0ms)
		RebuildScriptCaches (0ms)
		SetupLoadedEditorAssemblies (925ms)
			LogAssemblyErrors (0ms)
			InitializePlatformSupportModulesInManaged (46ms)
			SetLoadedEditorAssemblies (6ms)
			RefreshPlugins (0ms)
			BeforeProcessingInitializeOnLoad (151ms)
			ProcessInitializeOnLoadAttributes (635ms)
			ProcessInitializeOnLoadMethodAttributes (36ms)
			AfterProcessingInitializeOnLoad (50ms)
			EditorAssembliesLoaded (0ms)
		ExecutionOrderSort2 (0ms)
		AwakeInstancesAfterBackupRestoration (10ms)
Refreshing native plugins compatible for Editor in 19.86 ms, found 3 plugins.
Preloading 0 native plugins for Editor in 0.00 ms.
Unloading 3537 Unused Serialized files (Serialized files now loaded: 0)
Unloading 14 unused Assets / (76.1 KB). Loaded Objects now: 4122.
Memory consumption went from 139.1 MB to 139.1 MB.
Total: 6.422800 ms (FindLiveObjects: 0.361400 ms CreateObjectMapping: 0.145600 ms MarkObjects: 5.782100 ms  DeleteObjects: 0.132200 ms)

Prepare: number of updated asset objects reloaded= 0
AssetImportParameters requested are different than current active one (requested -> active):
  custom:scripting/monoscript/fileName/JoystickEditor.cs: 31d892737481409a0ec21b3641383a31 -> 406670d2fe263f5d7c582f8389f2b844
  custom:scripting/monoscript/fileName/Main.cs: bcc0f9052176b2186a7114234ef44a73 -> c093076ba5753d7bec74a8a751ffb653
  custom:container-demuxer-ogg: 62fdf1f143b41e24485cea50d1cbac27 -> 
  custom:scripting/monoscript/fileName/JoystickPlayerExample.cs: b49ed73c06895c00887fd43b2fe13656 -> 2ec96b3abad264f4393a91b76b487cb7
  custom:scripting/monoscript/fileName/JoystickSetterExample.cs: 959f5a79520f07bdb5268f1ee0033001 -> 9ef810522df7cdd512f52a98ae7a04f9
  custom:video-decoder-ogg-theora: a1e56fd34408186e4bbccfd4996cb3dc -> 
  custom:framework-win-MediaFoundation: 216162199b28c13a410421893ffa2e32 -> 
  custom:scripting/monoscript/fileName/DynamicJoystickEditor.cs: 022b5797234952c5d7bc35d1bd14e1f1 -> f92673ca2cd03c2f140cf81ccfee7ccb
  custom:scripting/monoscript/fileName/DynamicJoystick.cs: 0ab293606d3fa5fd65cbd65e1d06c400 -> fa6fdbd0de9beec4a70bc764c26bb796
  custom:scripting/monoscript/fileName/PlayerController.cs: 807d658ab5c9f400331841a7af990d8e -> c6d6334dbee39969b7eddb0b08d8203e
  custom:CustomObjectIndexerAttribute: 9a22284fe3817be447336de3de66b15e -> 
  custom:container-demuxer-webm: 4f35f7cbe854078d1ac9338744f61a02 -> 
  custom:scripting/monoscript/fileName/FloatingJoystick.cs: 5ad2d6fd170f0b909c85d006ae763629 -> 516035e2342d093d90fb2bd11ff41e68
  custom:container-muxer-webm: aa71ff27fc2769a1b78a27578f13a17b -> 
  custom:video-decoder-webm-vp8: 9c59270c3fd7afecdb556c50c9e8de78 -> 
  custom:SearchIndexIgnoredProperties: e643bd26f0fe6173181afceb89e7c659 -> 
  custom:scripting/monoscript/fileName/Gan.cs: 10b52e4432610f56cea187ac60513ec2 -> 
  custom:AudioImporter_EditorPlatform: d09bf68614088b80899f8185d706f6e7 -> 
  custom:scripting/monoscript/fileName/VariableJoystickEditor.cs: 75e1b4b36e9f7518c61272653e1a297a -> fee5e077b31909c4bba3d7329fdefd90
  custom:scripting/monoscript/fileName/Walk.cs: b813fe3de227fa89db06a9337fee964a -> 
  custom:video-encoder-webm-vp8: eb34c28f22e8b96e1ab97ce403110664 -> 
  custom:audio-decoder-ogg-vorbis: bf7c407c2cedff20999df2af8eb42d56 -> 
  custom:scripting/monoscript/fileName/mune.cs: 854be57a593bde74a27cc6a4e94cf976 -> b21687ddb03d73bd9f0c1daecb9714de
  custom:scripting/monoscript/fileName/FloatingJoystickEditor.cs: 77573a9156cb44c5d5d617fe80c220c5 -> 20a94efd412f2009d4e6722fe16a3051
  custom:scripting/monoscript/fileName/VariableJoystick.cs: 39f03dc32328afe11ebf2977b1593dda -> 6a21e483212ef280c767be5522709419
  custom:scripting/monoscript/fileName/FixedJoystick.cs: 475c6e1ca66c78aed6c49f6039c5734b -> ceaced0056a716bd82a85e0f3d488361
  custom:scripting/monoscript/fileName/Joystick.cs: efd34e62618f1aa62f745acbb935ce75 -> c13c665079b3ba178e3a8ef05c62070b
  custom:scripting/monoscript/fileName/anim1.cs: 05e913852816f4c6fcc126bf7ffb4ba9 -> 10b52e4432610f56cea187ac60513ec2
  custom:audio-encoder-webm-vorbis: bf7c407c2cedff20999df2af8eb42d56 -> 
  custom:scripting/precompiled-assembly-types:Assembly-CSharp-Editor: e324ca911fd2e13b09c6e0773d0a7dd5 -> f7c7739fc303cafe5879da7512dd0656
  custom:scripting/monoscript/fileName/Rotation.cs: 4761afa5daf9234473e31a02ede334c2 -> 1be1d08457a69d09528d40d7c8df2473
  custom:scripting/monoscript/fileName/Jump.cs: 5b090d859ab09be631dc3b0f203f9571 -> d93a52a180fbbe603a59e9aa6da73c83
  custom:scripting/precompiled-assembly-types:Assembly-CSharp: 862900c9fab91a97142311342f1647c1 -> 3c8e6843d631723f8999220926f3c146
  custom:scripting/monoscript/fileName/Tigger.cs: ca771e08fd5c5c2e7d1ac379e6d4b2ec -> 387f4c79276ee1729c01db13ee9675a3
========================================================================
Received Prepare
Caller must complete domain reload
Begin MonoManager ReloadAssembly
- Loaded All Assemblies, in  1.326 seconds
Native extension for WindowsStandalone target not found
Native extension for Android target not found
Native extension for WebGL target not found
Mono: successfully reloaded assembly
- Finished resetting the current domain, in  2.380 seconds
Domain Reload Profiling: 3684ms
	BeginReloadAssembly (356ms)
		ExecutionOrderSort (0ms)
		DisableScriptedObjects (9ms)
		BackupInstance (0ms)
		ReleaseScriptingObjects (0ms)
		CreateAndSetChildDomain (45ms)
	RebuildCommonClasses (61ms)
	RebuildNativeTypeToScriptingClass (16ms)
	initialDomainReloadingComplete (111ms)
	LoadAllAssembliesAndSetupDomain (758ms)
		LoadAssemblies (966ms)
		RebuildTransferFunctionScriptingTraits (0ms)
		AnalyzeDomain (32ms)
			TypeCache.Refresh (11ms)
				TypeCache.ScanAssembly (1ms)
			ScanForSourceGeneratedMonoScriptInfo (10ms)
			ResolveRequiredComponents (9ms)
	FinalizeReload (2381ms)
		ReleaseScriptCaches (0ms)
		RebuildScriptCaches (0ms)
		SetupLoadedEditorAssemblies (943ms)
			LogAssemblyErrors (0ms)
			InitializePlatformSupportModulesInManaged (52ms)
			SetLoadedEditorAssemblies (6ms)
			RefreshPlugins (0ms)
			BeforeProcessingInitializeOnLoad (161ms)
			ProcessInitializeOnLoadAttributes (652ms)
			ProcessInitializeOnLoadMethodAttributes (26ms)
			AfterProcessingInitializeOnLoad (47ms)
			EditorAssembliesLoaded (0ms)
		ExecutionOrderSort2 (0ms)
		AwakeInstancesAfterBackupRestoration (9ms)
Refreshing native plugins compatible for Editor in 20.41 ms, found 3 plugins.
Preloading 0 native plugins for Editor in 0.00 ms.
Unloading 3536 Unused Serialized files (Serialized files now loaded: 0)
Unloading 15 unused Assets / (84.7 KB). Loaded Objects now: 4124.
Memory consumption went from 139.1 MB to 139.0 MB.
Total: 7.583400 ms (FindLiveObjects: 0.384700 ms CreateObjectMapping: 0.375000 ms MarkObjects: 6.658500 ms  DeleteObjects: 0.163900 ms)

Prepare: number of updated asset objects reloaded= 0
AssetImportParameters requested are different than current active one (requested -> active):
  custom:scripting/monoscript/fileName/JoystickEditor.cs: 31d892737481409a0ec21b3641383a31 -> 406670d2fe263f5d7c582f8389f2b844
  custom:scripting/monoscript/fileName/Main.cs: bcc0f9052176b2186a7114234ef44a73 -> c093076ba5753d7bec74a8a751ffb653
  custom:container-demuxer-ogg: 62fdf1f143b41e24485cea50d1cbac27 -> 
  custom:scripting/monoscript/fileName/JoystickPlayerExample.cs: b49ed73c06895c00887fd43b2fe13656 -> 2ec96b3abad264f4393a91b76b487cb7
  custom:scripting/monoscript/fileName/JoystickSetterExample.cs: 959f5a79520f07bdb5268f1ee0033001 -> 9ef810522df7cdd512f52a98ae7a04f9
  custom:video-decoder-ogg-theora: a1e56fd34408186e4bbccfd4996cb3dc -> 
  custom:framework-win-MediaFoundation: 216162199b28c13a410421893ffa2e32 -> 
  custom:scripting/monoscript/fileName/DynamicJoystickEditor.cs: 022b5797234952c5d7bc35d1bd14e1f1 -> f92673ca2cd03c2f140cf81ccfee7ccb
  custom:scripting/monoscript/fileName/DynamicJoystick.cs: 0ab293606d3fa5fd65cbd65e1d06c400 -> fa6fdbd0de9beec4a70bc764c26bb796
  custom:scripting/monoscript/fileName/PlayerController.cs: 807d658ab5c9f400331841a7af990d8e -> c6d6334dbee39969b7eddb0b08d8203e
  custom:CustomObjectIndexerAttribute: 9a22284fe3817be447336de3de66b15e -> 
  custom:container-demuxer-webm: 4f35f7cbe854078d1ac9338744f61a02 -> 
  custom:scripting/monoscript/fileName/FloatingJoystick.cs: 5ad2d6fd170f0b909c85d006ae763629 -> 516035e2342d093d90fb2bd11ff41e68
  custom:container-muxer-webm: aa71ff27fc2769a1b78a27578f13a17b -> 
  custom:video-decoder-webm-vp8: 9c59270c3fd7afecdb556c50c9e8de78 -> 
  custom:SearchIndexIgnoredProperties: e643bd26f0fe6173181afceb89e7c659 -> 
  custom:scripting/monoscript/fileName/Gan.cs: 10b52e4432610f56cea187ac60513ec2 -> 
  custom:AudioImporter_EditorPlatform: d09bf68614088b80899f8185d706f6e7 -> 
  custom:scripting/monoscript/fileName/VariableJoystickEditor.cs: 75e1b4b36e9f7518c61272653e1a297a -> fee5e077b31909c4bba3d7329fdefd90
  custom:scripting/monoscript/fileName/Walk.cs: b813fe3de227fa89db06a9337fee964a -> 
  custom:video-encoder-webm-vp8: eb34c28f22e8b96e1ab97ce403110664 -> 
  custom:audio-decoder-ogg-vorbis: bf7c407c2cedff20999df2af8eb42d56 -> 
  custom:scripting/monoscript/fileName/mune.cs: 854be57a593bde74a27cc6a4e94cf976 -> b21687ddb03d73bd9f0c1daecb9714de
  custom:scripting/monoscript/fileName/FloatingJoystickEditor.cs: 77573a9156cb44c5d5d617fe80c220c5 -> 20a94efd412f2009d4e6722fe16a3051
  custom:scripting/monoscript/fileName/VariableJoystick.cs: 39f03dc32328afe11ebf2977b1593dda -> 6a21e483212ef280c767be5522709419
  custom:scripting/monoscript/fileName/FixedJoystick.cs: 475c6e1ca66c78aed6c49f6039c5734b -> ceaced0056a716bd82a85e0f3d488361
  custom:scripting/monoscript/fileName/Joystick.cs: efd34e62618f1aa62f745acbb935ce75 -> c13c665079b3ba178e3a8ef05c62070b
  custom:scripting/monoscript/fileName/anim1.cs: 05e913852816f4c6fcc126bf7ffb4ba9 -> 10b52e4432610f56cea187ac60513ec2
  custom:audio-encoder-webm-vorbis: bf7c407c2cedff20999df2af8eb42d56 -> 
  custom:scripting/precompiled-assembly-types:Assembly-CSharp-Editor: e324ca911fd2e13b09c6e0773d0a7dd5 -> f7c7739fc303cafe5879da7512dd0656
  custom:scripting/monoscript/fileName/Rotation.cs: 4761afa5daf9234473e31a02ede334c2 -> 1be1d08457a69d09528d40d7c8df2473
  custom:scripting/monoscript/fileName/Jump.cs: 5b090d859ab09be631dc3b0f203f9571 -> d93a52a180fbbe603a59e9aa6da73c83
  custom:scripting/precompiled-assembly-types:Assembly-CSharp: 1f08ae0c863384df053ce750d0a34de0 -> 3c8e6843d631723f8999220926f3c146
  custom:scripting/monoscript/fileName/Tigger.cs: ca771e08fd5c5c2e7d1ac379e6d4b2ec -> 387f4c79276ee1729c01db13ee9675a3
========================================================================
Received Import Request.
  Time since last request: 516.320360 seconds.
  path: Assets/Full game .prefab
  artifactKey: Guid(1c000a1c4d8124b4c985937123d06b4a) Importer(815301076,1909f56bfc062723c751e8b465ee728b)
Start importing Assets/Full game .prefab using Guid(1c000a1c4d8124b4c985937123d06b4a) Importer(815301076,1909f56bfc062723c751e8b465ee728b) [PhysX] Initialized MultithreadedTaskDispatcher with 8 workers.
[PhysX] Initialized MultithreadedTaskDispatcher with 8 workers.
 -> (artifact id: 'e72f4bd446d744de2842590b5536845c') in 6.547107 seconds
Number of updated asset objects reloaded before import = 0
Number of asset objects unloaded after import = 3124
========================================================================
Received Prepare
Caller must complete domain reload
Begin MonoManager ReloadAssembly
- Loaded All Assemblies, in  1.200 seconds
Native extension for WindowsStandalone target not found
Native extension for Android target not found
Native extension for WebGL target not found
Mono: successfully reloaded assembly
- Finished resetting the current domain, in  2.361 seconds
Domain Reload Profiling: 3539ms
	BeginReloadAssembly (367ms)
		ExecutionOrderSort (0ms)
		DisableScriptedObjects (7ms)
		BackupInstance (0ms)
		ReleaseScriptingObjects (0ms)
		CreateAndSetChildDomain (97ms)
	RebuildCommonClasses (60ms)
	RebuildNativeTypeToScriptingClass (15ms)
	initialDomainReloadingComplete (83ms)
	LoadAllAssembliesAndSetupDomain (651ms)
		LoadAssemblies (817ms)
		RebuildTransferFunctionScriptingTraits (0ms)
		AnalyzeDomain (32ms)
			TypeCache.Refresh (11ms)
				TypeCache.ScanAssembly (1ms)
			ScanForSourceGeneratedMonoScriptInfo (10ms)
			ResolveRequiredComponents (9ms)
	FinalizeReload (2361ms)
		ReleaseScriptCaches (0ms)
		RebuildScriptCaches (0ms)
		SetupLoadedEditorAssemblies (934ms)
			LogAssemblyErrors (0ms)
			InitializePlatformSupportModulesInManaged (45ms)
			SetLoadedEditorAssemblies (7ms)
			RefreshPlugins (0ms)
			BeforeProcessingInitializeOnLoad (155ms)
			ProcessInitializeOnLoadAttributes (655ms)
			ProcessInitializeOnLoadMethodAttributes (26ms)
			AfterProcessingInitializeOnLoad (46ms)
			EditorAssembliesLoaded (0ms)
		ExecutionOrderSort2 (0ms)
		AwakeInstancesAfterBackupRestoration (12ms)
Refreshing native plugins compatible for Editor in 20.83 ms, found 3 plugins.
Preloading 0 native plugins for Editor in 0.00 ms.
Unloading 3535 Unused Serialized files (Serialized files now loaded: 0)
Unloading 23 unused Assets / (88.0 KB). Loaded Objects now: 4126.
Memory consumption went from 139.1 MB to 139.0 MB.
Total: 8.464200 ms (FindLiveObjects: 0.657400 ms CreateObjectMapping: 0.500100 ms MarkObjects: 6.934300 ms  DeleteObjects: 0.370700 ms)

Prepare: number of updated asset objects reloaded= 0
AssetImportParameters requested are different than current active one (requested -> active):
  custom:scripting/monoscript/fileName/JoystickEditor.cs: 31d892737481409a0ec21b3641383a31 -> 406670d2fe263f5d7c582f8389f2b844
  custom:scripting/monoscript/fileName/Main.cs: bcc0f9052176b2186a7114234ef44a73 -> c093076ba5753d7bec74a8a751ffb653
  custom:container-demuxer-ogg: 62fdf1f143b41e24485cea50d1cbac27 -> 
  custom:scripting/monoscript/fileName/JoystickPlayerExample.cs: b49ed73c06895c00887fd43b2fe13656 -> 2ec96b3abad264f4393a91b76b487cb7
  custom:scripting/monoscript/fileName/JoystickSetterExample.cs: 959f5a79520f07bdb5268f1ee0033001 -> 9ef810522df7cdd512f52a98ae7a04f9
  custom:video-decoder-ogg-theora: a1e56fd34408186e4bbccfd4996cb3dc -> 
  custom:framework-win-MediaFoundation: 216162199b28c13a410421893ffa2e32 -> 
  custom:scripting/monoscript/fileName/DynamicJoystickEditor.cs: 022b5797234952c5d7bc35d1bd14e1f1 -> f92673ca2cd03c2f140cf81ccfee7ccb
  custom:scripting/monoscript/fileName/DynamicJoystick.cs: 0ab293606d3fa5fd65cbd65e1d06c400 -> fa6fdbd0de9beec4a70bc764c26bb796
  custom:scripting/monoscript/fileName/PlayerController.cs: 807d658ab5c9f400331841a7af990d8e -> c6d6334dbee39969b7eddb0b08d8203e
  custom:CustomObjectIndexerAttribute: 9a22284fe3817be447336de3de66b15e -> 
  custom:container-demuxer-webm: 4f35f7cbe854078d1ac9338744f61a02 -> 
  custom:scripting/monoscript/fileName/FloatingJoystick.cs: 5ad2d6fd170f0b909c85d006ae763629 -> 516035e2342d093d90fb2bd11ff41e68
  custom:container-muxer-webm: aa71ff27fc2769a1b78a27578f13a17b -> 
  custom:video-decoder-webm-vp8: 9c59270c3fd7afecdb556c50c9e8de78 -> 
  custom:SearchIndexIgnoredProperties: e643bd26f0fe6173181afceb89e7c659 -> 
  custom:scripting/monoscript/fileName/Gan.cs: 10b52e4432610f56cea187ac60513ec2 -> 
  custom:AudioImporter_EditorPlatform: d09bf68614088b80899f8185d706f6e7 -> 
  custom:scripting/monoscript/fileName/VariableJoystickEditor.cs: 75e1b4b36e9f7518c61272653e1a297a -> fee5e077b31909c4bba3d7329fdefd90
  custom:scripting/monoscript/fileName/Walk.cs: b813fe3de227fa89db06a9337fee964a -> 
  custom:video-encoder-webm-vp8: eb34c28f22e8b96e1ab97ce403110664 -> 
  custom:audio-decoder-ogg-vorbis: bf7c407c2cedff20999df2af8eb42d56 -> 
  custom:scripting/monoscript/fileName/mune.cs: 854be57a593bde74a27cc6a4e94cf976 -> b21687ddb03d73bd9f0c1daecb9714de
  custom:scripting/monoscript/fileName/FloatingJoystickEditor.cs: 77573a9156cb44c5d5d617fe80c220c5 -> 20a94efd412f2009d4e6722fe16a3051
  custom:scripting/monoscript/fileName/VariableJoystick.cs: 39f03dc32328afe11ebf2977b1593dda -> 6a21e483212ef280c767be5522709419
  custom:scripting/monoscript/fileName/FixedJoystick.cs: 475c6e1ca66c78aed6c49f6039c5734b -> ceaced0056a716bd82a85e0f3d488361
  custom:scripting/monoscript/fileName/Joystick.cs: efd34e62618f1aa62f745acbb935ce75 -> c13c665079b3ba178e3a8ef05c62070b
  custom:scripting/monoscript/fileName/anim1.cs: 05e913852816f4c6fcc126bf7ffb4ba9 -> 10b52e4432610f56cea187ac60513ec2
  custom:audio-encoder-webm-vorbis: bf7c407c2cedff20999df2af8eb42d56 -> 
  custom:scripting/precompiled-assembly-types:Assembly-CSharp-Editor: e324ca911fd2e13b09c6e0773d0a7dd5 -> f7c7739fc303cafe5879da7512dd0656
  custom:scripting/monoscript/fileName/Rotation.cs: 4761afa5daf9234473e31a02ede334c2 -> 1be1d08457a69d09528d40d7c8df2473
  custom:scripting/monoscript/fileName/Jump.cs: 5b090d859ab09be631dc3b0f203f9571 -> d93a52a180fbbe603a59e9aa6da73c83
  custom:scripting/precompiled-assembly-types:Assembly-CSharp: 11c13b18c9de06ab43fa07adf42a07f9 -> 3c8e6843d631723f8999220926f3c146
  custom:scripting/monoscript/fileName/Tigger.cs: ca771e08fd5c5c2e7d1ac379e6d4b2ec -> 387f4c79276ee1729c01db13ee9675a3
========================================================================
Received Import Request.
  Time since last request: 20.114434 seconds.
  path: Assets/Full game .prefab
  artifactKey: Guid(1c000a1c4d8124b4c985937123d06b4a) Importer(815301076,1909f56bfc062723c751e8b465ee728b)
Start importing Assets/Full game .prefab using Guid(1c000a1c4d8124b4c985937123d06b4a) Importer(815301076,1909f56bfc062723c751e8b465ee728b) [PhysX] Initialized MultithreadedTaskDispatcher with 8 workers.
[PhysX] Initialized MultithreadedTaskDispatcher with 8 workers.
 -> (artifact id: 'f7d2e8873e9d03c4896e9d3dcb631b36') in 4.356949 seconds
Number of updated asset objects reloaded before import = 0
Number of asset objects unloaded after import = 3124
========================================================================
Received Import Request.
  Time since last request: 36.435789 seconds.
  path: Assets/Full game .prefab
  artifactKey: Guid(1c000a1c4d8124b4c985937123d06b4a) Importer(815301076,1909f56bfc062723c751e8b465ee728b)
Start importing Assets/Full game .prefab using Guid(1c000a1c4d8124b4c985937123d06b4a) Importer(815301076,1909f56bfc062723c751e8b465ee728b) [PhysX] Initialized MultithreadedTaskDispatcher with 8 workers.
[PhysX] Initialized MultithreadedTaskDispatcher with 8 workers.
 -> (artifact id: '512a154a736dabf99a9cbad678e0536d') in 4.161716 seconds
Number of updated asset objects reloaded before import = 0
Number of asset objects unloaded after import = 3123
========================================================================
Received Import Request.
  Time since last request: 42.931915 seconds.
  path: Assets/Full game .prefab
  artifactKey: Guid(1c000a1c4d8124b4c985937123d06b4a) Importer(815301076,1909f56bfc062723c751e8b465ee728b)
Start importing Assets/Full game .prefab using Guid(1c000a1c4d8124b4c985937123d06b4a) Importer(815301076,1909f56bfc062723c751e8b465ee728b) [PhysX] Initialized MultithreadedTaskDispatcher with 8 workers.
[PhysX] Initialized MultithreadedTaskDispatcher with 8 workers.
 -> (artifact id: 'f967e9c9951c1e20e80bc92ed55e2035') in 4.272533 seconds
Number of updated asset objects reloaded before import = 0
Number of asset objects unloaded after import = 3122
========================================================================
Received Import Request.
  Time since last request: 78.356699 seconds.
  path: Assets/Help
  artifactKey: Guid(b267a633bb4c85e4ebdac32e56f164aa) Importer(815301076,1909f56bfc062723c751e8b465ee728b)
Start importing Assets/Help using Guid(b267a633bb4c85e4ebdac32e56f164aa) Importer(815301076,1909f56bfc062723c751e8b465ee728b) [PhysX] Initialized MultithreadedTaskDispatcher with 8 workers.
 -> (artifact id: 'bb1b8626433371f80f8badac8c4ffbd3') in 0.021189 seconds
Number of updated asset objects reloaded before import = 0
Number of asset objects unloaded after import = 0
========================================================================
Received Import Request.
  Time since last request: 18.468536 seconds.
  path: Assets/TextMesh Pro/Fonts
  artifactKey: Guid(6ab70aee4d56447429c680537fbf93ed) Importer(815301076,1909f56bfc062723c751e8b465ee728b)
Start importing Assets/TextMesh Pro/Fonts using Guid(6ab70aee4d56447429c680537fbf93ed) Importer(815301076,1909f56bfc062723c751e8b465ee728b) [PhysX] Initialized MultithreadedTaskDispatcher with 8 workers.
 -> (artifact id: '20111567da1f29bfd88bf993dacb0055') in 0.000844 seconds
Number of updated asset objects reloaded before import = 0
Number of asset objects unloaded after import = 0
========================================================================
Received Import Request.
  Time since last request: 0.056236 seconds.
  path: Assets/TextMesh Pro/Fonts/LiberationSans.ttf
  artifactKey: Guid(e3265ab4bf004d28a9537516768c1c75) Importer(815301076,1909f56bfc062723c751e8b465ee728b)
Start importing Assets/TextMesh Pro/Fonts/LiberationSans.ttf using Guid(e3265ab4bf004d28a9537516768c1c75) Importer(815301076,1909f56bfc062723c751e8b465ee728b) [PhysX] Initialized MultithreadedTaskDispatcher with 8 workers.
[PhysX] Initialized MultithreadedTaskDispatcher with 8 workers.
[PhysX] Initialized MultithreadedTaskDispatcher with 8 workers.
 -> (artifact id: 'ae3657459cde3cc2e48a06c34f7588ad') in 0.317686 seconds
Number of updated asset objects reloaded before import = 0
Number of asset objects unloaded after import = 4
========================================================================
Received Import Request.
  Time since last request: 1.263353 seconds.
  path: Assets/TextMesh Pro/Resources
  artifactKey: Guid(243e06394e614e5d99fab26083b707fa) Importer(815301076,1909f56bfc062723c751e8b465ee728b)
Start importing Assets/TextMesh Pro/Resources using Guid(243e06394e614e5d99fab26083b707fa) Importer(815301076,1909f56bfc062723c751e8b465ee728b) [PhysX] Initialized MultithreadedTaskDispatcher with 8 workers.
 -> (artifact id: '763d16b2d0db79cbaec12fe00f14e0b0') in 0.020634 seconds
Number of updated asset objects reloaded before import = 0
Number of asset objects unloaded after import = 0
========================================================================
Received Import Request.
  Time since last request: 0.066445 seconds.
  path: Assets/TextMesh Pro/Resources/TMP Settings.asset
  artifactKey: Guid(3f5b5dff67a942289a9defa416b206f3) Importer(815301076,1909f56bfc062723c751e8b465ee728b)
Start importing Assets/TextMesh Pro/Resources/TMP Settings.asset using Guid(3f5b5dff67a942289a9defa416b206f3) Importer(815301076,1909f56bfc062723c751e8b465ee728b) [PhysX] Initialized MultithreadedTaskDispatcher with 8 workers.
 -> (artifact id: '67dad185b586f63e47ea3042fdf1c68b') in 0.188203 seconds
Number of updated asset objects reloaded before import = 0
Number of asset objects unloaded after import = 15
========================================================================
Received Import Request.
  Time since last request: 33.500609 seconds.
  path: Assets/Full game .prefab
  artifactKey: Guid(1c000a1c4d8124b4c985937123d06b4a) Importer(815301076,1909f56bfc062723c751e8b465ee728b)
Start importing Assets/Full game .prefab using Guid(1c000a1c4d8124b4c985937123d06b4a) Importer(815301076,1909f56bfc062723c751e8b465ee728b) [PhysX] Initialized MultithreadedTaskDispatcher with 8 workers.
[PhysX] Initialized MultithreadedTaskDispatcher with 8 workers.
 -> (artifact id: '6056f985faf62f3124af8cb1e8ec5b87') in 5.213176 seconds
Number of updated asset objects reloaded before import = 9
Number of asset objects unloaded after import = 3122
========================================================================
Received Import Request.
  Time since last request: 0.202873 seconds.
  path: Assets/Tree.prefab
  artifactKey: Guid(acdf735d781cbfb459e3ccc9aa69d1cb) Importer(815301076,1909f56bfc062723c751e8b465ee728b)
Start importing Assets/Tree.prefab using Guid(acdf735d781cbfb459e3ccc9aa69d1cb) Importer(815301076,1909f56bfc062723c751e8b465ee728b) [PhysX] Initialized MultithreadedTaskDispatcher with 8 workers.
[PhysX] Initialized MultithreadedTaskDispatcher with 8 workers.
[PhysX] Initialized MultithreadedTaskDispatcher with 8 workers.
[PhysX] Initialized MultithreadedTaskDispatcher with 8 workers.
[PhysX] Initialized MultithreadedTaskDispatcher with 8 workers.
 -> (artifact id: '1d1b3f2f4ccb8c1888eb1ad11f8cbf24') in 0.392054 seconds
Number of updated asset objects reloaded before import = 0
Number of asset objects unloaded after import = 11
========================================================================
Received Prepare
Caller must complete domain reload
Begin MonoManager ReloadAssembly
- Loaded All Assemblies, in  3.834 seconds
Native extension for WindowsStandalone target not found
Native extension for Android target not found
Native extension for WebGL target not found
Mono: successfully reloaded assembly
- Finished resetting the current domain, in 11.687 seconds
Domain Reload Profiling: 15498ms
	BeginReloadAssembly (438ms)
		ExecutionOrderSort (0ms)
		DisableScriptedObjects (7ms)
		BackupInstance (0ms)
		ReleaseScriptingObjects (0ms)
		CreateAndSetChildDomain (59ms)
	RebuildCommonClasses (65ms)
	RebuildNativeTypeToScriptingClass (36ms)
	initialDomainReloadingComplete (96ms)
	LoadAllAssembliesAndSetupDomain (3176ms)
		LoadAssemblies (3416ms)
		RebuildTransferFunctionScriptingTraits (0ms)
		AnalyzeDomain (46ms)
			TypeCache.Refresh (11ms)
				TypeCache.ScanAssembly (1ms)
			ScanForSourceGeneratedMonoScriptInfo (24ms)
			ResolveRequiredComponents (9ms)
	FinalizeReload (11688ms)
		ReleaseScriptCaches (0ms)
		RebuildScriptCaches (0ms)
		SetupLoadedEditorAssemblies (929ms)
			LogAssemblyErrors (0ms)
			InitializePlatformSupportModulesInManaged (51ms)
			SetLoadedEditorAssemblies (8ms)
			RefreshPlugins (0ms)
			BeforeProcessingInitializeOnLoad (151ms)
			ProcessInitializeOnLoadAttributes (649ms)
			ProcessInitializeOnLoadMethodAttributes (25ms)
			AfterProcessingInitializeOnLoad (45ms)
			EditorAssembliesLoaded (0ms)
		ExecutionOrderSort2 (0ms)
		AwakeInstancesAfterBackupRestoration (9ms)
Refreshing native plugins compatible for Editor in 20.24 ms, found 3 plugins.
Preloading 0 native plugins for Editor in 0.00 ms.
Unloading 3535 Unused Serialized files (Serialized files now loaded: 0)
Unloading 22 unused Assets / (87.5 KB). Loaded Objects now: 4135.
Memory consumption went from 139.6 MB to 139.5 MB.
Total: 11.439600 ms (FindLiveObjects: 0.615000 ms CreateObjectMapping: 0.466800 ms MarkObjects: 10.031700 ms  DeleteObjects: 0.324100 ms)

Prepare: number of updated asset objects reloaded= 0
AssetImportParameters requested are different than current active one (requested -> active):
  custom:scripting/monoscript/fileName/JoystickEditor.cs: 31d892737481409a0ec21b3641383a31 -> 406670d2fe263f5d7c582f8389f2b844
  custom:scripting/monoscript/fileName/Main.cs: bcc0f9052176b2186a7114234ef44a73 -> c093076ba5753d7bec74a8a751ffb653
  custom:scripting/monoscript/fileName/SkewTextExample.cs: f96859e31fd6dde308d9dc2a2488dcff -> c142d02d70a129e0533975f7c2f96956
  custom:container-demuxer-ogg: 62fdf1f143b41e24485cea50d1cbac27 -> 
  custom:scripting/monoscript/fileName/JoystickPlayerExample.cs: b49ed73c06895c00887fd43b2fe13656 -> 2ec96b3abad264f4393a91b76b487cb7
  custom:scripting/monoscript/fileName/TMP_TextEventHandler.cs: d0f86a17d6fd3e9995db934eaaf34f18 -> f5cd9d5a43bfefc8f4fec80e6de896a4
  custom:scripting/monoscript/fileName/TextMeshProFloatingText.cs: 5a37842f75734e7729f89af9a8145a1a -> 92608fa4a6315cd0786d82205e77b697
  custom:scripting/monoscript/fileName/JoystickSetterExample.cs: 959f5a79520f07bdb5268f1ee0033001 -> 9ef810522df7cdd512f52a98ae7a04f9
  custom:scripting/monoscript/fileName/VertexZoom.cs: 2da4737d79388c0362c64482e9ee50d2 -> 650ab1e81d40126e3edcf737cce646e4
  custom:scripting/monoscript/fileName/VertexShakeA.cs: 16900906a98712c9660b9823af1f2500 -> 63ec564c588058369499638dd899e05b
  custom:scripting/monoscript/fileName/TMP_ExampleScript_01.cs: 59997facf165601d8c6263ace2a973a5 -> a9d4be556104ff54e7d240529b3e01dc
  custom:video-decoder-ogg-theora: a1e56fd34408186e4bbccfd4996cb3dc -> 
  custom:scripting/monoscript/fileName/TMP_TextEventCheck.cs: 7ee93fce990cec7a5b67b504d0259dce -> 13505d917eab5868c435e0c2986dadfa
  custom:scripting/monoscript/fileName/TMP_TextSelector_B.cs: c0db108de9ffc9b6f619f3d00162b1c2 -> ba2be21a7486d37b1011342977a2e49d
  custom:scripting/monoscript/fileName/Benchmark01.cs: 1fef48c763f4be76a973f061699dd041 -> 2d3e2cd961730ab95f139a49a673bace
  custom:framework-win-MediaFoundation: 216162199b28c13a410421893ffa2e32 -> 
  custom:scripting/monoscript/fileName/DynamicJoystickEditor.cs: 022b5797234952c5d7bc35d1bd14e1f1 -> f92673ca2cd03c2f140cf81ccfee7ccb
  custom:scripting/monoscript/fileName/DynamicJoystick.cs: 0ab293606d3fa5fd65cbd65e1d06c400 -> fa6fdbd0de9beec4a70bc764c26bb796
  custom:scripting/monoscript/fileName/Benchmark02.cs: 92dcd0c0a469d0c0690d8ca0bfe95e6f -> 5640963252ce70910e726415f869ced6
  custom:scripting/monoscript/fileName/PlayerController.cs: 807d658ab5c9f400331841a7af990d8e -> c6d6334dbee39969b7eddb0b08d8203e
  custom:scripting/monoscript/fileName/DropdownSample.cs: b4fe7efb027fdd4854f643ad764daa8c -> 0a92251794e5f10400149f96c3c59e5d
  custom:scripting/monoscript/fileName/WarpTextExample.cs: c5431dac938081648a3a3ac553c1029b -> 2663459c266363641981c7d17b698d7f
  custom:CustomObjectIndexerAttribute: 9a22284fe3817be447336de3de66b15e -> 
  custom:container-demuxer-webm: 4f35f7cbe854078d1ac9338744f61a02 -> 
  custom:scripting/monoscript/fileName/ChatController.cs: ff21b89493e3dffcbe018a2cc5a10bae -> 876d5ccae6e345dd5d9450eb0a748f16
  custom:scripting/monoscript/fileName/TextMeshSpawner.cs: c0f20e5855e88374db1098a5acc68df4 -> 76f28e2ddb031571e6ec62b018f65fa8
  custom:scripting/monoscript/fileName/TeleType.cs: c18e16db35615314900dbe198d0144e7 -> 31fa97821c4c70f157ec81d507aa6b62
  custom:scripting/monoscript/fileName/Benchmark04.cs: 86dfb70824307c4cf164687df2489226 -> 32220b148620e52aa81c13a114862bf4
  custom:scripting/monoscript/fileName/FloatingJoystick.cs: 5ad2d6fd170f0b909c85d006ae763629 -> 516035e2342d093d90fb2bd11ff41e68
  custom:container-muxer-webm: aa71ff27fc2769a1b78a27578f13a17b -> 
  custom:video-decoder-webm-vp8: 9c59270c3fd7afecdb556c50c9e8de78 -> 
  custom:scripting/monoscript/fileName/TMP_PhoneNumberValidator.cs: b4c1c54136dffeb4e2962027ebaa6b1f -> 7c3049f481e464c6a9a15dee56c3126f
  custom:SearchIndexIgnoredProperties: e643bd26f0fe6173181afceb89e7c659 -> 
  custom:scripting/monoscript/fileName/Gan.cs: 10b52e4432610f56cea187ac60513ec2 -> 
  custom:AudioImporter_EditorPlatform: d09bf68614088b80899f8185d706f6e7 -> 
  custom:scripting/monoscript/fileName/EnvMapAnimator.cs: 08e040d459cd881082c0dd5daba5f85c -> 1b4f61c17e4b7283c3ac351aacff9d26
  custom:scripting/monoscript/fileName/ShaderPropAnimator.cs: 88b70bc5bbc15375387323f48f0661cf -> 55ce425812446482e623ff2695c94cb2
  custom:scripting/monoscript/fileName/SimpleScript.cs: dcd92cf7399b0d08e25e4a66ab57e91e -> 454caab0c6c050f29b39d82e1d66d0fa
  custom:scripting/monoscript/fileName/VariableJoystickEditor.cs: 75e1b4b36e9f7518c61272653e1a297a -> fee5e077b31909c4bba3d7329fdefd90
  custom:scripting/monoscript/fileName/ObjectSpin.cs: b34dd4d17018731600f920d50ca840f7 -> 2b96bb2079dd7fa5108d981627a28e1e
  custom:scripting/monoscript/fileName/CameraController.cs: 8d43c2def3a67efed518259a2232b470 -> 34b6be4e23ce86dc89786916c5983296
  custom:scripting/monoscript/fileName/TMP_TextInfoDebugTool.cs: 7aad42023b6f5112c90650ae13bd6dd8 -> 3f1709cfb2cc628169113a35b5e9be3f
  custom:scripting/monoscript/fileName/Walk.cs: b813fe3de227fa89db06a9337fee964a -> 
  custom:scripting/monoscript/fileName/TMP_TextSelector_A.cs: 088357b4acdc1e6288d897936d29c8d3 -> 347309a09d56e367b188a6978f75b424
  custom:video-encoder-webm-vp8: eb34c28f22e8b96e1ab97ce403110664 -> 
  custom:audio-decoder-ogg-vorbis: bf7c407c2cedff20999df2af8eb42d56 -> 
  custom:scripting/monoscript/fileName/VertexJitter.cs: 6330f950b41eff6e5970f129864ecd6c -> d27eb5498e48714a66aece98da065133
  custom:scripting/monoscript/fileName/mune.cs: 854be57a593bde74a27cc6a4e94cf976 -> b21687ddb03d73bd9f0c1daecb9714de
  custom:scripting/monoscript/fileName/TextConsoleSimulator.cs: f2c8898b26c0cf2b0a1c7d12d99e6769 -> 33fc311abb20b5b0ed8f00e4d86b574e
  custom:scripting/monoscript/fileName/VertexColorCycler.cs: 135fb0ebdaf256193ccc08218c426c64 -> 5f984ca91cf3609293aecc6bc5641572
  custom:scripting/monoscript/fileName/TMP_FrameRateCounter.cs: 8afeb6f0251e063dcfff2bd827f92c62 -> 46f655df8cb483ac5958307137b1585a
  custom:scripting/monoscript/fileName/FloatingJoystickEditor.cs: 77573a9156cb44c5d5d617fe80c220c5 -> 20a94efd412f2009d4e6722fe16a3051
  custom:scripting/monoscript/fileName/VertexShakeB.cs: 587e5b2aecc39120c2c9ff69742ce897 -> a6f78c4fcda1a29a1a1c1baefedba9e7
  custom:scripting/monoscript/fileName/VariableJoystick.cs: 39f03dc32328afe11ebf2977b1593dda -> 6a21e483212ef280c767be5522709419
  custom:scripting/monoscript/fileName/TMP_UiFrameRateCounter.cs: 8fa3bcf761bb5076fd90d0361518d59c -> b01021aea19247f14a98ab338907956a
  custom:scripting/monoscript/fileName/FixedJoystick.cs: 475c6e1ca66c78aed6c49f6039c5734b -> ceaced0056a716bd82a85e0f3d488361
  custom:scripting/monoscript/fileName/Joystick.cs: efd34e62618f1aa62f745acbb935ce75 -> c13c665079b3ba178e3a8ef05c62070b
  custom:scripting/monoscript/fileName/TMPro_InstructionOverlay.cs: 194f3617683541355a9c6c8193e87b1c -> b626d2270e6ebd5c4311585c18b58d8d
  custom:scripting/monoscript/fileName/anim1.cs: 05e913852816f4c6fcc126bf7ffb4ba9 -> 10b52e4432610f56cea187ac60513ec2
  custom:scripting/monoscript/fileName/TMP_DigitValidator.cs: 4e5cde653ae28b90ab257e866c94dfce -> ac02af96215ae3951a3cce9e1a8c6085
  custom:audio-encoder-webm-vorbis: bf7c407c2cedff20999df2af8eb42d56 -> 
  custom:scripting/precompiled-assembly-types:Assembly-CSharp-Editor: e324ca911fd2e13b09c6e0773d0a7dd5 -> f7c7739fc303cafe5879da7512dd0656
  custom:scripting/monoscript/fileName/Benchmark01_UGUI.cs: 52a24b07fcdd062ef495404efdb65870 -> 6148cfe2627b7708298f301788144139
  custom:scripting/monoscript/fileName/Rotation.cs: 4761afa5daf9234473e31a02ede334c2 -> 1be1d08457a69d09528d40d7c8df2473
  custom:scripting/monoscript/fileName/Jump.cs: 5b090d859ab09be631dc3b0f203f9571 -> d93a52a180fbbe603a59e9aa6da73c83
  custom:scripting/precompiled-assembly-types:Assembly-CSharp: 8d7866d22f7b845d7ef75d4eb782f659 -> 3c8e6843d631723f8999220926f3c146
  custom:scripting/monoscript/fileName/Tigger.cs: ca771e08fd5c5c2e7d1ac379e6d4b2ec -> 387f4c79276ee1729c01db13ee9675a3
  custom:scripting/monoscript/fileName/Benchmark03.cs: 520976d641c2b7cf395e30b045f5a45d -> 17cc87e0529ac71d909a946afb47a274
========================================================================
Received Import Request.
  Time since last request: 54.300982 seconds.
  path: Assets/image
  artifactKey: Guid(61f24cc39cffe064e8d110cbea3d58fa) Importer(815301076,1909f56bfc062723c751e8b465ee728b)
Start importing Assets/image using Guid(61f24cc39cffe064e8d110cbea3d58fa) Importer(815301076,1909f56bfc062723c751e8b465ee728b) [PhysX] Initialized MultithreadedTaskDispatcher with 8 workers.
 -> (artifact id: 'fb38fc1f07b2a19d78501db810d19b86') in 0.003606 seconds
Number of updated asset objects reloaded before import = 0
Number of asset objects unloaded after import = 0
========================================================================
Received Import Request.
  Time since last request: 63.120785 seconds.
  path: Assets/Cube.controller
  artifactKey: Guid(6471b081bf6c67e42b1e9165d13f05ef) Importer(815301076,1909f56bfc062723c751e8b465ee728b)
Start importing Assets/Cube.controller using Guid(6471b081bf6c67e42b1e9165d13f05ef) Importer(815301076,1909f56bfc062723c751e8b465ee728b) [PhysX] Initialized MultithreadedTaskDispatcher with 8 workers.
 -> (artifact id: '85958df77da5421d7ab4ae4d354417a4') in 0.020729 seconds
Number of updated asset objects reloaded before import = 0
Number of asset objects unloaded after import = 8
========================================================================
Received Import Request.
  Time since last request: 87.906229 seconds.
  path: Assets/Materials/New Material 2.mat
  artifactKey: Guid(66b943854959fb74d938c754cd0e9d4b) Importer(815301076,1909f56bfc062723c751e8b465ee728b)
Start importing Assets/Materials/New Material 2.mat using Guid(66b943854959fb74d938c754cd0e9d4b) Importer(815301076,1909f56bfc062723c751e8b465ee728b) [PhysX] Initialized MultithreadedTaskDispatcher with 8 workers.
[PhysX] Initialized MultithreadedTaskDispatcher with 8 workers.
 -> (artifact id: '8ce5f5f7e772bc7e54307765f662ecf1') in 0.098442 seconds
Number of updated asset objects reloaded before import = 0
Number of asset objects unloaded after import = 2
========================================================================
Received Import Request.
  Time since last request: 4.296393 seconds.
  path: Assets/Scenes/New Material 2.mat
  artifactKey: Guid(2eb12028045253346b598068219c3569) Importer(815301076,1909f56bfc062723c751e8b465ee728b)
Start importing Assets/Scenes/New Material 2.mat using Guid(2eb12028045253346b598068219c3569) Importer(815301076,1909f56bfc062723c751e8b465ee728b) [PhysX] Initialized MultithreadedTaskDispatcher with 8 workers.
[PhysX] Initialized MultithreadedTaskDispatcher with 8 workers.
 -> (artifact id: 'f7ec588fc11f79b7c6dadd437981bd72') in 0.020184 seconds
Number of updated asset objects reloaded before import = 0
Number of asset objects unloaded after import = 2
========================================================================
Received Import Request.
  Time since last request: 159.489693 seconds.
  path: Assets/GAN.obj
  artifactKey: Guid(5bf9345f8c935d14487e09bc4fb5203e) Importer(815301076,1909f56bfc062723c751e8b465ee728b)
Start importing Assets/GAN.obj using Guid(5bf9345f8c935d14487e09bc4fb5203e) Importer(815301076,1909f56bfc062723c751e8b465ee728b) [PhysX] Initialized MultithreadedTaskDispatcher with 8 workers.
[PhysX] Initialized MultithreadedTaskDispatcher with 8 workers.
[PhysX] Initialized MultithreadedTaskDispatcher with 8 workers.
[PhysX] Initialized MultithreadedTaskDispatcher with 8 workers.
[PhysX] Initialized MultithreadedTaskDispatcher with 8 workers.
 -> (artifact id: 'c02a7953bb02508da45fac58f0804cd4') in 0.068943 seconds
Number of updated asset objects reloaded before import = 0
Number of asset objects unloaded after import = 10
========================================================================
Received Import Request.
  Time since last request: 86.856243 seconds.
  path: Assets/Scenes/Full game .prefab
  artifactKey: Guid(1c000a1c4d8124b4c985937123d06b4a) Importer(815301076,1909f56bfc062723c751e8b465ee728b)
Start importing Assets/Scenes/Full game .prefab using Guid(1c000a1c4d8124b4c985937123d06b4a) Importer(815301076,1909f56bfc062723c751e8b465ee728b) [PhysX] Initialized MultithreadedTaskDispatcher with 8 workers.
[PhysX] Initialized MultithreadedTaskDispatcher with 8 workers.
 -> (artifact id: '550fd7c78cde77046569e832eb577ac1') in 5.219726 seconds
Number of updated asset objects reloaded before import = 0
Number of asset objects unloaded after import = 3122
========================================================================
Received Import Request.
  Time since last request: 13.902509 seconds.
  path: Assets/Scenes/model
  artifactKey: Guid(1b3fc90c27523d542843c96d9783e568) Importer(815301076,1909f56bfc062723c751e8b465ee728b)
Start importing Assets/Scenes/model using Guid(1b3fc90c27523d542843c96d9783e568) Importer(815301076,1909f56bfc062723c751e8b465ee728b) [PhysX] Initialized MultithreadedTaskDispatcher with 8 workers.
 -> (artifact id: '00f84fda0926234fc349aecfd4f0ec1d') in 0.003015 seconds
Number of updated asset objects reloaded before import = 0
Number of asset objects unloaded after import = 0
========================================================================
Received Import Request.
  Time since last request: 6.818134 seconds.
  path: Assets/Scenes/model/Full game .prefab
  artifactKey: Guid(3799ec646d6caa8408553064dc790a97) Importer(815301076,1909f56bfc062723c751e8b465ee728b)
Start importing Assets/Scenes/model/Full game .prefab using Guid(3799ec646d6caa8408553064dc790a97) Importer(815301076,1909f56bfc062723c751e8b465ee728b) [PhysX] Initialized MultithreadedTaskDispatcher with 8 workers.
[PhysX] Initialized MultithreadedTaskDispatcher with 8 workers.
 -> (artifact id: '9b3781779beebd2cad82ed68bbb726de') in 3.993964 seconds
Number of updated asset objects reloaded before import = 0
Number of asset objects unloaded after import = 3122
========================================================================
Received Import Request.
  Time since last request: 11.569634 seconds.
  path: Assets/Scenes/GAN.obj
  artifactKey: Guid(72dd464efa0ff5f49b6685aaa2dce638) Importer(815301076,1909f56bfc062723c751e8b465ee728b)
Start importing Assets/Scenes/GAN.obj using Guid(72dd464efa0ff5f49b6685aaa2dce638) Importer(815301076,1909f56bfc062723c751e8b465ee728b) [PhysX] Initialized MultithreadedTaskDispatcher with 8 workers.
[PhysX] Initialized MultithreadedTaskDispatcher with 8 workers.
[PhysX] Initialized MultithreadedTaskDispatcher with 8 workers.
[PhysX] Initialized MultithreadedTaskDispatcher with 8 workers.
[PhysX] Initialized MultithreadedTaskDispatcher with 8 workers.
 -> (artifact id: '8e033142dbeebac6ab3d8ec42287a240') in 0.197852 seconds
Number of updated asset objects reloaded before import = 0
Number of asset objects unloaded after import = 10
========================================================================
Received Import Request.
  Time since last request: 115.859055 seconds.
  path: Assets/Button (3).controller
  artifactKey: Guid(8f90a347cf864a5409459b5fc3bcb8f9) Importer(815301076,1909f56bfc062723c751e8b465ee728b)
Start importing Assets/Button (3).controller using Guid(8f90a347cf864a5409459b5fc3bcb8f9) Importer(815301076,1909f56bfc062723c751e8b465ee728b) [PhysX] Initialized MultithreadedTaskDispatcher with 8 workers.
 -> (artifact id: '59881138008b6f9a16c559d37fef2b81') in 0.003737 seconds
Number of updated asset objects reloaded before import = 0
Number of asset objects unloaded after import = 9
========================================================================
Received Import Request.
  Time since last request: 1.696746 seconds.
  path: Assets/Gan O.anim
  artifactKey: Guid(84e134f6efe76eb4fae13b3f90df90a6) Importer(815301076,1909f56bfc062723c751e8b465ee728b)
Start importing Assets/Gan O.anim using Guid(84e134f6efe76eb4fae13b3f90df90a6) Importer(815301076,1909f56bfc062723c751e8b465ee728b) [PhysX] Initialized MultithreadedTaskDispatcher with 8 workers.
 -> (artifact id: '9b70f6cd6fd364ba76188a43401e64bb') in 0.002360 seconds
Number of updated asset objects reloaded before import = 0
Number of asset objects unloaded after import = 1
========================================================================
Received Prepare
Caller must complete domain reload
Begin MonoManager ReloadAssembly
- Loaded All Assemblies, in  1.597 seconds
Native extension for WindowsStandalone target not found
Native extension for Android target not found
Native extension for WebGL target not found
Mono: successfully reloaded assembly
- Finished resetting the current domain, in 18.212 seconds
Domain Reload Profiling: 19785ms
	BeginReloadAssembly (358ms)
		ExecutionOrderSort (0ms)
		DisableScriptedObjects (8ms)
		BackupInstance (0ms)
		ReleaseScriptingObjects (0ms)
		CreateAndSetChildDomain (64ms)
	RebuildCommonClasses (63ms)
	RebuildNativeTypeToScriptingClass (21ms)
	initialDomainReloadingComplete (105ms)
	LoadAllAssembliesAndSetupDomain (1025ms)
		LoadAssemblies (1220ms)
		RebuildTransferFunctionScriptingTraits (0ms)
		AnalyzeDomain (25ms)
			TypeCache.Refresh (9ms)
				TypeCache.ScanAssembly (0ms)
			ScanForSourceGeneratedMonoScriptInfo (0ms)
			ResolveRequiredComponents (14ms)
	FinalizeReload (18213ms)
		ReleaseScriptCaches (0ms)
		RebuildScriptCaches (0ms)
		SetupLoadedEditorAssemblies (1150ms)
			LogAssemblyErrors (0ms)
			InitializePlatformSupportModulesInManaged (59ms)
			SetLoadedEditorAssemblies (7ms)
			RefreshPlugins (0ms)
			BeforeProcessingInitializeOnLoad (180ms)
			ProcessInitializeOnLoadAttributes (814ms)
			ProcessInitializeOnLoadMethodAttributes (36ms)
			AfterProcessingInitializeOnLoad (54ms)
			EditorAssembliesLoaded (0ms)
		ExecutionOrderSort2 (0ms)
		AwakeInstancesAfterBackupRestoration (12ms)
Refreshing native plugins compatible for Editor in 20.96 ms, found 3 plugins.
Preloading 0 native plugins for Editor in 0.00 ms.
Unloading 3535 Unused Serialized files (Serialized files now loaded: 0)
Unloading 22 unused Assets / (87.4 KB). Loaded Objects now: 4138.
Memory consumption went from 139.8 MB to 139.7 MB.
Total: 16.595800 ms (FindLiveObjects: 0.607400 ms CreateObjectMapping: 0.192800 ms MarkObjects: 15.472100 ms  DeleteObjects: 0.321900 ms)

Prepare: number of updated asset objects reloaded= 0
AssetImportParameters requested are different than current active one (requested -> active):
  custom:scripting/monoscript/fileName/JoystickEditor.cs: 31d892737481409a0ec21b3641383a31 -> 406670d2fe263f5d7c582f8389f2b844
  custom:scripting/monoscript/fileName/Main.cs: bcc0f9052176b2186a7114234ef44a73 -> c093076ba5753d7bec74a8a751ffb653
  custom:scripting/monoscript/fileName/SkewTextExample.cs: f96859e31fd6dde308d9dc2a2488dcff -> c142d02d70a129e0533975f7c2f96956
  custom:container-demuxer-ogg: 62fdf1f143b41e24485cea50d1cbac27 -> 
  custom:scripting/monoscript/fileName/JoystickPlayerExample.cs: b49ed73c06895c00887fd43b2fe13656 -> 2ec96b3abad264f4393a91b76b487cb7
  custom:scripting/monoscript/fileName/TMP_TextEventHandler.cs: d0f86a17d6fd3e9995db934eaaf34f18 -> f5cd9d5a43bfefc8f4fec80e6de896a4
  custom:scripting/monoscript/fileName/TextMeshProFloatingText.cs: 5a37842f75734e7729f89af9a8145a1a -> 92608fa4a6315cd0786d82205e77b697
  custom:scripting/monoscript/fileName/JoystickSetterExample.cs: 959f5a79520f07bdb5268f1ee0033001 -> 9ef810522df7cdd512f52a98ae7a04f9
  custom:scripting/monoscript/fileName/VertexZoom.cs: 2da4737d79388c0362c64482e9ee50d2 -> 650ab1e81d40126e3edcf737cce646e4
  custom:scripting/monoscript/fileName/VertexShakeA.cs: 16900906a98712c9660b9823af1f2500 -> 63ec564c588058369499638dd899e05b
  custom:scripting/monoscript/fileName/TMP_ExampleScript_01.cs: 59997facf165601d8c6263ace2a973a5 -> a9d4be556104ff54e7d240529b3e01dc
  custom:video-decoder-ogg-theora: a1e56fd34408186e4bbccfd4996cb3dc -> 
  custom:scripting/monoscript/fileName/TMP_TextEventCheck.cs: 7ee93fce990cec7a5b67b504d0259dce -> 13505d917eab5868c435e0c2986dadfa
  custom:scripting/monoscript/fileName/TMP_TextSelector_B.cs: c0db108de9ffc9b6f619f3d00162b1c2 -> ba2be21a7486d37b1011342977a2e49d
  custom:scripting/monoscript/fileName/Benchmark01.cs: 1fef48c763f4be76a973f061699dd041 -> 2d3e2cd961730ab95f139a49a673bace
  custom:framework-win-MediaFoundation: 216162199b28c13a410421893ffa2e32 -> 
  custom:scripting/monoscript/fileName/DynamicJoystickEditor.cs: 022b5797234952c5d7bc35d1bd14e1f1 -> f92673ca2cd03c2f140cf81ccfee7ccb
  custom:scripting/monoscript/fileName/DynamicJoystick.cs: 0ab293606d3fa5fd65cbd65e1d06c400 -> fa6fdbd0de9beec4a70bc764c26bb796
  custom:scripting/monoscript/fileName/Benchmark02.cs: 92dcd0c0a469d0c0690d8ca0bfe95e6f -> 5640963252ce70910e726415f869ced6
  custom:scripting/monoscript/fileName/PlayerController.cs: 807d658ab5c9f400331841a7af990d8e -> c6d6334dbee39969b7eddb0b08d8203e
  custom:scripting/monoscript/fileName/DropdownSample.cs: b4fe7efb027fdd4854f643ad764daa8c -> 0a92251794e5f10400149f96c3c59e5d
  custom:scripting/monoscript/fileName/WarpTextExample.cs: c5431dac938081648a3a3ac553c1029b -> 2663459c266363641981c7d17b698d7f
  custom:CustomObjectIndexerAttribute: 9a22284fe3817be447336de3de66b15e -> 
  custom:container-demuxer-webm: 4f35f7cbe854078d1ac9338744f61a02 -> 
  custom:scripting/monoscript/fileName/ChatController.cs: ff21b89493e3dffcbe018a2cc5a10bae -> 876d5ccae6e345dd5d9450eb0a748f16
  custom:scripting/monoscript/fileName/TextMeshSpawner.cs: c0f20e5855e88374db1098a5acc68df4 -> 76f28e2ddb031571e6ec62b018f65fa8
  custom:scripting/monoscript/fileName/TeleType.cs: c18e16db35615314900dbe198d0144e7 -> 31fa97821c4c70f157ec81d507aa6b62
  custom:scripting/monoscript/fileName/Benchmark04.cs: 86dfb70824307c4cf164687df2489226 -> 32220b148620e52aa81c13a114862bf4
  custom:scripting/monoscript/fileName/FloatingJoystick.cs: 5ad2d6fd170f0b909c85d006ae763629 -> 516035e2342d093d90fb2bd11ff41e68
  custom:container-muxer-webm: aa71ff27fc2769a1b78a27578f13a17b -> 
  custom:video-decoder-webm-vp8: 9c59270c3fd7afecdb556c50c9e8de78 -> 
  custom:scripting/monoscript/fileName/TMP_PhoneNumberValidator.cs: b4c1c54136dffeb4e2962027ebaa6b1f -> 7c3049f481e464c6a9a15dee56c3126f
  custom:SearchIndexIgnoredProperties: e643bd26f0fe6173181afceb89e7c659 -> 
  custom:scripting/monoscript/fileName/Gan.cs: 10b52e4432610f56cea187ac60513ec2 -> 
  custom:AudioImporter_EditorPlatform: d09bf68614088b80899f8185d706f6e7 -> 
  custom:scripting/monoscript/fileName/EnvMapAnimator.cs: 08e040d459cd881082c0dd5daba5f85c -> 1b4f61c17e4b7283c3ac351aacff9d26
  custom:scripting/monoscript/fileName/ShaderPropAnimator.cs: 88b70bc5bbc15375387323f48f0661cf -> 55ce425812446482e623ff2695c94cb2
  custom:scripting/monoscript/fileName/SimpleScript.cs: dcd92cf7399b0d08e25e4a66ab57e91e -> 454caab0c6c050f29b39d82e1d66d0fa
  custom:scripting/monoscript/fileName/VariableJoystickEditor.cs: 75e1b4b36e9f7518c61272653e1a297a -> fee5e077b31909c4bba3d7329fdefd90
  custom:scripting/monoscript/fileName/ObjectSpin.cs: b34dd4d17018731600f920d50ca840f7 -> 2b96bb2079dd7fa5108d981627a28e1e
  custom:scripting/monoscript/fileName/CameraController.cs: 8d43c2def3a67efed518259a2232b470 -> 34b6be4e23ce86dc89786916c5983296
  custom:scripting/monoscript/fileName/TMP_TextInfoDebugTool.cs: 7aad42023b6f5112c90650ae13bd6dd8 -> 3f1709cfb2cc628169113a35b5e9be3f
  custom:scripting/monoscript/fileName/Walk.cs: b813fe3de227fa89db06a9337fee964a -> 
  custom:scripting/monoscript/fileName/TMP_TextSelector_A.cs: 088357b4acdc1e6288d897936d29c8d3 -> 347309a09d56e367b188a6978f75b424
  custom:video-encoder-webm-vp8: eb34c28f22e8b96e1ab97ce403110664 -> 
  custom:audio-decoder-ogg-vorbis: bf7c407c2cedff20999df2af8eb42d56 -> 
  custom:scripting/monoscript/fileName/VertexJitter.cs: 6330f950b41eff6e5970f129864ecd6c -> d27eb5498e48714a66aece98da065133
  custom:scripting/monoscript/fileName/mune.cs: 854be57a593bde74a27cc6a4e94cf976 -> b21687ddb03d73bd9f0c1daecb9714de
  custom:scripting/monoscript/fileName/TextConsoleSimulator.cs: f2c8898b26c0cf2b0a1c7d12d99e6769 -> 33fc311abb20b5b0ed8f00e4d86b574e
  custom:scripting/monoscript/fileName/VertexColorCycler.cs: 135fb0ebdaf256193ccc08218c426c64 -> 5f984ca91cf3609293aecc6bc5641572
  custom:scripting/monoscript/fileName/TMP_FrameRateCounter.cs: 8afeb6f0251e063dcfff2bd827f92c62 -> 46f655df8cb483ac5958307137b1585a
  custom:scripting/monoscript/fileName/FloatingJoystickEditor.cs: 77573a9156cb44c5d5d617fe80c220c5 -> 20a94efd412f2009d4e6722fe16a3051
  custom:scripting/monoscript/fileName/VertexShakeB.cs: 587e5b2aecc39120c2c9ff69742ce897 -> a6f78c4fcda1a29a1a1c1baefedba9e7
  custom:scripting/monoscript/fileName/VariableJoystick.cs: 39f03dc32328afe11ebf2977b1593dda -> 6a21e483212ef280c767be5522709419
  custom:scripting/monoscript/fileName/TMP_UiFrameRateCounter.cs: 8fa3bcf761bb5076fd90d0361518d59c -> b01021aea19247f14a98ab338907956a
  custom:scripting/monoscript/fileName/FixedJoystick.cs: 475c6e1ca66c78aed6c49f6039c5734b -> ceaced0056a716bd82a85e0f3d488361
  custom:scripting/monoscript/fileName/Joystick.cs: efd34e62618f1aa62f745acbb935ce75 -> c13c665079b3ba178e3a8ef05c62070b
  custom:scripting/monoscript/fileName/TMPro_InstructionOverlay.cs: 194f3617683541355a9c6c8193e87b1c -> b626d2270e6ebd5c4311585c18b58d8d
  custom:scripting/monoscript/fileName/anim1.cs: 05e913852816f4c6fcc126bf7ffb4ba9 -> 10b52e4432610f56cea187ac60513ec2
  custom:scripting/monoscript/fileName/TMP_DigitValidator.cs: 4e5cde653ae28b90ab257e866c94dfce -> ac02af96215ae3951a3cce9e1a8c6085
  custom:audio-encoder-webm-vorbis: bf7c407c2cedff20999df2af8eb42d56 -> 
  custom:scripting/precompiled-assembly-types:Assembly-CSharp-Editor: e324ca911fd2e13b09c6e0773d0a7dd5 -> f7c7739fc303cafe5879da7512dd0656
  custom:scripting/monoscript/fileName/Benchmark01_UGUI.cs: 52a24b07fcdd062ef495404efdb65870 -> 6148cfe2627b7708298f301788144139
  custom:scripting/monoscript/fileName/Rotation.cs: 4761afa5daf9234473e31a02ede334c2 -> 1be1d08457a69d09528d40d7c8df2473
  custom:scripting/monoscript/fileName/Jump.cs: 5b090d859ab09be631dc3b0f203f9571 -> d93a52a180fbbe603a59e9aa6da73c83
  custom:scripting/precompiled-assembly-types:Assembly-CSharp: 8d7866d22f7b845d7ef75d4eb782f659 -> 3c8e6843d631723f8999220926f3c146
  custom:scripting/monoscript/fileName/Tigger.cs: ca771e08fd5c5c2e7d1ac379e6d4b2ec -> 387f4c79276ee1729c01db13ee9675a3
  custom:scripting/monoscript/fileName/Benchmark03.cs: 520976d641c2b7cf395e30b045f5a45d -> 17cc87e0529ac71d909a946afb47a274
========================================================================
Received Import Request.
  Time since last request: 80.068526 seconds.
  path: Assets/mans/Prefabs/Man_01.prefab
  artifactKey: Guid(ebc4580c7ed532b4cb07171aed640d52) Importer(815301076,1909f56bfc062723c751e8b465ee728b)
Start importing Assets/mans/Prefabs/Man_01.prefab using Guid(ebc4580c7ed532b4cb07171aed640d52) Importer(815301076,1909f56bfc062723c751e8b465ee728b) [PhysX] Initialized MultithreadedTaskDispatcher with 8 workers.
[PhysX] Initialized MultithreadedTaskDispatcher with 8 workers.
 -> (artifact id: 'da76dd2651d18d8738a37743fafd17b3') in 5.160087 seconds
Number of updated asset objects reloaded before import = 0
Number of asset objects unloaded after import = 199
========================================================================
Received Import Request.
  Time since last request: 0.000045 seconds.
  path: Assets/Materials/New Material 2.mat
  artifactKey: Guid(66b943854959fb74d938c754cd0e9d4b) Importer(815301076,1909f56bfc062723c751e8b465ee728b)
Start importing Assets/Materials/New Material 2.mat using Guid(66b943854959fb74d938c754cd0e9d4b) Importer(815301076,1909f56bfc062723c751e8b465ee728b) [PhysX] Initialized MultithreadedTaskDispatcher with 8 workers.
[PhysX] Initialized MultithreadedTaskDispatcher with 8 workers.
 -> (artifact id: 'd6d96b2538de5375c01cecf8cb8588a2') in 0.234509 seconds
Number of updated asset objects reloaded before import = 0
Number of asset objects unloaded after import = 1
========================================================================
Received Import Request.
  Time since last request: 0.003577 seconds.
  path: Assets/mans/Prefabs/Man_Full.prefab
  artifactKey: Guid(5358fd1db56fd5f4ebd3a9185f223155) Importer(815301076,1909f56bfc062723c751e8b465ee728b)
Start importing Assets/mans/Prefabs/Man_Full.prefab using Guid(5358fd1db56fd5f4ebd3a9185f223155) Importer(815301076,1909f56bfc062723c751e8b465ee728b) [PhysX] Initialized MultithreadedTaskDispatcher with 8 workers.
[PhysX] Initialized MultithreadedTaskDispatcher with 8 workers.
 -> (artifact id: '646be03be93dd0cda98b45b4ee19918e') in 6.578940 seconds
Number of updated asset objects reloaded before import = 0
Number of asset objects unloaded after import = 199
========================================================================
Received Import Request.
  Time since last request: 0.000058 seconds.
  path: Assets/mans/Prefabs/Man_03.prefab
  artifactKey: Guid(da1203547328fdb41974e0b5334e799a) Importer(815301076,1909f56bfc062723c751e8b465ee728b)
Start importing Assets/mans/Prefabs/Man_03.prefab using Guid(da1203547328fdb41974e0b5334e799a) Importer(815301076,1909f56bfc062723c751e8b465ee728b) [PhysX] Initialized MultithreadedTaskDispatcher with 8 workers.
[PhysX] Initialized MultithreadedTaskDispatcher with 8 workers.
 -> (artifact id: '0d292b9d135bae5df551bbc1eee53142') in 4.311765 seconds
Number of updated asset objects reloaded before import = 0
Number of asset objects unloaded after import = 199
========================================================================
Received Import Request.
  Time since last request: 69.504426 seconds.
  path: Assets/Scenes/model/Full game .prefab
  artifactKey: Guid(3799ec646d6caa8408553064dc790a97) Importer(815301076,1909f56bfc062723c751e8b465ee728b)
Start importing Assets/Scenes/model/Full game .prefab using Guid(3799ec646d6caa8408553064dc790a97) Importer(815301076,1909f56bfc062723c751e8b465ee728b) [PhysX] Initialized MultithreadedTaskDispatcher with 8 workers.
[PhysX] Initialized MultithreadedTaskDispatcher with 8 workers.
 -> (artifact id: '4ed4efd496d48b78081c4752b338ccef') in 4.474892 seconds
Number of updated asset objects reloaded before import = 0
Number of asset objects unloaded after import = 3096
========================================================================
Received Import Request.
  Time since last request: 20.464665 seconds.
  path: Assets/Scenes/model/Scenes
  artifactKey: Guid(fa9f26d13d0fd1a4885a9ba22584df84) Importer(815301076,1909f56bfc062723c751e8b465ee728b)
Start importing Assets/Scenes/model/Scenes using Guid(fa9f26d13d0fd1a4885a9ba22584df84) Importer(815301076,1909f56bfc062723c751e8b465ee728b) [PhysX] Initialized MultithreadedTaskDispatcher with 8 workers.
 -> (artifact id: 'd9cf4e754a7743dcef9b13d7dc0ec92a') in 0.003454 seconds
Number of updated asset objects reloaded before import = 0
Number of asset objects unloaded after import = 0
========================================================================
Received Import Request.
  Time since last request: 0.050183 seconds.
  path: Assets/Scenes/model/Scenes/GAN.obj
  artifactKey: Guid(68fd8c943d0c9bc4b8383952dbde0b6d) Importer(815301076,1909f56bfc062723c751e8b465ee728b)
Start importing Assets/Scenes/model/Scenes/GAN.obj using Guid(68fd8c943d0c9bc4b8383952dbde0b6d) Importer(815301076,1909f56bfc062723c751e8b465ee728b) [PhysX] Initialized MultithreadedTaskDispatcher with 8 workers.
[PhysX] Initialized MultithreadedTaskDispatcher with 8 workers.
[PhysX] Initialized MultithreadedTaskDispatcher with 8 workers.
[PhysX] Initialized MultithreadedTaskDispatcher with 8 workers.
[PhysX] Initialized MultithreadedTaskDispatcher with 8 workers.
 -> (artifact id: '7e99f2de650976fdc59a8bb8f80b29b8') in 0.066253 seconds
Number of updated asset objects reloaded before import = 0
Number of asset objects unloaded after import = 10
========================================================================
Received Import Request.
  Time since last request: 1.031634 seconds.
  path: Assets/Scenes/model/Scenes/model
  artifactKey: Guid(840c2b934c9a01d4a93256ab22d06082) Importer(815301076,1909f56bfc062723c751e8b465ee728b)
Start importing Assets/Scenes/model/Scenes/model using Guid(840c2b934c9a01d4a93256ab22d06082) Importer(815301076,1909f56bfc062723c751e8b465ee728b) [PhysX] Initialized MultithreadedTaskDispatcher with 8 workers.
 -> (artifact id: 'e34d294676b87c720dfb264b90c9e83f') in 0.000859 seconds
Number of updated asset objects reloaded before import = 0
Number of asset objects unloaded after import = 0
========================================================================
Received Import Request.
  Time since last request: 0.056716 seconds.
  path: Assets/Scenes/model/Scenes/model/Full game .prefab
  artifactKey: Guid(5ab7760d5ce31194680980196ae47780) Importer(815301076,1909f56bfc062723c751e8b465ee728b)
Start importing Assets/Scenes/model/Scenes/model/Full game .prefab using Guid(5ab7760d5ce31194680980196ae47780) Importer(815301076,1909f56bfc062723c751e8b465ee728b) [PhysX] Initialized MultithreadedTaskDispatcher with 8 workers.
[PhysX] Initialized MultithreadedTaskDispatcher with 8 workers.
 -> (artifact id: '7199de3cf11bd500cac0319d48efb0f0') in 3.694042 seconds
Number of updated asset objects reloaded before import = 0
Number of asset objects unloaded after import = 3096
========================================================================
Received Import Request.
  Time since last request: 1067.302065 seconds.
  path: Assets/GAN.obj
  artifactKey: Guid(3a19ef021d4558344aa2f201e492d86c) Importer(815301076,1909f56bfc062723c751e8b465ee728b)
Start importing Assets/GAN.obj using Guid(3a19ef021d4558344aa2f201e492d86c) Importer(815301076,1909f56bfc062723c751e8b465ee728b) [PhysX] Initialized MultithreadedTaskDispatcher with 8 workers.
[PhysX] Initialized MultithreadedTaskDispatcher with 8 workers.
[PhysX] Initialized MultithreadedTaskDispatcher with 8 workers.
[PhysX] Initialized MultithreadedTaskDispatcher with 8 workers.
[PhysX] Initialized MultithreadedTaskDispatcher with 8 workers.
 -> (artifact id: '31765ef38f54300a87dd96e6a07e9f8b') in 0.094816 seconds
Number of updated asset objects reloaded before import = 0
Number of asset objects unloaded after import = 10
========================================================================
Received Import Request.
  Time since last request: 286.782038 seconds.
  path: Assets/Scenes/model/Full game .prefab
  artifactKey: Guid(3799ec646d6caa8408553064dc790a97) Importer(815301076,1909f56bfc062723c751e8b465ee728b)
Start importing Assets/Scenes/model/Full game .prefab using Guid(3799ec646d6caa8408553064dc790a97) Importer(815301076,1909f56bfc062723c751e8b465ee728b) [PhysX] Initialized MultithreadedTaskDispatcher with 8 workers.
[PhysX] Initialized MultithreadedTaskDispatcher with 8 workers.
 -> (artifact id: '25aa41994e1e9bfac07f43ac2bd8a9e5') in 5.115430 seconds
Number of updated asset objects reloaded before import = 0
Number of asset objects unloaded after import = 3096
========================================================================
Received Import Request.
  Time since last request: 31.700579 seconds.
  path: Assets/Scenes/model/Gan (Missing Prefab with guid_ 5bf9345f8c935d14487e09bc4fb5203e).prefab
  artifactKey: Guid(1635683ba0393504daf91c1757fd008b) Importer(815301076,1909f56bfc062723c751e8b465ee728b)
Start importing Assets/Scenes/model/Gan (Missing Prefab with guid_ 5bf9345f8c935d14487e09bc4fb5203e).prefab using Guid(1635683ba0393504daf91c1757fd008b) Importer(815301076,1909f56bfc062723c751e8b465ee728b) [PhysX] Initialized MultithreadedTaskDispatcher with 8 workers.
[PhysX] Initialized MultithreadedTaskDispatcher with 8 workers.
 -> (artifact id: '2d88494e26b5acecd161073ee9cc3a5a') in 0.149678 seconds
Number of updated asset objects reloaded before import = 0
Number of asset objects unloaded after import = 37
========================================================================
Received Import Request.
  Time since last request: 606.754659 seconds.
  path: Assets/Gan.prefab
  artifactKey: Guid(52814383caa21044f8d249483faa2dc3) Importer(815301076,1909f56bfc062723c751e8b465ee728b)
Start importing Assets/Gan.prefab using Guid(52814383caa21044f8d249483faa2dc3) Importer(815301076,1909f56bfc062723c751e8b465ee728b) [PhysX] Initialized MultithreadedTaskDispatcher with 8 workers.
 -> (artifact id: '6e1252213c0daacaf30bd54ca51dd1f8') in 0.043979 seconds
Number of updated asset objects reloaded before import = 0
Number of asset objects unloaded after import = 1
========================================================================
Received Import Request.
  Time since last request: 57.775592 seconds.
  path: Assets/GAN.obj
  artifactKey: Guid(6a2011b17e1365143834b40dca9ba59d) Importer(815301076,1909f56bfc062723c751e8b465ee728b)
Start importing Assets/GAN.obj using Guid(6a2011b17e1365143834b40dca9ba59d) Importer(815301076,1909f56bfc062723c751e8b465ee728b) [PhysX] Initialized MultithreadedTaskDispatcher with 8 workers.
[PhysX] Initialized MultithreadedTaskDispatcher with 8 workers.
[PhysX] Initialized MultithreadedTaskDispatcher with 8 workers.
[PhysX] Initialized MultithreadedTaskDispatcher with 8 workers.
[PhysX] Initialized MultithreadedTaskDispatcher with 8 workers.
 -> (artifact id: 'c7aab188cf6c7ddd5e42f6a313de8c37') in 0.308858 seconds
Number of updated asset objects reloaded before import = 0
Number of asset objects unloaded after import = 10
========================================================================
Received Import Request.
  Time since last request: 13.612090 seconds.
  path: Assets/GAN.obj
  artifactKey: Guid(6a2011b17e1365143834b40dca9ba59d) Importer(815301076,1909f56bfc062723c751e8b465ee728b)
Start importing Assets/GAN.obj using Guid(6a2011b17e1365143834b40dca9ba59d) Importer(815301076,1909f56bfc062723c751e8b465ee728b) [PhysX] Initialized MultithreadedTaskDispatcher with 8 workers.
[PhysX] Initialized MultithreadedTaskDispatcher with 8 workers.
[PhysX] Initialized MultithreadedTaskDispatcher with 8 workers.
[PhysX] Initialized MultithreadedTaskDispatcher with 8 workers.
[PhysX] Initialized MultithreadedTaskDispatcher with 8 workers.
 -> (artifact id: '00ecfe81e24cae2c45f46b36c9e472a6') in 0.102208 seconds
Number of updated asset objects reloaded before import = 0
Number of asset objects unloaded after import = 10
========================================================================
Received Prepare
Caller must complete domain reload
Begin MonoManager ReloadAssembly
- Loaded All Assemblies, in  8.111 seconds
Native extension for WindowsStandalone target not found
Native extension for Android target not found
Native extension for WebGL target not found
Mono: successfully reloaded assembly
- Finished resetting the current domain, in 27.265 seconds
Domain Reload Profiling: 35449ms
	BeginReloadAssembly (3328ms)
		ExecutionOrderSort (0ms)
		DisableScriptedObjects (232ms)
		BackupInstance (0ms)
		ReleaseScriptingObjects (0ms)
		CreateAndSetChildDomain (1897ms)
	RebuildCommonClasses (183ms)
	RebuildNativeTypeToScriptingClass (16ms)
	initialDomainReloadingComplete (98ms)
	LoadAllAssembliesAndSetupDomain (4558ms)
		LoadAssemblies (4639ms)
		RebuildTransferFunctionScriptingTraits (0ms)
		AnalyzeDomain (420ms)
			TypeCache.Refresh (191ms)
				TypeCache.ScanAssembly (0ms)
			ScanForSourceGeneratedMonoScriptInfo (16ms)
			ResolveRequiredComponents (211ms)
	FinalizeReload (27266ms)
		ReleaseScriptCaches (0ms)
		RebuildScriptCaches (0ms)
		SetupLoadedEditorAssemblies (1812ms)
			LogAssemblyErrors (0ms)
			InitializePlatformSupportModulesInManaged (265ms)
			SetLoadedEditorAssemblies (33ms)
			RefreshPlugins (0ms)
			BeforeProcessingInitializeOnLoad (210ms)
			ProcessInitializeOnLoadAttributes (1181ms)
			ProcessInitializeOnLoadMethodAttributes (70ms)
			AfterProcessingInitializeOnLoad (52ms)
			EditorAssembliesLoaded (0ms)
		ExecutionOrderSort2 (0ms)
		AwakeInstancesAfterBackupRestoration (9ms)
Refreshing native plugins compatible for Editor in 14.54 ms, found 3 plugins.
Preloading 0 native plugins for Editor in 0.00 ms.
Unloading 3535 Unused Serialized files (Serialized files now loaded: 0)
Unloading 22 unused Assets / (87.4 KB). Loaded Objects now: 4141.
Memory consumption went from 140.0 MB to 139.9 MB.
Total: 33.369900 ms (FindLiveObjects: 0.333300 ms CreateObjectMapping: 0.225500 ms MarkObjects: 32.421700 ms  DeleteObjects: 0.388300 ms)

Prepare: number of updated asset objects reloaded= 0
AssetImportParameters requested are different than current active one (requested -> active):
  custom:scripting/monoscript/fileName/JoystickEditor.cs: 31d892737481409a0ec21b3641383a31 -> 406670d2fe263f5d7c582f8389f2b844
  custom:scripting/monoscript/fileName/Main.cs: bcc0f9052176b2186a7114234ef44a73 -> c093076ba5753d7bec74a8a751ffb653
  custom:scripting/monoscript/fileName/SkewTextExample.cs: f96859e31fd6dde308d9dc2a2488dcff -> c142d02d70a129e0533975f7c2f96956
  custom:container-demuxer-ogg: 62fdf1f143b41e24485cea50d1cbac27 -> 
  custom:scripting/monoscript/fileName/JoystickPlayerExample.cs: b49ed73c06895c00887fd43b2fe13656 -> 2ec96b3abad264f4393a91b76b487cb7
  custom:scripting/monoscript/fileName/TMP_TextEventHandler.cs: d0f86a17d6fd3e9995db934eaaf34f18 -> f5cd9d5a43bfefc8f4fec80e6de896a4
  custom:scripting/monoscript/fileName/TextMeshProFloatingText.cs: 5a37842f75734e7729f89af9a8145a1a -> 92608fa4a6315cd0786d82205e77b697
  custom:scripting/monoscript/fileName/JoystickSetterExample.cs: 959f5a79520f07bdb5268f1ee0033001 -> 9ef810522df7cdd512f52a98ae7a04f9
  custom:scripting/monoscript/fileName/VertexZoom.cs: 2da4737d79388c0362c64482e9ee50d2 -> 650ab1e81d40126e3edcf737cce646e4
  custom:scripting/monoscript/fileName/VertexShakeA.cs: 16900906a98712c9660b9823af1f2500 -> 63ec564c588058369499638dd899e05b
  custom:scripting/monoscript/fileName/TMP_ExampleScript_01.cs: 59997facf165601d8c6263ace2a973a5 -> a9d4be556104ff54e7d240529b3e01dc
  custom:video-decoder-ogg-theora: a1e56fd34408186e4bbccfd4996cb3dc -> 
  custom:scripting/monoscript/fileName/TMP_TextEventCheck.cs: 7ee93fce990cec7a5b67b504d0259dce -> 13505d917eab5868c435e0c2986dadfa
  custom:scripting/monoscript/fileName/TMP_TextSelector_B.cs: c0db108de9ffc9b6f619f3d00162b1c2 -> ba2be21a7486d37b1011342977a2e49d
  custom:scripting/monoscript/fileName/Benchmark01.cs: 1fef48c763f4be76a973f061699dd041 -> 2d3e2cd961730ab95f139a49a673bace
  custom:framework-win-MediaFoundation: 216162199b28c13a410421893ffa2e32 -> 
  custom:scripting/monoscript/fileName/DynamicJoystickEditor.cs: 022b5797234952c5d7bc35d1bd14e1f1 -> f92673ca2cd03c2f140cf81ccfee7ccb
  custom:scripting/monoscript/fileName/DynamicJoystick.cs: 0ab293606d3fa5fd65cbd65e1d06c400 -> fa6fdbd0de9beec4a70bc764c26bb796
  custom:scripting/monoscript/fileName/Benchmark02.cs: 92dcd0c0a469d0c0690d8ca0bfe95e6f -> 5640963252ce70910e726415f869ced6
  custom:scripting/monoscript/fileName/PlayerController.cs: 807d658ab5c9f400331841a7af990d8e -> c6d6334dbee39969b7eddb0b08d8203e
  custom:scripting/monoscript/fileName/DropdownSample.cs: b4fe7efb027fdd4854f643ad764daa8c -> 0a92251794e5f10400149f96c3c59e5d
  custom:scripting/monoscript/fileName/WarpTextExample.cs: c5431dac938081648a3a3ac553c1029b -> 2663459c266363641981c7d17b698d7f
  custom:CustomObjectIndexerAttribute: 9a22284fe3817be447336de3de66b15e -> 
  custom:container-demuxer-webm: 4f35f7cbe854078d1ac9338744f61a02 -> 
  custom:scripting/monoscript/fileName/ChatController.cs: ff21b89493e3dffcbe018a2cc5a10bae -> 876d5ccae6e345dd5d9450eb0a748f16
  custom:scripting/monoscript/fileName/TextMeshSpawner.cs: c0f20e5855e88374db1098a5acc68df4 -> 76f28e2ddb031571e6ec62b018f65fa8
  custom:scripting/monoscript/fileName/TeleType.cs: c18e16db35615314900dbe198d0144e7 -> 31fa97821c4c70f157ec81d507aa6b62
  custom:scripting/monoscript/fileName/Benchmark04.cs: 86dfb70824307c4cf164687df2489226 -> 32220b148620e52aa81c13a114862bf4
  custom:scripting/monoscript/fileName/FloatingJoystick.cs: 5ad2d6fd170f0b909c85d006ae763629 -> 516035e2342d093d90fb2bd11ff41e68
  custom:container-muxer-webm: aa71ff27fc2769a1b78a27578f13a17b -> 
  custom:video-decoder-webm-vp8: 9c59270c3fd7afecdb556c50c9e8de78 -> 
  custom:scripting/monoscript/fileName/TMP_PhoneNumberValidator.cs: b4c1c54136dffeb4e2962027ebaa6b1f -> 7c3049f481e464c6a9a15dee56c3126f
  custom:SearchIndexIgnoredProperties: e643bd26f0fe6173181afceb89e7c659 -> 
  custom:scripting/monoscript/fileName/Gan.cs: 10b52e4432610f56cea187ac60513ec2 -> 
  custom:AudioImporter_EditorPlatform: d09bf68614088b80899f8185d706f6e7 -> 
  custom:scripting/monoscript/fileName/EnvMapAnimator.cs: 08e040d459cd881082c0dd5daba5f85c -> 1b4f61c17e4b7283c3ac351aacff9d26
  custom:scripting/monoscript/fileName/ShaderPropAnimator.cs: 88b70bc5bbc15375387323f48f0661cf -> 55ce425812446482e623ff2695c94cb2
  custom:scripting/monoscript/fileName/SimpleScript.cs: dcd92cf7399b0d08e25e4a66ab57e91e -> 454caab0c6c050f29b39d82e1d66d0fa
  custom:scripting/monoscript/fileName/VariableJoystickEditor.cs: 75e1b4b36e9f7518c61272653e1a297a -> fee5e077b31909c4bba3d7329fdefd90
  custom:scripting/monoscript/fileName/ObjectSpin.cs: b34dd4d17018731600f920d50ca840f7 -> 2b96bb2079dd7fa5108d981627a28e1e
  custom:scripting/monoscript/fileName/CameraController.cs: 8d43c2def3a67efed518259a2232b470 -> 34b6be4e23ce86dc89786916c5983296
  custom:scripting/monoscript/fileName/TMP_TextInfoDebugTool.cs: 7aad42023b6f5112c90650ae13bd6dd8 -> 3f1709cfb2cc628169113a35b5e9be3f
  custom:scripting/monoscript/fileName/Walk.cs: b813fe3de227fa89db06a9337fee964a -> 
  custom:scripting/monoscript/fileName/TMP_TextSelector_A.cs: 088357b4acdc1e6288d897936d29c8d3 -> 347309a09d56e367b188a6978f75b424
  custom:video-encoder-webm-vp8: eb34c28f22e8b96e1ab97ce403110664 -> 
  custom:audio-decoder-ogg-vorbis: bf7c407c2cedff20999df2af8eb42d56 -> 
  custom:scripting/monoscript/fileName/VertexJitter.cs: 6330f950b41eff6e5970f129864ecd6c -> d27eb5498e48714a66aece98da065133
  custom:scripting/monoscript/fileName/mune.cs: 854be57a593bde74a27cc6a4e94cf976 -> b21687ddb03d73bd9f0c1daecb9714de
  custom:scripting/monoscript/fileName/TextConsoleSimulator.cs: f2c8898b26c0cf2b0a1c7d12d99e6769 -> 33fc311abb20b5b0ed8f00e4d86b574e
  custom:scripting/monoscript/fileName/VertexColorCycler.cs: 135fb0ebdaf256193ccc08218c426c64 -> 5f984ca91cf3609293aecc6bc5641572
  custom:scripting/monoscript/fileName/TMP_FrameRateCounter.cs: 8afeb6f0251e063dcfff2bd827f92c62 -> 46f655df8cb483ac5958307137b1585a
  custom:scripting/monoscript/fileName/FloatingJoystickEditor.cs: 77573a9156cb44c5d5d617fe80c220c5 -> 20a94efd412f2009d4e6722fe16a3051
  custom:scripting/monoscript/fileName/VertexShakeB.cs: 587e5b2aecc39120c2c9ff69742ce897 -> a6f78c4fcda1a29a1a1c1baefedba9e7
  custom:scripting/monoscript/fileName/VariableJoystick.cs: 39f03dc32328afe11ebf2977b1593dda -> 6a21e483212ef280c767be5522709419
  custom:scripting/monoscript/fileName/TMP_UiFrameRateCounter.cs: 8fa3bcf761bb5076fd90d0361518d59c -> b01021aea19247f14a98ab338907956a
  custom:scripting/monoscript/fileName/FixedJoystick.cs: 475c6e1ca66c78aed6c49f6039c5734b -> ceaced0056a716bd82a85e0f3d488361
  custom:scripting/monoscript/fileName/Joystick.cs: efd34e62618f1aa62f745acbb935ce75 -> c13c665079b3ba178e3a8ef05c62070b
  custom:scripting/monoscript/fileName/TMPro_InstructionOverlay.cs: 194f3617683541355a9c6c8193e87b1c -> b626d2270e6ebd5c4311585c18b58d8d
  custom:scripting/monoscript/fileName/anim1.cs: 05e913852816f4c6fcc126bf7ffb4ba9 -> 10b52e4432610f56cea187ac60513ec2
  custom:scripting/monoscript/fileName/TMP_DigitValidator.cs: 4e5cde653ae28b90ab257e866c94dfce -> ac02af96215ae3951a3cce9e1a8c6085
  custom:audio-encoder-webm-vorbis: bf7c407c2cedff20999df2af8eb42d56 -> 
  custom:scripting/precompiled-assembly-types:Assembly-CSharp-Editor: e324ca911fd2e13b09c6e0773d0a7dd5 -> f7c7739fc303cafe5879da7512dd0656
  custom:scripting/monoscript/fileName/Benchmark01_UGUI.cs: 52a24b07fcdd062ef495404efdb65870 -> 6148cfe2627b7708298f301788144139
  custom:scripting/monoscript/fileName/Rotation.cs: 4761afa5daf9234473e31a02ede334c2 -> 1be1d08457a69d09528d40d7c8df2473
  custom:scripting/monoscript/fileName/Jump.cs: 5b090d859ab09be631dc3b0f203f9571 -> d93a52a180fbbe603a59e9aa6da73c83
  custom:scripting/precompiled-assembly-types:Assembly-CSharp: 8d7866d22f7b845d7ef75d4eb782f659 -> 3c8e6843d631723f8999220926f3c146
  custom:scripting/monoscript/fileName/Tigger.cs: ca771e08fd5c5c2e7d1ac379e6d4b2ec -> 387f4c79276ee1729c01db13ee9675a3
  custom:scripting/monoscript/fileName/Benchmark03.cs: 520976d641c2b7cf395e30b045f5a45d -> 17cc87e0529ac71d909a946afb47a274
========================================================================
Received Prepare
Caller must complete domain reload
Begin MonoManager ReloadAssembly
- Loaded All Assemblies, in  1.379 seconds
Native extension for WindowsStandalone target not found
Native extension for Android target not found
Native extension for WebGL target not found
Mono: successfully reloaded assembly
- Finished resetting the current domain, in  2.958 seconds
Domain Reload Profiling: 4314ms
	BeginReloadAssembly (382ms)
		ExecutionOrderSort (0ms)
		DisableScriptedObjects (8ms)
		BackupInstance (0ms)
		ReleaseScriptingObjects (0ms)
		CreateAndSetChildDomain (81ms)
	RebuildCommonClasses (62ms)
	RebuildNativeTypeToScriptingClass (20ms)
	initialDomainReloadingComplete (105ms)
	LoadAllAssembliesAndSetupDomain (786ms)
		LoadAssemblies (996ms)
		RebuildTransferFunctionScriptingTraits (0ms)
		AnalyzeDomain (22ms)
			TypeCache.Refresh (8ms)
				TypeCache.ScanAssembly (0ms)
			ScanForSourceGeneratedMonoScriptInfo (0ms)
			ResolveRequiredComponents (12ms)
	FinalizeReload (2959ms)
		ReleaseScriptCaches (0ms)
		RebuildScriptCaches (0ms)
		SetupLoadedEditorAssemblies (1192ms)
			LogAssemblyErrors (0ms)
			InitializePlatformSupportModulesInManaged (57ms)
			SetLoadedEditorAssemblies (7ms)
			RefreshPlugins (0ms)
			BeforeProcessingInitializeOnLoad (190ms)
			ProcessInitializeOnLoadAttributes (847ms)
			ProcessInitializeOnLoadMethodAttributes (36ms)
			AfterProcessingInitializeOnLoad (55ms)
			EditorAssembliesLoaded (0ms)
		ExecutionOrderSort2 (0ms)
		AwakeInstancesAfterBackupRestoration (11ms)
Refreshing native plugins compatible for Editor in 23.02 ms, found 3 plugins.
Preloading 0 native plugins for Editor in 0.00 ms.
Unloading 3535 Unused Serialized files (Serialized files now loaded: 0)
Unloading 14 unused Assets / (75.8 KB). Loaded Objects now: 4144.
Memory consumption went from 140.1 MB to 140.0 MB.
Total: 7.185800 ms (FindLiveObjects: 0.575700 ms CreateObjectMapping: 0.189400 ms MarkObjects: 6.201300 ms  DeleteObjects: 0.217400 ms)

Prepare: number of updated asset objects reloaded= 0
AssetImportParameters requested are different than current active one (requested -> active):
  custom:scripting/monoscript/fileName/JoystickEditor.cs: 31d892737481409a0ec21b3641383a31 -> 406670d2fe263f5d7c582f8389f2b844
  custom:scripting/monoscript/fileName/Main.cs: bcc0f9052176b2186a7114234ef44a73 -> c093076ba5753d7bec74a8a751ffb653
  custom:scripting/monoscript/fileName/SkewTextExample.cs: f96859e31fd6dde308d9dc2a2488dcff -> c142d02d70a129e0533975f7c2f96956
  custom:container-demuxer-ogg: 62fdf1f143b41e24485cea50d1cbac27 -> 
  custom:scripting/monoscript/fileName/JoystickPlayerExample.cs: b49ed73c06895c00887fd43b2fe13656 -> 2ec96b3abad264f4393a91b76b487cb7
  custom:scripting/monoscript/fileName/TMP_TextEventHandler.cs: d0f86a17d6fd3e9995db934eaaf34f18 -> f5cd9d5a43bfefc8f4fec80e6de896a4
  custom:scripting/monoscript/fileName/TextMeshProFloatingText.cs: 5a37842f75734e7729f89af9a8145a1a -> 92608fa4a6315cd0786d82205e77b697
  custom:scripting/monoscript/fileName/JoystickSetterExample.cs: 959f5a79520f07bdb5268f1ee0033001 -> 9ef810522df7cdd512f52a98ae7a04f9
  custom:scripting/monoscript/fileName/VertexZoom.cs: 2da4737d79388c0362c64482e9ee50d2 -> 650ab1e81d40126e3edcf737cce646e4
  custom:scripting/monoscript/fileName/VertexShakeA.cs: 16900906a98712c9660b9823af1f2500 -> 63ec564c588058369499638dd899e05b
  custom:scripting/monoscript/fileName/TMP_ExampleScript_01.cs: 59997facf165601d8c6263ace2a973a5 -> a9d4be556104ff54e7d240529b3e01dc
  custom:video-decoder-ogg-theora: a1e56fd34408186e4bbccfd4996cb3dc -> 
  custom:scripting/monoscript/fileName/TMP_TextEventCheck.cs: 7ee93fce990cec7a5b67b504d0259dce -> 13505d917eab5868c435e0c2986dadfa
  custom:scripting/monoscript/fileName/TMP_TextSelector_B.cs: c0db108de9ffc9b6f619f3d00162b1c2 -> ba2be21a7486d37b1011342977a2e49d
  custom:scripting/monoscript/fileName/Benchmark01.cs: 1fef48c763f4be76a973f061699dd041 -> 2d3e2cd961730ab95f139a49a673bace
  custom:framework-win-MediaFoundation: 216162199b28c13a410421893ffa2e32 -> 
  custom:scripting/monoscript/fileName/DynamicJoystickEditor.cs: 022b5797234952c5d7bc35d1bd14e1f1 -> f92673ca2cd03c2f140cf81ccfee7ccb
  custom:scripting/monoscript/fileName/DynamicJoystick.cs: 0ab293606d3fa5fd65cbd65e1d06c400 -> fa6fdbd0de9beec4a70bc764c26bb796
  custom:scripting/monoscript/fileName/Benchmark02.cs: 92dcd0c0a469d0c0690d8ca0bfe95e6f -> 5640963252ce70910e726415f869ced6
  custom:scripting/monoscript/fileName/PlayerController.cs: 807d658ab5c9f400331841a7af990d8e -> c6d6334dbee39969b7eddb0b08d8203e
  custom:scripting/monoscript/fileName/DropdownSample.cs: b4fe7efb027fdd4854f643ad764daa8c -> 0a92251794e5f10400149f96c3c59e5d
  custom:scripting/monoscript/fileName/WarpTextExample.cs: c5431dac938081648a3a3ac553c1029b -> 2663459c266363641981c7d17b698d7f
  custom:CustomObjectIndexerAttribute: 9a22284fe3817be447336de3de66b15e -> 
  custom:container-demuxer-webm: 4f35f7cbe854078d1ac9338744f61a02 -> 
  custom:scripting/monoscript/fileName/ChatController.cs: ff21b89493e3dffcbe018a2cc5a10bae -> 876d5ccae6e345dd5d9450eb0a748f16
  custom:scripting/monoscript/fileName/TextMeshSpawner.cs: c0f20e5855e88374db1098a5acc68df4 -> 76f28e2ddb031571e6ec62b018f65fa8
  custom:scripting/monoscript/fileName/TeleType.cs: c18e16db35615314900dbe198d0144e7 -> 31fa97821c4c70f157ec81d507aa6b62
  custom:scripting/monoscript/fileName/Benchmark04.cs: 86dfb70824307c4cf164687df2489226 -> 32220b148620e52aa81c13a114862bf4
  custom:scripting/monoscript/fileName/FloatingJoystick.cs: 5ad2d6fd170f0b909c85d006ae763629 -> 516035e2342d093d90fb2bd11ff41e68
  custom:container-muxer-webm: aa71ff27fc2769a1b78a27578f13a17b -> 
  custom:video-decoder-webm-vp8: 9c59270c3fd7afecdb556c50c9e8de78 -> 
  custom:scripting/monoscript/fileName/TMP_PhoneNumberValidator.cs: b4c1c54136dffeb4e2962027ebaa6b1f -> 7c3049f481e464c6a9a15dee56c3126f
  custom:SearchIndexIgnoredProperties: e643bd26f0fe6173181afceb89e7c659 -> 
  custom:scripting/monoscript/fileName/Gan.cs: 10b52e4432610f56cea187ac60513ec2 -> 
  custom:AudioImporter_EditorPlatform: d09bf68614088b80899f8185d706f6e7 -> 
  custom:scripting/monoscript/fileName/EnvMapAnimator.cs: 08e040d459cd881082c0dd5daba5f85c -> 1b4f61c17e4b7283c3ac351aacff9d26
  custom:scripting/monoscript/fileName/ShaderPropAnimator.cs: 88b70bc5bbc15375387323f48f0661cf -> 55ce425812446482e623ff2695c94cb2
  custom:scripting/monoscript/fileName/SimpleScript.cs: dcd92cf7399b0d08e25e4a66ab57e91e -> 454caab0c6c050f29b39d82e1d66d0fa
  custom:scripting/monoscript/fileName/VariableJoystickEditor.cs: 75e1b4b36e9f7518c61272653e1a297a -> fee5e077b31909c4bba3d7329fdefd90
  custom:scripting/monoscript/fileName/ObjectSpin.cs: b34dd4d17018731600f920d50ca840f7 -> 2b96bb2079dd7fa5108d981627a28e1e
  custom:scripting/monoscript/fileName/CameraController.cs: 8d43c2def3a67efed518259a2232b470 -> 34b6be4e23ce86dc89786916c5983296
  custom:scripting/monoscript/fileName/TMP_TextInfoDebugTool.cs: 7aad42023b6f5112c90650ae13bd6dd8 -> 3f1709cfb2cc628169113a35b5e9be3f
  custom:scripting/monoscript/fileName/Walk.cs: b813fe3de227fa89db06a9337fee964a -> 
  custom:scripting/monoscript/fileName/TMP_TextSelector_A.cs: 088357b4acdc1e6288d897936d29c8d3 -> 347309a09d56e367b188a6978f75b424
  custom:video-encoder-webm-vp8: eb34c28f22e8b96e1ab97ce403110664 -> 
  custom:audio-decoder-ogg-vorbis: bf7c407c2cedff20999df2af8eb42d56 -> 
  custom:scripting/monoscript/fileName/VertexJitter.cs: 6330f950b41eff6e5970f129864ecd6c -> d27eb5498e48714a66aece98da065133
  custom:scripting/monoscript/fileName/mune.cs: 854be57a593bde74a27cc6a4e94cf976 -> b21687ddb03d73bd9f0c1daecb9714de
  custom:scripting/monoscript/fileName/TextConsoleSimulator.cs: f2c8898b26c0cf2b0a1c7d12d99e6769 -> 33fc311abb20b5b0ed8f00e4d86b574e
  custom:scripting/monoscript/fileName/VertexColorCycler.cs: 135fb0ebdaf256193ccc08218c426c64 -> 5f984ca91cf3609293aecc6bc5641572
  custom:scripting/monoscript/fileName/TMP_FrameRateCounter.cs: 8afeb6f0251e063dcfff2bd827f92c62 -> 46f655df8cb483ac5958307137b1585a
  custom:scripting/monoscript/fileName/FloatingJoystickEditor.cs: 77573a9156cb44c5d5d617fe80c220c5 -> 20a94efd412f2009d4e6722fe16a3051
  custom:scripting/monoscript/fileName/VertexShakeB.cs: 587e5b2aecc39120c2c9ff69742ce897 -> a6f78c4fcda1a29a1a1c1baefedba9e7
  custom:scripting/monoscript/fileName/VariableJoystick.cs: 39f03dc32328afe11ebf2977b1593dda -> 6a21e483212ef280c767be5522709419
  custom:scripting/monoscript/fileName/TMP_UiFrameRateCounter.cs: 8fa3bcf761bb5076fd90d0361518d59c -> b01021aea19247f14a98ab338907956a
  custom:scripting/monoscript/fileName/FixedJoystick.cs: 475c6e1ca66c78aed6c49f6039c5734b -> ceaced0056a716bd82a85e0f3d488361
  custom:scripting/monoscript/fileName/Joystick.cs: efd34e62618f1aa62f745acbb935ce75 -> c13c665079b3ba178e3a8ef05c62070b
  custom:scripting/monoscript/fileName/TMPro_InstructionOverlay.cs: 194f3617683541355a9c6c8193e87b1c -> b626d2270e6ebd5c4311585c18b58d8d
  custom:scripting/monoscript/fileName/anim1.cs: 05e913852816f4c6fcc126bf7ffb4ba9 -> 10b52e4432610f56cea187ac60513ec2
  custom:scripting/monoscript/fileName/TMP_DigitValidator.cs: 4e5cde653ae28b90ab257e866c94dfce -> ac02af96215ae3951a3cce9e1a8c6085
  custom:audio-encoder-webm-vorbis: bf7c407c2cedff20999df2af8eb42d56 -> 
  custom:scripting/precompiled-assembly-types:Assembly-CSharp-Editor: e324ca911fd2e13b09c6e0773d0a7dd5 -> f7c7739fc303cafe5879da7512dd0656
  custom:scripting/monoscript/fileName/Benchmark01_UGUI.cs: 52a24b07fcdd062ef495404efdb65870 -> 6148cfe2627b7708298f301788144139
  custom:scripting/monoscript/fileName/Rotation.cs: 4761afa5daf9234473e31a02ede334c2 -> 1be1d08457a69d09528d40d7c8df2473
  custom:scripting/monoscript/fileName/Jump.cs: 5b090d859ab09be631dc3b0f203f9571 -> d93a52a180fbbe603a59e9aa6da73c83
  custom:scripting/precompiled-assembly-types:Assembly-CSharp: 8d7866d22f7b845d7ef75d4eb782f659 -> 3c8e6843d631723f8999220926f3c146
  custom:scripting/monoscript/fileName/Tigger.cs: ca771e08fd5c5c2e7d1ac379e6d4b2ec -> 387f4c79276ee1729c01db13ee9675a3
  custom:scripting/monoscript/fileName/Benchmark03.cs: 520976d641c2b7cf395e30b045f5a45d -> 17cc87e0529ac71d909a946afb47a274
========================================================================
Received Import Request.
  Time since last request: 1551.483643 seconds.
  path: Assets/Scripts/Gan.cs
  artifactKey: Guid(eb6b26cd849fbd044a505453dbfc978e) Importer(815301076,1909f56bfc062723c751e8b465ee728b)
Start importing Assets/Scripts/Gan.cs using Guid(eb6b26cd849fbd044a505453dbfc978e) Importer(815301076,1909f56bfc062723c751e8b465ee728b) [PhysX] Initialized MultithreadedTaskDispatcher with 8 workers.
 -> (artifact id: '3185059cb6223b17949eac703a5b2e6d') in 0.140988 seconds
Number of updated asset objects reloaded before import = 0
Number of asset objects unloaded after import = 0
========================================================================
Received Prepare
Caller must complete domain reload
Begin MonoManager ReloadAssembly
- Loaded All Assemblies, in  1.821 seconds
Native extension for WindowsStandalone target not found
Native extension for Android target not found
Native extension for WebGL target not found
Mono: successfully reloaded assembly
- Finished resetting the current domain, in 16.886 seconds
Domain Reload Profiling: 18682ms
	BeginReloadAssembly (740ms)
		ExecutionOrderSort (0ms)
		DisableScriptedObjects (8ms)
		BackupInstance (0ms)
		ReleaseScriptingObjects (0ms)
		CreateAndSetChildDomain (188ms)
	RebuildCommonClasses (138ms)
	RebuildNativeTypeToScriptingClass (21ms)
	initialDomainReloadingComplete (109ms)
	LoadAllAssembliesAndSetupDomain (786ms)
		LoadAssemblies (1129ms)
		RebuildTransferFunctionScriptingTraits (0ms)
		AnalyzeDomain (22ms)
			TypeCache.Refresh (8ms)
				TypeCache.ScanAssembly (0ms)
			ScanForSourceGeneratedMonoScriptInfo (0ms)
			ResolveRequiredComponents (12ms)
	FinalizeReload (16887ms)
		ReleaseScriptCaches (0ms)
		RebuildScriptCaches (0ms)
		SetupLoadedEditorAssemblies (1316ms)
			LogAssemblyErrors (0ms)
			InitializePlatformSupportModulesInManaged (64ms)
			SetLoadedEditorAssemblies (9ms)
			RefreshPlugins (0ms)
			BeforeProcessingInitializeOnLoad (197ms)
			ProcessInitializeOnLoadAttributes (953ms)
			ProcessInitializeOnLoadMethodAttributes (35ms)
			AfterProcessingInitializeOnLoad (59ms)
			EditorAssembliesLoaded (0ms)
		ExecutionOrderSort2 (0ms)
		AwakeInstancesAfterBackupRestoration (11ms)
Refreshing native plugins compatible for Editor in 21.90 ms, found 3 plugins.
Preloading 0 native plugins for Editor in 0.00 ms.
Unloading 3535 Unused Serialized files (Serialized files now loaded: 0)
Unloading 14 unused Assets / (91.8 KB). Loaded Objects now: 4147.
Memory consumption went from 140.0 MB to 139.9 MB.
Total: 7.393300 ms (FindLiveObjects: 0.605400 ms CreateObjectMapping: 0.185400 ms MarkObjects: 6.444200 ms  DeleteObjects: 0.156100 ms)

Prepare: number of updated asset objects reloaded= 0
AssetImportParameters requested are different than current active one (requested -> active):
  custom:scripting/monoscript/fileName/JoystickEditor.cs: 31d892737481409a0ec21b3641383a31 -> 406670d2fe263f5d7c582f8389f2b844
  custom:scripting/monoscript/fileName/Main.cs: bcc0f9052176b2186a7114234ef44a73 -> c093076ba5753d7bec74a8a751ffb653
  custom:scripting/monoscript/fileName/SkewTextExample.cs: f96859e31fd6dde308d9dc2a2488dcff -> c142d02d70a129e0533975f7c2f96956
  custom:container-demuxer-ogg: 62fdf1f143b41e24485cea50d1cbac27 -> 
  custom:scripting/monoscript/fileName/JoystickPlayerExample.cs: b49ed73c06895c00887fd43b2fe13656 -> 2ec96b3abad264f4393a91b76b487cb7
  custom:scripting/monoscript/fileName/TMP_TextEventHandler.cs: d0f86a17d6fd3e9995db934eaaf34f18 -> f5cd9d5a43bfefc8f4fec80e6de896a4
  custom:scripting/monoscript/fileName/TextMeshProFloatingText.cs: 5a37842f75734e7729f89af9a8145a1a -> 92608fa4a6315cd0786d82205e77b697
  custom:scripting/monoscript/fileName/JoystickSetterExample.cs: 959f5a79520f07bdb5268f1ee0033001 -> 9ef810522df7cdd512f52a98ae7a04f9
  custom:scripting/monoscript/fileName/VertexZoom.cs: 2da4737d79388c0362c64482e9ee50d2 -> 650ab1e81d40126e3edcf737cce646e4
  custom:scripting/monoscript/fileName/VertexShakeA.cs: 16900906a98712c9660b9823af1f2500 -> 63ec564c588058369499638dd899e05b
  custom:scripting/monoscript/fileName/TMP_ExampleScript_01.cs: 59997facf165601d8c6263ace2a973a5 -> a9d4be556104ff54e7d240529b3e01dc
  custom:video-decoder-ogg-theora: a1e56fd34408186e4bbccfd4996cb3dc -> 
  custom:scripting/monoscript/fileName/TMP_TextEventCheck.cs: 7ee93fce990cec7a5b67b504d0259dce -> 13505d917eab5868c435e0c2986dadfa
  custom:scripting/monoscript/fileName/TMP_TextSelector_B.cs: c0db108de9ffc9b6f619f3d00162b1c2 -> ba2be21a7486d37b1011342977a2e49d
  custom:scripting/monoscript/fileName/Benchmark01.cs: 1fef48c763f4be76a973f061699dd041 -> 2d3e2cd961730ab95f139a49a673bace
  custom:framework-win-MediaFoundation: 216162199b28c13a410421893ffa2e32 -> 
  custom:scripting/monoscript/fileName/DynamicJoystickEditor.cs: 022b5797234952c5d7bc35d1bd14e1f1 -> f92673ca2cd03c2f140cf81ccfee7ccb
  custom:scripting/monoscript/fileName/DynamicJoystick.cs: 0ab293606d3fa5fd65cbd65e1d06c400 -> fa6fdbd0de9beec4a70bc764c26bb796
  custom:scripting/monoscript/fileName/Benchmark02.cs: 92dcd0c0a469d0c0690d8ca0bfe95e6f -> 5640963252ce70910e726415f869ced6
  custom:scripting/monoscript/fileName/PlayerController.cs: 807d658ab5c9f400331841a7af990d8e -> c6d6334dbee39969b7eddb0b08d8203e
  custom:scripting/monoscript/fileName/DropdownSample.cs: b4fe7efb027fdd4854f643ad764daa8c -> 0a92251794e5f10400149f96c3c59e5d
  custom:scripting/monoscript/fileName/WarpTextExample.cs: c5431dac938081648a3a3ac553c1029b -> 2663459c266363641981c7d17b698d7f
  custom:CustomObjectIndexerAttribute: 9a22284fe3817be447336de3de66b15e -> 
  custom:container-demuxer-webm: 4f35f7cbe854078d1ac9338744f61a02 -> 
  custom:scripting/monoscript/fileName/ChatController.cs: ff21b89493e3dffcbe018a2cc5a10bae -> 876d5ccae6e345dd5d9450eb0a748f16
  custom:scripting/monoscript/fileName/TextMeshSpawner.cs: c0f20e5855e88374db1098a5acc68df4 -> 76f28e2ddb031571e6ec62b018f65fa8
  custom:scripting/monoscript/fileName/TeleType.cs: c18e16db35615314900dbe198d0144e7 -> 31fa97821c4c70f157ec81d507aa6b62
  custom:scripting/monoscript/fileName/Benchmark04.cs: 86dfb70824307c4cf164687df2489226 -> 32220b148620e52aa81c13a114862bf4
  custom:scripting/monoscript/fileName/FloatingJoystick.cs: 5ad2d6fd170f0b909c85d006ae763629 -> 516035e2342d093d90fb2bd11ff41e68
  custom:container-muxer-webm: aa71ff27fc2769a1b78a27578f13a17b -> 
  custom:video-decoder-webm-vp8: 9c59270c3fd7afecdb556c50c9e8de78 -> 
  custom:scripting/monoscript/fileName/TMP_PhoneNumberValidator.cs: b4c1c54136dffeb4e2962027ebaa6b1f -> 7c3049f481e464c6a9a15dee56c3126f
  custom:SearchIndexIgnoredProperties: e643bd26f0fe6173181afceb89e7c659 -> 
  custom:scripting/monoscript/fileName/Gan.cs: 10b52e4432610f56cea187ac60513ec2 -> 
  custom:AudioImporter_EditorPlatform: d09bf68614088b80899f8185d706f6e7 -> 
  custom:scripting/monoscript/fileName/EnvMapAnimator.cs: 08e040d459cd881082c0dd5daba5f85c -> 1b4f61c17e4b7283c3ac351aacff9d26
  custom:scripting/monoscript/fileName/ShaderPropAnimator.cs: 88b70bc5bbc15375387323f48f0661cf -> 55ce425812446482e623ff2695c94cb2
  custom:scripting/monoscript/fileName/SimpleScript.cs: dcd92cf7399b0d08e25e4a66ab57e91e -> 454caab0c6c050f29b39d82e1d66d0fa
  custom:scripting/monoscript/fileName/VariableJoystickEditor.cs: 75e1b4b36e9f7518c61272653e1a297a -> fee5e077b31909c4bba3d7329fdefd90
  custom:scripting/monoscript/fileName/ObjectSpin.cs: b34dd4d17018731600f920d50ca840f7 -> 2b96bb2079dd7fa5108d981627a28e1e
  custom:scripting/monoscript/fileName/CameraController.cs: 8d43c2def3a67efed518259a2232b470 -> 34b6be4e23ce86dc89786916c5983296
  custom:scripting/monoscript/fileName/TMP_TextInfoDebugTool.cs: 7aad42023b6f5112c90650ae13bd6dd8 -> 3f1709cfb2cc628169113a35b5e9be3f
  custom:scripting/monoscript/fileName/Walk.cs: b813fe3de227fa89db06a9337fee964a -> 
  custom:scripting/monoscript/fileName/TMP_TextSelector_A.cs: 088357b4acdc1e6288d897936d29c8d3 -> 347309a09d56e367b188a6978f75b424
  custom:video-encoder-webm-vp8: eb34c28f22e8b96e1ab97ce403110664 -> 
  custom:audio-decoder-ogg-vorbis: bf7c407c2cedff20999df2af8eb42d56 -> 
  custom:scripting/monoscript/fileName/VertexJitter.cs: 6330f950b41eff6e5970f129864ecd6c -> d27eb5498e48714a66aece98da065133
  custom:scripting/monoscript/fileName/mune.cs: 854be57a593bde74a27cc6a4e94cf976 -> b21687ddb03d73bd9f0c1daecb9714de
  custom:scripting/monoscript/fileName/TextConsoleSimulator.cs: f2c8898b26c0cf2b0a1c7d12d99e6769 -> 33fc311abb20b5b0ed8f00e4d86b574e
  custom:scripting/monoscript/fileName/VertexColorCycler.cs: 135fb0ebdaf256193ccc08218c426c64 -> 5f984ca91cf3609293aecc6bc5641572
  custom:scripting/monoscript/fileName/TMP_FrameRateCounter.cs: 8afeb6f0251e063dcfff2bd827f92c62 -> 46f655df8cb483ac5958307137b1585a
  custom:scripting/monoscript/fileName/FloatingJoystickEditor.cs: 77573a9156cb44c5d5d617fe80c220c5 -> 20a94efd412f2009d4e6722fe16a3051
  custom:scripting/monoscript/fileName/VertexShakeB.cs: 587e5b2aecc39120c2c9ff69742ce897 -> a6f78c4fcda1a29a1a1c1baefedba9e7
  custom:scripting/monoscript/fileName/VariableJoystick.cs: 39f03dc32328afe11ebf2977b1593dda -> 6a21e483212ef280c767be5522709419
  custom:scripting/monoscript/fileName/TMP_UiFrameRateCounter.cs: 8fa3bcf761bb5076fd90d0361518d59c -> b01021aea19247f14a98ab338907956a
  custom:scripting/monoscript/fileName/FixedJoystick.cs: 475c6e1ca66c78aed6c49f6039c5734b -> ceaced0056a716bd82a85e0f3d488361
  custom:scripting/monoscript/fileName/Joystick.cs: efd34e62618f1aa62f745acbb935ce75 -> c13c665079b3ba178e3a8ef05c62070b
  custom:scripting/monoscript/fileName/TMPro_InstructionOverlay.cs: 194f3617683541355a9c6c8193e87b1c -> b626d2270e6ebd5c4311585c18b58d8d
  custom:scripting/monoscript/fileName/anim1.cs: 05e913852816f4c6fcc126bf7ffb4ba9 -> 10b52e4432610f56cea187ac60513ec2
  custom:scripting/monoscript/fileName/TMP_DigitValidator.cs: 4e5cde653ae28b90ab257e866c94dfce -> ac02af96215ae3951a3cce9e1a8c6085
  custom:audio-encoder-webm-vorbis: bf7c407c2cedff20999df2af8eb42d56 -> 
  custom:scripting/precompiled-assembly-types:Assembly-CSharp-Editor: e324ca911fd2e13b09c6e0773d0a7dd5 -> f7c7739fc303cafe5879da7512dd0656
  custom:scripting/monoscript/fileName/Benchmark01_UGUI.cs: 52a24b07fcdd062ef495404efdb65870 -> 6148cfe2627b7708298f301788144139
  custom:scripting/monoscript/fileName/Rotation.cs: 4761afa5daf9234473e31a02ede334c2 -> 1be1d08457a69d09528d40d7c8df2473
  custom:scripting/monoscript/fileName/Jump.cs: 5b090d859ab09be631dc3b0f203f9571 -> d93a52a180fbbe603a59e9aa6da73c83
  custom:scripting/precompiled-assembly-types:Assembly-CSharp: 8d7866d22f7b845d7ef75d4eb782f659 -> 3c8e6843d631723f8999220926f3c146
  custom:scripting/monoscript/fileName/Tigger.cs: ca771e08fd5c5c2e7d1ac379e6d4b2ec -> 387f4c79276ee1729c01db13ee9675a3
  custom:scripting/monoscript/fileName/Benchmark03.cs: 520976d641c2b7cf395e30b045f5a45d -> 17cc87e0529ac71d909a946afb47a274
========================================================================
Received Prepare
Caller must complete domain reload
Begin MonoManager ReloadAssembly
- Loaded All Assemblies, in  1.342 seconds
Native extension for WindowsStandalone target not found
Native extension for Android target not found
Native extension for WebGL target not found
Mono: successfully reloaded assembly
- Finished resetting the current domain, in  3.116 seconds
Domain Reload Profiling: 4432ms
	BeginReloadAssembly (393ms)
		ExecutionOrderSort (0ms)
		DisableScriptedObjects (12ms)
		BackupInstance (0ms)
		ReleaseScriptingObjects (0ms)
		CreateAndSetChildDomain (60ms)
	RebuildCommonClasses (79ms)
	RebuildNativeTypeToScriptingClass (21ms)
	initialDomainReloadingComplete (105ms)
	LoadAllAssembliesAndSetupDomain (717ms)
		LoadAssemblies (946ms)
		RebuildTransferFunctionScriptingTraits (0ms)
		AnalyzeDomain (25ms)
			TypeCache.Refresh (9ms)
				TypeCache.ScanAssembly (0ms)
			ScanForSourceGeneratedMonoScriptInfo (1ms)
			ResolveRequiredComponents (14ms)
	FinalizeReload (3117ms)
		ReleaseScriptCaches (0ms)
		RebuildScriptCaches (0ms)
		SetupLoadedEditorAssemblies (1311ms)
			LogAssemblyErrors (0ms)
			InitializePlatformSupportModulesInManaged (64ms)
			SetLoadedEditorAssemblies (7ms)
			RefreshPlugins (0ms)
			BeforeProcessingInitializeOnLoad (186ms)
			ProcessInitializeOnLoadAttributes (959ms)
			ProcessInitializeOnLoadMethodAttributes (39ms)
			AfterProcessingInitializeOnLoad (55ms)
			EditorAssembliesLoaded (0ms)
		ExecutionOrderSort2 (0ms)
		AwakeInstancesAfterBackupRestoration (11ms)
Refreshing native plugins compatible for Editor in 20.72 ms, found 3 plugins.
Preloading 0 native plugins for Editor in 0.00 ms.
Unloading 3535 Unused Serialized files (Serialized files now loaded: 0)
Unloading 14 unused Assets / (91.9 KB). Loaded Objects now: 4150.
Memory consumption went from 140.0 MB to 139.9 MB.
Total: 6.904400 ms (FindLiveObjects: 0.392000 ms CreateObjectMapping: 0.199800 ms MarkObjects: 6.126200 ms  DeleteObjects: 0.184700 ms)

Prepare: number of updated asset objects reloaded= 0
AssetImportParameters requested are different than current active one (requested -> active):
  custom:scripting/monoscript/fileName/JoystickEditor.cs: 31d892737481409a0ec21b3641383a31 -> 406670d2fe263f5d7c582f8389f2b844
  custom:scripting/monoscript/fileName/Main.cs: bcc0f9052176b2186a7114234ef44a73 -> c093076ba5753d7bec74a8a751ffb653
  custom:scripting/monoscript/fileName/SkewTextExample.cs: f96859e31fd6dde308d9dc2a2488dcff -> c142d02d70a129e0533975f7c2f96956
  custom:container-demuxer-ogg: 62fdf1f143b41e24485cea50d1cbac27 -> 
  custom:scripting/monoscript/fileName/JoystickPlayerExample.cs: b49ed73c06895c00887fd43b2fe13656 -> 2ec96b3abad264f4393a91b76b487cb7
  custom:scripting/monoscript/fileName/TMP_TextEventHandler.cs: d0f86a17d6fd3e9995db934eaaf34f18 -> f5cd9d5a43bfefc8f4fec80e6de896a4
  custom:scripting/monoscript/fileName/TextMeshProFloatingText.cs: 5a37842f75734e7729f89af9a8145a1a -> 92608fa4a6315cd0786d82205e77b697
  custom:scripting/monoscript/fileName/JoystickSetterExample.cs: 959f5a79520f07bdb5268f1ee0033001 -> 9ef810522df7cdd512f52a98ae7a04f9
  custom:scripting/monoscript/fileName/VertexZoom.cs: 2da4737d79388c0362c64482e9ee50d2 -> 650ab1e81d40126e3edcf737cce646e4
  custom:scripting/monoscript/fileName/VertexShakeA.cs: 16900906a98712c9660b9823af1f2500 -> 63ec564c588058369499638dd899e05b
  custom:scripting/monoscript/fileName/TMP_ExampleScript_01.cs: 59997facf165601d8c6263ace2a973a5 -> a9d4be556104ff54e7d240529b3e01dc
  custom:video-decoder-ogg-theora: a1e56fd34408186e4bbccfd4996cb3dc -> 
  custom:scripting/monoscript/fileName/TMP_TextEventCheck.cs: 7ee93fce990cec7a5b67b504d0259dce -> 13505d917eab5868c435e0c2986dadfa
  custom:scripting/monoscript/fileName/TMP_TextSelector_B.cs: c0db108de9ffc9b6f619f3d00162b1c2 -> ba2be21a7486d37b1011342977a2e49d
  custom:scripting/monoscript/fileName/Benchmark01.cs: 1fef48c763f4be76a973f061699dd041 -> 2d3e2cd961730ab95f139a49a673bace
  custom:framework-win-MediaFoundation: 216162199b28c13a410421893ffa2e32 -> 
  custom:scripting/monoscript/fileName/DynamicJoystickEditor.cs: 022b5797234952c5d7bc35d1bd14e1f1 -> f92673ca2cd03c2f140cf81ccfee7ccb
  custom:scripting/monoscript/fileName/DynamicJoystick.cs: 0ab293606d3fa5fd65cbd65e1d06c400 -> fa6fdbd0de9beec4a70bc764c26bb796
  custom:scripting/monoscript/fileName/Benchmark02.cs: 92dcd0c0a469d0c0690d8ca0bfe95e6f -> 5640963252ce70910e726415f869ced6
  custom:scripting/monoscript/fileName/PlayerController.cs: 807d658ab5c9f400331841a7af990d8e -> c6d6334dbee39969b7eddb0b08d8203e
  custom:scripting/monoscript/fileName/DropdownSample.cs: b4fe7efb027fdd4854f643ad764daa8c -> 0a92251794e5f10400149f96c3c59e5d
  custom:scripting/monoscript/fileName/WarpTextExample.cs: c5431dac938081648a3a3ac553c1029b -> 2663459c266363641981c7d17b698d7f
  custom:CustomObjectIndexerAttribute: 9a22284fe3817be447336de3de66b15e -> 
  custom:container-demuxer-webm: 4f35f7cbe854078d1ac9338744f61a02 -> 
  custom:scripting/monoscript/fileName/ChatController.cs: ff21b89493e3dffcbe018a2cc5a10bae -> 876d5ccae6e345dd5d9450eb0a748f16
  custom:scripting/monoscript/fileName/TextMeshSpawner.cs: c0f20e5855e88374db1098a5acc68df4 -> 76f28e2ddb031571e6ec62b018f65fa8
  custom:scripting/monoscript/fileName/TeleType.cs: c18e16db35615314900dbe198d0144e7 -> 31fa97821c4c70f157ec81d507aa6b62
  custom:scripting/monoscript/fileName/Benchmark04.cs: 86dfb70824307c4cf164687df2489226 -> 32220b148620e52aa81c13a114862bf4
  custom:scripting/monoscript/fileName/FloatingJoystick.cs: 5ad2d6fd170f0b909c85d006ae763629 -> 516035e2342d093d90fb2bd11ff41e68
  custom:container-muxer-webm: aa71ff27fc2769a1b78a27578f13a17b -> 
  custom:video-decoder-webm-vp8: 9c59270c3fd7afecdb556c50c9e8de78 -> 
  custom:scripting/monoscript/fileName/TMP_PhoneNumberValidator.cs: b4c1c54136dffeb4e2962027ebaa6b1f -> 7c3049f481e464c6a9a15dee56c3126f
  custom:SearchIndexIgnoredProperties: e643bd26f0fe6173181afceb89e7c659 -> 
  custom:scripting/monoscript/fileName/Gan.cs: 10b52e4432610f56cea187ac60513ec2 -> 
  custom:AudioImporter_EditorPlatform: d09bf68614088b80899f8185d706f6e7 -> 
  custom:scripting/monoscript/fileName/EnvMapAnimator.cs: 08e040d459cd881082c0dd5daba5f85c -> 1b4f61c17e4b7283c3ac351aacff9d26
  custom:scripting/monoscript/fileName/ShaderPropAnimator.cs: 88b70bc5bbc15375387323f48f0661cf -> 55ce425812446482e623ff2695c94cb2
  custom:scripting/monoscript/fileName/SimpleScript.cs: dcd92cf7399b0d08e25e4a66ab57e91e -> 454caab0c6c050f29b39d82e1d66d0fa
  custom:scripting/monoscript/fileName/VariableJoystickEditor.cs: 75e1b4b36e9f7518c61272653e1a297a -> fee5e077b31909c4bba3d7329fdefd90
  custom:scripting/monoscript/fileName/ObjectSpin.cs: b34dd4d17018731600f920d50ca840f7 -> 2b96bb2079dd7fa5108d981627a28e1e
  custom:scripting/monoscript/fileName/CameraController.cs: 8d43c2def3a67efed518259a2232b470 -> 34b6be4e23ce86dc89786916c5983296
  custom:scripting/monoscript/fileName/TMP_TextInfoDebugTool.cs: 7aad42023b6f5112c90650ae13bd6dd8 -> 3f1709cfb2cc628169113a35b5e9be3f
  custom:scripting/monoscript/fileName/Walk.cs: b813fe3de227fa89db06a9337fee964a -> 
  custom:scripting/monoscript/fileName/TMP_TextSelector_A.cs: 088357b4acdc1e6288d897936d29c8d3 -> 347309a09d56e367b188a6978f75b424
  custom:video-encoder-webm-vp8: eb34c28f22e8b96e1ab97ce403110664 -> 
  custom:audio-decoder-ogg-vorbis: bf7c407c2cedff20999df2af8eb42d56 -> 
  custom:scripting/monoscript/fileName/VertexJitter.cs: 6330f950b41eff6e5970f129864ecd6c -> d27eb5498e48714a66aece98da065133
  custom:scripting/monoscript/fileName/mune.cs: 854be57a593bde74a27cc6a4e94cf976 -> b21687ddb03d73bd9f0c1daecb9714de
  custom:scripting/monoscript/fileName/TextConsoleSimulator.cs: f2c8898b26c0cf2b0a1c7d12d99e6769 -> 33fc311abb20b5b0ed8f00e4d86b574e
  custom:scripting/monoscript/fileName/VertexColorCycler.cs: 135fb0ebdaf256193ccc08218c426c64 -> 5f984ca91cf3609293aecc6bc5641572
  custom:scripting/monoscript/fileName/TMP_FrameRateCounter.cs: 8afeb6f0251e063dcfff2bd827f92c62 -> 46f655df8cb483ac5958307137b1585a
  custom:scripting/monoscript/fileName/FloatingJoystickEditor.cs: 77573a9156cb44c5d5d617fe80c220c5 -> 20a94efd412f2009d4e6722fe16a3051
  custom:scripting/monoscript/fileName/VertexShakeB.cs: 587e5b2aecc39120c2c9ff69742ce897 -> a6f78c4fcda1a29a1a1c1baefedba9e7
  custom:scripting/monoscript/fileName/VariableJoystick.cs: 39f03dc32328afe11ebf2977b1593dda -> 6a21e483212ef280c767be5522709419
  custom:scripting/monoscript/fileName/TMP_UiFrameRateCounter.cs: 8fa3bcf761bb5076fd90d0361518d59c -> b01021aea19247f14a98ab338907956a
  custom:scripting/monoscript/fileName/FixedJoystick.cs: 475c6e1ca66c78aed6c49f6039c5734b -> ceaced0056a716bd82a85e0f3d488361
  custom:scripting/monoscript/fileName/Joystick.cs: efd34e62618f1aa62f745acbb935ce75 -> c13c665079b3ba178e3a8ef05c62070b
  custom:scripting/monoscript/fileName/TMPro_InstructionOverlay.cs: 194f3617683541355a9c6c8193e87b1c -> b626d2270e6ebd5c4311585c18b58d8d
  custom:scripting/monoscript/fileName/anim1.cs: 05e913852816f4c6fcc126bf7ffb4ba9 -> 10b52e4432610f56cea187ac60513ec2
  custom:scripting/monoscript/fileName/TMP_DigitValidator.cs: 4e5cde653ae28b90ab257e866c94dfce -> ac02af96215ae3951a3cce9e1a8c6085
  custom:audio-encoder-webm-vorbis: bf7c407c2cedff20999df2af8eb42d56 -> 
  custom:scripting/precompiled-assembly-types:Assembly-CSharp-Editor: e324ca911fd2e13b09c6e0773d0a7dd5 -> f7c7739fc303cafe5879da7512dd0656
  custom:scripting/monoscript/fileName/Benchmark01_UGUI.cs: 52a24b07fcdd062ef495404efdb65870 -> 6148cfe2627b7708298f301788144139
  custom:scripting/monoscript/fileName/Rotation.cs: 4761afa5daf9234473e31a02ede334c2 -> 1be1d08457a69d09528d40d7c8df2473
  custom:scripting/monoscript/fileName/Jump.cs: 5b090d859ab09be631dc3b0f203f9571 -> d93a52a180fbbe603a59e9aa6da73c83
  custom:scripting/precompiled-assembly-types:Assembly-CSharp: 8d7866d22f7b845d7ef75d4eb782f659 -> 3c8e6843d631723f8999220926f3c146
  custom:scripting/monoscript/fileName/Tigger.cs: ca771e08fd5c5c2e7d1ac379e6d4b2ec -> 387f4c79276ee1729c01db13ee9675a3
  custom:scripting/monoscript/fileName/Benchmark03.cs: 520976d641c2b7cf395e30b045f5a45d -> 17cc87e0529ac71d909a946afb47a274
========================================================================
Received Prepare
Caller must complete domain reload
Begin MonoManager ReloadAssembly
- Loaded All Assemblies, in  1.202 seconds
Native extension for WindowsStandalone target not found
Native extension for Android target not found
Native extension for WebGL target not found
Mono: successfully reloaded assembly
- Finished resetting the current domain, in  3.195 seconds
Domain Reload Profiling: 4374ms
	BeginReloadAssembly (359ms)
		ExecutionOrderSort (0ms)
		DisableScriptedObjects (8ms)
		BackupInstance (0ms)
		ReleaseScriptingObjects (0ms)
		CreateAndSetChildDomain (84ms)
	RebuildCommonClasses (62ms)
	RebuildNativeTypeToScriptingClass (25ms)
	initialDomainReloadingComplete (91ms)
	LoadAllAssembliesAndSetupDomain (641ms)
		LoadAssemblies (818ms)
		RebuildTransferFunctionScriptingTraits (0ms)
		AnalyzeDomain (25ms)
			TypeCache.Refresh (9ms)
				TypeCache.ScanAssembly (0ms)
			ScanForSourceGeneratedMonoScriptInfo (0ms)
			ResolveRequiredComponents (13ms)
	FinalizeReload (3196ms)
		ReleaseScriptCaches (0ms)
		RebuildScriptCaches (0ms)
		SetupLoadedEditorAssemblies (1405ms)
			LogAssemblyErrors (0ms)
			InitializePlatformSupportModulesInManaged (57ms)
			SetLoadedEditorAssemblies (8ms)
			RefreshPlugins (0ms)
			BeforeProcessingInitializeOnLoad (227ms)
			ProcessInitializeOnLoadAttributes (1012ms)
			ProcessInitializeOnLoadMethodAttributes (46ms)
			AfterProcessingInitializeOnLoad (55ms)
			EditorAssembliesLoaded (0ms)
		ExecutionOrderSort2 (0ms)
		AwakeInstancesAfterBackupRestoration (12ms)
Refreshing native plugins compatible for Editor in 21.97 ms, found 3 plugins.
Preloading 0 native plugins for Editor in 0.00 ms.
Unloading 3535 Unused Serialized files (Serialized files now loaded: 0)
Unloading 14 unused Assets / (83.8 KB). Loaded Objects now: 4153.
Memory consumption went from 140.0 MB to 139.9 MB.
Total: 7.340600 ms (FindLiveObjects: 0.623900 ms CreateObjectMapping: 0.209300 ms MarkObjects: 6.296300 ms  DeleteObjects: 0.209700 ms)

Prepare: number of updated asset objects reloaded= 0
AssetImportParameters requested are different than current active one (requested -> active):
  custom:scripting/monoscript/fileName/JoystickEditor.cs: 31d892737481409a0ec21b3641383a31 -> 406670d2fe263f5d7c582f8389f2b844
  custom:scripting/monoscript/fileName/Main.cs: bcc0f9052176b2186a7114234ef44a73 -> c093076ba5753d7bec74a8a751ffb653
  custom:scripting/monoscript/fileName/SkewTextExample.cs: f96859e31fd6dde308d9dc2a2488dcff -> c142d02d70a129e0533975f7c2f96956
  custom:container-demuxer-ogg: 62fdf1f143b41e24485cea50d1cbac27 -> 
  custom:scripting/monoscript/fileName/JoystickPlayerExample.cs: b49ed73c06895c00887fd43b2fe13656 -> 2ec96b3abad264f4393a91b76b487cb7
  custom:scripting/monoscript/fileName/TMP_TextEventHandler.cs: d0f86a17d6fd3e9995db934eaaf34f18 -> f5cd9d5a43bfefc8f4fec80e6de896a4
  custom:scripting/monoscript/fileName/TextMeshProFloatingText.cs: 5a37842f75734e7729f89af9a8145a1a -> 92608fa4a6315cd0786d82205e77b697
  custom:scripting/monoscript/fileName/JoystickSetterExample.cs: 959f5a79520f07bdb5268f1ee0033001 -> 9ef810522df7cdd512f52a98ae7a04f9
  custom:scripting/monoscript/fileName/VertexZoom.cs: 2da4737d79388c0362c64482e9ee50d2 -> 650ab1e81d40126e3edcf737cce646e4
  custom:scripting/monoscript/fileName/VertexShakeA.cs: 16900906a98712c9660b9823af1f2500 -> 63ec564c588058369499638dd899e05b
  custom:scripting/monoscript/fileName/TMP_ExampleScript_01.cs: 59997facf165601d8c6263ace2a973a5 -> a9d4be556104ff54e7d240529b3e01dc
  custom:video-decoder-ogg-theora: a1e56fd34408186e4bbccfd4996cb3dc -> 
  custom:scripting/monoscript/fileName/TMP_TextEventCheck.cs: 7ee93fce990cec7a5b67b504d0259dce -> 13505d917eab5868c435e0c2986dadfa
  custom:scripting/monoscript/fileName/TMP_TextSelector_B.cs: c0db108de9ffc9b6f619f3d00162b1c2 -> ba2be21a7486d37b1011342977a2e49d
  custom:scripting/monoscript/fileName/Benchmark01.cs: 1fef48c763f4be76a973f061699dd041 -> 2d3e2cd961730ab95f139a49a673bace
  custom:framework-win-MediaFoundation: 216162199b28c13a410421893ffa2e32 -> 
  custom:scripting/monoscript/fileName/DynamicJoystickEditor.cs: 022b5797234952c5d7bc35d1bd14e1f1 -> f92673ca2cd03c2f140cf81ccfee7ccb
  custom:scripting/monoscript/fileName/DynamicJoystick.cs: 0ab293606d3fa5fd65cbd65e1d06c400 -> fa6fdbd0de9beec4a70bc764c26bb796
  custom:scripting/monoscript/fileName/Benchmark02.cs: 92dcd0c0a469d0c0690d8ca0bfe95e6f -> 5640963252ce70910e726415f869ced6
  custom:scripting/monoscript/fileName/PlayerController.cs: 807d658ab5c9f400331841a7af990d8e -> c6d6334dbee39969b7eddb0b08d8203e
  custom:scripting/monoscript/fileName/DropdownSample.cs: b4fe7efb027fdd4854f643ad764daa8c -> 0a92251794e5f10400149f96c3c59e5d
  custom:scripting/monoscript/fileName/WarpTextExample.cs: c5431dac938081648a3a3ac553c1029b -> 2663459c266363641981c7d17b698d7f
  custom:CustomObjectIndexerAttribute: 9a22284fe3817be447336de3de66b15e -> 
  custom:container-demuxer-webm: 4f35f7cbe854078d1ac9338744f61a02 -> 
  custom:scripting/monoscript/fileName/ChatController.cs: ff21b89493e3dffcbe018a2cc5a10bae -> 876d5ccae6e345dd5d9450eb0a748f16
  custom:scripting/monoscript/fileName/TextMeshSpawner.cs: c0f20e5855e88374db1098a5acc68df4 -> 76f28e2ddb031571e6ec62b018f65fa8
  custom:scripting/monoscript/fileName/TeleType.cs: c18e16db35615314900dbe198d0144e7 -> 31fa97821c4c70f157ec81d507aa6b62
  custom:scripting/monoscript/fileName/Benchmark04.cs: 86dfb70824307c4cf164687df2489226 -> 32220b148620e52aa81c13a114862bf4
  custom:scripting/monoscript/fileName/FloatingJoystick.cs: 5ad2d6fd170f0b909c85d006ae763629 -> 516035e2342d093d90fb2bd11ff41e68
  custom:container-muxer-webm: aa71ff27fc2769a1b78a27578f13a17b -> 
  custom:video-decoder-webm-vp8: 9c59270c3fd7afecdb556c50c9e8de78 -> 
  custom:scripting/monoscript/fileName/TMP_PhoneNumberValidator.cs: b4c1c54136dffeb4e2962027ebaa6b1f -> 7c3049f481e464c6a9a15dee56c3126f
  custom:SearchIndexIgnoredProperties: e643bd26f0fe6173181afceb89e7c659 -> 
  custom:scripting/monoscript/fileName/Gan.cs: 10b52e4432610f56cea187ac60513ec2 -> 
  custom:AudioImporter_EditorPlatform: d09bf68614088b80899f8185d706f6e7 -> 
  custom:scripting/monoscript/fileName/EnvMapAnimator.cs: 08e040d459cd881082c0dd5daba5f85c -> 1b4f61c17e4b7283c3ac351aacff9d26
  custom:scripting/monoscript/fileName/ShaderPropAnimator.cs: 88b70bc5bbc15375387323f48f0661cf -> 55ce425812446482e623ff2695c94cb2
  custom:scripting/monoscript/fileName/SimpleScript.cs: dcd92cf7399b0d08e25e4a66ab57e91e -> 454caab0c6c050f29b39d82e1d66d0fa
  custom:scripting/monoscript/fileName/VariableJoystickEditor.cs: 75e1b4b36e9f7518c61272653e1a297a -> fee5e077b31909c4bba3d7329fdefd90
  custom:scripting/monoscript/fileName/ObjectSpin.cs: b34dd4d17018731600f920d50ca840f7 -> 2b96bb2079dd7fa5108d981627a28e1e
  custom:scripting/monoscript/fileName/CameraController.cs: 8d43c2def3a67efed518259a2232b470 -> 34b6be4e23ce86dc89786916c5983296
  custom:scripting/monoscript/fileName/TMP_TextInfoDebugTool.cs: 7aad42023b6f5112c90650ae13bd6dd8 -> 3f1709cfb2cc628169113a35b5e9be3f
  custom:scripting/monoscript/fileName/Walk.cs: b813fe3de227fa89db06a9337fee964a -> 
  custom:scripting/monoscript/fileName/TMP_TextSelector_A.cs: 088357b4acdc1e6288d897936d29c8d3 -> 347309a09d56e367b188a6978f75b424
  custom:video-encoder-webm-vp8: eb34c28f22e8b96e1ab97ce403110664 -> 
  custom:audio-decoder-ogg-vorbis: bf7c407c2cedff20999df2af8eb42d56 -> 
  custom:scripting/monoscript/fileName/VertexJitter.cs: 6330f950b41eff6e5970f129864ecd6c -> d27eb5498e48714a66aece98da065133
  custom:scripting/monoscript/fileName/mune.cs: 854be57a593bde74a27cc6a4e94cf976 -> b21687ddb03d73bd9f0c1daecb9714de
  custom:scripting/monoscript/fileName/TextConsoleSimulator.cs: f2c8898b26c0cf2b0a1c7d12d99e6769 -> 33fc311abb20b5b0ed8f00e4d86b574e
  custom:scripting/monoscript/fileName/VertexColorCycler.cs: 135fb0ebdaf256193ccc08218c426c64 -> 5f984ca91cf3609293aecc6bc5641572
  custom:scripting/monoscript/fileName/TMP_FrameRateCounter.cs: 8afeb6f0251e063dcfff2bd827f92c62 -> 46f655df8cb483ac5958307137b1585a
  custom:scripting/monoscript/fileName/FloatingJoystickEditor.cs: 77573a9156cb44c5d5d617fe80c220c5 -> 20a94efd412f2009d4e6722fe16a3051
  custom:scripting/monoscript/fileName/VertexShakeB.cs: 587e5b2aecc39120c2c9ff69742ce897 -> a6f78c4fcda1a29a1a1c1baefedba9e7
  custom:scripting/monoscript/fileName/VariableJoystick.cs: 39f03dc32328afe11ebf2977b1593dda -> 6a21e483212ef280c767be5522709419
  custom:scripting/monoscript/fileName/TMP_UiFrameRateCounter.cs: 8fa3bcf761bb5076fd90d0361518d59c -> b01021aea19247f14a98ab338907956a
  custom:scripting/monoscript/fileName/FixedJoystick.cs: 475c6e1ca66c78aed6c49f6039c5734b -> ceaced0056a716bd82a85e0f3d488361
  custom:scripting/monoscript/fileName/Joystick.cs: efd34e62618f1aa62f745acbb935ce75 -> c13c665079b3ba178e3a8ef05c62070b
  custom:scripting/monoscript/fileName/TMPro_InstructionOverlay.cs: 194f3617683541355a9c6c8193e87b1c -> b626d2270e6ebd5c4311585c18b58d8d
  custom:scripting/monoscript/fileName/anim1.cs: 05e913852816f4c6fcc126bf7ffb4ba9 -> 10b52e4432610f56cea187ac60513ec2
  custom:scripting/monoscript/fileName/TMP_DigitValidator.cs: 4e5cde653ae28b90ab257e866c94dfce -> ac02af96215ae3951a3cce9e1a8c6085
  custom:audio-encoder-webm-vorbis: bf7c407c2cedff20999df2af8eb42d56 -> 
  custom:scripting/precompiled-assembly-types:Assembly-CSharp-Editor: e324ca911fd2e13b09c6e0773d0a7dd5 -> f7c7739fc303cafe5879da7512dd0656
  custom:scripting/monoscript/fileName/Benchmark01_UGUI.cs: 52a24b07fcdd062ef495404efdb65870 -> 6148cfe2627b7708298f301788144139
  custom:scripting/monoscript/fileName/Rotation.cs: 4761afa5daf9234473e31a02ede334c2 -> 1be1d08457a69d09528d40d7c8df2473
  custom:scripting/monoscript/fileName/Jump.cs: 5b090d859ab09be631dc3b0f203f9571 -> d93a52a180fbbe603a59e9aa6da73c83
  custom:scripting/precompiled-assembly-types:Assembly-CSharp: 8d7866d22f7b845d7ef75d4eb782f659 -> 3c8e6843d631723f8999220926f3c146
  custom:scripting/monoscript/fileName/Tigger.cs: ca771e08fd5c5c2e7d1ac379e6d4b2ec -> 387f4c79276ee1729c01db13ee9675a3
  custom:scripting/monoscript/fileName/Benchmark03.cs: 520976d641c2b7cf395e30b045f5a45d -> 17cc87e0529ac71d909a946afb47a274
========================================================================
Received Prepare
Caller must complete domain reload
Begin MonoManager ReloadAssembly
- Loaded All Assemblies, in  1.214 seconds
Native extension for WindowsStandalone target not found
Native extension for Android target not found
Native extension for WebGL target not found
Mono: successfully reloaded assembly
- Finished resetting the current domain, in  2.932 seconds
Domain Reload Profiling: 4120ms
	BeginReloadAssembly (334ms)
		ExecutionOrderSort (0ms)
		DisableScriptedObjects (9ms)
		BackupInstance (0ms)
		ReleaseScriptingObjects (0ms)
		CreateAndSetChildDomain (43ms)
	RebuildCommonClasses (59ms)
	RebuildNativeTypeToScriptingClass (16ms)
	initialDomainReloadingComplete (102ms)
	LoadAllAssembliesAndSetupDomain (675ms)
		LoadAssemblies (853ms)
		RebuildTransferFunctionScriptingTraits (0ms)
		AnalyzeDomain (25ms)
			TypeCache.Refresh (9ms)
				TypeCache.ScanAssembly (0ms)
			ScanForSourceGeneratedMonoScriptInfo (0ms)
			ResolveRequiredComponents (13ms)
	FinalizeReload (2933ms)
		ReleaseScriptCaches (0ms)
		RebuildScriptCaches (0ms)
		SetupLoadedEditorAssemblies (1172ms)
			LogAssemblyErrors (0ms)
			InitializePlatformSupportModulesInManaged (58ms)
			SetLoadedEditorAssemblies (7ms)
			RefreshPlugins (0ms)
			BeforeProcessingInitializeOnLoad (189ms)
			ProcessInitializeOnLoadAttributes (829ms)
			ProcessInitializeOnLoadMethodAttributes (33ms)
			AfterProcessingInitializeOnLoad (56ms)
			EditorAssembliesLoaded (0ms)
		ExecutionOrderSort2 (0ms)
		AwakeInstancesAfterBackupRestoration (11ms)
Refreshing native plugins compatible for Editor in 22.10 ms, found 3 plugins.
Preloading 0 native plugins for Editor in 0.00 ms.
Unloading 3535 Unused Serialized files (Serialized files now loaded: 0)
Unloading 14 unused Assets / (91.7 KB). Loaded Objects now: 4156.
Memory consumption went from 140.0 MB to 139.9 MB.
Total: 6.882900 ms (FindLiveObjects: 0.715600 ms CreateObjectMapping: 0.249300 ms MarkObjects: 5.699100 ms  DeleteObjects: 0.217000 ms)

Prepare: number of updated asset objects reloaded= 0
AssetImportParameters requested are different than current active one (requested -> active):
  custom:scripting/monoscript/fileName/JoystickEditor.cs: 31d892737481409a0ec21b3641383a31 -> 406670d2fe263f5d7c582f8389f2b844
  custom:scripting/monoscript/fileName/Main.cs: bcc0f9052176b2186a7114234ef44a73 -> c093076ba5753d7bec74a8a751ffb653
  custom:scripting/monoscript/fileName/SkewTextExample.cs: f96859e31fd6dde308d9dc2a2488dcff -> c142d02d70a129e0533975f7c2f96956
  custom:container-demuxer-ogg: 62fdf1f143b41e24485cea50d1cbac27 -> 
  custom:scripting/monoscript/fileName/JoystickPlayerExample.cs: b49ed73c06895c00887fd43b2fe13656 -> 2ec96b3abad264f4393a91b76b487cb7
  custom:scripting/monoscript/fileName/TMP_TextEventHandler.cs: d0f86a17d6fd3e9995db934eaaf34f18 -> f5cd9d5a43bfefc8f4fec80e6de896a4
  custom:scripting/monoscript/fileName/TextMeshProFloatingText.cs: 5a37842f75734e7729f89af9a8145a1a -> 92608fa4a6315cd0786d82205e77b697
  custom:scripting/monoscript/fileName/JoystickSetterExample.cs: 959f5a79520f07bdb5268f1ee0033001 -> 9ef810522df7cdd512f52a98ae7a04f9
  custom:scripting/monoscript/fileName/VertexZoom.cs: 2da4737d79388c0362c64482e9ee50d2 -> 650ab1e81d40126e3edcf737cce646e4
  custom:scripting/monoscript/fileName/VertexShakeA.cs: 16900906a98712c9660b9823af1f2500 -> 63ec564c588058369499638dd899e05b
  custom:scripting/monoscript/fileName/TMP_ExampleScript_01.cs: 59997facf165601d8c6263ace2a973a5 -> a9d4be556104ff54e7d240529b3e01dc
  custom:video-decoder-ogg-theora: a1e56fd34408186e4bbccfd4996cb3dc -> 
  custom:scripting/monoscript/fileName/TMP_TextEventCheck.cs: 7ee93fce990cec7a5b67b504d0259dce -> 13505d917eab5868c435e0c2986dadfa
  custom:scripting/monoscript/fileName/TMP_TextSelector_B.cs: c0db108de9ffc9b6f619f3d00162b1c2 -> ba2be21a7486d37b1011342977a2e49d
  custom:scripting/monoscript/fileName/Benchmark01.cs: 1fef48c763f4be76a973f061699dd041 -> 2d3e2cd961730ab95f139a49a673bace
  custom:framework-win-MediaFoundation: 216162199b28c13a410421893ffa2e32 -> 
  custom:scripting/monoscript/fileName/DynamicJoystickEditor.cs: 022b5797234952c5d7bc35d1bd14e1f1 -> f92673ca2cd03c2f140cf81ccfee7ccb
  custom:scripting/monoscript/fileName/DynamicJoystick.cs: 0ab293606d3fa5fd65cbd65e1d06c400 -> fa6fdbd0de9beec4a70bc764c26bb796
  custom:scripting/monoscript/fileName/Benchmark02.cs: 92dcd0c0a469d0c0690d8ca0bfe95e6f -> 5640963252ce70910e726415f869ced6
  custom:scripting/monoscript/fileName/PlayerController.cs: 807d658ab5c9f400331841a7af990d8e -> c6d6334dbee39969b7eddb0b08d8203e
  custom:scripting/monoscript/fileName/DropdownSample.cs: b4fe7efb027fdd4854f643ad764daa8c -> 0a92251794e5f10400149f96c3c59e5d
  custom:scripting/monoscript/fileName/WarpTextExample.cs: c5431dac938081648a3a3ac553c1029b -> 2663459c266363641981c7d17b698d7f
  custom:CustomObjectIndexerAttribute: 9a22284fe3817be447336de3de66b15e -> 
  custom:container-demuxer-webm: 4f35f7cbe854078d1ac9338744f61a02 -> 
  custom:scripting/monoscript/fileName/ChatController.cs: ff21b89493e3dffcbe018a2cc5a10bae -> 876d5ccae6e345dd5d9450eb0a748f16
  custom:scripting/monoscript/fileName/TextMeshSpawner.cs: c0f20e5855e88374db1098a5acc68df4 -> 76f28e2ddb031571e6ec62b018f65fa8
  custom:scripting/monoscript/fileName/TeleType.cs: c18e16db35615314900dbe198d0144e7 -> 31fa97821c4c70f157ec81d507aa6b62
  custom:scripting/monoscript/fileName/Benchmark04.cs: 86dfb70824307c4cf164687df2489226 -> 32220b148620e52aa81c13a114862bf4
  custom:scripting/monoscript/fileName/FloatingJoystick.cs: 5ad2d6fd170f0b909c85d006ae763629 -> 516035e2342d093d90fb2bd11ff41e68
  custom:container-muxer-webm: aa71ff27fc2769a1b78a27578f13a17b -> 
  custom:video-decoder-webm-vp8: 9c59270c3fd7afecdb556c50c9e8de78 -> 
  custom:scripting/monoscript/fileName/TMP_PhoneNumberValidator.cs: b4c1c54136dffeb4e2962027ebaa6b1f -> 7c3049f481e464c6a9a15dee56c3126f
  custom:SearchIndexIgnoredProperties: e643bd26f0fe6173181afceb89e7c659 -> 
  custom:scripting/monoscript/fileName/Gan.cs: 10b52e4432610f56cea187ac60513ec2 -> 
  custom:AudioImporter_EditorPlatform: d09bf68614088b80899f8185d706f6e7 -> 
  custom:scripting/monoscript/fileName/EnvMapAnimator.cs: 08e040d459cd881082c0dd5daba5f85c -> 1b4f61c17e4b7283c3ac351aacff9d26
  custom:scripting/monoscript/fileName/ShaderPropAnimator.cs: 88b70bc5bbc15375387323f48f0661cf -> 55ce425812446482e623ff2695c94cb2
  custom:scripting/monoscript/fileName/SimpleScript.cs: dcd92cf7399b0d08e25e4a66ab57e91e -> 454caab0c6c050f29b39d82e1d66d0fa
  custom:scripting/monoscript/fileName/VariableJoystickEditor.cs: 75e1b4b36e9f7518c61272653e1a297a -> fee5e077b31909c4bba3d7329fdefd90
  custom:scripting/monoscript/fileName/ObjectSpin.cs: b34dd4d17018731600f920d50ca840f7 -> 2b96bb2079dd7fa5108d981627a28e1e
  custom:scripting/monoscript/fileName/CameraController.cs: 8d43c2def3a67efed518259a2232b470 -> 34b6be4e23ce86dc89786916c5983296
  custom:scripting/monoscript/fileName/TMP_TextInfoDebugTool.cs: 7aad42023b6f5112c90650ae13bd6dd8 -> 3f1709cfb2cc628169113a35b5e9be3f
  custom:scripting/monoscript/fileName/Walk.cs: b813fe3de227fa89db06a9337fee964a -> 
  custom:scripting/monoscript/fileName/TMP_TextSelector_A.cs: 088357b4acdc1e6288d897936d29c8d3 -> 347309a09d56e367b188a6978f75b424
  custom:video-encoder-webm-vp8: eb34c28f22e8b96e1ab97ce403110664 -> 
  custom:audio-decoder-ogg-vorbis: bf7c407c2cedff20999df2af8eb42d56 -> 
  custom:scripting/monoscript/fileName/VertexJitter.cs: 6330f950b41eff6e5970f129864ecd6c -> d27eb5498e48714a66aece98da065133
  custom:scripting/monoscript/fileName/mune.cs: 854be57a593bde74a27cc6a4e94cf976 -> b21687ddb03d73bd9f0c1daecb9714de
  custom:scripting/monoscript/fileName/TextConsoleSimulator.cs: f2c8898b26c0cf2b0a1c7d12d99e6769 -> 33fc311abb20b5b0ed8f00e4d86b574e
  custom:scripting/monoscript/fileName/VertexColorCycler.cs: 135fb0ebdaf256193ccc08218c426c64 -> 5f984ca91cf3609293aecc6bc5641572
  custom:scripting/monoscript/fileName/TMP_FrameRateCounter.cs: 8afeb6f0251e063dcfff2bd827f92c62 -> 46f655df8cb483ac5958307137b1585a
  custom:scripting/monoscript/fileName/FloatingJoystickEditor.cs: 77573a9156cb44c5d5d617fe80c220c5 -> 20a94efd412f2009d4e6722fe16a3051
  custom:scripting/monoscript/fileName/VertexShakeB.cs: 587e5b2aecc39120c2c9ff69742ce897 -> a6f78c4fcda1a29a1a1c1baefedba9e7
  custom:scripting/monoscript/fileName/VariableJoystick.cs: 39f03dc32328afe11ebf2977b1593dda -> 6a21e483212ef280c767be5522709419
  custom:scripting/monoscript/fileName/TMP_UiFrameRateCounter.cs: 8fa3bcf761bb5076fd90d0361518d59c -> b01021aea19247f14a98ab338907956a
  custom:scripting/monoscript/fileName/FixedJoystick.cs: 475c6e1ca66c78aed6c49f6039c5734b -> ceaced0056a716bd82a85e0f3d488361
  custom:scripting/monoscript/fileName/Joystick.cs: efd34e62618f1aa62f745acbb935ce75 -> c13c665079b3ba178e3a8ef05c62070b
  custom:scripting/monoscript/fileName/TMPro_InstructionOverlay.cs: 194f3617683541355a9c6c8193e87b1c -> b626d2270e6ebd5c4311585c18b58d8d
  custom:scripting/monoscript/fileName/anim1.cs: 05e913852816f4c6fcc126bf7ffb4ba9 -> 10b52e4432610f56cea187ac60513ec2
  custom:scripting/monoscript/fileName/TMP_DigitValidator.cs: 4e5cde653ae28b90ab257e866c94dfce -> ac02af96215ae3951a3cce9e1a8c6085
  custom:audio-encoder-webm-vorbis: bf7c407c2cedff20999df2af8eb42d56 -> 
  custom:scripting/precompiled-assembly-types:Assembly-CSharp-Editor: e324ca911fd2e13b09c6e0773d0a7dd5 -> f7c7739fc303cafe5879da7512dd0656
  custom:scripting/monoscript/fileName/Benchmark01_UGUI.cs: 52a24b07fcdd062ef495404efdb65870 -> 6148cfe2627b7708298f301788144139
  custom:scripting/monoscript/fileName/Rotation.cs: 4761afa5daf9234473e31a02ede334c2 -> 1be1d08457a69d09528d40d7c8df2473
  custom:scripting/monoscript/fileName/Jump.cs: 5b090d859ab09be631dc3b0f203f9571 -> d93a52a180fbbe603a59e9aa6da73c83
  custom:scripting/precompiled-assembly-types:Assembly-CSharp: 8d7866d22f7b845d7ef75d4eb782f659 -> 3c8e6843d631723f8999220926f3c146
  custom:scripting/monoscript/fileName/Tigger.cs: ca771e08fd5c5c2e7d1ac379e6d4b2ec -> 387f4c79276ee1729c01db13ee9675a3
  custom:scripting/monoscript/fileName/Benchmark03.cs: 520976d641c2b7cf395e30b045f5a45d -> 17cc87e0529ac71d909a946afb47a274
========================================================================
Received Prepare
Caller must complete domain reload
Begin MonoManager ReloadAssembly
- Loaded All Assemblies, in  1.240 seconds
Native extension for WindowsStandalone target not found
Native extension for Android target not found
Native extension for WebGL target not found
Mono: successfully reloaded assembly
- Finished resetting the current domain, in  2.936 seconds
Domain Reload Profiling: 4155ms
	BeginReloadAssembly (359ms)
		ExecutionOrderSort (0ms)
		DisableScriptedObjects (10ms)
		BackupInstance (0ms)
		ReleaseScriptingObjects (0ms)
		CreateAndSetChildDomain (59ms)
	RebuildCommonClasses (66ms)
	RebuildNativeTypeToScriptingClass (21ms)
	initialDomainReloadingComplete (95ms)
	LoadAllAssembliesAndSetupDomain (676ms)
		LoadAssemblies (881ms)
		RebuildTransferFunctionScriptingTraits (0ms)
		AnalyzeDomain (21ms)
			TypeCache.Refresh (8ms)
				TypeCache.ScanAssembly (0ms)
			ScanForSourceGeneratedMonoScriptInfo (0ms)
			ResolveRequiredComponents (11ms)
	FinalizeReload (2937ms)
		ReleaseScriptCaches (0ms)
		RebuildScriptCaches (0ms)
		SetupLoadedEditorAssemblies (1173ms)
			LogAssemblyErrors (0ms)
			InitializePlatformSupportModulesInManaged (70ms)
			SetLoadedEditorAssemblies (7ms)
			RefreshPlugins (0ms)
			BeforeProcessingInitializeOnLoad (187ms)
			ProcessInitializeOnLoadAttributes (818ms)
			ProcessInitializeOnLoadMethodAttributes (36ms)
			AfterProcessingInitializeOnLoad (55ms)
			EditorAssembliesLoaded (0ms)
		ExecutionOrderSort2 (0ms)
		AwakeInstancesAfterBackupRestoration (12ms)
Refreshing native plugins compatible for Editor in 25.22 ms, found 3 plugins.
Preloading 0 native plugins for Editor in 0.00 ms.
Unloading 3535 Unused Serialized files (Serialized files now loaded: 0)
Unloading 14 unused Assets / (92.0 KB). Loaded Objects now: 4159.
Memory consumption went from 140.0 MB to 139.9 MB.
Total: 8.538200 ms (FindLiveObjects: 0.696400 ms CreateObjectMapping: 0.344600 ms MarkObjects: 7.345400 ms  DeleteObjects: 0.150300 ms)

Prepare: number of updated asset objects reloaded= 0
AssetImportParameters requested are different than current active one (requested -> active):
  custom:scripting/monoscript/fileName/JoystickEditor.cs: 31d892737481409a0ec21b3641383a31 -> 406670d2fe263f5d7c582f8389f2b844
  custom:scripting/monoscript/fileName/Main.cs: bcc0f9052176b2186a7114234ef44a73 -> c093076ba5753d7bec74a8a751ffb653
  custom:scripting/monoscript/fileName/SkewTextExample.cs: f96859e31fd6dde308d9dc2a2488dcff -> c142d02d70a129e0533975f7c2f96956
  custom:container-demuxer-ogg: 62fdf1f143b41e24485cea50d1cbac27 -> 
  custom:scripting/monoscript/fileName/JoystickPlayerExample.cs: b49ed73c06895c00887fd43b2fe13656 -> 2ec96b3abad264f4393a91b76b487cb7
  custom:scripting/monoscript/fileName/TMP_TextEventHandler.cs: d0f86a17d6fd3e9995db934eaaf34f18 -> f5cd9d5a43bfefc8f4fec80e6de896a4
  custom:scripting/monoscript/fileName/TextMeshProFloatingText.cs: 5a37842f75734e7729f89af9a8145a1a -> 92608fa4a6315cd0786d82205e77b697
  custom:scripting/monoscript/fileName/JoystickSetterExample.cs: 959f5a79520f07bdb5268f1ee0033001 -> 9ef810522df7cdd512f52a98ae7a04f9
  custom:scripting/monoscript/fileName/VertexZoom.cs: 2da4737d79388c0362c64482e9ee50d2 -> 650ab1e81d40126e3edcf737cce646e4
  custom:scripting/monoscript/fileName/VertexShakeA.cs: 16900906a98712c9660b9823af1f2500 -> 63ec564c588058369499638dd899e05b
  custom:scripting/monoscript/fileName/TMP_ExampleScript_01.cs: 59997facf165601d8c6263ace2a973a5 -> a9d4be556104ff54e7d240529b3e01dc
  custom:video-decoder-ogg-theora: a1e56fd34408186e4bbccfd4996cb3dc -> 
  custom:scripting/monoscript/fileName/TMP_TextEventCheck.cs: 7ee93fce990cec7a5b67b504d0259dce -> 13505d917eab5868c435e0c2986dadfa
  custom:scripting/monoscript/fileName/TMP_TextSelector_B.cs: c0db108de9ffc9b6f619f3d00162b1c2 -> ba2be21a7486d37b1011342977a2e49d
  custom:scripting/monoscript/fileName/Benchmark01.cs: 1fef48c763f4be76a973f061699dd041 -> 2d3e2cd961730ab95f139a49a673bace
  custom:framework-win-MediaFoundation: 216162199b28c13a410421893ffa2e32 -> 
  custom:scripting/monoscript/fileName/DynamicJoystickEditor.cs: 022b5797234952c5d7bc35d1bd14e1f1 -> f92673ca2cd03c2f140cf81ccfee7ccb
  custom:scripting/monoscript/fileName/DynamicJoystick.cs: 0ab293606d3fa5fd65cbd65e1d06c400 -> fa6fdbd0de9beec4a70bc764c26bb796
  custom:scripting/monoscript/fileName/Benchmark02.cs: 92dcd0c0a469d0c0690d8ca0bfe95e6f -> 5640963252ce70910e726415f869ced6
  custom:scripting/monoscript/fileName/PlayerController.cs: 807d658ab5c9f400331841a7af990d8e -> c6d6334dbee39969b7eddb0b08d8203e
  custom:scripting/monoscript/fileName/DropdownSample.cs: b4fe7efb027fdd4854f643ad764daa8c -> 0a92251794e5f10400149f96c3c59e5d
  custom:scripting/monoscript/fileName/WarpTextExample.cs: c5431dac938081648a3a3ac553c1029b -> 2663459c266363641981c7d17b698d7f
  custom:CustomObjectIndexerAttribute: 9a22284fe3817be447336de3de66b15e -> 
  custom:container-demuxer-webm: 4f35f7cbe854078d1ac9338744f61a02 -> 
  custom:scripting/monoscript/fileName/ChatController.cs: ff21b89493e3dffcbe018a2cc5a10bae -> 876d5ccae6e345dd5d9450eb0a748f16
  custom:scripting/monoscript/fileName/TextMeshSpawner.cs: c0f20e5855e88374db1098a5acc68df4 -> 76f28e2ddb031571e6ec62b018f65fa8
  custom:scripting/monoscript/fileName/TeleType.cs: c18e16db35615314900dbe198d0144e7 -> 31fa97821c4c70f157ec81d507aa6b62
  custom:scripting/monoscript/fileName/Benchmark04.cs: 86dfb70824307c4cf164687df2489226 -> 32220b148620e52aa81c13a114862bf4
  custom:scripting/monoscript/fileName/FloatingJoystick.cs: 5ad2d6fd170f0b909c85d006ae763629 -> 516035e2342d093d90fb2bd11ff41e68
  custom:container-muxer-webm: aa71ff27fc2769a1b78a27578f13a17b -> 
  custom:video-decoder-webm-vp8: 9c59270c3fd7afecdb556c50c9e8de78 -> 
  custom:scripting/monoscript/fileName/TMP_PhoneNumberValidator.cs: b4c1c54136dffeb4e2962027ebaa6b1f -> 7c3049f481e464c6a9a15dee56c3126f
  custom:SearchIndexIgnoredProperties: e643bd26f0fe6173181afceb89e7c659 -> 
  custom:scripting/monoscript/fileName/Gan.cs: 10b52e4432610f56cea187ac60513ec2 -> 
  custom:AudioImporter_EditorPlatform: d09bf68614088b80899f8185d706f6e7 -> 
  custom:scripting/monoscript/fileName/EnvMapAnimator.cs: 08e040d459cd881082c0dd5daba5f85c -> 1b4f61c17e4b7283c3ac351aacff9d26
  custom:scripting/monoscript/fileName/ShaderPropAnimator.cs: 88b70bc5bbc15375387323f48f0661cf -> 55ce425812446482e623ff2695c94cb2
  custom:scripting/monoscript/fileName/SimpleScript.cs: dcd92cf7399b0d08e25e4a66ab57e91e -> 454caab0c6c050f29b39d82e1d66d0fa
  custom:scripting/monoscript/fileName/VariableJoystickEditor.cs: 75e1b4b36e9f7518c61272653e1a297a -> fee5e077b31909c4bba3d7329fdefd90
  custom:scripting/monoscript/fileName/ObjectSpin.cs: b34dd4d17018731600f920d50ca840f7 -> 2b96bb2079dd7fa5108d981627a28e1e
  custom:scripting/monoscript/fileName/CameraController.cs: 8d43c2def3a67efed518259a2232b470 -> 34b6be4e23ce86dc89786916c5983296
  custom:scripting/monoscript/fileName/TMP_TextInfoDebugTool.cs: 7aad42023b6f5112c90650ae13bd6dd8 -> 3f1709cfb2cc628169113a35b5e9be3f
  custom:scripting/monoscript/fileName/Walk.cs: b813fe3de227fa89db06a9337fee964a -> 
  custom:scripting/monoscript/fileName/TMP_TextSelector_A.cs: 088357b4acdc1e6288d897936d29c8d3 -> 347309a09d56e367b188a6978f75b424
  custom:video-encoder-webm-vp8: eb34c28f22e8b96e1ab97ce403110664 -> 
  custom:audio-decoder-ogg-vorbis: bf7c407c2cedff20999df2af8eb42d56 -> 
  custom:scripting/monoscript/fileName/VertexJitter.cs: 6330f950b41eff6e5970f129864ecd6c -> d27eb5498e48714a66aece98da065133
  custom:scripting/monoscript/fileName/mune.cs: 854be57a593bde74a27cc6a4e94cf976 -> b21687ddb03d73bd9f0c1daecb9714de
  custom:scripting/monoscript/fileName/TextConsoleSimulator.cs: f2c8898b26c0cf2b0a1c7d12d99e6769 -> 33fc311abb20b5b0ed8f00e4d86b574e
  custom:scripting/monoscript/fileName/VertexColorCycler.cs: 135fb0ebdaf256193ccc08218c426c64 -> 5f984ca91cf3609293aecc6bc5641572
  custom:scripting/monoscript/fileName/TMP_FrameRateCounter.cs: 8afeb6f0251e063dcfff2bd827f92c62 -> 46f655df8cb483ac5958307137b1585a
  custom:scripting/monoscript/fileName/FloatingJoystickEditor.cs: 77573a9156cb44c5d5d617fe80c220c5 -> 20a94efd412f2009d4e6722fe16a3051
  custom:scripting/monoscript/fileName/VertexShakeB.cs: 587e5b2aecc39120c2c9ff69742ce897 -> a6f78c4fcda1a29a1a1c1baefedba9e7
  custom:scripting/monoscript/fileName/VariableJoystick.cs: 39f03dc32328afe11ebf2977b1593dda -> 6a21e483212ef280c767be5522709419
  custom:scripting/monoscript/fileName/TMP_UiFrameRateCounter.cs: 8fa3bcf761bb5076fd90d0361518d59c -> b01021aea19247f14a98ab338907956a
  custom:scripting/monoscript/fileName/FixedJoystick.cs: 475c6e1ca66c78aed6c49f6039c5734b -> ceaced0056a716bd82a85e0f3d488361
  custom:scripting/monoscript/fileName/Joystick.cs: efd34e62618f1aa62f745acbb935ce75 -> c13c665079b3ba178e3a8ef05c62070b
  custom:scripting/monoscript/fileName/TMPro_InstructionOverlay.cs: 194f3617683541355a9c6c8193e87b1c -> b626d2270e6ebd5c4311585c18b58d8d
  custom:scripting/monoscript/fileName/anim1.cs: 05e913852816f4c6fcc126bf7ffb4ba9 -> 10b52e4432610f56cea187ac60513ec2
  custom:scripting/monoscript/fileName/TMP_DigitValidator.cs: 4e5cde653ae28b90ab257e866c94dfce -> ac02af96215ae3951a3cce9e1a8c6085
  custom:audio-encoder-webm-vorbis: bf7c407c2cedff20999df2af8eb42d56 -> 
  custom:scripting/precompiled-assembly-types:Assembly-CSharp-Editor: e324ca911fd2e13b09c6e0773d0a7dd5 -> f7c7739fc303cafe5879da7512dd0656
  custom:scripting/monoscript/fileName/Benchmark01_UGUI.cs: 52a24b07fcdd062ef495404efdb65870 -> 6148cfe2627b7708298f301788144139
  custom:scripting/monoscript/fileName/Rotation.cs: 4761afa5daf9234473e31a02ede334c2 -> 1be1d08457a69d09528d40d7c8df2473
  custom:scripting/monoscript/fileName/Jump.cs: 5b090d859ab09be631dc3b0f203f9571 -> d93a52a180fbbe603a59e9aa6da73c83
  custom:scripting/precompiled-assembly-types:Assembly-CSharp: 8d7866d22f7b845d7ef75d4eb782f659 -> 3c8e6843d631723f8999220926f3c146
  custom:scripting/monoscript/fileName/Tigger.cs: ca771e08fd5c5c2e7d1ac379e6d4b2ec -> 387f4c79276ee1729c01db13ee9675a3
  custom:scripting/monoscript/fileName/Benchmark03.cs: 520976d641c2b7cf395e30b045f5a45d -> 17cc87e0529ac71d909a946afb47a274
========================================================================
Received Prepare
Caller must complete domain reload
Begin MonoManager ReloadAssembly
- Loaded All Assemblies, in  1.393 seconds
Native extension for WindowsStandalone target not found
Native extension for Android target not found
Native extension for WebGL target not found
Mono: successfully reloaded assembly
- Finished resetting the current domain, in  2.997 seconds
Domain Reload Profiling: 4364ms
	BeginReloadAssembly (391ms)
		ExecutionOrderSort (0ms)
		DisableScriptedObjects (8ms)
		BackupInstance (0ms)
		ReleaseScriptingObjects (0ms)
		CreateAndSetChildDomain (66ms)
	RebuildCommonClasses (143ms)
	RebuildNativeTypeToScriptingClass (20ms)
	initialDomainReloadingComplete (93ms)
	LoadAllAssembliesAndSetupDomain (719ms)
		LoadAssemblies (935ms)
		RebuildTransferFunctionScriptingTraits (0ms)
		AnalyzeDomain (21ms)
			TypeCache.Refresh (8ms)
				TypeCache.ScanAssembly (0ms)
			ScanForSourceGeneratedMonoScriptInfo (0ms)
			ResolveRequiredComponents (12ms)
	FinalizeReload (2998ms)
		ReleaseScriptCaches (0ms)
		RebuildScriptCaches (0ms)
		SetupLoadedEditorAssemblies (1209ms)
			LogAssemblyErrors (0ms)
			InitializePlatformSupportModulesInManaged (57ms)
			SetLoadedEditorAssemblies (7ms)
			RefreshPlugins (0ms)
			BeforeProcessingInitializeOnLoad (189ms)
			ProcessInitializeOnLoadAttributes (853ms)
			ProcessInitializeOnLoadMethodAttributes (49ms)
			AfterProcessingInitializeOnLoad (55ms)
			EditorAssembliesLoaded (0ms)
		ExecutionOrderSort2 (0ms)
		AwakeInstancesAfterBackupRestoration (12ms)
Refreshing native plugins compatible for Editor in 22.57 ms, found 3 plugins.
Preloading 0 native plugins for Editor in 0.00 ms.
Unloading 3535 Unused Serialized files (Serialized files now loaded: 0)
Unloading 14 unused Assets / (91.9 KB). Loaded Objects now: 4162.
Memory consumption went from 140.0 MB to 139.9 MB.
Total: 7.503200 ms (FindLiveObjects: 0.680300 ms CreateObjectMapping: 0.223300 ms MarkObjects: 6.396600 ms  DeleteObjects: 0.201200 ms)

Prepare: number of updated asset objects reloaded= 0
AssetImportParameters requested are different than current active one (requested -> active):
  custom:scripting/monoscript/fileName/JoystickEditor.cs: 31d892737481409a0ec21b3641383a31 -> 406670d2fe263f5d7c582f8389f2b844
  custom:scripting/monoscript/fileName/Main.cs: bcc0f9052176b2186a7114234ef44a73 -> c093076ba5753d7bec74a8a751ffb653
  custom:scripting/monoscript/fileName/SkewTextExample.cs: f96859e31fd6dde308d9dc2a2488dcff -> c142d02d70a129e0533975f7c2f96956
  custom:container-demuxer-ogg: 62fdf1f143b41e24485cea50d1cbac27 -> 
  custom:scripting/monoscript/fileName/JoystickPlayerExample.cs: b49ed73c06895c00887fd43b2fe13656 -> 2ec96b3abad264f4393a91b76b487cb7
  custom:scripting/monoscript/fileName/TMP_TextEventHandler.cs: d0f86a17d6fd3e9995db934eaaf34f18 -> f5cd9d5a43bfefc8f4fec80e6de896a4
  custom:scripting/monoscript/fileName/TextMeshProFloatingText.cs: 5a37842f75734e7729f89af9a8145a1a -> 92608fa4a6315cd0786d82205e77b697
  custom:scripting/monoscript/fileName/JoystickSetterExample.cs: 959f5a79520f07bdb5268f1ee0033001 -> 9ef810522df7cdd512f52a98ae7a04f9
  custom:scripting/monoscript/fileName/VertexZoom.cs: 2da4737d79388c0362c64482e9ee50d2 -> 650ab1e81d40126e3edcf737cce646e4
  custom:scripting/monoscript/fileName/VertexShakeA.cs: 16900906a98712c9660b9823af1f2500 -> 63ec564c588058369499638dd899e05b
  custom:scripting/monoscript/fileName/TMP_ExampleScript_01.cs: 59997facf165601d8c6263ace2a973a5 -> a9d4be556104ff54e7d240529b3e01dc
  custom:video-decoder-ogg-theora: a1e56fd34408186e4bbccfd4996cb3dc -> 
  custom:scripting/monoscript/fileName/TMP_TextEventCheck.cs: 7ee93fce990cec7a5b67b504d0259dce -> 13505d917eab5868c435e0c2986dadfa
  custom:scripting/monoscript/fileName/TMP_TextSelector_B.cs: c0db108de9ffc9b6f619f3d00162b1c2 -> ba2be21a7486d37b1011342977a2e49d
  custom:scripting/monoscript/fileName/Benchmark01.cs: 1fef48c763f4be76a973f061699dd041 -> 2d3e2cd961730ab95f139a49a673bace
  custom:framework-win-MediaFoundation: 216162199b28c13a410421893ffa2e32 -> 
  custom:scripting/monoscript/fileName/DynamicJoystickEditor.cs: 022b5797234952c5d7bc35d1bd14e1f1 -> f92673ca2cd03c2f140cf81ccfee7ccb
  custom:scripting/monoscript/fileName/DynamicJoystick.cs: 0ab293606d3fa5fd65cbd65e1d06c400 -> fa6fdbd0de9beec4a70bc764c26bb796
  custom:scripting/monoscript/fileName/Benchmark02.cs: 92dcd0c0a469d0c0690d8ca0bfe95e6f -> 5640963252ce70910e726415f869ced6
  custom:scripting/monoscript/fileName/PlayerController.cs: 807d658ab5c9f400331841a7af990d8e -> c6d6334dbee39969b7eddb0b08d8203e
  custom:scripting/monoscript/fileName/DropdownSample.cs: b4fe7efb027fdd4854f643ad764daa8c -> 0a92251794e5f10400149f96c3c59e5d
  custom:scripting/monoscript/fileName/WarpTextExample.cs: c5431dac938081648a3a3ac553c1029b -> 2663459c266363641981c7d17b698d7f
  custom:CustomObjectIndexerAttribute: 9a22284fe3817be447336de3de66b15e -> 
  custom:container-demuxer-webm: 4f35f7cbe854078d1ac9338744f61a02 -> 
  custom:scripting/monoscript/fileName/ChatController.cs: ff21b89493e3dffcbe018a2cc5a10bae -> 876d5ccae6e345dd5d9450eb0a748f16
  custom:scripting/monoscript/fileName/TextMeshSpawner.cs: c0f20e5855e88374db1098a5acc68df4 -> 76f28e2ddb031571e6ec62b018f65fa8
  custom:scripting/monoscript/fileName/TeleType.cs: c18e16db35615314900dbe198d0144e7 -> 31fa97821c4c70f157ec81d507aa6b62
  custom:scripting/monoscript/fileName/Benchmark04.cs: 86dfb70824307c4cf164687df2489226 -> 32220b148620e52aa81c13a114862bf4
  custom:scripting/monoscript/fileName/FloatingJoystick.cs: 5ad2d6fd170f0b909c85d006ae763629 -> 516035e2342d093d90fb2bd11ff41e68
  custom:container-muxer-webm: aa71ff27fc2769a1b78a27578f13a17b -> 
  custom:video-decoder-webm-vp8: 9c59270c3fd7afecdb556c50c9e8de78 -> 
  custom:scripting/monoscript/fileName/TMP_PhoneNumberValidator.cs: b4c1c54136dffeb4e2962027ebaa6b1f -> 7c3049f481e464c6a9a15dee56c3126f
  custom:SearchIndexIgnoredProperties: e643bd26f0fe6173181afceb89e7c659 -> 
  custom:scripting/monoscript/fileName/Gan.cs: 10b52e4432610f56cea187ac60513ec2 -> 
  custom:AudioImporter_EditorPlatform: d09bf68614088b80899f8185d706f6e7 -> 
  custom:scripting/monoscript/fileName/EnvMapAnimator.cs: 08e040d459cd881082c0dd5daba5f85c -> 1b4f61c17e4b7283c3ac351aacff9d26
  custom:scripting/monoscript/fileName/ShaderPropAnimator.cs: 88b70bc5bbc15375387323f48f0661cf -> 55ce425812446482e623ff2695c94cb2
  custom:scripting/monoscript/fileName/SimpleScript.cs: dcd92cf7399b0d08e25e4a66ab57e91e -> 454caab0c6c050f29b39d82e1d66d0fa
  custom:scripting/monoscript/fileName/VariableJoystickEditor.cs: 75e1b4b36e9f7518c61272653e1a297a -> fee5e077b31909c4bba3d7329fdefd90
  custom:scripting/monoscript/fileName/ObjectSpin.cs: b34dd4d17018731600f920d50ca840f7 -> 2b96bb2079dd7fa5108d981627a28e1e
  custom:scripting/monoscript/fileName/CameraController.cs: 8d43c2def3a67efed518259a2232b470 -> 34b6be4e23ce86dc89786916c5983296
  custom:scripting/monoscript/fileName/TMP_TextInfoDebugTool.cs: 7aad42023b6f5112c90650ae13bd6dd8 -> 3f1709cfb2cc628169113a35b5e9be3f
  custom:scripting/monoscript/fileName/Walk.cs: b813fe3de227fa89db06a9337fee964a -> 
  custom:scripting/monoscript/fileName/TMP_TextSelector_A.cs: 088357b4acdc1e6288d897936d29c8d3 -> 347309a09d56e367b188a6978f75b424
  custom:video-encoder-webm-vp8: eb34c28f22e8b96e1ab97ce403110664 -> 
  custom:audio-decoder-ogg-vorbis: bf7c407c2cedff20999df2af8eb42d56 -> 
  custom:scripting/monoscript/fileName/VertexJitter.cs: 6330f950b41eff6e5970f129864ecd6c -> d27eb5498e48714a66aece98da065133
  custom:scripting/monoscript/fileName/mune.cs: 854be57a593bde74a27cc6a4e94cf976 -> b21687ddb03d73bd9f0c1daecb9714de
  custom:scripting/monoscript/fileName/TextConsoleSimulator.cs: f2c8898b26c0cf2b0a1c7d12d99e6769 -> 33fc311abb20b5b0ed8f00e4d86b574e
  custom:scripting/monoscript/fileName/VertexColorCycler.cs: 135fb0ebdaf256193ccc08218c426c64 -> 5f984ca91cf3609293aecc6bc5641572
  custom:scripting/monoscript/fileName/TMP_FrameRateCounter.cs: 8afeb6f0251e063dcfff2bd827f92c62 -> 46f655df8cb483ac5958307137b1585a
  custom:scripting/monoscript/fileName/FloatingJoystickEditor.cs: 77573a9156cb44c5d5d617fe80c220c5 -> 20a94efd412f2009d4e6722fe16a3051
  custom:scripting/monoscript/fileName/VertexShakeB.cs: 587e5b2aecc39120c2c9ff69742ce897 -> a6f78c4fcda1a29a1a1c1baefedba9e7
  custom:scripting/monoscript/fileName/VariableJoystick.cs: 39f03dc32328afe11ebf2977b1593dda -> 6a21e483212ef280c767be5522709419
  custom:scripting/monoscript/fileName/TMP_UiFrameRateCounter.cs: 8fa3bcf761bb5076fd90d0361518d59c -> b01021aea19247f14a98ab338907956a
  custom:scripting/monoscript/fileName/FixedJoystick.cs: 475c6e1ca66c78aed6c49f6039c5734b -> ceaced0056a716bd82a85e0f3d488361
  custom:scripting/monoscript/fileName/Joystick.cs: efd34e62618f1aa62f745acbb935ce75 -> c13c665079b3ba178e3a8ef05c62070b
  custom:scripting/monoscript/fileName/TMPro_InstructionOverlay.cs: 194f3617683541355a9c6c8193e87b1c -> b626d2270e6ebd5c4311585c18b58d8d
  custom:scripting/monoscript/fileName/anim1.cs: 05e913852816f4c6fcc126bf7ffb4ba9 -> 10b52e4432610f56cea187ac60513ec2
  custom:scripting/monoscript/fileName/TMP_DigitValidator.cs: 4e5cde653ae28b90ab257e866c94dfce -> ac02af96215ae3951a3cce9e1a8c6085
  custom:audio-encoder-webm-vorbis: bf7c407c2cedff20999df2af8eb42d56 -> 
  custom:scripting/precompiled-assembly-types:Assembly-CSharp-Editor: e324ca911fd2e13b09c6e0773d0a7dd5 -> f7c7739fc303cafe5879da7512dd0656
  custom:scripting/monoscript/fileName/Benchmark01_UGUI.cs: 52a24b07fcdd062ef495404efdb65870 -> 6148cfe2627b7708298f301788144139
  custom:scripting/monoscript/fileName/Rotation.cs: 4761afa5daf9234473e31a02ede334c2 -> 1be1d08457a69d09528d40d7c8df2473
  custom:scripting/monoscript/fileName/Jump.cs: 5b090d859ab09be631dc3b0f203f9571 -> d93a52a180fbbe603a59e9aa6da73c83
  custom:scripting/precompiled-assembly-types:Assembly-CSharp: 8d7866d22f7b845d7ef75d4eb782f659 -> 3c8e6843d631723f8999220926f3c146
  custom:scripting/monoscript/fileName/Tigger.cs: ca771e08fd5c5c2e7d1ac379e6d4b2ec -> 387f4c79276ee1729c01db13ee9675a3
  custom:scripting/monoscript/fileName/Benchmark03.cs: 520976d641c2b7cf395e30b045f5a45d -> 17cc87e0529ac71d909a946afb47a274
========================================================================
Received Prepare
Caller must complete domain reload
Begin MonoManager ReloadAssembly
- Loaded All Assemblies, in  1.182 seconds
Native extension for WindowsStandalone target not found
Native extension for Android target not found
Native extension for WebGL target not found
Mono: successfully reloaded assembly
- Finished resetting the current domain, in  2.875 seconds
Domain Reload Profiling: 4035ms
	BeginReloadAssembly (327ms)
		ExecutionOrderSort (0ms)
		DisableScriptedObjects (10ms)
		BackupInstance (0ms)
		ReleaseScriptingObjects (0ms)
		CreateAndSetChildDomain (39ms)
	RebuildCommonClasses (74ms)
	RebuildNativeTypeToScriptingClass (16ms)
	initialDomainReloadingComplete (83ms)
	LoadAllAssembliesAndSetupDomain (659ms)
		LoadAssemblies (851ms)
		RebuildTransferFunctionScriptingTraits (0ms)
		AnalyzeDomain (22ms)
			TypeCache.Refresh (9ms)
				TypeCache.ScanAssembly (0ms)
			ScanForSourceGeneratedMonoScriptInfo (0ms)
			ResolveRequiredComponents (10ms)
	FinalizeReload (2875ms)
		ReleaseScriptCaches (0ms)
		RebuildScriptCaches (0ms)
		SetupLoadedEditorAssemblies (1126ms)
			LogAssemblyErrors (0ms)
			InitializePlatformSupportModulesInManaged (54ms)
			SetLoadedEditorAssemblies (7ms)
			RefreshPlugins (0ms)
			BeforeProcessingInitializeOnLoad (179ms)
			ProcessInitializeOnLoadAttributes (799ms)
			ProcessInitializeOnLoadMethodAttributes (34ms)
			AfterProcessingInitializeOnLoad (52ms)
			EditorAssembliesLoaded (0ms)
		ExecutionOrderSort2 (0ms)
		AwakeInstancesAfterBackupRestoration (11ms)
Refreshing native plugins compatible for Editor in 21.62 ms, found 3 plugins.
Preloading 0 native plugins for Editor in 0.00 ms.
Unloading 3535 Unused Serialized files (Serialized files now loaded: 0)
Unloading 14 unused Assets / (75.8 KB). Loaded Objects now: 4165.
Memory consumption went from 140.0 MB to 139.9 MB.
Total: 7.869400 ms (FindLiveObjects: 0.668900 ms CreateObjectMapping: 0.248700 ms MarkObjects: 6.748400 ms  DeleteObjects: 0.201400 ms)

Prepare: number of updated asset objects reloaded= 0
AssetImportParameters requested are different than current active one (requested -> active):
  custom:scripting/monoscript/fileName/JoystickEditor.cs: 31d892737481409a0ec21b3641383a31 -> 406670d2fe263f5d7c582f8389f2b844
  custom:scripting/monoscript/fileName/Main.cs: bcc0f9052176b2186a7114234ef44a73 -> c093076ba5753d7bec74a8a751ffb653
  custom:scripting/monoscript/fileName/SkewTextExample.cs: f96859e31fd6dde308d9dc2a2488dcff -> c142d02d70a129e0533975f7c2f96956
  custom:container-demuxer-ogg: 62fdf1f143b41e24485cea50d1cbac27 -> 
  custom:scripting/monoscript/fileName/JoystickPlayerExample.cs: b49ed73c06895c00887fd43b2fe13656 -> 2ec96b3abad264f4393a91b76b487cb7
  custom:scripting/monoscript/fileName/TMP_TextEventHandler.cs: d0f86a17d6fd3e9995db934eaaf34f18 -> f5cd9d5a43bfefc8f4fec80e6de896a4
  custom:scripting/monoscript/fileName/TextMeshProFloatingText.cs: 5a37842f75734e7729f89af9a8145a1a -> 92608fa4a6315cd0786d82205e77b697
  custom:scripting/monoscript/fileName/JoystickSetterExample.cs: 959f5a79520f07bdb5268f1ee0033001 -> 9ef810522df7cdd512f52a98ae7a04f9
  custom:scripting/monoscript/fileName/VertexZoom.cs: 2da4737d79388c0362c64482e9ee50d2 -> 650ab1e81d40126e3edcf737cce646e4
  custom:scripting/monoscript/fileName/VertexShakeA.cs: 16900906a98712c9660b9823af1f2500 -> 63ec564c588058369499638dd899e05b
  custom:scripting/monoscript/fileName/TMP_ExampleScript_01.cs: 59997facf165601d8c6263ace2a973a5 -> a9d4be556104ff54e7d240529b3e01dc
  custom:video-decoder-ogg-theora: a1e56fd34408186e4bbccfd4996cb3dc -> 
  custom:scripting/monoscript/fileName/TMP_TextEventCheck.cs: 7ee93fce990cec7a5b67b504d0259dce -> 13505d917eab5868c435e0c2986dadfa
  custom:scripting/monoscript/fileName/TMP_TextSelector_B.cs: c0db108de9ffc9b6f619f3d00162b1c2 -> ba2be21a7486d37b1011342977a2e49d
  custom:scripting/monoscript/fileName/Benchmark01.cs: 1fef48c763f4be76a973f061699dd041 -> 2d3e2cd961730ab95f139a49a673bace
  custom:framework-win-MediaFoundation: 216162199b28c13a410421893ffa2e32 -> 
  custom:scripting/monoscript/fileName/DynamicJoystickEditor.cs: 022b5797234952c5d7bc35d1bd14e1f1 -> f92673ca2cd03c2f140cf81ccfee7ccb
  custom:scripting/monoscript/fileName/DynamicJoystick.cs: 0ab293606d3fa5fd65cbd65e1d06c400 -> fa6fdbd0de9beec4a70bc764c26bb796
  custom:scripting/monoscript/fileName/Benchmark02.cs: 92dcd0c0a469d0c0690d8ca0bfe95e6f -> 5640963252ce70910e726415f869ced6
  custom:scripting/monoscript/fileName/PlayerController.cs: 807d658ab5c9f400331841a7af990d8e -> c6d6334dbee39969b7eddb0b08d8203e
  custom:scripting/monoscript/fileName/DropdownSample.cs: b4fe7efb027fdd4854f643ad764daa8c -> 0a92251794e5f10400149f96c3c59e5d
  custom:scripting/monoscript/fileName/WarpTextExample.cs: c5431dac938081648a3a3ac553c1029b -> 2663459c266363641981c7d17b698d7f
  custom:CustomObjectIndexerAttribute: 9a22284fe3817be447336de3de66b15e -> 
  custom:container-demuxer-webm: 4f35f7cbe854078d1ac9338744f61a02 -> 
  custom:scripting/monoscript/fileName/ChatController.cs: ff21b89493e3dffcbe018a2cc5a10bae -> 876d5ccae6e345dd5d9450eb0a748f16
  custom:scripting/monoscript/fileName/TextMeshSpawner.cs: c0f20e5855e88374db1098a5acc68df4 -> 76f28e2ddb031571e6ec62b018f65fa8
  custom:scripting/monoscript/fileName/TeleType.cs: c18e16db35615314900dbe198d0144e7 -> 31fa97821c4c70f157ec81d507aa6b62
  custom:scripting/monoscript/fileName/Benchmark04.cs: 86dfb70824307c4cf164687df2489226 -> 32220b148620e52aa81c13a114862bf4
  custom:scripting/monoscript/fileName/FloatingJoystick.cs: 5ad2d6fd170f0b909c85d006ae763629 -> 516035e2342d093d90fb2bd11ff41e68
  custom:container-muxer-webm: aa71ff27fc2769a1b78a27578f13a17b -> 
  custom:video-decoder-webm-vp8: 9c59270c3fd7afecdb556c50c9e8de78 -> 
  custom:scripting/monoscript/fileName/TMP_PhoneNumberValidator.cs: b4c1c54136dffeb4e2962027ebaa6b1f -> 7c3049f481e464c6a9a15dee56c3126f
  custom:SearchIndexIgnoredProperties: e643bd26f0fe6173181afceb89e7c659 -> 
  custom:scripting/monoscript/fileName/Gan.cs: 10b52e4432610f56cea187ac60513ec2 -> 
  custom:AudioImporter_EditorPlatform: d09bf68614088b80899f8185d706f6e7 -> 
  custom:scripting/monoscript/fileName/EnvMapAnimator.cs: 08e040d459cd881082c0dd5daba5f85c -> 1b4f61c17e4b7283c3ac351aacff9d26
  custom:scripting/monoscript/fileName/ShaderPropAnimator.cs: 88b70bc5bbc15375387323f48f0661cf -> 55ce425812446482e623ff2695c94cb2
  custom:scripting/monoscript/fileName/SimpleScript.cs: dcd92cf7399b0d08e25e4a66ab57e91e -> 454caab0c6c050f29b39d82e1d66d0fa
  custom:scripting/monoscript/fileName/VariableJoystickEditor.cs: 75e1b4b36e9f7518c61272653e1a297a -> fee5e077b31909c4bba3d7329fdefd90
  custom:scripting/monoscript/fileName/ObjectSpin.cs: b34dd4d17018731600f920d50ca840f7 -> 2b96bb2079dd7fa5108d981627a28e1e
  custom:scripting/monoscript/fileName/CameraController.cs: 8d43c2def3a67efed518259a2232b470 -> 34b6be4e23ce86dc89786916c5983296
  custom:scripting/monoscript/fileName/TMP_TextInfoDebugTool.cs: 7aad42023b6f5112c90650ae13bd6dd8 -> 3f1709cfb2cc628169113a35b5e9be3f
  custom:scripting/monoscript/fileName/Walk.cs: b813fe3de227fa89db06a9337fee964a -> 
  custom:scripting/monoscript/fileName/TMP_TextSelector_A.cs: 088357b4acdc1e6288d897936d29c8d3 -> 347309a09d56e367b188a6978f75b424
  custom:video-encoder-webm-vp8: eb34c28f22e8b96e1ab97ce403110664 -> 
  custom:audio-decoder-ogg-vorbis: bf7c407c2cedff20999df2af8eb42d56 -> 
  custom:scripting/monoscript/fileName/VertexJitter.cs: 6330f950b41eff6e5970f129864ecd6c -> d27eb5498e48714a66aece98da065133
  custom:scripting/monoscript/fileName/mune.cs: 854be57a593bde74a27cc6a4e94cf976 -> b21687ddb03d73bd9f0c1daecb9714de
  custom:scripting/monoscript/fileName/TextConsoleSimulator.cs: f2c8898b26c0cf2b0a1c7d12d99e6769 -> 33fc311abb20b5b0ed8f00e4d86b574e
  custom:scripting/monoscript/fileName/VertexColorCycler.cs: 135fb0ebdaf256193ccc08218c426c64 -> 5f984ca91cf3609293aecc6bc5641572
  custom:scripting/monoscript/fileName/TMP_FrameRateCounter.cs: 8afeb6f0251e063dcfff2bd827f92c62 -> 46f655df8cb483ac5958307137b1585a
  custom:scripting/monoscript/fileName/FloatingJoystickEditor.cs: 77573a9156cb44c5d5d617fe80c220c5 -> 20a94efd412f2009d4e6722fe16a3051
  custom:scripting/monoscript/fileName/VertexShakeB.cs: 587e5b2aecc39120c2c9ff69742ce897 -> a6f78c4fcda1a29a1a1c1baefedba9e7
  custom:scripting/monoscript/fileName/VariableJoystick.cs: 39f03dc32328afe11ebf2977b1593dda -> 6a21e483212ef280c767be5522709419
  custom:scripting/monoscript/fileName/TMP_UiFrameRateCounter.cs: 8fa3bcf761bb5076fd90d0361518d59c -> b01021aea19247f14a98ab338907956a
  custom:scripting/monoscript/fileName/FixedJoystick.cs: 475c6e1ca66c78aed6c49f6039c5734b -> ceaced0056a716bd82a85e0f3d488361
  custom:scripting/monoscript/fileName/Joystick.cs: efd34e62618f1aa62f745acbb935ce75 -> c13c665079b3ba178e3a8ef05c62070b
  custom:scripting/monoscript/fileName/TMPro_InstructionOverlay.cs: 194f3617683541355a9c6c8193e87b1c -> b626d2270e6ebd5c4311585c18b58d8d
  custom:scripting/monoscript/fileName/anim1.cs: 05e913852816f4c6fcc126bf7ffb4ba9 -> 10b52e4432610f56cea187ac60513ec2
  custom:scripting/monoscript/fileName/TMP_DigitValidator.cs: 4e5cde653ae28b90ab257e866c94dfce -> ac02af96215ae3951a3cce9e1a8c6085
  custom:audio-encoder-webm-vorbis: bf7c407c2cedff20999df2af8eb42d56 -> 
  custom:scripting/precompiled-assembly-types:Assembly-CSharp-Editor: e324ca911fd2e13b09c6e0773d0a7dd5 -> f7c7739fc303cafe5879da7512dd0656
  custom:scripting/monoscript/fileName/Benchmark01_UGUI.cs: 52a24b07fcdd062ef495404efdb65870 -> 6148cfe2627b7708298f301788144139
  custom:scripting/monoscript/fileName/Rotation.cs: 4761afa5daf9234473e31a02ede334c2 -> 1be1d08457a69d09528d40d7c8df2473
  custom:scripting/monoscript/fileName/Jump.cs: 5b090d859ab09be631dc3b0f203f9571 -> d93a52a180fbbe603a59e9aa6da73c83
  custom:scripting/precompiled-assembly-types:Assembly-CSharp: 8d7866d22f7b845d7ef75d4eb782f659 -> 3c8e6843d631723f8999220926f3c146
  custom:scripting/monoscript/fileName/Tigger.cs: ca771e08fd5c5c2e7d1ac379e6d4b2ec -> 387f4c79276ee1729c01db13ee9675a3
  custom:scripting/monoscript/fileName/Benchmark03.cs: 520976d641c2b7cf395e30b045f5a45d -> 17cc87e0529ac71d909a946afb47a274
========================================================================
Received Prepare
Caller must complete domain reload
Begin MonoManager ReloadAssembly
- Loaded All Assemblies, in  1.192 seconds
Native extension for WindowsStandalone target not found
Native extension for Android target not found
Native extension for WebGL target not found
Mono: successfully reloaded assembly
- Finished resetting the current domain, in  2.958 seconds
Domain Reload Profiling: 4128ms
	BeginReloadAssembly (324ms)
		ExecutionOrderSort (0ms)
		DisableScriptedObjects (8ms)
		BackupInstance (0ms)
		ReleaseScriptingObjects (0ms)
		CreateAndSetChildDomain (43ms)
	RebuildCommonClasses (56ms)
	RebuildNativeTypeToScriptingClass (18ms)
	initialDomainReloadingComplete (96ms)
	LoadAllAssembliesAndSetupDomain (676ms)
		LoadAssemblies (857ms)
		RebuildTransferFunctionScriptingTraits (0ms)
		AnalyzeDomain (27ms)
			TypeCache.Refresh (10ms)
				TypeCache.ScanAssembly (0ms)
			ScanForSourceGeneratedMonoScriptInfo (0ms)
			ResolveRequiredComponents (14ms)
	FinalizeReload (2959ms)
		ReleaseScriptCaches (0ms)
		RebuildScriptCaches (0ms)
		SetupLoadedEditorAssemblies (1168ms)
			LogAssemblyErrors (0ms)
			InitializePlatformSupportModulesInManaged (60ms)
			SetLoadedEditorAssemblies (7ms)
			RefreshPlugins (0ms)
			BeforeProcessingInitializeOnLoad (187ms)
			ProcessInitializeOnLoadAttributes (821ms)
			ProcessInitializeOnLoadMethodAttributes (36ms)
			AfterProcessingInitializeOnLoad (56ms)
			EditorAssembliesLoaded (0ms)
		ExecutionOrderSort2 (0ms)
		AwakeInstancesAfterBackupRestoration (11ms)
Refreshing native plugins compatible for Editor in 21.95 ms, found 3 plugins.
Preloading 0 native plugins for Editor in 0.00 ms.
Unloading 3535 Unused Serialized files (Serialized files now loaded: 0)
Unloading 14 unused Assets / (91.8 KB). Loaded Objects now: 4168.
Memory consumption went from 140.0 MB to 140.0 MB.
Total: 7.922900 ms (FindLiveObjects: 0.703900 ms CreateObjectMapping: 0.300900 ms MarkObjects: 6.740900 ms  DeleteObjects: 0.175700 ms)

Prepare: number of updated asset objects reloaded= 0
AssetImportParameters requested are different than current active one (requested -> active):
  custom:scripting/monoscript/fileName/JoystickEditor.cs: 31d892737481409a0ec21b3641383a31 -> 406670d2fe263f5d7c582f8389f2b844
  custom:scripting/monoscript/fileName/Main.cs: bcc0f9052176b2186a7114234ef44a73 -> c093076ba5753d7bec74a8a751ffb653
  custom:scripting/monoscript/fileName/SkewTextExample.cs: f96859e31fd6dde308d9dc2a2488dcff -> c142d02d70a129e0533975f7c2f96956
  custom:container-demuxer-ogg: 62fdf1f143b41e24485cea50d1cbac27 -> 
  custom:scripting/monoscript/fileName/JoystickPlayerExample.cs: b49ed73c06895c00887fd43b2fe13656 -> 2ec96b3abad264f4393a91b76b487cb7
  custom:scripting/monoscript/fileName/TMP_TextEventHandler.cs: d0f86a17d6fd3e9995db934eaaf34f18 -> f5cd9d5a43bfefc8f4fec80e6de896a4
  custom:scripting/monoscript/fileName/TextMeshProFloatingText.cs: 5a37842f75734e7729f89af9a8145a1a -> 92608fa4a6315cd0786d82205e77b697
  custom:scripting/monoscript/fileName/JoystickSetterExample.cs: 959f5a79520f07bdb5268f1ee0033001 -> 9ef810522df7cdd512f52a98ae7a04f9
  custom:scripting/monoscript/fileName/VertexZoom.cs: 2da4737d79388c0362c64482e9ee50d2 -> 650ab1e81d40126e3edcf737cce646e4
  custom:scripting/monoscript/fileName/VertexShakeA.cs: 16900906a98712c9660b9823af1f2500 -> 63ec564c588058369499638dd899e05b
  custom:scripting/monoscript/fileName/TMP_ExampleScript_01.cs: 59997facf165601d8c6263ace2a973a5 -> a9d4be556104ff54e7d240529b3e01dc
  custom:video-decoder-ogg-theora: a1e56fd34408186e4bbccfd4996cb3dc -> 
  custom:scripting/monoscript/fileName/TMP_TextEventCheck.cs: 7ee93fce990cec7a5b67b504d0259dce -> 13505d917eab5868c435e0c2986dadfa
  custom:scripting/monoscript/fileName/TMP_TextSelector_B.cs: c0db108de9ffc9b6f619f3d00162b1c2 -> ba2be21a7486d37b1011342977a2e49d
  custom:scripting/monoscript/fileName/Benchmark01.cs: 1fef48c763f4be76a973f061699dd041 -> 2d3e2cd961730ab95f139a49a673bace
  custom:framework-win-MediaFoundation: 216162199b28c13a410421893ffa2e32 -> 
  custom:scripting/monoscript/fileName/DynamicJoystickEditor.cs: 022b5797234952c5d7bc35d1bd14e1f1 -> f92673ca2cd03c2f140cf81ccfee7ccb
  custom:scripting/monoscript/fileName/DynamicJoystick.cs: 0ab293606d3fa5fd65cbd65e1d06c400 -> fa6fdbd0de9beec4a70bc764c26bb796
  custom:scripting/monoscript/fileName/Benchmark02.cs: 92dcd0c0a469d0c0690d8ca0bfe95e6f -> 5640963252ce70910e726415f869ced6
  custom:scripting/monoscript/fileName/PlayerController.cs: 807d658ab5c9f400331841a7af990d8e -> c6d6334dbee39969b7eddb0b08d8203e
  custom:scripting/monoscript/fileName/DropdownSample.cs: b4fe7efb027fdd4854f643ad764daa8c -> 0a92251794e5f10400149f96c3c59e5d
  custom:scripting/monoscript/fileName/WarpTextExample.cs: c5431dac938081648a3a3ac553c1029b -> 2663459c266363641981c7d17b698d7f
  custom:CustomObjectIndexerAttribute: 9a22284fe3817be447336de3de66b15e -> 
  custom:container-demuxer-webm: 4f35f7cbe854078d1ac9338744f61a02 -> 
  custom:scripting/monoscript/fileName/ChatController.cs: ff21b89493e3dffcbe018a2cc5a10bae -> 876d5ccae6e345dd5d9450eb0a748f16
  custom:scripting/monoscript/fileName/TextMeshSpawner.cs: c0f20e5855e88374db1098a5acc68df4 -> 76f28e2ddb031571e6ec62b018f65fa8
  custom:scripting/monoscript/fileName/TeleType.cs: c18e16db35615314900dbe198d0144e7 -> 31fa97821c4c70f157ec81d507aa6b62
  custom:scripting/monoscript/fileName/Benchmark04.cs: 86dfb70824307c4cf164687df2489226 -> 32220b148620e52aa81c13a114862bf4
  custom:scripting/monoscript/fileName/FloatingJoystick.cs: 5ad2d6fd170f0b909c85d006ae763629 -> 516035e2342d093d90fb2bd11ff41e68
  custom:container-muxer-webm: aa71ff27fc2769a1b78a27578f13a17b -> 
  custom:video-decoder-webm-vp8: 9c59270c3fd7afecdb556c50c9e8de78 -> 
  custom:scripting/monoscript/fileName/TMP_PhoneNumberValidator.cs: b4c1c54136dffeb4e2962027ebaa6b1f -> 7c3049f481e464c6a9a15dee56c3126f
  custom:SearchIndexIgnoredProperties: e643bd26f0fe6173181afceb89e7c659 -> 
  custom:scripting/monoscript/fileName/Gan.cs: 10b52e4432610f56cea187ac60513ec2 -> 
  custom:AudioImporter_EditorPlatform: d09bf68614088b80899f8185d706f6e7 -> 
  custom:scripting/monoscript/fileName/EnvMapAnimator.cs: 08e040d459cd881082c0dd5daba5f85c -> 1b4f61c17e4b7283c3ac351aacff9d26
  custom:scripting/monoscript/fileName/ShaderPropAnimator.cs: 88b70bc5bbc15375387323f48f0661cf -> 55ce425812446482e623ff2695c94cb2
  custom:scripting/monoscript/fileName/SimpleScript.cs: dcd92cf7399b0d08e25e4a66ab57e91e -> 454caab0c6c050f29b39d82e1d66d0fa
  custom:scripting/monoscript/fileName/VariableJoystickEditor.cs: 75e1b4b36e9f7518c61272653e1a297a -> fee5e077b31909c4bba3d7329fdefd90
  custom:scripting/monoscript/fileName/ObjectSpin.cs: b34dd4d17018731600f920d50ca840f7 -> 2b96bb2079dd7fa5108d981627a28e1e
  custom:scripting/monoscript/fileName/CameraController.cs: 8d43c2def3a67efed518259a2232b470 -> 34b6be4e23ce86dc89786916c5983296
  custom:scripting/monoscript/fileName/TMP_TextInfoDebugTool.cs: 7aad42023b6f5112c90650ae13bd6dd8 -> 3f1709cfb2cc628169113a35b5e9be3f
  custom:scripting/monoscript/fileName/Walk.cs: b813fe3de227fa89db06a9337fee964a -> 
  custom:scripting/monoscript/fileName/TMP_TextSelector_A.cs: 088357b4acdc1e6288d897936d29c8d3 -> 347309a09d56e367b188a6978f75b424
  custom:video-encoder-webm-vp8: eb34c28f22e8b96e1ab97ce403110664 -> 
  custom:audio-decoder-ogg-vorbis: bf7c407c2cedff20999df2af8eb42d56 -> 
  custom:scripting/monoscript/fileName/VertexJitter.cs: 6330f950b41eff6e5970f129864ecd6c -> d27eb5498e48714a66aece98da065133
  custom:scripting/monoscript/fileName/mune.cs: 854be57a593bde74a27cc6a4e94cf976 -> b21687ddb03d73bd9f0c1daecb9714de
  custom:scripting/monoscript/fileName/TextConsoleSimulator.cs: f2c8898b26c0cf2b0a1c7d12d99e6769 -> 33fc311abb20b5b0ed8f00e4d86b574e
  custom:scripting/monoscript/fileName/VertexColorCycler.cs: 135fb0ebdaf256193ccc08218c426c64 -> 5f984ca91cf3609293aecc6bc5641572
  custom:scripting/monoscript/fileName/TMP_FrameRateCounter.cs: 8afeb6f0251e063dcfff2bd827f92c62 -> 46f655df8cb483ac5958307137b1585a
  custom:scripting/monoscript/fileName/FloatingJoystickEditor.cs: 77573a9156cb44c5d5d617fe80c220c5 -> 20a94efd412f2009d4e6722fe16a3051
  custom:scripting/monoscript/fileName/VertexShakeB.cs: 587e5b2aecc39120c2c9ff69742ce897 -> a6f78c4fcda1a29a1a1c1baefedba9e7
  custom:scripting/monoscript/fileName/VariableJoystick.cs: 39f03dc32328afe11ebf2977b1593dda -> 6a21e483212ef280c767be5522709419
  custom:scripting/monoscript/fileName/TMP_UiFrameRateCounter.cs: 8fa3bcf761bb5076fd90d0361518d59c -> b01021aea19247f14a98ab338907956a
  custom:scripting/monoscript/fileName/FixedJoystick.cs: 475c6e1ca66c78aed6c49f6039c5734b -> ceaced0056a716bd82a85e0f3d488361
  custom:scripting/monoscript/fileName/Joystick.cs: efd34e62618f1aa62f745acbb935ce75 -> c13c665079b3ba178e3a8ef05c62070b
  custom:scripting/monoscript/fileName/TMPro_InstructionOverlay.cs: 194f3617683541355a9c6c8193e87b1c -> b626d2270e6ebd5c4311585c18b58d8d
  custom:scripting/monoscript/fileName/anim1.cs: 05e913852816f4c6fcc126bf7ffb4ba9 -> 10b52e4432610f56cea187ac60513ec2
  custom:scripting/monoscript/fileName/TMP_DigitValidator.cs: 4e5cde653ae28b90ab257e866c94dfce -> ac02af96215ae3951a3cce9e1a8c6085
  custom:audio-encoder-webm-vorbis: bf7c407c2cedff20999df2af8eb42d56 -> 
  custom:scripting/precompiled-assembly-types:Assembly-CSharp-Editor: e324ca911fd2e13b09c6e0773d0a7dd5 -> f7c7739fc303cafe5879da7512dd0656
  custom:scripting/monoscript/fileName/Benchmark01_UGUI.cs: 52a24b07fcdd062ef495404efdb65870 -> 6148cfe2627b7708298f301788144139
  custom:scripting/monoscript/fileName/Rotation.cs: 4761afa5daf9234473e31a02ede334c2 -> 1be1d08457a69d09528d40d7c8df2473
  custom:scripting/monoscript/fileName/Jump.cs: 5b090d859ab09be631dc3b0f203f9571 -> d93a52a180fbbe603a59e9aa6da73c83
  custom:scripting/precompiled-assembly-types:Assembly-CSharp: 8d7866d22f7b845d7ef75d4eb782f659 -> 3c8e6843d631723f8999220926f3c146
  custom:scripting/monoscript/fileName/Tigger.cs: ca771e08fd5c5c2e7d1ac379e6d4b2ec -> 387f4c79276ee1729c01db13ee9675a3
  custom:scripting/monoscript/fileName/Benchmark03.cs: 520976d641c2b7cf395e30b045f5a45d -> 17cc87e0529ac71d909a946afb47a274
========================================================================
Received Prepare
Caller must complete domain reload
Begin MonoManager ReloadAssembly
- Loaded All Assemblies, in  1.276 seconds
Native extension for WindowsStandalone target not found
Native extension for Android target not found
Native extension for WebGL target not found
Mono: successfully reloaded assembly
- Finished resetting the current domain, in  2.971 seconds
Domain Reload Profiling: 4224ms
	BeginReloadAssembly (380ms)
		ExecutionOrderSort (0ms)
		DisableScriptedObjects (11ms)
		BackupInstance (0ms)
		ReleaseScriptingObjects (0ms)
		CreateAndSetChildDomain (39ms)
	RebuildCommonClasses (75ms)
	RebuildNativeTypeToScriptingClass (23ms)
	initialDomainReloadingComplete (102ms)
	LoadAllAssembliesAndSetupDomain (673ms)
		LoadAssemblies (893ms)
		RebuildTransferFunctionScriptingTraits (0ms)
		AnalyzeDomain (23ms)
			TypeCache.Refresh (9ms)
				TypeCache.ScanAssembly (0ms)
			ScanForSourceGeneratedMonoScriptInfo (0ms)
			ResolveRequiredComponents (11ms)
	FinalizeReload (2972ms)
		ReleaseScriptCaches (0ms)
		RebuildScriptCaches (0ms)
		SetupLoadedEditorAssemblies (1176ms)
			LogAssemblyErrors (0ms)
			InitializePlatformSupportModulesInManaged (61ms)
			SetLoadedEditorAssemblies (8ms)
			RefreshPlugins (0ms)
			BeforeProcessingInitializeOnLoad (188ms)
			ProcessInitializeOnLoadAttributes (827ms)
			ProcessInitializeOnLoadMethodAttributes (37ms)
			AfterProcessingInitializeOnLoad (54ms)
			EditorAssembliesLoaded (0ms)
		ExecutionOrderSort2 (0ms)
		AwakeInstancesAfterBackupRestoration (11ms)
Refreshing native plugins compatible for Editor in 22.50 ms, found 3 plugins.
Preloading 0 native plugins for Editor in 0.00 ms.
Unloading 3535 Unused Serialized files (Serialized files now loaded: 0)
Unloading 14 unused Assets / (92.0 KB). Loaded Objects now: 4171.
Memory consumption went from 140.0 MB to 140.0 MB.
Total: 7.264400 ms (FindLiveObjects: 0.597200 ms CreateObjectMapping: 0.193300 ms MarkObjects: 6.231800 ms  DeleteObjects: 0.239900 ms)

Prepare: number of updated asset objects reloaded= 0
AssetImportParameters requested are different than current active one (requested -> active):
  custom:scripting/monoscript/fileName/JoystickEditor.cs: 31d892737481409a0ec21b3641383a31 -> 406670d2fe263f5d7c582f8389f2b844
  custom:scripting/monoscript/fileName/Main.cs: bcc0f9052176b2186a7114234ef44a73 -> c093076ba5753d7bec74a8a751ffb653
  custom:scripting/monoscript/fileName/SkewTextExample.cs: f96859e31fd6dde308d9dc2a2488dcff -> c142d02d70a129e0533975f7c2f96956
  custom:container-demuxer-ogg: 62fdf1f143b41e24485cea50d1cbac27 -> 
  custom:scripting/monoscript/fileName/JoystickPlayerExample.cs: b49ed73c06895c00887fd43b2fe13656 -> 2ec96b3abad264f4393a91b76b487cb7
  custom:scripting/monoscript/fileName/TMP_TextEventHandler.cs: d0f86a17d6fd3e9995db934eaaf34f18 -> f5cd9d5a43bfefc8f4fec80e6de896a4
  custom:scripting/monoscript/fileName/TextMeshProFloatingText.cs: 5a37842f75734e7729f89af9a8145a1a -> 92608fa4a6315cd0786d82205e77b697
  custom:scripting/monoscript/fileName/JoystickSetterExample.cs: 959f5a79520f07bdb5268f1ee0033001 -> 9ef810522df7cdd512f52a98ae7a04f9
  custom:scripting/monoscript/fileName/VertexZoom.cs: 2da4737d79388c0362c64482e9ee50d2 -> 650ab1e81d40126e3edcf737cce646e4
  custom:scripting/monoscript/fileName/VertexShakeA.cs: 16900906a98712c9660b9823af1f2500 -> 63ec564c588058369499638dd899e05b
  custom:scripting/monoscript/fileName/TMP_ExampleScript_01.cs: 59997facf165601d8c6263ace2a973a5 -> a9d4be556104ff54e7d240529b3e01dc
  custom:video-decoder-ogg-theora: a1e56fd34408186e4bbccfd4996cb3dc -> 
  custom:scripting/monoscript/fileName/TMP_TextEventCheck.cs: 7ee93fce990cec7a5b67b504d0259dce -> 13505d917eab5868c435e0c2986dadfa
  custom:scripting/monoscript/fileName/TMP_TextSelector_B.cs: c0db108de9ffc9b6f619f3d00162b1c2 -> ba2be21a7486d37b1011342977a2e49d
  custom:scripting/monoscript/fileName/Benchmark01.cs: 1fef48c763f4be76a973f061699dd041 -> 2d3e2cd961730ab95f139a49a673bace
  custom:framework-win-MediaFoundation: 216162199b28c13a410421893ffa2e32 -> 
  custom:scripting/monoscript/fileName/DynamicJoystickEditor.cs: 022b5797234952c5d7bc35d1bd14e1f1 -> f92673ca2cd03c2f140cf81ccfee7ccb
  custom:scripting/monoscript/fileName/DynamicJoystick.cs: 0ab293606d3fa5fd65cbd65e1d06c400 -> fa6fdbd0de9beec4a70bc764c26bb796
  custom:scripting/monoscript/fileName/Benchmark02.cs: 92dcd0c0a469d0c0690d8ca0bfe95e6f -> 5640963252ce70910e726415f869ced6
  custom:scripting/monoscript/fileName/PlayerController.cs: 807d658ab5c9f400331841a7af990d8e -> c6d6334dbee39969b7eddb0b08d8203e
  custom:scripting/monoscript/fileName/DropdownSample.cs: b4fe7efb027fdd4854f643ad764daa8c -> 0a92251794e5f10400149f96c3c59e5d
  custom:scripting/monoscript/fileName/WarpTextExample.cs: c5431dac938081648a3a3ac553c1029b -> 2663459c266363641981c7d17b698d7f
  custom:CustomObjectIndexerAttribute: 9a22284fe3817be447336de3de66b15e -> 
  custom:container-demuxer-webm: 4f35f7cbe854078d1ac9338744f61a02 -> 
  custom:scripting/monoscript/fileName/ChatController.cs: ff21b89493e3dffcbe018a2cc5a10bae -> 876d5ccae6e345dd5d9450eb0a748f16
  custom:scripting/monoscript/fileName/TextMeshSpawner.cs: c0f20e5855e88374db1098a5acc68df4 -> 76f28e2ddb031571e6ec62b018f65fa8
  custom:scripting/monoscript/fileName/TeleType.cs: c18e16db35615314900dbe198d0144e7 -> 31fa97821c4c70f157ec81d507aa6b62
  custom:scripting/monoscript/fileName/Benchmark04.cs: 86dfb70824307c4cf164687df2489226 -> 32220b148620e52aa81c13a114862bf4
  custom:scripting/monoscript/fileName/FloatingJoystick.cs: 5ad2d6fd170f0b909c85d006ae763629 -> 516035e2342d093d90fb2bd11ff41e68
  custom:container-muxer-webm: aa71ff27fc2769a1b78a27578f13a17b -> 
  custom:video-decoder-webm-vp8: 9c59270c3fd7afecdb556c50c9e8de78 -> 
  custom:scripting/monoscript/fileName/TMP_PhoneNumberValidator.cs: b4c1c54136dffeb4e2962027ebaa6b1f -> 7c3049f481e464c6a9a15dee56c3126f
  custom:SearchIndexIgnoredProperties: e643bd26f0fe6173181afceb89e7c659 -> 
  custom:scripting/monoscript/fileName/Gan.cs: 10b52e4432610f56cea187ac60513ec2 -> 
  custom:AudioImporter_EditorPlatform: d09bf68614088b80899f8185d706f6e7 -> 
  custom:scripting/monoscript/fileName/EnvMapAnimator.cs: 08e040d459cd881082c0dd5daba5f85c -> 1b4f61c17e4b7283c3ac351aacff9d26
  custom:scripting/monoscript/fileName/ShaderPropAnimator.cs: 88b70bc5bbc15375387323f48f0661cf -> 55ce425812446482e623ff2695c94cb2
  custom:scripting/monoscript/fileName/SimpleScript.cs: dcd92cf7399b0d08e25e4a66ab57e91e -> 454caab0c6c050f29b39d82e1d66d0fa
  custom:scripting/monoscript/fileName/VariableJoystickEditor.cs: 75e1b4b36e9f7518c61272653e1a297a -> fee5e077b31909c4bba3d7329fdefd90
  custom:scripting/monoscript/fileName/ObjectSpin.cs: b34dd4d17018731600f920d50ca840f7 -> 2b96bb2079dd7fa5108d981627a28e1e
  custom:scripting/monoscript/fileName/CameraController.cs: 8d43c2def3a67efed518259a2232b470 -> 34b6be4e23ce86dc89786916c5983296
  custom:scripting/monoscript/fileName/TMP_TextInfoDebugTool.cs: 7aad42023b6f5112c90650ae13bd6dd8 -> 3f1709cfb2cc628169113a35b5e9be3f
  custom:scripting/monoscript/fileName/Walk.cs: b813fe3de227fa89db06a9337fee964a -> 
  custom:scripting/monoscript/fileName/TMP_TextSelector_A.cs: 088357b4acdc1e6288d897936d29c8d3 -> 347309a09d56e367b188a6978f75b424
  custom:video-encoder-webm-vp8: eb34c28f22e8b96e1ab97ce403110664 -> 
  custom:audio-decoder-ogg-vorbis: bf7c407c2cedff20999df2af8eb42d56 -> 
  custom:scripting/monoscript/fileName/VertexJitter.cs: 6330f950b41eff6e5970f129864ecd6c -> d27eb5498e48714a66aece98da065133
  custom:scripting/monoscript/fileName/mune.cs: 854be57a593bde74a27cc6a4e94cf976 -> b21687ddb03d73bd9f0c1daecb9714de
  custom:scripting/monoscript/fileName/TextConsoleSimulator.cs: f2c8898b26c0cf2b0a1c7d12d99e6769 -> 33fc311abb20b5b0ed8f00e4d86b574e
  custom:scripting/monoscript/fileName/VertexColorCycler.cs: 135fb0ebdaf256193ccc08218c426c64 -> 5f984ca91cf3609293aecc6bc5641572
  custom:scripting/monoscript/fileName/TMP_FrameRateCounter.cs: 8afeb6f0251e063dcfff2bd827f92c62 -> 46f655df8cb483ac5958307137b1585a
  custom:scripting/monoscript/fileName/FloatingJoystickEditor.cs: 77573a9156cb44c5d5d617fe80c220c5 -> 20a94efd412f2009d4e6722fe16a3051
  custom:scripting/monoscript/fileName/VertexShakeB.cs: 587e5b2aecc39120c2c9ff69742ce897 -> a6f78c4fcda1a29a1a1c1baefedba9e7
  custom:scripting/monoscript/fileName/VariableJoystick.cs: 39f03dc32328afe11ebf2977b1593dda -> 6a21e483212ef280c767be5522709419
  custom:scripting/monoscript/fileName/TMP_UiFrameRateCounter.cs: 8fa3bcf761bb5076fd90d0361518d59c -> b01021aea19247f14a98ab338907956a
  custom:scripting/monoscript/fileName/FixedJoystick.cs: 475c6e1ca66c78aed6c49f6039c5734b -> ceaced0056a716bd82a85e0f3d488361
  custom:scripting/monoscript/fileName/Joystick.cs: efd34e62618f1aa62f745acbb935ce75 -> c13c665079b3ba178e3a8ef05c62070b
  custom:scripting/monoscript/fileName/TMPro_InstructionOverlay.cs: 194f3617683541355a9c6c8193e87b1c -> b626d2270e6ebd5c4311585c18b58d8d
  custom:scripting/monoscript/fileName/anim1.cs: 05e913852816f4c6fcc126bf7ffb4ba9 -> 10b52e4432610f56cea187ac60513ec2
  custom:scripting/monoscript/fileName/TMP_DigitValidator.cs: 4e5cde653ae28b90ab257e866c94dfce -> ac02af96215ae3951a3cce9e1a8c6085
  custom:audio-encoder-webm-vorbis: bf7c407c2cedff20999df2af8eb42d56 -> 
  custom:scripting/precompiled-assembly-types:Assembly-CSharp-Editor: e324ca911fd2e13b09c6e0773d0a7dd5 -> f7c7739fc303cafe5879da7512dd0656
  custom:scripting/monoscript/fileName/Benchmark01_UGUI.cs: 52a24b07fcdd062ef495404efdb65870 -> 6148cfe2627b7708298f301788144139
  custom:scripting/monoscript/fileName/Rotation.cs: 4761afa5daf9234473e31a02ede334c2 -> 1be1d08457a69d09528d40d7c8df2473
  custom:scripting/monoscript/fileName/Jump.cs: 5b090d859ab09be631dc3b0f203f9571 -> d93a52a180fbbe603a59e9aa6da73c83
  custom:scripting/precompiled-assembly-types:Assembly-CSharp: 8d7866d22f7b845d7ef75d4eb782f659 -> 3c8e6843d631723f8999220926f3c146
  custom:scripting/monoscript/fileName/Tigger.cs: ca771e08fd5c5c2e7d1ac379e6d4b2ec -> 387f4c79276ee1729c01db13ee9675a3
  custom:scripting/monoscript/fileName/Benchmark03.cs: 520976d641c2b7cf395e30b045f5a45d -> 17cc87e0529ac71d909a946afb47a274
========================================================================
Received Import Request.
  Time since last request: 2631.797926 seconds.
  path: Assets/Gan O.anim
  artifactKey: Guid(84e134f6efe76eb4fae13b3f90df90a6) Importer(815301076,1909f56bfc062723c751e8b465ee728b)
Start importing Assets/Gan O.anim using Guid(84e134f6efe76eb4fae13b3f90df90a6) Importer(815301076,1909f56bfc062723c751e8b465ee728b) [PhysX] Initialized MultithreadedTaskDispatcher with 8 workers.
 -> (artifact id: '41da68f58b120ee2ef0fdec0ddcb9759') in 0.071772 seconds
Number of updated asset objects reloaded before import = 0
Number of asset objects unloaded after import = 1
========================================================================
Received Prepare
Caller must complete domain reload
Begin MonoManager ReloadAssembly
- Loaded All Assemblies, in  1.248 seconds
Native extension for WindowsStandalone target not found
Native extension for Android target not found
Native extension for WebGL target not found
Mono: successfully reloaded assembly
- Finished resetting the current domain, in  2.710 seconds
Domain Reload Profiling: 3935ms
	BeginReloadAssembly (356ms)
		ExecutionOrderSort (0ms)
		DisableScriptedObjects (8ms)
		BackupInstance (0ms)
		ReleaseScriptingObjects (0ms)
		CreateAndSetChildDomain (38ms)
	RebuildCommonClasses (58ms)
	RebuildNativeTypeToScriptingClass (22ms)
	initialDomainReloadingComplete (100ms)
	LoadAllAssembliesAndSetupDomain (687ms)
		LoadAssemblies (884ms)
		RebuildTransferFunctionScriptingTraits (0ms)
		AnalyzeDomain (25ms)
			TypeCache.Refresh (10ms)
				TypeCache.ScanAssembly (0ms)
			ScanForSourceGeneratedMonoScriptInfo (0ms)
			ResolveRequiredComponents (13ms)
	FinalizeReload (2711ms)
		ReleaseScriptCaches (0ms)
		RebuildScriptCaches (0ms)
		SetupLoadedEditorAssemblies (1072ms)
			LogAssemblyErrors (0ms)
			InitializePlatformSupportModulesInManaged (57ms)
			SetLoadedEditorAssemblies (6ms)
			RefreshPlugins (0ms)
			BeforeProcessingInitializeOnLoad (169ms)
			ProcessInitializeOnLoadAttributes (754ms)
			ProcessInitializeOnLoadMethodAttributes (33ms)
			AfterProcessingInitializeOnLoad (53ms)
			EditorAssembliesLoaded (0ms)
		ExecutionOrderSort2 (0ms)
		AwakeInstancesAfterBackupRestoration (12ms)
Refreshing native plugins compatible for Editor in 21.76 ms, found 3 plugins.
Preloading 0 native plugins for Editor in 0.00 ms.
Unloading 3535 Unused Serialized files (Serialized files now loaded: 0)
Unloading 14 unused Assets / (91.9 KB). Loaded Objects now: 4174.
Memory consumption went from 140.0 MB to 140.0 MB.
Total: 8.661800 ms (FindLiveObjects: 0.657500 ms CreateObjectMapping: 0.230400 ms MarkObjects: 7.570300 ms  DeleteObjects: 0.202200 ms)

Prepare: number of updated asset objects reloaded= 0
AssetImportParameters requested are different than current active one (requested -> active):
  custom:scripting/monoscript/fileName/JoystickEditor.cs: 31d892737481409a0ec21b3641383a31 -> 406670d2fe263f5d7c582f8389f2b844
  custom:scripting/monoscript/fileName/Main.cs: bcc0f9052176b2186a7114234ef44a73 -> c093076ba5753d7bec74a8a751ffb653
  custom:scripting/monoscript/fileName/SkewTextExample.cs: f96859e31fd6dde308d9dc2a2488dcff -> c142d02d70a129e0533975f7c2f96956
  custom:container-demuxer-ogg: 62fdf1f143b41e24485cea50d1cbac27 -> 
  custom:scripting/monoscript/fileName/JoystickPlayerExample.cs: b49ed73c06895c00887fd43b2fe13656 -> 2ec96b3abad264f4393a91b76b487cb7
  custom:scripting/monoscript/fileName/TMP_TextEventHandler.cs: d0f86a17d6fd3e9995db934eaaf34f18 -> f5cd9d5a43bfefc8f4fec80e6de896a4
  custom:scripting/monoscript/fileName/TextMeshProFloatingText.cs: 5a37842f75734e7729f89af9a8145a1a -> 92608fa4a6315cd0786d82205e77b697
  custom:scripting/monoscript/fileName/JoystickSetterExample.cs: 959f5a79520f07bdb5268f1ee0033001 -> 9ef810522df7cdd512f52a98ae7a04f9
  custom:scripting/monoscript/fileName/VertexZoom.cs: 2da4737d79388c0362c64482e9ee50d2 -> 650ab1e81d40126e3edcf737cce646e4
  custom:scripting/monoscript/fileName/VertexShakeA.cs: 16900906a98712c9660b9823af1f2500 -> 63ec564c588058369499638dd899e05b
  custom:scripting/monoscript/fileName/TMP_ExampleScript_01.cs: 59997facf165601d8c6263ace2a973a5 -> a9d4be556104ff54e7d240529b3e01dc
  custom:video-decoder-ogg-theora: a1e56fd34408186e4bbccfd4996cb3dc -> 
  custom:scripting/monoscript/fileName/TMP_TextEventCheck.cs: 7ee93fce990cec7a5b67b504d0259dce -> 13505d917eab5868c435e0c2986dadfa
  custom:scripting/monoscript/fileName/TMP_TextSelector_B.cs: c0db108de9ffc9b6f619f3d00162b1c2 -> ba2be21a7486d37b1011342977a2e49d
  custom:scripting/monoscript/fileName/Benchmark01.cs: 1fef48c763f4be76a973f061699dd041 -> 2d3e2cd961730ab95f139a49a673bace
  custom:framework-win-MediaFoundation: 216162199b28c13a410421893ffa2e32 -> 
  custom:scripting/monoscript/fileName/DynamicJoystickEditor.cs: 022b5797234952c5d7bc35d1bd14e1f1 -> f92673ca2cd03c2f140cf81ccfee7ccb
  custom:scripting/monoscript/fileName/DynamicJoystick.cs: 0ab293606d3fa5fd65cbd65e1d06c400 -> fa6fdbd0de9beec4a70bc764c26bb796
  custom:scripting/monoscript/fileName/Benchmark02.cs: 92dcd0c0a469d0c0690d8ca0bfe95e6f -> 5640963252ce70910e726415f869ced6
  custom:scripting/monoscript/fileName/PlayerController.cs: 807d658ab5c9f400331841a7af990d8e -> c6d6334dbee39969b7eddb0b08d8203e
  custom:scripting/monoscript/fileName/DropdownSample.cs: b4fe7efb027fdd4854f643ad764daa8c -> 0a92251794e5f10400149f96c3c59e5d
  custom:scripting/monoscript/fileName/WarpTextExample.cs: c5431dac938081648a3a3ac553c1029b -> 2663459c266363641981c7d17b698d7f
  custom:CustomObjectIndexerAttribute: 9a22284fe3817be447336de3de66b15e -> 
  custom:container-demuxer-webm: 4f35f7cbe854078d1ac9338744f61a02 -> 
  custom:scripting/monoscript/fileName/ChatController.cs: ff21b89493e3dffcbe018a2cc5a10bae -> 876d5ccae6e345dd5d9450eb0a748f16
  custom:scripting/monoscript/fileName/TextMeshSpawner.cs: c0f20e5855e88374db1098a5acc68df4 -> 76f28e2ddb031571e6ec62b018f65fa8
  custom:scripting/monoscript/fileName/TeleType.cs: c18e16db35615314900dbe198d0144e7 -> 31fa97821c4c70f157ec81d507aa6b62
  custom:scripting/monoscript/fileName/Benchmark04.cs: 86dfb70824307c4cf164687df2489226 -> 32220b148620e52aa81c13a114862bf4
  custom:scripting/monoscript/fileName/FloatingJoystick.cs: 5ad2d6fd170f0b909c85d006ae763629 -> 516035e2342d093d90fb2bd11ff41e68
  custom:container-muxer-webm: aa71ff27fc2769a1b78a27578f13a17b -> 
  custom:video-decoder-webm-vp8: 9c59270c3fd7afecdb556c50c9e8de78 -> 
  custom:scripting/monoscript/fileName/TMP_PhoneNumberValidator.cs: b4c1c54136dffeb4e2962027ebaa6b1f -> 7c3049f481e464c6a9a15dee56c3126f
  custom:SearchIndexIgnoredProperties: e643bd26f0fe6173181afceb89e7c659 -> 
  custom:scripting/monoscript/fileName/Gan.cs: 10b52e4432610f56cea187ac60513ec2 -> 
  custom:AudioImporter_EditorPlatform: d09bf68614088b80899f8185d706f6e7 -> 
  custom:scripting/monoscript/fileName/EnvMapAnimator.cs: 08e040d459cd881082c0dd5daba5f85c -> 1b4f61c17e4b7283c3ac351aacff9d26
  custom:scripting/monoscript/fileName/ShaderPropAnimator.cs: 88b70bc5bbc15375387323f48f0661cf -> 55ce425812446482e623ff2695c94cb2
  custom:scripting/monoscript/fileName/SimpleScript.cs: dcd92cf7399b0d08e25e4a66ab57e91e -> 454caab0c6c050f29b39d82e1d66d0fa
  custom:scripting/monoscript/fileName/VariableJoystickEditor.cs: 75e1b4b36e9f7518c61272653e1a297a -> fee5e077b31909c4bba3d7329fdefd90
  custom:scripting/monoscript/fileName/ObjectSpin.cs: b34dd4d17018731600f920d50ca840f7 -> 2b96bb2079dd7fa5108d981627a28e1e
  custom:scripting/monoscript/fileName/CameraController.cs: 8d43c2def3a67efed518259a2232b470 -> 34b6be4e23ce86dc89786916c5983296
  custom:scripting/monoscript/fileName/TMP_TextInfoDebugTool.cs: 7aad42023b6f5112c90650ae13bd6dd8 -> 3f1709cfb2cc628169113a35b5e9be3f
  custom:scripting/monoscript/fileName/Walk.cs: b813fe3de227fa89db06a9337fee964a -> 
  custom:scripting/monoscript/fileName/TMP_TextSelector_A.cs: 088357b4acdc1e6288d897936d29c8d3 -> 347309a09d56e367b188a6978f75b424
  custom:video-encoder-webm-vp8: eb34c28f22e8b96e1ab97ce403110664 -> 
  custom:audio-decoder-ogg-vorbis: bf7c407c2cedff20999df2af8eb42d56 -> 
  custom:scripting/monoscript/fileName/VertexJitter.cs: 6330f950b41eff6e5970f129864ecd6c -> d27eb5498e48714a66aece98da065133
  custom:scripting/monoscript/fileName/mune.cs: 854be57a593bde74a27cc6a4e94cf976 -> b21687ddb03d73bd9f0c1daecb9714de
  custom:scripting/monoscript/fileName/TextConsoleSimulator.cs: f2c8898b26c0cf2b0a1c7d12d99e6769 -> 33fc311abb20b5b0ed8f00e4d86b574e
  custom:scripting/monoscript/fileName/VertexColorCycler.cs: 135fb0ebdaf256193ccc08218c426c64 -> 5f984ca91cf3609293aecc6bc5641572
  custom:scripting/monoscript/fileName/TMP_FrameRateCounter.cs: 8afeb6f0251e063dcfff2bd827f92c62 -> 46f655df8cb483ac5958307137b1585a
  custom:scripting/monoscript/fileName/FloatingJoystickEditor.cs: 77573a9156cb44c5d5d617fe80c220c5 -> 20a94efd412f2009d4e6722fe16a3051
  custom:scripting/monoscript/fileName/VertexShakeB.cs: 587e5b2aecc39120c2c9ff69742ce897 -> a6f78c4fcda1a29a1a1c1baefedba9e7
  custom:scripting/monoscript/fileName/VariableJoystick.cs: 39f03dc32328afe11ebf2977b1593dda -> 6a21e483212ef280c767be5522709419
  custom:scripting/monoscript/fileName/TMP_UiFrameRateCounter.cs: 8fa3bcf761bb5076fd90d0361518d59c -> b01021aea19247f14a98ab338907956a
  custom:scripting/monoscript/fileName/FixedJoystick.cs: 475c6e1ca66c78aed6c49f6039c5734b -> ceaced0056a716bd82a85e0f3d488361
  custom:scripting/monoscript/fileName/Joystick.cs: efd34e62618f1aa62f745acbb935ce75 -> c13c665079b3ba178e3a8ef05c62070b
  custom:scripting/monoscript/fileName/TMPro_InstructionOverlay.cs: 194f3617683541355a9c6c8193e87b1c -> b626d2270e6ebd5c4311585c18b58d8d
  custom:scripting/monoscript/fileName/anim1.cs: 05e913852816f4c6fcc126bf7ffb4ba9 -> 10b52e4432610f56cea187ac60513ec2
  custom:scripting/monoscript/fileName/TMP_DigitValidator.cs: 4e5cde653ae28b90ab257e866c94dfce -> ac02af96215ae3951a3cce9e1a8c6085
  custom:audio-encoder-webm-vorbis: bf7c407c2cedff20999df2af8eb42d56 -> 
  custom:scripting/precompiled-assembly-types:Assembly-CSharp-Editor: e324ca911fd2e13b09c6e0773d0a7dd5 -> f7c7739fc303cafe5879da7512dd0656
  custom:scripting/monoscript/fileName/Benchmark01_UGUI.cs: 52a24b07fcdd062ef495404efdb65870 -> 6148cfe2627b7708298f301788144139
  custom:scripting/monoscript/fileName/Rotation.cs: 4761afa5daf9234473e31a02ede334c2 -> 1be1d08457a69d09528d40d7c8df2473
  custom:scripting/monoscript/fileName/Jump.cs: 5b090d859ab09be631dc3b0f203f9571 -> d93a52a180fbbe603a59e9aa6da73c83
  custom:scripting/precompiled-assembly-types:Assembly-CSharp: 8d7866d22f7b845d7ef75d4eb782f659 -> 3c8e6843d631723f8999220926f3c146
  custom:scripting/monoscript/fileName/Tigger.cs: ca771e08fd5c5c2e7d1ac379e6d4b2ec -> 387f4c79276ee1729c01db13ee9675a3
  custom:scripting/monoscript/fileName/Benchmark03.cs: 520976d641c2b7cf395e30b045f5a45d -> 17cc87e0529ac71d909a946afb47a274
========================================================================
Received Prepare
Caller must complete domain reload
Begin MonoManager ReloadAssembly
- Loaded All Assemblies, in  1.192 seconds
Native extension for WindowsStandalone target not found
Native extension for Android target not found
Native extension for WebGL target not found
Mono: successfully reloaded assembly
- Finished resetting the current domain, in  2.709 seconds
Domain Reload Profiling: 3880ms
	BeginReloadAssembly (339ms)
		ExecutionOrderSort (0ms)
		DisableScriptedObjects (11ms)
		BackupInstance (0ms)
		ReleaseScriptingObjects (0ms)
		CreateAndSetChildDomain (46ms)
	RebuildCommonClasses (68ms)
	RebuildNativeTypeToScriptingClass (20ms)
	initialDomainReloadingComplete (87ms)
	LoadAllAssembliesAndSetupDomain (656ms)
		LoadAssemblies (839ms)
		RebuildTransferFunctionScriptingTraits (0ms)
		AnalyzeDomain (23ms)
			TypeCache.Refresh (7ms)
				TypeCache.ScanAssembly (0ms)
			ScanForSourceGeneratedMonoScriptInfo (0ms)
			ResolveRequiredComponents (13ms)
	FinalizeReload (2710ms)
		ReleaseScriptCaches (0ms)
		RebuildScriptCaches (0ms)
		SetupLoadedEditorAssemblies (1065ms)
			LogAssemblyErrors (0ms)
			InitializePlatformSupportModulesInManaged (53ms)
			SetLoadedEditorAssemblies (6ms)
			RefreshPlugins (0ms)
			BeforeProcessingInitializeOnLoad (174ms)
			ProcessInitializeOnLoadAttributes (746ms)
			ProcessInitializeOnLoadMethodAttributes (33ms)
			AfterProcessingInitializeOnLoad (54ms)
			EditorAssembliesLoaded (0ms)
		ExecutionOrderSort2 (0ms)
		AwakeInstancesAfterBackupRestoration (10ms)
Refreshing native plugins compatible for Editor in 22.16 ms, found 3 plugins.
Preloading 0 native plugins for Editor in 0.00 ms.
Unloading 3535 Unused Serialized files (Serialized files now loaded: 0)
Unloading 14 unused Assets / (91.8 KB). Loaded Objects now: 4177.
Memory consumption went from 140.1 MB to 140.0 MB.
Total: 7.904400 ms (FindLiveObjects: 0.725200 ms CreateObjectMapping: 0.335700 ms MarkObjects: 6.681300 ms  DeleteObjects: 0.160400 ms)

Prepare: number of updated asset objects reloaded= 0
AssetImportParameters requested are different than current active one (requested -> active):
  custom:scripting/monoscript/fileName/JoystickEditor.cs: 31d892737481409a0ec21b3641383a31 -> 406670d2fe263f5d7c582f8389f2b844
  custom:scripting/monoscript/fileName/Main.cs: bcc0f9052176b2186a7114234ef44a73 -> c093076ba5753d7bec74a8a751ffb653
  custom:scripting/monoscript/fileName/SkewTextExample.cs: f96859e31fd6dde308d9dc2a2488dcff -> c142d02d70a129e0533975f7c2f96956
  custom:container-demuxer-ogg: 62fdf1f143b41e24485cea50d1cbac27 -> 
  custom:scripting/monoscript/fileName/JoystickPlayerExample.cs: b49ed73c06895c00887fd43b2fe13656 -> 2ec96b3abad264f4393a91b76b487cb7
  custom:scripting/monoscript/fileName/TMP_TextEventHandler.cs: d0f86a17d6fd3e9995db934eaaf34f18 -> f5cd9d5a43bfefc8f4fec80e6de896a4
  custom:scripting/monoscript/fileName/TextMeshProFloatingText.cs: 5a37842f75734e7729f89af9a8145a1a -> 92608fa4a6315cd0786d82205e77b697
  custom:scripting/monoscript/fileName/JoystickSetterExample.cs: 959f5a79520f07bdb5268f1ee0033001 -> 9ef810522df7cdd512f52a98ae7a04f9
  custom:scripting/monoscript/fileName/VertexZoom.cs: 2da4737d79388c0362c64482e9ee50d2 -> 650ab1e81d40126e3edcf737cce646e4
  custom:scripting/monoscript/fileName/VertexShakeA.cs: 16900906a98712c9660b9823af1f2500 -> 63ec564c588058369499638dd899e05b
  custom:scripting/monoscript/fileName/TMP_ExampleScript_01.cs: 59997facf165601d8c6263ace2a973a5 -> a9d4be556104ff54e7d240529b3e01dc
  custom:video-decoder-ogg-theora: a1e56fd34408186e4bbccfd4996cb3dc -> 
  custom:scripting/monoscript/fileName/TMP_TextEventCheck.cs: 7ee93fce990cec7a5b67b504d0259dce -> 13505d917eab5868c435e0c2986dadfa
  custom:scripting/monoscript/fileName/TMP_TextSelector_B.cs: c0db108de9ffc9b6f619f3d00162b1c2 -> ba2be21a7486d37b1011342977a2e49d
  custom:scripting/monoscript/fileName/Benchmark01.cs: 1fef48c763f4be76a973f061699dd041 -> 2d3e2cd961730ab95f139a49a673bace
  custom:framework-win-MediaFoundation: 216162199b28c13a410421893ffa2e32 -> 
  custom:scripting/monoscript/fileName/DynamicJoystickEditor.cs: 022b5797234952c5d7bc35d1bd14e1f1 -> f92673ca2cd03c2f140cf81ccfee7ccb
  custom:scripting/monoscript/fileName/DynamicJoystick.cs: 0ab293606d3fa5fd65cbd65e1d06c400 -> fa6fdbd0de9beec4a70bc764c26bb796
  custom:scripting/monoscript/fileName/Benchmark02.cs: 92dcd0c0a469d0c0690d8ca0bfe95e6f -> 5640963252ce70910e726415f869ced6
  custom:scripting/monoscript/fileName/PlayerController.cs: 807d658ab5c9f400331841a7af990d8e -> c6d6334dbee39969b7eddb0b08d8203e
  custom:scripting/monoscript/fileName/DropdownSample.cs: b4fe7efb027fdd4854f643ad764daa8c -> 0a92251794e5f10400149f96c3c59e5d
  custom:scripting/monoscript/fileName/WarpTextExample.cs: c5431dac938081648a3a3ac553c1029b -> 2663459c266363641981c7d17b698d7f
  custom:CustomObjectIndexerAttribute: 9a22284fe3817be447336de3de66b15e -> 
  custom:container-demuxer-webm: 4f35f7cbe854078d1ac9338744f61a02 -> 
  custom:scripting/monoscript/fileName/ChatController.cs: ff21b89493e3dffcbe018a2cc5a10bae -> 876d5ccae6e345dd5d9450eb0a748f16
  custom:scripting/monoscript/fileName/TextMeshSpawner.cs: c0f20e5855e88374db1098a5acc68df4 -> 76f28e2ddb031571e6ec62b018f65fa8
  custom:scripting/monoscript/fileName/TeleType.cs: c18e16db35615314900dbe198d0144e7 -> 31fa97821c4c70f157ec81d507aa6b62
  custom:scripting/monoscript/fileName/Benchmark04.cs: 86dfb70824307c4cf164687df2489226 -> 32220b148620e52aa81c13a114862bf4
  custom:scripting/monoscript/fileName/FloatingJoystick.cs: 5ad2d6fd170f0b909c85d006ae763629 -> 516035e2342d093d90fb2bd11ff41e68
  custom:container-muxer-webm: aa71ff27fc2769a1b78a27578f13a17b -> 
  custom:video-decoder-webm-vp8: 9c59270c3fd7afecdb556c50c9e8de78 -> 
  custom:scripting/monoscript/fileName/TMP_PhoneNumberValidator.cs: b4c1c54136dffeb4e2962027ebaa6b1f -> 7c3049f481e464c6a9a15dee56c3126f
  custom:SearchIndexIgnoredProperties: e643bd26f0fe6173181afceb89e7c659 -> 
  custom:scripting/monoscript/fileName/Gan.cs: 10b52e4432610f56cea187ac60513ec2 -> 
  custom:AudioImporter_EditorPlatform: d09bf68614088b80899f8185d706f6e7 -> 
  custom:scripting/monoscript/fileName/EnvMapAnimator.cs: 08e040d459cd881082c0dd5daba5f85c -> 1b4f61c17e4b7283c3ac351aacff9d26
  custom:scripting/monoscript/fileName/ShaderPropAnimator.cs: 88b70bc5bbc15375387323f48f0661cf -> 55ce425812446482e623ff2695c94cb2
  custom:scripting/monoscript/fileName/SimpleScript.cs: dcd92cf7399b0d08e25e4a66ab57e91e -> 454caab0c6c050f29b39d82e1d66d0fa
  custom:scripting/monoscript/fileName/VariableJoystickEditor.cs: 75e1b4b36e9f7518c61272653e1a297a -> fee5e077b31909c4bba3d7329fdefd90
  custom:scripting/monoscript/fileName/ObjectSpin.cs: b34dd4d17018731600f920d50ca840f7 -> 2b96bb2079dd7fa5108d981627a28e1e
  custom:scripting/monoscript/fileName/CameraController.cs: 8d43c2def3a67efed518259a2232b470 -> 34b6be4e23ce86dc89786916c5983296
  custom:scripting/monoscript/fileName/TMP_TextInfoDebugTool.cs: 7aad42023b6f5112c90650ae13bd6dd8 -> 3f1709cfb2cc628169113a35b5e9be3f
  custom:scripting/monoscript/fileName/Walk.cs: b813fe3de227fa89db06a9337fee964a -> 
  custom:scripting/monoscript/fileName/TMP_TextSelector_A.cs: 088357b4acdc1e6288d897936d29c8d3 -> 347309a09d56e367b188a6978f75b424
  custom:video-encoder-webm-vp8: eb34c28f22e8b96e1ab97ce403110664 -> 
  custom:audio-decoder-ogg-vorbis: bf7c407c2cedff20999df2af8eb42d56 -> 
  custom:scripting/monoscript/fileName/VertexJitter.cs: 6330f950b41eff6e5970f129864ecd6c -> d27eb5498e48714a66aece98da065133
  custom:scripting/monoscript/fileName/mune.cs: 854be57a593bde74a27cc6a4e94cf976 -> b21687ddb03d73bd9f0c1daecb9714de
  custom:scripting/monoscript/fileName/TextConsoleSimulator.cs: f2c8898b26c0cf2b0a1c7d12d99e6769 -> 33fc311abb20b5b0ed8f00e4d86b574e
  custom:scripting/monoscript/fileName/VertexColorCycler.cs: 135fb0ebdaf256193ccc08218c426c64 -> 5f984ca91cf3609293aecc6bc5641572
  custom:scripting/monoscript/fileName/TMP_FrameRateCounter.cs: 8afeb6f0251e063dcfff2bd827f92c62 -> 46f655df8cb483ac5958307137b1585a
  custom:scripting/monoscript/fileName/FloatingJoystickEditor.cs: 77573a9156cb44c5d5d617fe80c220c5 -> 20a94efd412f2009d4e6722fe16a3051
  custom:scripting/monoscript/fileName/VertexShakeB.cs: 587e5b2aecc39120c2c9ff69742ce897 -> a6f78c4fcda1a29a1a1c1baefedba9e7
  custom:scripting/monoscript/fileName/VariableJoystick.cs: 39f03dc32328afe11ebf2977b1593dda -> 6a21e483212ef280c767be5522709419
  custom:scripting/monoscript/fileName/TMP_UiFrameRateCounter.cs: 8fa3bcf761bb5076fd90d0361518d59c -> b01021aea19247f14a98ab338907956a
  custom:scripting/monoscript/fileName/FixedJoystick.cs: 475c6e1ca66c78aed6c49f6039c5734b -> ceaced0056a716bd82a85e0f3d488361
  custom:scripting/monoscript/fileName/Joystick.cs: efd34e62618f1aa62f745acbb935ce75 -> c13c665079b3ba178e3a8ef05c62070b
  custom:scripting/monoscript/fileName/TMPro_InstructionOverlay.cs: 194f3617683541355a9c6c8193e87b1c -> b626d2270e6ebd5c4311585c18b58d8d
  custom:scripting/monoscript/fileName/anim1.cs: 05e913852816f4c6fcc126bf7ffb4ba9 -> 10b52e4432610f56cea187ac60513ec2
  custom:scripting/monoscript/fileName/TMP_DigitValidator.cs: 4e5cde653ae28b90ab257e866c94dfce -> ac02af96215ae3951a3cce9e1a8c6085
  custom:audio-encoder-webm-vorbis: bf7c407c2cedff20999df2af8eb42d56 -> 
  custom:scripting/precompiled-assembly-types:Assembly-CSharp-Editor: e324ca911fd2e13b09c6e0773d0a7dd5 -> f7c7739fc303cafe5879da7512dd0656
  custom:scripting/monoscript/fileName/Benchmark01_UGUI.cs: 52a24b07fcdd062ef495404efdb65870 -> 6148cfe2627b7708298f301788144139
  custom:scripting/monoscript/fileName/Rotation.cs: 4761afa5daf9234473e31a02ede334c2 -> 1be1d08457a69d09528d40d7c8df2473
  custom:scripting/monoscript/fileName/Jump.cs: 5b090d859ab09be631dc3b0f203f9571 -> d93a52a180fbbe603a59e9aa6da73c83
  custom:scripting/precompiled-assembly-types:Assembly-CSharp: 8d7866d22f7b845d7ef75d4eb782f659 -> 3c8e6843d631723f8999220926f3c146
  custom:scripting/monoscript/fileName/Tigger.cs: ca771e08fd5c5c2e7d1ac379e6d4b2ec -> 387f4c79276ee1729c01db13ee9675a3
  custom:scripting/monoscript/fileName/Benchmark03.cs: 520976d641c2b7cf395e30b045f5a45d -> 17cc87e0529ac71d909a946afb47a274
