Using pre-set license
Built from '2022.3/staging' branch; Version is '2022.3.57f1 (9d8bd91adc0a) revision 10324953'; Using compiler version '192829333'; Build Type 'Release'
OS: 'Windows 10  (10.0.19045) 64bit Professional' Language: 'en' Physical Memory: 8136 MB
BatchMode: 1, IsHumanControllingUs: 0, StartBugReporterOnCrash: 0, Is64bit: 1, IsPro: 1

COMMAND LINE ARGUMENTS:
D:\2 YAHYA\2022.3.57f1\Editor\Unity.exe
-adb2
-batchMode
-noUpm
-name
AssetImportWorker1
-projectPath
D:/2 YAHYA/Action
-logFile
Logs/AssetImportWorker1.log
-srvPort
52118
Successfully changed project path to: D:/2 YAHYA/Action
D:/2 YAHYA/Action
[UnityMemory] Configuration Parameters - Can be set up in boot.config
    "memorysetup-bucket-allocator-granularity=16"
    "memorysetup-bucket-allocator-bucket-count=8"
    "memorysetup-bucket-allocator-block-size=33554432"
    "memorysetup-bucket-allocator-block-count=8"
    "memorysetup-main-allocator-block-size=16777216"
    "memorysetup-thread-allocator-block-size=16777216"
    "memorysetup-gfx-main-allocator-block-size=16777216"
    "memorysetup-gfx-thread-allocator-block-size=16777216"
    "memorysetup-cache-allocator-block-size=4194304"
    "memorysetup-typetree-allocator-block-size=2097152"
    "memorysetup-profiler-bucket-allocator-granularity=16"
    "memorysetup-profiler-bucket-allocator-bucket-count=8"
    "memorysetup-profiler-bucket-allocator-block-size=33554432"
    "memorysetup-profiler-bucket-allocator-block-count=8"
    "memorysetup-profiler-allocator-block-size=16777216"
    "memorysetup-profiler-editor-allocator-block-size=1048576"
    "memorysetup-temp-allocator-size-main=16777216"
    "memorysetup-job-temp-allocator-block-size=2097152"
    "memorysetup-job-temp-allocator-block-size-background=1048576"
    "memorysetup-job-temp-allocator-reduction-small-platforms=262144"
    "memorysetup-allocator-temp-initial-block-size-main=262144"
    "memorysetup-allocator-temp-initial-block-size-worker=262144"
    "memorysetup-temp-allocator-size-background-worker=32768"
    "memorysetup-temp-allocator-size-job-worker=262144"
    "memorysetup-temp-allocator-size-preload-manager=33554432"
    "memorysetup-temp-allocator-size-nav-mesh-worker=65536"
    "memorysetup-temp-allocator-size-audio-worker=65536"
    "memorysetup-temp-allocator-size-cloud-worker=32768"
    "memorysetup-temp-allocator-size-gi-baking-worker=262144"
    "memorysetup-temp-allocator-size-gfx=262144"
Player connection [7980]  Target information:

Player connection [7980] Host joined multi-casting on [225.0.0.222:54997]...
Player connection [7980] Host joined alternative multi-casting on [225.0.0.222:34997]...
Input System module state changed to: Initialized.
[PhysX] Initialized MultithreadedTaskDispatcher with 8 workers.
Refreshing native plugins compatible for Editor in 32.24 ms, found 3 plugins.
Preloading 0 native plugins for Editor in 0.00 ms.
Initialize engine version: 2022.3.57f1 (9d8bd91adc0a)
[Subsystems] Discovering subsystems at path D:/2 YAHYA/2022.3.57f1/Editor/Data/Resources/UnitySubsystems
[Subsystems] Discovering subsystems at path D:/2 YAHYA/Action/Assets
GfxDevice: creating device client; threaded=0; jobified=0
Direct3D:
    Version:  Direct3D 11.0 [level 11.1]
    Renderer: NVIDIA Quadro P400 (ID=0x1cb3)
    Vendor:   NVIDIA
    VRAM:     1966 MB
    Driver:   32.0.15.7260
Initialize mono
Mono path[0] = 'D:/2 YAHYA/2022.3.57f1/Editor/Data/Managed'
Mono path[1] = 'D:/2 YAHYA/2022.3.57f1/Editor/Data/MonoBleedingEdge/lib/mono/unityjit-win32'
Mono config path = 'D:/2 YAHYA/2022.3.57f1/Editor/Data/MonoBleedingEdge/etc'
Using monoOptions --debugger-agent=transport=dt_socket,embedding=1,server=y,suspend=n,address=127.0.0.1:56980
Begin MonoManager ReloadAssembly
Registering precompiled unity dll's ...
Register platform support module: D:/2 YAHYA/2022.3.57f1/Editor/Data/PlaybackEngines/WebGLSupport/UnityEditor.WebGL.Extensions.dll
Register platform support module: D:/2 YAHYA/2022.3.57f1/Editor/Data/PlaybackEngines/AndroidPlayer/UnityEditor.Android.Extensions.dll
Register platform support module: D:/2 YAHYA/2022.3.57f1/Editor/Data/PlaybackEngines/WindowsStandaloneSupport/UnityEditor.WindowsStandalone.Extensions.dll
Registered in 0.052697 seconds.
- Loaded All Assemblies, in  0.767 seconds
Native extension for WindowsStandalone target not found
Native extension for Android target not found
Android Extension - Scanning For ADB Devices 447 ms
Native extension for WebGL target not found
Mono: successfully reloaded assembly
- Finished resetting the current domain, in  1.008 seconds
Domain Reload Profiling: 1763ms
	BeginReloadAssembly (239ms)
		ExecutionOrderSort (0ms)
		DisableScriptedObjects (0ms)
		BackupInstance (0ms)
		ReleaseScriptingObjects (0ms)
		CreateAndSetChildDomain (1ms)
	RebuildCommonClasses (54ms)
	RebuildNativeTypeToScriptingClass (21ms)
	initialDomainReloadingComplete (167ms)
	LoadAllAssembliesAndSetupDomain (274ms)
		LoadAssemblies (231ms)
		RebuildTransferFunctionScriptingTraits (0ms)
		AnalyzeDomain (266ms)
			TypeCache.Refresh (264ms)
				TypeCache.ScanAssembly (243ms)
			ScanForSourceGeneratedMonoScriptInfo (1ms)
			ResolveRequiredComponents (1ms)
	FinalizeReload (1009ms)
		ReleaseScriptCaches (0ms)
		RebuildScriptCaches (0ms)
		SetupLoadedEditorAssemblies (931ms)
			LogAssemblyErrors (0ms)
			InitializePlatformSupportModulesInManaged (641ms)
			SetLoadedEditorAssemblies (7ms)
			RefreshPlugins (0ms)
			BeforeProcessingInitializeOnLoad (3ms)
			ProcessInitializeOnLoadAttributes (199ms)
			ProcessInitializeOnLoadMethodAttributes (82ms)
			AfterProcessingInitializeOnLoad (0ms)
			EditorAssembliesLoaded (0ms)
		ExecutionOrderSort2 (0ms)
		AwakeInstancesAfterBackupRestoration (0ms)
========================================================================
Worker process is ready to serve import requests
Caller must complete domain reload
Begin MonoManager ReloadAssembly
- Loaded All Assemblies, in  3.435 seconds
Native extension for WindowsStandalone target not found
Native extension for Android target not found
Native extension for WebGL target not found
Mono: successfully reloaded assembly
- Finished resetting the current domain, in  1.740 seconds
Domain Reload Profiling: 5145ms
	BeginReloadAssembly (594ms)
		ExecutionOrderSort (0ms)
		DisableScriptedObjects (10ms)
		BackupInstance (0ms)
		ReleaseScriptingObjects (0ms)
		CreateAndSetChildDomain (33ms)
	RebuildCommonClasses (133ms)
	RebuildNativeTypeToScriptingClass (42ms)
	initialDomainReloadingComplete (294ms)
	LoadAllAssembliesAndSetupDomain (2341ms)
		LoadAssemblies (1946ms)
		RebuildTransferFunctionScriptingTraits (0ms)
		AnalyzeDomain (865ms)
			TypeCache.Refresh (830ms)
				TypeCache.ScanAssembly (800ms)
			ScanForSourceGeneratedMonoScriptInfo (23ms)
			ResolveRequiredComponents (11ms)
	FinalizeReload (1741ms)
		ReleaseScriptCaches (0ms)
		RebuildScriptCaches (0ms)
		SetupLoadedEditorAssemblies (1253ms)
			LogAssemblyErrors (0ms)
			InitializePlatformSupportModulesInManaged (58ms)
			SetLoadedEditorAssemblies (6ms)
			RefreshPlugins (0ms)
			BeforeProcessingInitializeOnLoad (248ms)
			ProcessInitializeOnLoadAttributes (859ms)
			ProcessInitializeOnLoadMethodAttributes (33ms)
			AfterProcessingInitializeOnLoad (50ms)
			EditorAssembliesLoaded (0ms)
		ExecutionOrderSort2 (0ms)
		AwakeInstancesAfterBackupRestoration (10ms)
Launched and connected shader compiler UnityShaderCompiler.exe after 0.09 seconds
Refreshing native plugins compatible for Editor in 22.02 ms, found 3 plugins.
Preloading 0 native plugins for Editor in 0.00 ms.
Unloading 3579 Unused Serialized files (Serialized files now loaded: 0)
Unloading 20 unused Assets / (112.1 KB). Loaded Objects now: 4053.
Memory consumption went from 140.8 MB to 140.6 MB.
Total: 8.878700 ms (FindLiveObjects: 0.967300 ms CreateObjectMapping: 0.404200 ms MarkObjects: 7.261600 ms  DeleteObjects: 0.243700 ms)

AssetImportParameters requested are different than current active one (requested -> active):
  custom:container-demuxer-ogg: 62fdf1f143b41e24485cea50d1cbac27 -> 
  custom:video-decoder-ogg-theora: a1e56fd34408186e4bbccfd4996cb3dc -> 
  custom:framework-win-MediaFoundation: 216162199b28c13a410421893ffa2e32 -> 
  custom:CustomObjectIndexerAttribute: 9a22284fe3817be447336de3de66b15e -> 
  custom:container-demuxer-webm: 4f35f7cbe854078d1ac9338744f61a02 -> 
  custom:container-muxer-webm: aa71ff27fc2769a1b78a27578f13a17b -> 
  custom:video-decoder-webm-vp8: 9c59270c3fd7afecdb556c50c9e8de78 -> 
  custom:SearchIndexIgnoredProperties: e643bd26f0fe6173181afceb89e7c659 -> 
  custom:AudioImporter_EditorPlatform: d09bf68614088b80899f8185d706f6e7 -> 
  custom:video-encoder-webm-vp8: eb34c28f22e8b96e1ab97ce403110664 -> 
  custom:audio-decoder-ogg-vorbis: bf7c407c2cedff20999df2af8eb42d56 -> 
  custom:audio-encoder-webm-vorbis: bf7c407c2cedff20999df2af8eb42d56 -> 
========================================================================
Received Import Request.
  Time since last request: 5476.718270 seconds.
  path: Assets/Adventure_Character/Materials/Man_Cloth_Down_01.mat
  artifactKey: Guid(3de4d0b74e6a35c4eb1d6331940920e3) Importer(815301076,1909f56bfc062723c751e8b465ee728b)
Start importing Assets/Adventure_Character/Materials/Man_Cloth_Down_01.mat using Guid(3de4d0b74e6a35c4eb1d6331940920e3) Importer(815301076,1909f56bfc062723c751e8b465ee728b) [PhysX] Initialized MultithreadedTaskDispatcher with 8 workers.
[PhysX] Initialized MultithreadedTaskDispatcher with 8 workers.
 -> (artifact id: '520aa8ab5b8c8729c6ed1c77a7663f7d') in 2.712578 seconds
Number of updated asset objects reloaded before import = 0
Number of asset objects unloaded after import = 5
========================================================================
Received Import Request.
  Time since last request: 0.014810 seconds.
  path: Assets/Adventure_Character/Materials/Man_Cloth_Up_03.mat
  artifactKey: Guid(d8545fb76914297488e63ac18a80c3a2) Importer(815301076,1909f56bfc062723c751e8b465ee728b)
Start importing Assets/Adventure_Character/Materials/Man_Cloth_Up_03.mat using Guid(d8545fb76914297488e63ac18a80c3a2) Importer(815301076,1909f56bfc062723c751e8b465ee728b) [PhysX] Initialized MultithreadedTaskDispatcher with 8 workers.
[PhysX] Initialized MultithreadedTaskDispatcher with 8 workers.
 -> (artifact id: '2647d0fc6b0dd99ba226e329aa388d2d') in 1.990197 seconds
Number of updated asset objects reloaded before import = 0
Number of asset objects unloaded after import = 5
========================================================================
Received Import Request.
  Time since last request: 0.000035 seconds.
  path: Assets/Adventure_Character/Prefabs/Man_01.prefab
  artifactKey: Guid(ebc4580c7ed532b4cb07171aed640d52) Importer(815301076,1909f56bfc062723c751e8b465ee728b)
Start importing Assets/Adventure_Character/Prefabs/Man_01.prefab using Guid(ebc4580c7ed532b4cb07171aed640d52) Importer(815301076,1909f56bfc062723c751e8b465ee728b) [PhysX] Initialized MultithreadedTaskDispatcher with 8 workers.
[PhysX] Initialized MultithreadedTaskDispatcher with 8 workers.
 -> (artifact id: '6ee2ab0319744f99f233053a5043e2bd') in 5.421468 seconds
Number of updated asset objects reloaded before import = 0
Number of asset objects unloaded after import = 199
========================================================================
Received Import Request.
  Time since last request: 0.000046 seconds.
  path: Assets/Adventure_Character/Prefabs/Man_Full.prefab
  artifactKey: Guid(5358fd1db56fd5f4ebd3a9185f223155) Importer(815301076,1909f56bfc062723c751e8b465ee728b)
Start importing Assets/Adventure_Character/Prefabs/Man_Full.prefab using Guid(5358fd1db56fd5f4ebd3a9185f223155) Importer(815301076,1909f56bfc062723c751e8b465ee728b) [PhysX] Initialized MultithreadedTaskDispatcher with 8 workers.
[PhysX] Initialized MultithreadedTaskDispatcher with 8 workers.
 -> (artifact id: 'ca95850f3abacdf8bd82625a6b47e480') in 9.430553 seconds
Number of updated asset objects reloaded before import = 0
Number of asset objects unloaded after import = 199
========================================================================
Received Import Request.
  Time since last request: 0.000182 seconds.
  path: Assets/Adventure_Character/Scenes
  artifactKey: Guid(2b808985bbd1b1c43b09ca5a830b8255) Importer(815301076,1909f56bfc062723c751e8b465ee728b)
Start importing Assets/Adventure_Character/Scenes using Guid(2b808985bbd1b1c43b09ca5a830b8255) Importer(815301076,1909f56bfc062723c751e8b465ee728b) [PhysX] Initialized MultithreadedTaskDispatcher with 8 workers.
 -> (artifact id: 'baf87cffb0acb164c2db58e0d7a0dbd0') in 0.004605 seconds
Number of updated asset objects reloaded before import = 0
Number of asset objects unloaded after import = 0
========================================================================
Received Import Request.
  Time since last request: 0.001411 seconds.
  path: Assets/Adventure_Character/Materials/Man_Cloth_Up_01.mat
  artifactKey: Guid(b2388b7cee621b040a376272b202b6bf) Importer(815301076,1909f56bfc062723c751e8b465ee728b)
Start importing Assets/Adventure_Character/Materials/Man_Cloth_Up_01.mat using Guid(b2388b7cee621b040a376272b202b6bf) Importer(815301076,1909f56bfc062723c751e8b465ee728b) [PhysX] Initialized MultithreadedTaskDispatcher with 8 workers.
[PhysX] Initialized MultithreadedTaskDispatcher with 8 workers.
 -> (artifact id: '6609895ce6e3d1dd70d8b3885fcd3d29') in 2.785388 seconds
Number of updated asset objects reloaded before import = 0
Number of asset objects unloaded after import = 5
========================================================================
Received Import Request.
  Time since last request: 0.000041 seconds.
  path: Assets/Adventure_Character/Prefabs/Man_03.prefab
  artifactKey: Guid(da1203547328fdb41974e0b5334e799a) Importer(815301076,1909f56bfc062723c751e8b465ee728b)
Start importing Assets/Adventure_Character/Prefabs/Man_03.prefab using Guid(da1203547328fdb41974e0b5334e799a) Importer(815301076,1909f56bfc062723c751e8b465ee728b) [PhysX] Initialized MultithreadedTaskDispatcher with 8 workers.
[PhysX] Initialized MultithreadedTaskDispatcher with 8 workers.
 -> (artifact id: '869eedf4fe9dee8148ee8c296f4a4f0d') in 4.278715 seconds
Number of updated asset objects reloaded before import = 0
Number of asset objects unloaded after import = 199
========================================================================
Received Import Request.
  Time since last request: 15.509454 seconds.
  path: Assets/mans
  artifactKey: Guid(7bdda1e24ed2cd34a87e400da7491d0d) Importer(815301076,1909f56bfc062723c751e8b465ee728b)
Start importing Assets/mans using Guid(7bdda1e24ed2cd34a87e400da7491d0d) Importer(815301076,1909f56bfc062723c751e8b465ee728b) [PhysX] Initialized MultithreadedTaskDispatcher with 8 workers.
 -> (artifact id: 'a2c9cc50162c074aafa78bcd9be4dee3') in 0.001783 seconds
Number of updated asset objects reloaded before import = 0
Number of asset objects unloaded after import = 0
========================================================================
Received Import Request.
  Time since last request: 40.107492 seconds.
  path: Assets/ARCADE - FREE Racing Car/Prefabs (Meshes Only)/Free Racing Car Blue Variant.prefab
  artifactKey: Guid(a9cbfe7195f75844aa7ec0619ca7616f) Importer(815301076,1909f56bfc062723c751e8b465ee728b)
Start importing Assets/ARCADE - FREE Racing Car/Prefabs (Meshes Only)/Free Racing Car Blue Variant.prefab using Guid(a9cbfe7195f75844aa7ec0619ca7616f) Importer(815301076,1909f56bfc062723c751e8b465ee728b) [PhysX] Initialized MultithreadedTaskDispatcher with 8 workers.
[PhysX] Initialized MultithreadedTaskDispatcher with 8 workers.
 -> (artifact id: 'd24921e7a624600c08436ad14dfe1d1b') in 0.357194 seconds
Number of updated asset objects reloaded before import = 0
Number of asset objects unloaded after import = 77
========================================================================
Received Import Request.
  Time since last request: 0.000043 seconds.
  path: Assets/ARCADE - FREE Racing Car/Prefabs (Meshes Only)/Free Racing Car Red Variant.prefab
  artifactKey: Guid(a82f70a5f0178974093910fc6fd84c38) Importer(815301076,1909f56bfc062723c751e8b465ee728b)
Start importing Assets/ARCADE - FREE Racing Car/Prefabs (Meshes Only)/Free Racing Car Red Variant.prefab using Guid(a82f70a5f0178974093910fc6fd84c38) Importer(815301076,1909f56bfc062723c751e8b465ee728b) [PhysX] Initialized MultithreadedTaskDispatcher with 8 workers.
[PhysX] Initialized MultithreadedTaskDispatcher with 8 workers.
 -> (artifact id: '4f640301cd9fb785c33cd3c14ca95ccd') in 0.058943 seconds
Number of updated asset objects reloaded before import = 0
Number of asset objects unloaded after import = 77
========================================================================
Received Import Request.
  Time since last request: 37.549466 seconds.
  path: Assets/illusionloop.com/road props/Prefabs - Standard/Barrier Heavy.prefab
  artifactKey: Guid(8ebf2155e10a4f14ab835414d879b666) Importer(815301076,1909f56bfc062723c751e8b465ee728b)
Start importing Assets/illusionloop.com/road props/Prefabs - Standard/Barrier Heavy.prefab using Guid(8ebf2155e10a4f14ab835414d879b666) Importer(815301076,1909f56bfc062723c751e8b465ee728b) [PhysX] Initialized MultithreadedTaskDispatcher with 8 workers.
[PhysX] Initialized MultithreadedTaskDispatcher with 8 workers.
 -> (artifact id: '7c5a80d54016af5a6ffc5d9a9a5dca39') in 0.266118 seconds
Number of updated asset objects reloaded before import = 0
Number of asset objects unloaded after import = 15
========================================================================
Received Import Request.
  Time since last request: 0.000031 seconds.
  path: Assets/illusionloop.com/road props/Prefabs - Standard/Lamp Orange.prefab
  artifactKey: Guid(f1c71524b194ae54188c385260d5989b) Importer(815301076,1909f56bfc062723c751e8b465ee728b)
Start importing Assets/illusionloop.com/road props/Prefabs - Standard/Lamp Orange.prefab using Guid(f1c71524b194ae54188c385260d5989b) Importer(815301076,1909f56bfc062723c751e8b465ee728b) [PhysX] Initialized MultithreadedTaskDispatcher with 8 workers.
[PhysX] Initialized MultithreadedTaskDispatcher with 8 workers.
 -> (artifact id: '3017c8683d14c543cda03e6d85227114') in 0.548957 seconds
Number of updated asset objects reloaded before import = 0
Number of asset objects unloaded after import = 14
========================================================================
Received Import Request.
  Time since last request: 0.000047 seconds.
  path: Assets/illusionloop.com/road props/Prefabs - Standard/Barrier Metal.prefab
  artifactKey: Guid(fe337cb383a88824e84eb3aa64df90aa) Importer(815301076,1909f56bfc062723c751e8b465ee728b)
Start importing Assets/illusionloop.com/road props/Prefabs - Standard/Barrier Metal.prefab using Guid(fe337cb383a88824e84eb3aa64df90aa) Importer(815301076,1909f56bfc062723c751e8b465ee728b) [PhysX] Initialized MultithreadedTaskDispatcher with 8 workers.
[PhysX] Initialized MultithreadedTaskDispatcher with 8 workers.
 -> (artifact id: 'b7db9c66998671262fa0ad800c61ee98') in 0.326920 seconds
Number of updated asset objects reloaded before import = 0
Number of asset objects unloaded after import = 15
========================================================================
Received Import Request.
  Time since last request: 0.000040 seconds.
  path: Assets/illusionloop.com/road props/Prefabs - Standard/Fence.prefab
  artifactKey: Guid(418ee091cafdbb245a2cf2b8286cc39a) Importer(815301076,1909f56bfc062723c751e8b465ee728b)
Start importing Assets/illusionloop.com/road props/Prefabs - Standard/Fence.prefab using Guid(418ee091cafdbb245a2cf2b8286cc39a) Importer(815301076,1909f56bfc062723c751e8b465ee728b) [PhysX] Initialized MultithreadedTaskDispatcher with 8 workers.
[PhysX] Initialized MultithreadedTaskDispatcher with 8 workers.
 -> (artifact id: 'fee5ca5c0a47db2d3154a6941bb4aacb') in 1.176477 seconds
Number of updated asset objects reloaded before import = 0
Number of asset objects unloaded after import = 15
========================================================================
Received Import Request.
  Time since last request: 0.000066 seconds.
  path: Assets/illusionloop.com/road props/Prefabs - Standard/Rubber Block.prefab
  artifactKey: Guid(6a977817eba76c74b83ec4452f26f404) Importer(815301076,1909f56bfc062723c751e8b465ee728b)
Start importing Assets/illusionloop.com/road props/Prefabs - Standard/Rubber Block.prefab using Guid(6a977817eba76c74b83ec4452f26f404) Importer(815301076,1909f56bfc062723c751e8b465ee728b) [PhysX] Initialized MultithreadedTaskDispatcher with 8 workers.
[PhysX] Initialized MultithreadedTaskDispatcher with 8 workers.
 -> (artifact id: 'c470bc0c1fd7b22ba4f00205ace05068') in 0.249953 seconds
Number of updated asset objects reloaded before import = 0
Number of asset objects unloaded after import = 14
========================================================================
Received Import Request.
  Time since last request: 0.000063 seconds.
  path: Assets/illusionloop.com/road props/Prefabs - Standard/Tire.prefab
  artifactKey: Guid(2dd8e9b2447271c4f964eed3dd9a37aa) Importer(815301076,1909f56bfc062723c751e8b465ee728b)
Start importing Assets/illusionloop.com/road props/Prefabs - Standard/Tire.prefab using Guid(2dd8e9b2447271c4f964eed3dd9a37aa) Importer(815301076,1909f56bfc062723c751e8b465ee728b) [PhysX] Initialized MultithreadedTaskDispatcher with 8 workers.
[PhysX] Initialized MultithreadedTaskDispatcher with 8 workers.
 -> (artifact id: '66c239f6366845f5aa843588ea117022') in 0.274913 seconds
Number of updated asset objects reloaded before import = 0
Number of asset objects unloaded after import = 14
========================================================================
Received Import Request.
  Time since last request: 324.084012 seconds.
  path: Assets/Low Poly Guns/Models/Guns/assault2/assault2_diffuse.png
  artifactKey: Guid(f699987dc2b8fa147bed02b5fb7dd2c2) Importer(815301076,1909f56bfc062723c751e8b465ee728b)
Start importing Assets/Low Poly Guns/Models/Guns/assault2/assault2_diffuse.png using Guid(f699987dc2b8fa147bed02b5fb7dd2c2) Importer(815301076,1909f56bfc062723c751e8b465ee728b) [PhysX] Initialized MultithreadedTaskDispatcher with 8 workers.
[PhysX] Initialized MultithreadedTaskDispatcher with 8 workers.
 -> (artifact id: '8f6624ab70648417168e3e88f6559d37') in 0.289058 seconds
Number of updated asset objects reloaded before import = 0
Number of asset objects unloaded after import = 2
========================================================================
Received Import Request.
  Time since last request: 0.000041 seconds.
  path: Assets/Low Poly Guns/Models/Guns/assault2/assault2_normal.png
  artifactKey: Guid(f682931156928fc4e960b020752b0c9a) Importer(815301076,1909f56bfc062723c751e8b465ee728b)
Start importing Assets/Low Poly Guns/Models/Guns/assault2/assault2_normal.png using Guid(f682931156928fc4e960b020752b0c9a) Importer(815301076,1909f56bfc062723c751e8b465ee728b) [PhysX] Initialized MultithreadedTaskDispatcher with 8 workers.
[PhysX] Initialized MultithreadedTaskDispatcher with 8 workers.
 -> (artifact id: '401b1b81ad07d0c2c4af9fa101872dd5') in 0.294679 seconds
Number of updated asset objects reloaded before import = 0
Number of asset objects unloaded after import = 2
========================================================================
Received Prepare
Caller must complete domain reload
Begin MonoManager ReloadAssembly
- Loaded All Assemblies, in  6.481 seconds
Native extension for WindowsStandalone target not found
Native extension for Android target not found
Native extension for WebGL target not found
Mono: successfully reloaded assembly
- Finished resetting the current domain, in 15.995 seconds
Domain Reload Profiling: 22453ms
	BeginReloadAssembly (422ms)
		ExecutionOrderSort (0ms)
		DisableScriptedObjects (10ms)
		BackupInstance (0ms)
		ReleaseScriptingObjects (0ms)
		CreateAndSetChildDomain (105ms)
	RebuildCommonClasses (81ms)
	RebuildNativeTypeToScriptingClass (24ms)
	initialDomainReloadingComplete (97ms)
	LoadAllAssembliesAndSetupDomain (5833ms)
		LoadAssemblies (5994ms)
		RebuildTransferFunctionScriptingTraits (0ms)
		AnalyzeDomain (71ms)
			TypeCache.Refresh (30ms)
				TypeCache.ScanAssembly (2ms)
			ScanForSourceGeneratedMonoScriptInfo (27ms)
			ResolveRequiredComponents (13ms)
	FinalizeReload (15996ms)
		ReleaseScriptCaches (0ms)
		RebuildScriptCaches (0ms)
		SetupLoadedEditorAssemblies (1046ms)
			LogAssemblyErrors (0ms)
			InitializePlatformSupportModulesInManaged (51ms)
			SetLoadedEditorAssemblies (7ms)
			RefreshPlugins (0ms)
			BeforeProcessingInitializeOnLoad (159ms)
			ProcessInitializeOnLoadAttributes (746ms)
			ProcessInitializeOnLoadMethodAttributes (35ms)
			AfterProcessingInitializeOnLoad (48ms)
			EditorAssembliesLoaded (0ms)
		ExecutionOrderSort2 (0ms)
		AwakeInstancesAfterBackupRestoration (11ms)
Refreshing native plugins compatible for Editor in 16.40 ms, found 3 plugins.
Preloading 0 native plugins for Editor in 0.00 ms.
Unloading 3537 Unused Serialized files (Serialized files now loaded: 0)
Unloading 17 unused Assets / (77.2 KB). Loaded Objects now: 4100.
Memory consumption went from 138.1 MB to 138.0 MB.
Total: 6.171800 ms (FindLiveObjects: 0.368200 ms CreateObjectMapping: 0.218400 ms MarkObjects: 5.461200 ms  DeleteObjects: 0.122600 ms)

Prepare: number of updated asset objects reloaded= 0
AssetImportParameters requested are different than current active one (requested -> active):
  custom:scripting/monoscript/fileName/JoystickEditor.cs: 31d892737481409a0ec21b3641383a31 -> 406670d2fe263f5d7c582f8389f2b844
  custom:container-demuxer-ogg: 62fdf1f143b41e24485cea50d1cbac27 -> 
  custom:scripting/monoscript/fileName/JoystickPlayerExample.cs: b49ed73c06895c00887fd43b2fe13656 -> 2ec96b3abad264f4393a91b76b487cb7
  custom:scripting/monoscript/fileName/JoystickSetterExample.cs: 959f5a79520f07bdb5268f1ee0033001 -> 9ef810522df7cdd512f52a98ae7a04f9
  custom:video-decoder-ogg-theora: a1e56fd34408186e4bbccfd4996cb3dc -> 
  custom:framework-win-MediaFoundation: 216162199b28c13a410421893ffa2e32 -> 
  custom:scripting/monoscript/fileName/DynamicJoystickEditor.cs: 022b5797234952c5d7bc35d1bd14e1f1 -> f92673ca2cd03c2f140cf81ccfee7ccb
  custom:scripting/monoscript/fileName/DynamicJoystick.cs: 0ab293606d3fa5fd65cbd65e1d06c400 -> fa6fdbd0de9beec4a70bc764c26bb796
  custom:CustomObjectIndexerAttribute: 9a22284fe3817be447336de3de66b15e -> 
  custom:container-demuxer-webm: 4f35f7cbe854078d1ac9338744f61a02 -> 
  custom:scripting/monoscript/fileName/FloatingJoystick.cs: 5ad2d6fd170f0b909c85d006ae763629 -> 516035e2342d093d90fb2bd11ff41e68
  custom:container-muxer-webm: aa71ff27fc2769a1b78a27578f13a17b -> 
  custom:video-decoder-webm-vp8: 9c59270c3fd7afecdb556c50c9e8de78 -> 
  custom:SearchIndexIgnoredProperties: e643bd26f0fe6173181afceb89e7c659 -> 
  custom:AudioImporter_EditorPlatform: d09bf68614088b80899f8185d706f6e7 -> 
  custom:scripting/monoscript/fileName/VariableJoystickEditor.cs: 75e1b4b36e9f7518c61272653e1a297a -> fee5e077b31909c4bba3d7329fdefd90
  custom:video-encoder-webm-vp8: eb34c28f22e8b96e1ab97ce403110664 -> 
  custom:audio-decoder-ogg-vorbis: bf7c407c2cedff20999df2af8eb42d56 -> 
  custom:scripting/monoscript/fileName/FloatingJoystickEditor.cs: 77573a9156cb44c5d5d617fe80c220c5 -> 20a94efd412f2009d4e6722fe16a3051
  custom:scripting/monoscript/fileName/VariableJoystick.cs: 39f03dc32328afe11ebf2977b1593dda -> 6a21e483212ef280c767be5522709419
  custom:scripting/monoscript/fileName/FixedJoystick.cs: 475c6e1ca66c78aed6c49f6039c5734b -> ceaced0056a716bd82a85e0f3d488361
  custom:scripting/monoscript/fileName/Joystick.cs: efd34e62618f1aa62f745acbb935ce75 -> c13c665079b3ba178e3a8ef05c62070b
  custom:audio-encoder-webm-vorbis: bf7c407c2cedff20999df2af8eb42d56 -> 
  custom:scripting/precompiled-assembly-types:Assembly-CSharp-Editor: e324ca911fd2e13b09c6e0773d0a7dd5 -> f7c7739fc303cafe5879da7512dd0656
  custom:scripting/precompiled-assembly-types:Assembly-CSharp: 105874ce564fa05e781634cbc347ef69 -> 3c8e6843d631723f8999220926f3c146
========================================================================
Received Prepare
Caller must complete domain reload
Begin MonoManager ReloadAssembly
- Loaded All Assemblies, in  1.245 seconds
Native extension for WindowsStandalone target not found
Native extension for Android target not found
Native extension for WebGL target not found
Mono: successfully reloaded assembly
- Finished resetting the current domain, in  2.533 seconds
Domain Reload Profiling: 3756ms
	BeginReloadAssembly (310ms)
		ExecutionOrderSort (0ms)
		DisableScriptedObjects (12ms)
		BackupInstance (0ms)
		ReleaseScriptingObjects (0ms)
		CreateAndSetChildDomain (40ms)
	RebuildCommonClasses (57ms)
	RebuildNativeTypeToScriptingClass (16ms)
	initialDomainReloadingComplete (90ms)
	LoadAllAssembliesAndSetupDomain (750ms)
		LoadAssemblies (908ms)
		RebuildTransferFunctionScriptingTraits (0ms)
		AnalyzeDomain (38ms)
			TypeCache.Refresh (15ms)
				TypeCache.ScanAssembly (2ms)
			ScanForSourceGeneratedMonoScriptInfo (12ms)
			ResolveRequiredComponents (9ms)
	FinalizeReload (2533ms)
		ReleaseScriptCaches (0ms)
		RebuildScriptCaches (0ms)
		SetupLoadedEditorAssemblies (1025ms)
			LogAssemblyErrors (0ms)
			InitializePlatformSupportModulesInManaged (49ms)
			SetLoadedEditorAssemblies (6ms)
			RefreshPlugins (0ms)
			BeforeProcessingInitializeOnLoad (159ms)
			ProcessInitializeOnLoadAttributes (738ms)
			ProcessInitializeOnLoadMethodAttributes (28ms)
			AfterProcessingInitializeOnLoad (46ms)
			EditorAssembliesLoaded (0ms)
		ExecutionOrderSort2 (0ms)
		AwakeInstancesAfterBackupRestoration (11ms)
Refreshing native plugins compatible for Editor in 21.04 ms, found 3 plugins.
Preloading 0 native plugins for Editor in 0.00 ms.
Unloading 3538 Unused Serialized files (Serialized files now loaded: 0)
Unloading 15 unused Assets / (76.0 KB). Loaded Objects now: 4103.
Memory consumption went from 138.4 MB to 138.3 MB.
Total: 9.968000 ms (FindLiveObjects: 0.631300 ms CreateObjectMapping: 0.198200 ms MarkObjects: 8.948200 ms  DeleteObjects: 0.187600 ms)

Prepare: number of updated asset objects reloaded= 0
AssetImportParameters requested are different than current active one (requested -> active):
  custom:scripting/monoscript/fileName/JoystickEditor.cs: 31d892737481409a0ec21b3641383a31 -> 406670d2fe263f5d7c582f8389f2b844
  custom:container-demuxer-ogg: 62fdf1f143b41e24485cea50d1cbac27 -> 
  custom:scripting/monoscript/fileName/JoystickPlayerExample.cs: b49ed73c06895c00887fd43b2fe13656 -> 2ec96b3abad264f4393a91b76b487cb7
  custom:scripting/monoscript/fileName/JoystickSetterExample.cs: 959f5a79520f07bdb5268f1ee0033001 -> 9ef810522df7cdd512f52a98ae7a04f9
  custom:video-decoder-ogg-theora: a1e56fd34408186e4bbccfd4996cb3dc -> 
  custom:framework-win-MediaFoundation: 216162199b28c13a410421893ffa2e32 -> 
  custom:scripting/monoscript/fileName/DynamicJoystickEditor.cs: 022b5797234952c5d7bc35d1bd14e1f1 -> f92673ca2cd03c2f140cf81ccfee7ccb
  custom:scripting/monoscript/fileName/DynamicJoystick.cs: 0ab293606d3fa5fd65cbd65e1d06c400 -> fa6fdbd0de9beec4a70bc764c26bb796
  custom:scripting/monoscript/fileName/PlayerController.cs: 807d658ab5c9f400331841a7af990d8e -> c6d6334dbee39969b7eddb0b08d8203e
  custom:CustomObjectIndexerAttribute: 9a22284fe3817be447336de3de66b15e -> 
  custom:container-demuxer-webm: 4f35f7cbe854078d1ac9338744f61a02 -> 
  custom:scripting/monoscript/fileName/FloatingJoystick.cs: 5ad2d6fd170f0b909c85d006ae763629 -> 516035e2342d093d90fb2bd11ff41e68
  custom:container-muxer-webm: aa71ff27fc2769a1b78a27578f13a17b -> 
  custom:video-decoder-webm-vp8: 9c59270c3fd7afecdb556c50c9e8de78 -> 
  custom:SearchIndexIgnoredProperties: e643bd26f0fe6173181afceb89e7c659 -> 
  custom:AudioImporter_EditorPlatform: d09bf68614088b80899f8185d706f6e7 -> 
  custom:scripting/monoscript/fileName/VariableJoystickEditor.cs: 75e1b4b36e9f7518c61272653e1a297a -> fee5e077b31909c4bba3d7329fdefd90
  custom:video-encoder-webm-vp8: eb34c28f22e8b96e1ab97ce403110664 -> 
  custom:audio-decoder-ogg-vorbis: bf7c407c2cedff20999df2af8eb42d56 -> 
  custom:scripting/monoscript/fileName/FloatingJoystickEditor.cs: 77573a9156cb44c5d5d617fe80c220c5 -> 20a94efd412f2009d4e6722fe16a3051
  custom:scripting/monoscript/fileName/VariableJoystick.cs: 39f03dc32328afe11ebf2977b1593dda -> 6a21e483212ef280c767be5522709419
  custom:scripting/monoscript/fileName/FixedJoystick.cs: 475c6e1ca66c78aed6c49f6039c5734b -> ceaced0056a716bd82a85e0f3d488361
  custom:scripting/monoscript/fileName/Joystick.cs: efd34e62618f1aa62f745acbb935ce75 -> c13c665079b3ba178e3a8ef05c62070b
  custom:scripting/monoscript/fileName/anim1.cs: 05e913852816f4c6fcc126bf7ffb4ba9 -> 10b52e4432610f56cea187ac60513ec2
  custom:audio-encoder-webm-vorbis: bf7c407c2cedff20999df2af8eb42d56 -> 
  custom:scripting/precompiled-assembly-types:Assembly-CSharp-Editor: e324ca911fd2e13b09c6e0773d0a7dd5 -> f7c7739fc303cafe5879da7512dd0656
  custom:scripting/precompiled-assembly-types:Assembly-CSharp: 5800158f9d17694f0d06897d93c96a52 -> 3c8e6843d631723f8999220926f3c146
  custom:scripting/monoscript/fileName/Tigger.cs: ca771e08fd5c5c2e7d1ac379e6d4b2ec -> 387f4c79276ee1729c01db13ee9675a3
========================================================================
Received Import Request.
  Time since last request: 203.571797 seconds.
  path: Assets/Full game .prefab
  artifactKey: Guid(1c000a1c4d8124b4c985937123d06b4a) Importer(815301076,1909f56bfc062723c751e8b465ee728b)
Start importing Assets/Full game .prefab using Guid(1c000a1c4d8124b4c985937123d06b4a) Importer(815301076,1909f56bfc062723c751e8b465ee728b) [PhysX] Initialized MultithreadedTaskDispatcher with 8 workers.
[PhysX] Initialized MultithreadedTaskDispatcher with 8 workers.
 -> (artifact id: 'a796d44e9bc9093a1c840946d155e3aa') in 12.886198 seconds
Number of updated asset objects reloaded before import = 0
Number of asset objects unloaded after import = 3124
========================================================================
Received Prepare
Caller must complete domain reload
Begin MonoManager ReloadAssembly
- Loaded All Assemblies, in  1.502 seconds
Native extension for WindowsStandalone target not found
Native extension for Android target not found
Native extension for WebGL target not found
Mono: successfully reloaded assembly
- Finished resetting the current domain, in 17.536 seconds
Domain Reload Profiling: 19017ms
	BeginReloadAssembly (379ms)
		ExecutionOrderSort (0ms)
		DisableScriptedObjects (9ms)
		BackupInstance (0ms)
		ReleaseScriptingObjects (0ms)
		CreateAndSetChildDomain (56ms)
	RebuildCommonClasses (73ms)
	RebuildNativeTypeToScriptingClass (16ms)
	initialDomainReloadingComplete (100ms)
	LoadAllAssembliesAndSetupDomain (914ms)
		LoadAssemblies (1129ms)
		RebuildTransferFunctionScriptingTraits (0ms)
		AnalyzeDomain (36ms)
			TypeCache.Refresh (12ms)
				TypeCache.ScanAssembly (1ms)
			ScanForSourceGeneratedMonoScriptInfo (13ms)
			ResolveRequiredComponents (10ms)
	FinalizeReload (17537ms)
		ReleaseScriptCaches (0ms)
		RebuildScriptCaches (0ms)
		SetupLoadedEditorAssemblies (1036ms)
			LogAssemblyErrors (0ms)
			InitializePlatformSupportModulesInManaged (55ms)
			SetLoadedEditorAssemblies (6ms)
			RefreshPlugins (0ms)
			BeforeProcessingInitializeOnLoad (153ms)
			ProcessInitializeOnLoadAttributes (736ms)
			ProcessInitializeOnLoadMethodAttributes (34ms)
			AfterProcessingInitializeOnLoad (53ms)
			EditorAssembliesLoaded (0ms)
		ExecutionOrderSort2 (0ms)
		AwakeInstancesAfterBackupRestoration (9ms)
Script is not up to date after domain reload: guid(eb6b26cd849fbd044a505453dbfc978e) path("Assets/Scripts/Gan.cs") state(2)
Refreshing native plugins compatible for Editor in 373.99 ms, found 3 plugins.
Preloading 0 native plugins for Editor in 0.00 ms.
Unloading 3536 Unused Serialized files (Serialized files now loaded: 0)
Unloading 23 unused Assets / (78.9 KB). Loaded Objects now: 4110.
Memory consumption went from 139.1 MB to 139.0 MB.
Total: 29.293900 ms (FindLiveObjects: 0.384000 ms CreateObjectMapping: 0.260800 ms MarkObjects: 28.363600 ms  DeleteObjects: 0.284000 ms)

Prepare: number of updated asset objects reloaded= 0
AssetImportParameters requested are different than current active one (requested -> active):
  custom:scripting/monoscript/fileName/JoystickEditor.cs: 31d892737481409a0ec21b3641383a31 -> 406670d2fe263f5d7c582f8389f2b844
  custom:scripting/monoscript/fileName/Main.cs: bcc0f9052176b2186a7114234ef44a73 -> c093076ba5753d7bec74a8a751ffb653
  custom:container-demuxer-ogg: 62fdf1f143b41e24485cea50d1cbac27 -> 
  custom:scripting/monoscript/fileName/JoystickPlayerExample.cs: b49ed73c06895c00887fd43b2fe13656 -> 2ec96b3abad264f4393a91b76b487cb7
  custom:scripting/monoscript/fileName/JoystickSetterExample.cs: 959f5a79520f07bdb5268f1ee0033001 -> 9ef810522df7cdd512f52a98ae7a04f9
  custom:video-decoder-ogg-theora: a1e56fd34408186e4bbccfd4996cb3dc -> 
  custom:framework-win-MediaFoundation: 216162199b28c13a410421893ffa2e32 -> 
  custom:scripting/monoscript/fileName/DynamicJoystickEditor.cs: 022b5797234952c5d7bc35d1bd14e1f1 -> f92673ca2cd03c2f140cf81ccfee7ccb
  custom:scripting/monoscript/fileName/DynamicJoystick.cs: 0ab293606d3fa5fd65cbd65e1d06c400 -> fa6fdbd0de9beec4a70bc764c26bb796
  custom:scripting/monoscript/fileName/PlayerController.cs: 807d658ab5c9f400331841a7af990d8e -> c6d6334dbee39969b7eddb0b08d8203e
  custom:CustomObjectIndexerAttribute: 9a22284fe3817be447336de3de66b15e -> 
  custom:container-demuxer-webm: 4f35f7cbe854078d1ac9338744f61a02 -> 
  custom:scripting/monoscript/fileName/FloatingJoystick.cs: 5ad2d6fd170f0b909c85d006ae763629 -> 516035e2342d093d90fb2bd11ff41e68
  custom:container-muxer-webm: aa71ff27fc2769a1b78a27578f13a17b -> 
  custom:video-decoder-webm-vp8: 9c59270c3fd7afecdb556c50c9e8de78 -> 
  custom:SearchIndexIgnoredProperties: e643bd26f0fe6173181afceb89e7c659 -> 
  custom:AudioImporter_EditorPlatform: d09bf68614088b80899f8185d706f6e7 -> 
  custom:scripting/monoscript/fileName/VariableJoystickEditor.cs: 75e1b4b36e9f7518c61272653e1a297a -> fee5e077b31909c4bba3d7329fdefd90
  custom:video-encoder-webm-vp8: eb34c28f22e8b96e1ab97ce403110664 -> 
  custom:audio-decoder-ogg-vorbis: bf7c407c2cedff20999df2af8eb42d56 -> 
  custom:scripting/monoscript/fileName/mune.cs: 854be57a593bde74a27cc6a4e94cf976 -> b21687ddb03d73bd9f0c1daecb9714de
  custom:scripting/monoscript/fileName/FloatingJoystickEditor.cs: 77573a9156cb44c5d5d617fe80c220c5 -> 20a94efd412f2009d4e6722fe16a3051
  custom:scripting/monoscript/fileName/VariableJoystick.cs: 39f03dc32328afe11ebf2977b1593dda -> 6a21e483212ef280c767be5522709419
  custom:scripting/monoscript/fileName/FixedJoystick.cs: 475c6e1ca66c78aed6c49f6039c5734b -> ceaced0056a716bd82a85e0f3d488361
  custom:scripting/monoscript/fileName/Joystick.cs: efd34e62618f1aa62f745acbb935ce75 -> c13c665079b3ba178e3a8ef05c62070b
  custom:scripting/monoscript/fileName/anim1.cs: 05e913852816f4c6fcc126bf7ffb4ba9 -> 10b52e4432610f56cea187ac60513ec2
  custom:audio-encoder-webm-vorbis: bf7c407c2cedff20999df2af8eb42d56 -> 
  custom:scripting/precompiled-assembly-types:Assembly-CSharp-Editor: e324ca911fd2e13b09c6e0773d0a7dd5 -> f7c7739fc303cafe5879da7512dd0656
  custom:scripting/monoscript/fileName/Rotation.cs: 4761afa5daf9234473e31a02ede334c2 -> 1be1d08457a69d09528d40d7c8df2473
  custom:scripting/monoscript/fileName/Jump.cs: 5b090d859ab09be631dc3b0f203f9571 -> d93a52a180fbbe603a59e9aa6da73c83
  custom:scripting/precompiled-assembly-types:Assembly-CSharp: a74e82d7cb6b6191a2867690e66f61e0 -> 3c8e6843d631723f8999220926f3c146
  custom:scripting/monoscript/fileName/Tigger.cs: ca771e08fd5c5c2e7d1ac379e6d4b2ec -> 387f4c79276ee1729c01db13ee9675a3
========================================================================
Received Prepare
Caller must complete domain reload
Begin MonoManager ReloadAssembly
- Loaded All Assemblies, in  3.413 seconds
Native extension for WindowsStandalone target not found
Native extension for Android target not found
Native extension for WebGL target not found
Mono: successfully reloaded assembly
- Finished resetting the current domain, in 16.998 seconds
Domain Reload Profiling: 20389ms
	BeginReloadAssembly (578ms)
		ExecutionOrderSort (0ms)
		DisableScriptedObjects (11ms)
		BackupInstance (0ms)
		ReleaseScriptingObjects (0ms)
		CreateAndSetChildDomain (79ms)
	RebuildCommonClasses (62ms)
	RebuildNativeTypeToScriptingClass (16ms)
	initialDomainReloadingComplete (91ms)
	LoadAllAssembliesAndSetupDomain (2643ms)
		LoadAssemblies (3009ms)
		RebuildTransferFunctionScriptingTraits (0ms)
		AnalyzeDomain (37ms)
			TypeCache.Refresh (13ms)
				TypeCache.ScanAssembly (2ms)
			ScanForSourceGeneratedMonoScriptInfo (12ms)
			ResolveRequiredComponents (10ms)
	FinalizeReload (16999ms)
		ReleaseScriptCaches (0ms)
		RebuildScriptCaches (0ms)
		SetupLoadedEditorAssemblies (1061ms)
			LogAssemblyErrors (0ms)
			InitializePlatformSupportModulesInManaged (55ms)
			SetLoadedEditorAssemblies (6ms)
			RefreshPlugins (0ms)
			BeforeProcessingInitializeOnLoad (164ms)
			ProcessInitializeOnLoadAttributes (762ms)
			ProcessInitializeOnLoadMethodAttributes (27ms)
			AfterProcessingInitializeOnLoad (47ms)
			EditorAssembliesLoaded (0ms)
		ExecutionOrderSort2 (0ms)
		AwakeInstancesAfterBackupRestoration (9ms)
Refreshing native plugins compatible for Editor in 21.01 ms, found 3 plugins.
Preloading 0 native plugins for Editor in 0.00 ms.
Unloading 3537 Unused Serialized files (Serialized files now loaded: 0)
Unloading 14 unused Assets / (75.1 KB). Loaded Objects now: 4114.
Memory consumption went from 139.1 MB to 139.0 MB.
Total: 7.604000 ms (FindLiveObjects: 0.565900 ms CreateObjectMapping: 0.206600 ms MarkObjects: 6.662800 ms  DeleteObjects: 0.166900 ms)

Prepare: number of updated asset objects reloaded= 0
AssetImportParameters requested are different than current active one (requested -> active):
  custom:scripting/monoscript/fileName/JoystickEditor.cs: 31d892737481409a0ec21b3641383a31 -> 406670d2fe263f5d7c582f8389f2b844
  custom:scripting/monoscript/fileName/Main.cs: bcc0f9052176b2186a7114234ef44a73 -> c093076ba5753d7bec74a8a751ffb653
  custom:container-demuxer-ogg: 62fdf1f143b41e24485cea50d1cbac27 -> 
  custom:scripting/monoscript/fileName/JoystickPlayerExample.cs: b49ed73c06895c00887fd43b2fe13656 -> 2ec96b3abad264f4393a91b76b487cb7
  custom:scripting/monoscript/fileName/JoystickSetterExample.cs: 959f5a79520f07bdb5268f1ee0033001 -> 9ef810522df7cdd512f52a98ae7a04f9
  custom:video-decoder-ogg-theora: a1e56fd34408186e4bbccfd4996cb3dc -> 
  custom:framework-win-MediaFoundation: 216162199b28c13a410421893ffa2e32 -> 
  custom:scripting/monoscript/fileName/DynamicJoystickEditor.cs: 022b5797234952c5d7bc35d1bd14e1f1 -> f92673ca2cd03c2f140cf81ccfee7ccb
  custom:scripting/monoscript/fileName/DynamicJoystick.cs: 0ab293606d3fa5fd65cbd65e1d06c400 -> fa6fdbd0de9beec4a70bc764c26bb796
  custom:scripting/monoscript/fileName/PlayerController.cs: 807d658ab5c9f400331841a7af990d8e -> c6d6334dbee39969b7eddb0b08d8203e
  custom:CustomObjectIndexerAttribute: 9a22284fe3817be447336de3de66b15e -> 
  custom:container-demuxer-webm: 4f35f7cbe854078d1ac9338744f61a02 -> 
  custom:scripting/monoscript/fileName/FloatingJoystick.cs: 5ad2d6fd170f0b909c85d006ae763629 -> 516035e2342d093d90fb2bd11ff41e68
  custom:container-muxer-webm: aa71ff27fc2769a1b78a27578f13a17b -> 
  custom:video-decoder-webm-vp8: 9c59270c3fd7afecdb556c50c9e8de78 -> 
  custom:SearchIndexIgnoredProperties: e643bd26f0fe6173181afceb89e7c659 -> 
  custom:scripting/monoscript/fileName/Gan.cs: 10b52e4432610f56cea187ac60513ec2 -> 
  custom:AudioImporter_EditorPlatform: d09bf68614088b80899f8185d706f6e7 -> 
  custom:scripting/monoscript/fileName/VariableJoystickEditor.cs: 75e1b4b36e9f7518c61272653e1a297a -> fee5e077b31909c4bba3d7329fdefd90
  custom:video-encoder-webm-vp8: eb34c28f22e8b96e1ab97ce403110664 -> 
  custom:audio-decoder-ogg-vorbis: bf7c407c2cedff20999df2af8eb42d56 -> 
  custom:scripting/monoscript/fileName/mune.cs: 854be57a593bde74a27cc6a4e94cf976 -> b21687ddb03d73bd9f0c1daecb9714de
  custom:scripting/monoscript/fileName/FloatingJoystickEditor.cs: 77573a9156cb44c5d5d617fe80c220c5 -> 20a94efd412f2009d4e6722fe16a3051
  custom:scripting/monoscript/fileName/VariableJoystick.cs: 39f03dc32328afe11ebf2977b1593dda -> 6a21e483212ef280c767be5522709419
  custom:scripting/monoscript/fileName/FixedJoystick.cs: 475c6e1ca66c78aed6c49f6039c5734b -> ceaced0056a716bd82a85e0f3d488361
  custom:scripting/monoscript/fileName/Joystick.cs: efd34e62618f1aa62f745acbb935ce75 -> c13c665079b3ba178e3a8ef05c62070b
  custom:scripting/monoscript/fileName/anim1.cs: 05e913852816f4c6fcc126bf7ffb4ba9 -> 10b52e4432610f56cea187ac60513ec2
  custom:audio-encoder-webm-vorbis: bf7c407c2cedff20999df2af8eb42d56 -> 
  custom:scripting/precompiled-assembly-types:Assembly-CSharp-Editor: e324ca911fd2e13b09c6e0773d0a7dd5 -> f7c7739fc303cafe5879da7512dd0656
  custom:scripting/monoscript/fileName/Rotation.cs: 4761afa5daf9234473e31a02ede334c2 -> 1be1d08457a69d09528d40d7c8df2473
  custom:scripting/monoscript/fileName/Jump.cs: 5b090d859ab09be631dc3b0f203f9571 -> d93a52a180fbbe603a59e9aa6da73c83
  custom:scripting/precompiled-assembly-types:Assembly-CSharp: bd7ccfc1af8547b17adea1ad7f49f4ac -> 3c8e6843d631723f8999220926f3c146
  custom:scripting/monoscript/fileName/Tigger.cs: ca771e08fd5c5c2e7d1ac379e6d4b2ec -> 387f4c79276ee1729c01db13ee9675a3
========================================================================
Received Prepare
Caller must complete domain reload
Begin MonoManager ReloadAssembly
- Loaded All Assemblies, in  1.201 seconds
Native extension for WindowsStandalone target not found
Native extension for Android target not found
Native extension for WebGL target not found
Mono: successfully reloaded assembly
- Finished resetting the current domain, in  2.559 seconds
Domain Reload Profiling: 3738ms
	BeginReloadAssembly (314ms)
		ExecutionOrderSort (0ms)
		DisableScriptedObjects (7ms)
		BackupInstance (0ms)
		ReleaseScriptingObjects (0ms)
		CreateAndSetChildDomain (47ms)
	RebuildCommonClasses (62ms)
	RebuildNativeTypeToScriptingClass (16ms)
	initialDomainReloadingComplete (83ms)
	LoadAllAssembliesAndSetupDomain (704ms)
		LoadAssemblies (861ms)
		RebuildTransferFunctionScriptingTraits (0ms)
		AnalyzeDomain (43ms)
			TypeCache.Refresh (18ms)
				TypeCache.ScanAssembly (3ms)
			ScanForSourceGeneratedMonoScriptInfo (14ms)
			ResolveRequiredComponents (9ms)
	FinalizeReload (2559ms)
		ReleaseScriptCaches (0ms)
		RebuildScriptCaches (0ms)
		SetupLoadedEditorAssemblies (1007ms)
			LogAssemblyErrors (0ms)
			InitializePlatformSupportModulesInManaged (50ms)
			SetLoadedEditorAssemblies (6ms)
			RefreshPlugins (0ms)
			BeforeProcessingInitializeOnLoad (172ms)
			ProcessInitializeOnLoadAttributes (701ms)
			ProcessInitializeOnLoadMethodAttributes (31ms)
			AfterProcessingInitializeOnLoad (46ms)
			EditorAssembliesLoaded (0ms)
		ExecutionOrderSort2 (0ms)
		AwakeInstancesAfterBackupRestoration (9ms)
Refreshing native plugins compatible for Editor in 21.63 ms, found 3 plugins.
Preloading 0 native plugins for Editor in 0.00 ms.
Unloading 3537 Unused Serialized files (Serialized files now loaded: 0)
Unloading 14 unused Assets / (83.2 KB). Loaded Objects now: 4117.
Memory consumption went from 139.1 MB to 139.0 MB.
Total: 7.954300 ms (FindLiveObjects: 0.617900 ms CreateObjectMapping: 0.253500 ms MarkObjects: 6.913600 ms  DeleteObjects: 0.166800 ms)

Prepare: number of updated asset objects reloaded= 0
AssetImportParameters requested are different than current active one (requested -> active):
  custom:scripting/monoscript/fileName/JoystickEditor.cs: 31d892737481409a0ec21b3641383a31 -> 406670d2fe263f5d7c582f8389f2b844
  custom:scripting/monoscript/fileName/Main.cs: bcc0f9052176b2186a7114234ef44a73 -> c093076ba5753d7bec74a8a751ffb653
  custom:container-demuxer-ogg: 62fdf1f143b41e24485cea50d1cbac27 -> 
  custom:scripting/monoscript/fileName/JoystickPlayerExample.cs: b49ed73c06895c00887fd43b2fe13656 -> 2ec96b3abad264f4393a91b76b487cb7
  custom:scripting/monoscript/fileName/JoystickSetterExample.cs: 959f5a79520f07bdb5268f1ee0033001 -> 9ef810522df7cdd512f52a98ae7a04f9
  custom:video-decoder-ogg-theora: a1e56fd34408186e4bbccfd4996cb3dc -> 
  custom:framework-win-MediaFoundation: 216162199b28c13a410421893ffa2e32 -> 
  custom:scripting/monoscript/fileName/DynamicJoystickEditor.cs: 022b5797234952c5d7bc35d1bd14e1f1 -> f92673ca2cd03c2f140cf81ccfee7ccb
  custom:scripting/monoscript/fileName/DynamicJoystick.cs: 0ab293606d3fa5fd65cbd65e1d06c400 -> fa6fdbd0de9beec4a70bc764c26bb796
  custom:scripting/monoscript/fileName/PlayerController.cs: 807d658ab5c9f400331841a7af990d8e -> c6d6334dbee39969b7eddb0b08d8203e
  custom:CustomObjectIndexerAttribute: 9a22284fe3817be447336de3de66b15e -> 
  custom:container-demuxer-webm: 4f35f7cbe854078d1ac9338744f61a02 -> 
  custom:scripting/monoscript/fileName/FloatingJoystick.cs: 5ad2d6fd170f0b909c85d006ae763629 -> 516035e2342d093d90fb2bd11ff41e68
  custom:container-muxer-webm: aa71ff27fc2769a1b78a27578f13a17b -> 
  custom:video-decoder-webm-vp8: 9c59270c3fd7afecdb556c50c9e8de78 -> 
  custom:SearchIndexIgnoredProperties: e643bd26f0fe6173181afceb89e7c659 -> 
  custom:scripting/monoscript/fileName/Gan.cs: 10b52e4432610f56cea187ac60513ec2 -> 
  custom:AudioImporter_EditorPlatform: d09bf68614088b80899f8185d706f6e7 -> 
  custom:scripting/monoscript/fileName/VariableJoystickEditor.cs: 75e1b4b36e9f7518c61272653e1a297a -> fee5e077b31909c4bba3d7329fdefd90
  custom:scripting/monoscript/fileName/Walk.cs: d93a52a180fbbe603a59e9aa6da73c83 -> 
  custom:video-encoder-webm-vp8: eb34c28f22e8b96e1ab97ce403110664 -> 
  custom:audio-decoder-ogg-vorbis: bf7c407c2cedff20999df2af8eb42d56 -> 
  custom:scripting/monoscript/fileName/mune.cs: 854be57a593bde74a27cc6a4e94cf976 -> b21687ddb03d73bd9f0c1daecb9714de
  custom:scripting/monoscript/fileName/FloatingJoystickEditor.cs: 77573a9156cb44c5d5d617fe80c220c5 -> 20a94efd412f2009d4e6722fe16a3051
  custom:scripting/monoscript/fileName/VariableJoystick.cs: 39f03dc32328afe11ebf2977b1593dda -> 6a21e483212ef280c767be5522709419
  custom:scripting/monoscript/fileName/FixedJoystick.cs: 475c6e1ca66c78aed6c49f6039c5734b -> ceaced0056a716bd82a85e0f3d488361
  custom:scripting/monoscript/fileName/Joystick.cs: efd34e62618f1aa62f745acbb935ce75 -> c13c665079b3ba178e3a8ef05c62070b
  custom:scripting/monoscript/fileName/anim1.cs: 05e913852816f4c6fcc126bf7ffb4ba9 -> 10b52e4432610f56cea187ac60513ec2
  custom:audio-encoder-webm-vorbis: bf7c407c2cedff20999df2af8eb42d56 -> 
  custom:scripting/precompiled-assembly-types:Assembly-CSharp-Editor: e324ca911fd2e13b09c6e0773d0a7dd5 -> f7c7739fc303cafe5879da7512dd0656
  custom:scripting/monoscript/fileName/Rotation.cs: 4761afa5daf9234473e31a02ede334c2 -> 1be1d08457a69d09528d40d7c8df2473
  custom:scripting/monoscript/fileName/Jump.cs: 5b090d859ab09be631dc3b0f203f9571 -> d93a52a180fbbe603a59e9aa6da73c83
  custom:scripting/precompiled-assembly-types:Assembly-CSharp: 084b867e174ec096efde7b256c6cf603 -> 3c8e6843d631723f8999220926f3c146
  custom:scripting/monoscript/fileName/Tigger.cs: ca771e08fd5c5c2e7d1ac379e6d4b2ec -> 387f4c79276ee1729c01db13ee9675a3
========================================================================
Received Prepare
Caller must complete domain reload
Begin MonoManager ReloadAssembly
- Loaded All Assemblies, in  1.219 seconds
Native extension for WindowsStandalone target not found
Native extension for Android target not found
Native extension for WebGL target not found
Mono: successfully reloaded assembly
- Finished resetting the current domain, in  4.307 seconds
Domain Reload Profiling: 5503ms
	BeginReloadAssembly (361ms)
		ExecutionOrderSort (0ms)
		DisableScriptedObjects (7ms)
		BackupInstance (0ms)
		ReleaseScriptingObjects (0ms)
		CreateAndSetChildDomain (59ms)
	RebuildCommonClasses (70ms)
	RebuildNativeTypeToScriptingClass (15ms)
	initialDomainReloadingComplete (99ms)
	LoadAllAssembliesAndSetupDomain (650ms)
		LoadAssemblies (860ms)
		RebuildTransferFunctionScriptingTraits (0ms)
		AnalyzeDomain (22ms)
			TypeCache.Refresh (8ms)
				TypeCache.ScanAssembly (0ms)
			ScanForSourceGeneratedMonoScriptInfo (0ms)
			ResolveRequiredComponents (12ms)
	FinalizeReload (4308ms)
		ReleaseScriptCaches (0ms)
		RebuildScriptCaches (0ms)
		SetupLoadedEditorAssemblies (1127ms)
			LogAssemblyErrors (0ms)
			InitializePlatformSupportModulesInManaged (59ms)
			SetLoadedEditorAssemblies (6ms)
			RefreshPlugins (0ms)
			BeforeProcessingInitializeOnLoad (184ms)
			ProcessInitializeOnLoadAttributes (790ms)
			ProcessInitializeOnLoadMethodAttributes (34ms)
			AfterProcessingInitializeOnLoad (54ms)
			EditorAssembliesLoaded (0ms)
		ExecutionOrderSort2 (0ms)
		AwakeInstancesAfterBackupRestoration (14ms)
Refreshing native plugins compatible for Editor in 20.92 ms, found 3 plugins.
Preloading 0 native plugins for Editor in 0.00 ms.
Unloading 3537 Unused Serialized files (Serialized files now loaded: 0)
Unloading 14 unused Assets / (75.1 KB). Loaded Objects now: 4120.
Memory consumption went from 139.1 MB to 139.0 MB.
Total: 7.227600 ms (FindLiveObjects: 0.569400 ms CreateObjectMapping: 0.173400 ms MarkObjects: 6.299700 ms  DeleteObjects: 0.182900 ms)

Prepare: number of updated asset objects reloaded= 0
AssetImportParameters requested are different than current active one (requested -> active):
  custom:scripting/monoscript/fileName/JoystickEditor.cs: 31d892737481409a0ec21b3641383a31 -> 406670d2fe263f5d7c582f8389f2b844
  custom:scripting/monoscript/fileName/Main.cs: bcc0f9052176b2186a7114234ef44a73 -> c093076ba5753d7bec74a8a751ffb653
  custom:container-demuxer-ogg: 62fdf1f143b41e24485cea50d1cbac27 -> 
  custom:scripting/monoscript/fileName/JoystickPlayerExample.cs: b49ed73c06895c00887fd43b2fe13656 -> 2ec96b3abad264f4393a91b76b487cb7
  custom:scripting/monoscript/fileName/JoystickSetterExample.cs: 959f5a79520f07bdb5268f1ee0033001 -> 9ef810522df7cdd512f52a98ae7a04f9
  custom:video-decoder-ogg-theora: a1e56fd34408186e4bbccfd4996cb3dc -> 
  custom:framework-win-MediaFoundation: 216162199b28c13a410421893ffa2e32 -> 
  custom:scripting/monoscript/fileName/DynamicJoystickEditor.cs: 022b5797234952c5d7bc35d1bd14e1f1 -> f92673ca2cd03c2f140cf81ccfee7ccb
  custom:scripting/monoscript/fileName/DynamicJoystick.cs: 0ab293606d3fa5fd65cbd65e1d06c400 -> fa6fdbd0de9beec4a70bc764c26bb796
  custom:scripting/monoscript/fileName/PlayerController.cs: 807d658ab5c9f400331841a7af990d8e -> c6d6334dbee39969b7eddb0b08d8203e
  custom:CustomObjectIndexerAttribute: 9a22284fe3817be447336de3de66b15e -> 
  custom:container-demuxer-webm: 4f35f7cbe854078d1ac9338744f61a02 -> 
  custom:scripting/monoscript/fileName/FloatingJoystick.cs: 5ad2d6fd170f0b909c85d006ae763629 -> 516035e2342d093d90fb2bd11ff41e68
  custom:container-muxer-webm: aa71ff27fc2769a1b78a27578f13a17b -> 
  custom:video-decoder-webm-vp8: 9c59270c3fd7afecdb556c50c9e8de78 -> 
  custom:SearchIndexIgnoredProperties: e643bd26f0fe6173181afceb89e7c659 -> 
  custom:scripting/monoscript/fileName/Gan.cs: 10b52e4432610f56cea187ac60513ec2 -> 
  custom:AudioImporter_EditorPlatform: d09bf68614088b80899f8185d706f6e7 -> 
  custom:scripting/monoscript/fileName/VariableJoystickEditor.cs: 75e1b4b36e9f7518c61272653e1a297a -> fee5e077b31909c4bba3d7329fdefd90
  custom:scripting/monoscript/fileName/Walk.cs: d93a52a180fbbe603a59e9aa6da73c83 -> 
  custom:video-encoder-webm-vp8: eb34c28f22e8b96e1ab97ce403110664 -> 
  custom:audio-decoder-ogg-vorbis: bf7c407c2cedff20999df2af8eb42d56 -> 
  custom:scripting/monoscript/fileName/mune.cs: 854be57a593bde74a27cc6a4e94cf976 -> b21687ddb03d73bd9f0c1daecb9714de
  custom:scripting/monoscript/fileName/FloatingJoystickEditor.cs: 77573a9156cb44c5d5d617fe80c220c5 -> 20a94efd412f2009d4e6722fe16a3051
  custom:scripting/monoscript/fileName/VariableJoystick.cs: 39f03dc32328afe11ebf2977b1593dda -> 6a21e483212ef280c767be5522709419
  custom:scripting/monoscript/fileName/FixedJoystick.cs: 475c6e1ca66c78aed6c49f6039c5734b -> ceaced0056a716bd82a85e0f3d488361
  custom:scripting/monoscript/fileName/Joystick.cs: efd34e62618f1aa62f745acbb935ce75 -> c13c665079b3ba178e3a8ef05c62070b
  custom:scripting/monoscript/fileName/anim1.cs: 05e913852816f4c6fcc126bf7ffb4ba9 -> 10b52e4432610f56cea187ac60513ec2
  custom:audio-encoder-webm-vorbis: bf7c407c2cedff20999df2af8eb42d56 -> 
  custom:scripting/precompiled-assembly-types:Assembly-CSharp-Editor: e324ca911fd2e13b09c6e0773d0a7dd5 -> f7c7739fc303cafe5879da7512dd0656
  custom:scripting/monoscript/fileName/Rotation.cs: 4761afa5daf9234473e31a02ede334c2 -> 1be1d08457a69d09528d40d7c8df2473
  custom:scripting/monoscript/fileName/Jump.cs: 5b090d859ab09be631dc3b0f203f9571 -> d93a52a180fbbe603a59e9aa6da73c83
  custom:scripting/precompiled-assembly-types:Assembly-CSharp: 084b867e174ec096efde7b256c6cf603 -> 3c8e6843d631723f8999220926f3c146
  custom:scripting/monoscript/fileName/Tigger.cs: ca771e08fd5c5c2e7d1ac379e6d4b2ec -> 387f4c79276ee1729c01db13ee9675a3
========================================================================
Received Prepare
Caller must complete domain reload
Begin MonoManager ReloadAssembly
- Loaded All Assemblies, in  2.536 seconds
Native extension for WindowsStandalone target not found
Native extension for Android target not found
Native extension for WebGL target not found
Mono: successfully reloaded assembly
- Finished resetting the current domain, in 42.556 seconds
Domain Reload Profiling: 45071ms
	BeginReloadAssembly (304ms)
		ExecutionOrderSort (0ms)
		DisableScriptedObjects (8ms)
		BackupInstance (0ms)
		ReleaseScriptingObjects (0ms)
		CreateAndSetChildDomain (37ms)
	RebuildCommonClasses (50ms)
	RebuildNativeTypeToScriptingClass (18ms)
	initialDomainReloadingComplete (102ms)
	LoadAllAssembliesAndSetupDomain (2041ms)
		LoadAssemblies (2207ms)
		RebuildTransferFunctionScriptingTraits (0ms)
		AnalyzeDomain (32ms)
			TypeCache.Refresh (11ms)
				TypeCache.ScanAssembly (1ms)
			ScanForSourceGeneratedMonoScriptInfo (10ms)
			ResolveRequiredComponents (9ms)
	FinalizeReload (42556ms)
		ReleaseScriptCaches (0ms)
		RebuildScriptCaches (0ms)
		SetupLoadedEditorAssemblies (1189ms)
			LogAssemblyErrors (0ms)
			InitializePlatformSupportModulesInManaged (61ms)
			SetLoadedEditorAssemblies (7ms)
			RefreshPlugins (0ms)
			BeforeProcessingInitializeOnLoad (183ms)
			ProcessInitializeOnLoadAttributes (844ms)
			ProcessInitializeOnLoadMethodAttributes (35ms)
			AfterProcessingInitializeOnLoad (57ms)
			EditorAssembliesLoaded (0ms)
		ExecutionOrderSort2 (0ms)
		AwakeInstancesAfterBackupRestoration (11ms)
Refreshing native plugins compatible for Editor in 17.18 ms, found 3 plugins.
Preloading 0 native plugins for Editor in 0.00 ms.
Unloading 3537 Unused Serialized files (Serialized files now loaded: 0)
Unloading 15 unused Assets / (75.6 KB). Loaded Objects now: 4123.
Memory consumption went from 139.1 MB to 139.0 MB.
Total: 5.128600 ms (FindLiveObjects: 0.454400 ms CreateObjectMapping: 0.377900 ms MarkObjects: 4.164400 ms  DeleteObjects: 0.130700 ms)

Prepare: number of updated asset objects reloaded= 0
AssetImportParameters requested are different than current active one (requested -> active):
  custom:scripting/monoscript/fileName/JoystickEditor.cs: 31d892737481409a0ec21b3641383a31 -> 406670d2fe263f5d7c582f8389f2b844
  custom:scripting/monoscript/fileName/Main.cs: bcc0f9052176b2186a7114234ef44a73 -> c093076ba5753d7bec74a8a751ffb653
  custom:container-demuxer-ogg: 62fdf1f143b41e24485cea50d1cbac27 -> 
  custom:scripting/monoscript/fileName/JoystickPlayerExample.cs: b49ed73c06895c00887fd43b2fe13656 -> 2ec96b3abad264f4393a91b76b487cb7
  custom:scripting/monoscript/fileName/JoystickSetterExample.cs: 959f5a79520f07bdb5268f1ee0033001 -> 9ef810522df7cdd512f52a98ae7a04f9
  custom:video-decoder-ogg-theora: a1e56fd34408186e4bbccfd4996cb3dc -> 
  custom:framework-win-MediaFoundation: 216162199b28c13a410421893ffa2e32 -> 
  custom:scripting/monoscript/fileName/DynamicJoystickEditor.cs: 022b5797234952c5d7bc35d1bd14e1f1 -> f92673ca2cd03c2f140cf81ccfee7ccb
  custom:scripting/monoscript/fileName/DynamicJoystick.cs: 0ab293606d3fa5fd65cbd65e1d06c400 -> fa6fdbd0de9beec4a70bc764c26bb796
  custom:scripting/monoscript/fileName/PlayerController.cs: 807d658ab5c9f400331841a7af990d8e -> c6d6334dbee39969b7eddb0b08d8203e
  custom:CustomObjectIndexerAttribute: 9a22284fe3817be447336de3de66b15e -> 
  custom:container-demuxer-webm: 4f35f7cbe854078d1ac9338744f61a02 -> 
  custom:scripting/monoscript/fileName/FloatingJoystick.cs: 5ad2d6fd170f0b909c85d006ae763629 -> 516035e2342d093d90fb2bd11ff41e68
  custom:container-muxer-webm: aa71ff27fc2769a1b78a27578f13a17b -> 
  custom:video-decoder-webm-vp8: 9c59270c3fd7afecdb556c50c9e8de78 -> 
  custom:SearchIndexIgnoredProperties: e643bd26f0fe6173181afceb89e7c659 -> 
  custom:scripting/monoscript/fileName/Gan.cs: 10b52e4432610f56cea187ac60513ec2 -> 
  custom:AudioImporter_EditorPlatform: d09bf68614088b80899f8185d706f6e7 -> 
  custom:scripting/monoscript/fileName/VariableJoystickEditor.cs: 75e1b4b36e9f7518c61272653e1a297a -> fee5e077b31909c4bba3d7329fdefd90
  custom:scripting/monoscript/fileName/Walk.cs: b813fe3de227fa89db06a9337fee964a -> 
  custom:video-encoder-webm-vp8: eb34c28f22e8b96e1ab97ce403110664 -> 
  custom:audio-decoder-ogg-vorbis: bf7c407c2cedff20999df2af8eb42d56 -> 
  custom:scripting/monoscript/fileName/mune.cs: 854be57a593bde74a27cc6a4e94cf976 -> b21687ddb03d73bd9f0c1daecb9714de
  custom:scripting/monoscript/fileName/FloatingJoystickEditor.cs: 77573a9156cb44c5d5d617fe80c220c5 -> 20a94efd412f2009d4e6722fe16a3051
  custom:scripting/monoscript/fileName/VariableJoystick.cs: 39f03dc32328afe11ebf2977b1593dda -> 6a21e483212ef280c767be5522709419
  custom:scripting/monoscript/fileName/FixedJoystick.cs: 475c6e1ca66c78aed6c49f6039c5734b -> ceaced0056a716bd82a85e0f3d488361
  custom:scripting/monoscript/fileName/Joystick.cs: efd34e62618f1aa62f745acbb935ce75 -> c13c665079b3ba178e3a8ef05c62070b
  custom:scripting/monoscript/fileName/anim1.cs: 05e913852816f4c6fcc126bf7ffb4ba9 -> 10b52e4432610f56cea187ac60513ec2
  custom:audio-encoder-webm-vorbis: bf7c407c2cedff20999df2af8eb42d56 -> 
  custom:scripting/precompiled-assembly-types:Assembly-CSharp-Editor: e324ca911fd2e13b09c6e0773d0a7dd5 -> f7c7739fc303cafe5879da7512dd0656
  custom:scripting/monoscript/fileName/Rotation.cs: 4761afa5daf9234473e31a02ede334c2 -> 1be1d08457a69d09528d40d7c8df2473
  custom:scripting/monoscript/fileName/Jump.cs: 5b090d859ab09be631dc3b0f203f9571 -> d93a52a180fbbe603a59e9aa6da73c83
  custom:scripting/precompiled-assembly-types:Assembly-CSharp: 862900c9fab91a97142311342f1647c1 -> 3c8e6843d631723f8999220926f3c146
  custom:scripting/monoscript/fileName/Tigger.cs: ca771e08fd5c5c2e7d1ac379e6d4b2ec -> 387f4c79276ee1729c01db13ee9675a3
========================================================================
Received Prepare
Caller must complete domain reload
Begin MonoManager ReloadAssembly
- Loaded All Assemblies, in  1.069 seconds
Native extension for WindowsStandalone target not found
Native extension for Android target not found
Native extension for WebGL target not found
Mono: successfully reloaded assembly
- Finished resetting the current domain, in  2.352 seconds
Domain Reload Profiling: 3398ms
	BeginReloadAssembly (314ms)
		ExecutionOrderSort (0ms)
		DisableScriptedObjects (8ms)
		BackupInstance (0ms)
		ReleaseScriptingObjects (0ms)
		CreateAndSetChildDomain (47ms)
	RebuildCommonClasses (52ms)
	RebuildNativeTypeToScriptingClass (16ms)
	initialDomainReloadingComplete (83ms)
	LoadAllAssembliesAndSetupDomain (580ms)
		LoadAssemblies (762ms)
		RebuildTransferFunctionScriptingTraits (0ms)
		AnalyzeDomain (17ms)
			TypeCache.Refresh (7ms)
				TypeCache.ScanAssembly (0ms)
			ScanForSourceGeneratedMonoScriptInfo (0ms)
			ResolveRequiredComponents (9ms)
	FinalizeReload (2353ms)
		ReleaseScriptCaches (0ms)
		RebuildScriptCaches (0ms)
		SetupLoadedEditorAssemblies (912ms)
			LogAssemblyErrors (0ms)
			InitializePlatformSupportModulesInManaged (46ms)
			SetLoadedEditorAssemblies (6ms)
			RefreshPlugins (0ms)
			BeforeProcessingInitializeOnLoad (158ms)
			ProcessInitializeOnLoadAttributes (623ms)
			ProcessInitializeOnLoadMethodAttributes (27ms)
			AfterProcessingInitializeOnLoad (51ms)
			EditorAssembliesLoaded (0ms)
		ExecutionOrderSort2 (0ms)
		AwakeInstancesAfterBackupRestoration (9ms)
Refreshing native plugins compatible for Editor in 18.34 ms, found 3 plugins.
Preloading 0 native plugins for Editor in 0.00 ms.
Unloading 3537 Unused Serialized files (Serialized files now loaded: 0)
Unloading 14 unused Assets / (83.3 KB). Loaded Objects now: 4126.
Memory consumption went from 139.1 MB to 139.0 MB.
Total: 6.514600 ms (FindLiveObjects: 0.392800 ms CreateObjectMapping: 0.277800 ms MarkObjects: 5.658400 ms  DeleteObjects: 0.183800 ms)

Prepare: number of updated asset objects reloaded= 0
AssetImportParameters requested are different than current active one (requested -> active):
  custom:scripting/monoscript/fileName/JoystickEditor.cs: 31d892737481409a0ec21b3641383a31 -> 406670d2fe263f5d7c582f8389f2b844
  custom:scripting/monoscript/fileName/Main.cs: bcc0f9052176b2186a7114234ef44a73 -> c093076ba5753d7bec74a8a751ffb653
  custom:container-demuxer-ogg: 62fdf1f143b41e24485cea50d1cbac27 -> 
  custom:scripting/monoscript/fileName/JoystickPlayerExample.cs: b49ed73c06895c00887fd43b2fe13656 -> 2ec96b3abad264f4393a91b76b487cb7
  custom:scripting/monoscript/fileName/JoystickSetterExample.cs: 959f5a79520f07bdb5268f1ee0033001 -> 9ef810522df7cdd512f52a98ae7a04f9
  custom:video-decoder-ogg-theora: a1e56fd34408186e4bbccfd4996cb3dc -> 
  custom:framework-win-MediaFoundation: 216162199b28c13a410421893ffa2e32 -> 
  custom:scripting/monoscript/fileName/DynamicJoystickEditor.cs: 022b5797234952c5d7bc35d1bd14e1f1 -> f92673ca2cd03c2f140cf81ccfee7ccb
  custom:scripting/monoscript/fileName/DynamicJoystick.cs: 0ab293606d3fa5fd65cbd65e1d06c400 -> fa6fdbd0de9beec4a70bc764c26bb796
  custom:scripting/monoscript/fileName/PlayerController.cs: 807d658ab5c9f400331841a7af990d8e -> c6d6334dbee39969b7eddb0b08d8203e
  custom:CustomObjectIndexerAttribute: 9a22284fe3817be447336de3de66b15e -> 
  custom:container-demuxer-webm: 4f35f7cbe854078d1ac9338744f61a02 -> 
  custom:scripting/monoscript/fileName/FloatingJoystick.cs: 5ad2d6fd170f0b909c85d006ae763629 -> 516035e2342d093d90fb2bd11ff41e68
  custom:container-muxer-webm: aa71ff27fc2769a1b78a27578f13a17b -> 
  custom:video-decoder-webm-vp8: 9c59270c3fd7afecdb556c50c9e8de78 -> 
  custom:SearchIndexIgnoredProperties: e643bd26f0fe6173181afceb89e7c659 -> 
  custom:scripting/monoscript/fileName/Gan.cs: 10b52e4432610f56cea187ac60513ec2 -> 
  custom:AudioImporter_EditorPlatform: d09bf68614088b80899f8185d706f6e7 -> 
  custom:scripting/monoscript/fileName/VariableJoystickEditor.cs: 75e1b4b36e9f7518c61272653e1a297a -> fee5e077b31909c4bba3d7329fdefd90
  custom:scripting/monoscript/fileName/Walk.cs: b813fe3de227fa89db06a9337fee964a -> 
  custom:video-encoder-webm-vp8: eb34c28f22e8b96e1ab97ce403110664 -> 
  custom:audio-decoder-ogg-vorbis: bf7c407c2cedff20999df2af8eb42d56 -> 
  custom:scripting/monoscript/fileName/mune.cs: 854be57a593bde74a27cc6a4e94cf976 -> b21687ddb03d73bd9f0c1daecb9714de
  custom:scripting/monoscript/fileName/FloatingJoystickEditor.cs: 77573a9156cb44c5d5d617fe80c220c5 -> 20a94efd412f2009d4e6722fe16a3051
  custom:scripting/monoscript/fileName/VariableJoystick.cs: 39f03dc32328afe11ebf2977b1593dda -> 6a21e483212ef280c767be5522709419
  custom:scripting/monoscript/fileName/FixedJoystick.cs: 475c6e1ca66c78aed6c49f6039c5734b -> ceaced0056a716bd82a85e0f3d488361
  custom:scripting/monoscript/fileName/Joystick.cs: efd34e62618f1aa62f745acbb935ce75 -> c13c665079b3ba178e3a8ef05c62070b
  custom:scripting/monoscript/fileName/anim1.cs: 05e913852816f4c6fcc126bf7ffb4ba9 -> 10b52e4432610f56cea187ac60513ec2
  custom:audio-encoder-webm-vorbis: bf7c407c2cedff20999df2af8eb42d56 -> 
  custom:scripting/precompiled-assembly-types:Assembly-CSharp-Editor: e324ca911fd2e13b09c6e0773d0a7dd5 -> f7c7739fc303cafe5879da7512dd0656
  custom:scripting/monoscript/fileName/Rotation.cs: 4761afa5daf9234473e31a02ede334c2 -> 1be1d08457a69d09528d40d7c8df2473
  custom:scripting/monoscript/fileName/Jump.cs: 5b090d859ab09be631dc3b0f203f9571 -> d93a52a180fbbe603a59e9aa6da73c83
  custom:scripting/precompiled-assembly-types:Assembly-CSharp: 862900c9fab91a97142311342f1647c1 -> 3c8e6843d631723f8999220926f3c146
  custom:scripting/monoscript/fileName/Tigger.cs: ca771e08fd5c5c2e7d1ac379e6d4b2ec -> 387f4c79276ee1729c01db13ee9675a3
========================================================================
Received Prepare
Caller must complete domain reload
Begin MonoManager ReloadAssembly
- Loaded All Assemblies, in  1.094 seconds
Native extension for WindowsStandalone target not found
Native extension for Android target not found
Native extension for WebGL target not found
Mono: successfully reloaded assembly
- Finished resetting the current domain, in  2.415 seconds
Domain Reload Profiling: 3488ms
	BeginReloadAssembly (317ms)
		ExecutionOrderSort (0ms)
		DisableScriptedObjects (8ms)
		BackupInstance (0ms)
		ReleaseScriptingObjects (0ms)
		CreateAndSetChildDomain (40ms)
	RebuildCommonClasses (55ms)
	RebuildNativeTypeToScriptingClass (16ms)
	initialDomainReloadingComplete (90ms)
	LoadAllAssembliesAndSetupDomain (594ms)
		LoadAssemblies (768ms)
		RebuildTransferFunctionScriptingTraits (0ms)
		AnalyzeDomain (33ms)
			TypeCache.Refresh (11ms)
				TypeCache.ScanAssembly (1ms)
			ScanForSourceGeneratedMonoScriptInfo (12ms)
			ResolveRequiredComponents (9ms)
	FinalizeReload (2415ms)
		ReleaseScriptCaches (0ms)
		RebuildScriptCaches (0ms)
		SetupLoadedEditorAssemblies (968ms)
			LogAssemblyErrors (0ms)
			InitializePlatformSupportModulesInManaged (49ms)
			SetLoadedEditorAssemblies (6ms)
			RefreshPlugins (0ms)
			BeforeProcessingInitializeOnLoad (171ms)
			ProcessInitializeOnLoadAttributes (665ms)
			ProcessInitializeOnLoadMethodAttributes (28ms)
			AfterProcessingInitializeOnLoad (48ms)
			EditorAssembliesLoaded (0ms)
		ExecutionOrderSort2 (0ms)
		AwakeInstancesAfterBackupRestoration (9ms)
Refreshing native plugins compatible for Editor in 20.11 ms, found 3 plugins.
Preloading 0 native plugins for Editor in 0.00 ms.
Unloading 3536 Unused Serialized files (Serialized files now loaded: 0)
Unloading 15 unused Assets / (75.8 KB). Loaded Objects now: 4128.
Memory consumption went from 139.1 MB to 139.0 MB.
Total: 7.579600 ms (FindLiveObjects: 0.657100 ms CreateObjectMapping: 0.389700 ms MarkObjects: 6.375200 ms  DeleteObjects: 0.155600 ms)

Prepare: number of updated asset objects reloaded= 0
AssetImportParameters requested are different than current active one (requested -> active):
  custom:scripting/monoscript/fileName/JoystickEditor.cs: 31d892737481409a0ec21b3641383a31 -> 406670d2fe263f5d7c582f8389f2b844
  custom:scripting/monoscript/fileName/Main.cs: bcc0f9052176b2186a7114234ef44a73 -> c093076ba5753d7bec74a8a751ffb653
  custom:container-demuxer-ogg: 62fdf1f143b41e24485cea50d1cbac27 -> 
  custom:scripting/monoscript/fileName/JoystickPlayerExample.cs: b49ed73c06895c00887fd43b2fe13656 -> 2ec96b3abad264f4393a91b76b487cb7
  custom:scripting/monoscript/fileName/JoystickSetterExample.cs: 959f5a79520f07bdb5268f1ee0033001 -> 9ef810522df7cdd512f52a98ae7a04f9
  custom:video-decoder-ogg-theora: a1e56fd34408186e4bbccfd4996cb3dc -> 
  custom:framework-win-MediaFoundation: 216162199b28c13a410421893ffa2e32 -> 
  custom:scripting/monoscript/fileName/DynamicJoystickEditor.cs: 022b5797234952c5d7bc35d1bd14e1f1 -> f92673ca2cd03c2f140cf81ccfee7ccb
  custom:scripting/monoscript/fileName/DynamicJoystick.cs: 0ab293606d3fa5fd65cbd65e1d06c400 -> fa6fdbd0de9beec4a70bc764c26bb796
  custom:scripting/monoscript/fileName/PlayerController.cs: 807d658ab5c9f400331841a7af990d8e -> c6d6334dbee39969b7eddb0b08d8203e
  custom:CustomObjectIndexerAttribute: 9a22284fe3817be447336de3de66b15e -> 
  custom:container-demuxer-webm: 4f35f7cbe854078d1ac9338744f61a02 -> 
  custom:scripting/monoscript/fileName/FloatingJoystick.cs: 5ad2d6fd170f0b909c85d006ae763629 -> 516035e2342d093d90fb2bd11ff41e68
  custom:container-muxer-webm: aa71ff27fc2769a1b78a27578f13a17b -> 
  custom:video-decoder-webm-vp8: 9c59270c3fd7afecdb556c50c9e8de78 -> 
  custom:SearchIndexIgnoredProperties: e643bd26f0fe6173181afceb89e7c659 -> 
  custom:scripting/monoscript/fileName/Gan.cs: 10b52e4432610f56cea187ac60513ec2 -> 
  custom:AudioImporter_EditorPlatform: d09bf68614088b80899f8185d706f6e7 -> 
  custom:scripting/monoscript/fileName/VariableJoystickEditor.cs: 75e1b4b36e9f7518c61272653e1a297a -> fee5e077b31909c4bba3d7329fdefd90
  custom:scripting/monoscript/fileName/Walk.cs: b813fe3de227fa89db06a9337fee964a -> 
  custom:video-encoder-webm-vp8: eb34c28f22e8b96e1ab97ce403110664 -> 
  custom:audio-decoder-ogg-vorbis: bf7c407c2cedff20999df2af8eb42d56 -> 
  custom:scripting/monoscript/fileName/mune.cs: 854be57a593bde74a27cc6a4e94cf976 -> b21687ddb03d73bd9f0c1daecb9714de
  custom:scripting/monoscript/fileName/FloatingJoystickEditor.cs: 77573a9156cb44c5d5d617fe80c220c5 -> 20a94efd412f2009d4e6722fe16a3051
  custom:scripting/monoscript/fileName/VariableJoystick.cs: 39f03dc32328afe11ebf2977b1593dda -> 6a21e483212ef280c767be5522709419
  custom:scripting/monoscript/fileName/FixedJoystick.cs: 475c6e1ca66c78aed6c49f6039c5734b -> ceaced0056a716bd82a85e0f3d488361
  custom:scripting/monoscript/fileName/Joystick.cs: efd34e62618f1aa62f745acbb935ce75 -> c13c665079b3ba178e3a8ef05c62070b
  custom:scripting/monoscript/fileName/anim1.cs: 05e913852816f4c6fcc126bf7ffb4ba9 -> 10b52e4432610f56cea187ac60513ec2
  custom:audio-encoder-webm-vorbis: bf7c407c2cedff20999df2af8eb42d56 -> 
  custom:scripting/precompiled-assembly-types:Assembly-CSharp-Editor: e324ca911fd2e13b09c6e0773d0a7dd5 -> f7c7739fc303cafe5879da7512dd0656
  custom:scripting/monoscript/fileName/Rotation.cs: 4761afa5daf9234473e31a02ede334c2 -> 1be1d08457a69d09528d40d7c8df2473
  custom:scripting/monoscript/fileName/Jump.cs: 5b090d859ab09be631dc3b0f203f9571 -> d93a52a180fbbe603a59e9aa6da73c83
  custom:scripting/precompiled-assembly-types:Assembly-CSharp: 1f08ae0c863384df053ce750d0a34de0 -> 3c8e6843d631723f8999220926f3c146
  custom:scripting/monoscript/fileName/Tigger.cs: ca771e08fd5c5c2e7d1ac379e6d4b2ec -> 387f4c79276ee1729c01db13ee9675a3
========================================================================
Received Import Request.
  Time since last request: 942.863489 seconds.
  path: Assets/Full game .prefab
  artifactKey: Guid(1c000a1c4d8124b4c985937123d06b4a) Importer(815301076,1909f56bfc062723c751e8b465ee728b)
Start importing Assets/Full game .prefab using Guid(1c000a1c4d8124b4c985937123d06b4a) Importer(815301076,1909f56bfc062723c751e8b465ee728b) [PhysX] Initialized MultithreadedTaskDispatcher with 8 workers.
[PhysX] Initialized MultithreadedTaskDispatcher with 8 workers.
 -> (artifact id: 'e72f4bd446d744de2842590b5536845c') in 9.337630 seconds
Number of updated asset objects reloaded before import = 0
Number of asset objects unloaded after import = 3124
========================================================================
Received Prepare
Caller must complete domain reload
Begin MonoManager ReloadAssembly
- Loaded All Assemblies, in  1.222 seconds
Native extension for WindowsStandalone target not found
Native extension for Android target not found
Native extension for WebGL target not found
Mono: successfully reloaded assembly
- Finished resetting the current domain, in  2.333 seconds
Domain Reload Profiling: 3533ms
	BeginReloadAssembly (355ms)
		ExecutionOrderSort (0ms)
		DisableScriptedObjects (9ms)
		BackupInstance (0ms)
		ReleaseScriptingObjects (0ms)
		CreateAndSetChildDomain (81ms)
	RebuildCommonClasses (54ms)
	RebuildNativeTypeToScriptingClass (16ms)
	initialDomainReloadingComplete (87ms)
	LoadAllAssembliesAndSetupDomain (689ms)
		LoadAssemblies (853ms)
		RebuildTransferFunctionScriptingTraits (0ms)
		AnalyzeDomain (38ms)
			TypeCache.Refresh (11ms)
				TypeCache.ScanAssembly (1ms)
			ScanForSourceGeneratedMonoScriptInfo (11ms)
			ResolveRequiredComponents (14ms)
	FinalizeReload (2333ms)
		ReleaseScriptCaches (0ms)
		RebuildScriptCaches (0ms)
		SetupLoadedEditorAssemblies (942ms)
			LogAssemblyErrors (0ms)
			InitializePlatformSupportModulesInManaged (46ms)
			SetLoadedEditorAssemblies (6ms)
			RefreshPlugins (0ms)
			BeforeProcessingInitializeOnLoad (157ms)
			ProcessInitializeOnLoadAttributes (656ms)
			ProcessInitializeOnLoadMethodAttributes (27ms)
			AfterProcessingInitializeOnLoad (49ms)
			EditorAssembliesLoaded (0ms)
		ExecutionOrderSort2 (0ms)
		AwakeInstancesAfterBackupRestoration (10ms)
Refreshing native plugins compatible for Editor in 20.12 ms, found 3 plugins.
Preloading 0 native plugins for Editor in 0.00 ms.
Unloading 3535 Unused Serialized files (Serialized files now loaded: 0)
Unloading 23 unused Assets / (79.0 KB). Loaded Objects now: 4130.
Memory consumption went from 139.1 MB to 139.1 MB.
Total: 8.109000 ms (FindLiveObjects: 0.647400 ms CreateObjectMapping: 0.463400 ms MarkObjects: 6.690300 ms  DeleteObjects: 0.305800 ms)

Prepare: number of updated asset objects reloaded= 0
AssetImportParameters requested are different than current active one (requested -> active):
  custom:scripting/monoscript/fileName/JoystickEditor.cs: 31d892737481409a0ec21b3641383a31 -> 406670d2fe263f5d7c582f8389f2b844
  custom:scripting/monoscript/fileName/Main.cs: bcc0f9052176b2186a7114234ef44a73 -> c093076ba5753d7bec74a8a751ffb653
  custom:container-demuxer-ogg: 62fdf1f143b41e24485cea50d1cbac27 -> 
  custom:scripting/monoscript/fileName/JoystickPlayerExample.cs: b49ed73c06895c00887fd43b2fe13656 -> 2ec96b3abad264f4393a91b76b487cb7
  custom:scripting/monoscript/fileName/JoystickSetterExample.cs: 959f5a79520f07bdb5268f1ee0033001 -> 9ef810522df7cdd512f52a98ae7a04f9
  custom:video-decoder-ogg-theora: a1e56fd34408186e4bbccfd4996cb3dc -> 
  custom:framework-win-MediaFoundation: 216162199b28c13a410421893ffa2e32 -> 
  custom:scripting/monoscript/fileName/DynamicJoystickEditor.cs: 022b5797234952c5d7bc35d1bd14e1f1 -> f92673ca2cd03c2f140cf81ccfee7ccb
  custom:scripting/monoscript/fileName/DynamicJoystick.cs: 0ab293606d3fa5fd65cbd65e1d06c400 -> fa6fdbd0de9beec4a70bc764c26bb796
  custom:scripting/monoscript/fileName/PlayerController.cs: 807d658ab5c9f400331841a7af990d8e -> c6d6334dbee39969b7eddb0b08d8203e
  custom:CustomObjectIndexerAttribute: 9a22284fe3817be447336de3de66b15e -> 
  custom:container-demuxer-webm: 4f35f7cbe854078d1ac9338744f61a02 -> 
  custom:scripting/monoscript/fileName/FloatingJoystick.cs: 5ad2d6fd170f0b909c85d006ae763629 -> 516035e2342d093d90fb2bd11ff41e68
  custom:container-muxer-webm: aa71ff27fc2769a1b78a27578f13a17b -> 
  custom:video-decoder-webm-vp8: 9c59270c3fd7afecdb556c50c9e8de78 -> 
  custom:SearchIndexIgnoredProperties: e643bd26f0fe6173181afceb89e7c659 -> 
  custom:scripting/monoscript/fileName/Gan.cs: 10b52e4432610f56cea187ac60513ec2 -> 
  custom:AudioImporter_EditorPlatform: d09bf68614088b80899f8185d706f6e7 -> 
  custom:scripting/monoscript/fileName/VariableJoystickEditor.cs: 75e1b4b36e9f7518c61272653e1a297a -> fee5e077b31909c4bba3d7329fdefd90
  custom:scripting/monoscript/fileName/Walk.cs: b813fe3de227fa89db06a9337fee964a -> 
  custom:video-encoder-webm-vp8: eb34c28f22e8b96e1ab97ce403110664 -> 
  custom:audio-decoder-ogg-vorbis: bf7c407c2cedff20999df2af8eb42d56 -> 
  custom:scripting/monoscript/fileName/mune.cs: 854be57a593bde74a27cc6a4e94cf976 -> b21687ddb03d73bd9f0c1daecb9714de
  custom:scripting/monoscript/fileName/FloatingJoystickEditor.cs: 77573a9156cb44c5d5d617fe80c220c5 -> 20a94efd412f2009d4e6722fe16a3051
  custom:scripting/monoscript/fileName/VariableJoystick.cs: 39f03dc32328afe11ebf2977b1593dda -> 6a21e483212ef280c767be5522709419
  custom:scripting/monoscript/fileName/FixedJoystick.cs: 475c6e1ca66c78aed6c49f6039c5734b -> ceaced0056a716bd82a85e0f3d488361
  custom:scripting/monoscript/fileName/Joystick.cs: efd34e62618f1aa62f745acbb935ce75 -> c13c665079b3ba178e3a8ef05c62070b
  custom:scripting/monoscript/fileName/anim1.cs: 05e913852816f4c6fcc126bf7ffb4ba9 -> 10b52e4432610f56cea187ac60513ec2
  custom:audio-encoder-webm-vorbis: bf7c407c2cedff20999df2af8eb42d56 -> 
  custom:scripting/precompiled-assembly-types:Assembly-CSharp-Editor: e324ca911fd2e13b09c6e0773d0a7dd5 -> f7c7739fc303cafe5879da7512dd0656
  custom:scripting/monoscript/fileName/Rotation.cs: 4761afa5daf9234473e31a02ede334c2 -> 1be1d08457a69d09528d40d7c8df2473
  custom:scripting/monoscript/fileName/Jump.cs: 5b090d859ab09be631dc3b0f203f9571 -> d93a52a180fbbe603a59e9aa6da73c83
  custom:scripting/precompiled-assembly-types:Assembly-CSharp: 11c13b18c9de06ab43fa07adf42a07f9 -> 3c8e6843d631723f8999220926f3c146
  custom:scripting/monoscript/fileName/Tigger.cs: ca771e08fd5c5c2e7d1ac379e6d4b2ec -> 387f4c79276ee1729c01db13ee9675a3
========================================================================
Received Import Request.
  Time since last request: 248.260669 seconds.
  path: Assets/Text
  artifactKey: Guid(f54d1bd14bd3ca042bd867b519fee8cc) Importer(815301076,1909f56bfc062723c751e8b465ee728b)
Start importing Assets/Text using Guid(f54d1bd14bd3ca042bd867b519fee8cc) Importer(815301076,1909f56bfc062723c751e8b465ee728b) [PhysX] Initialized MultithreadedTaskDispatcher with 8 workers.
 -> (artifact id: '84099ef07b72a83f22d4a37c6c911a93') in 0.034559 seconds
Number of updated asset objects reloaded before import = 9
Number of asset objects unloaded after import = 0
========================================================================
Received Prepare
Caller must complete domain reload
Begin MonoManager ReloadAssembly
- Loaded All Assemblies, in  4.020 seconds
Native extension for WindowsStandalone target not found
Native extension for Android target not found
Native extension for WebGL target not found
Mono: successfully reloaded assembly
- Finished resetting the current domain, in 11.499 seconds
Domain Reload Profiling: 15494ms
	BeginReloadAssembly (410ms)
		ExecutionOrderSort (0ms)
		DisableScriptedObjects (8ms)
		BackupInstance (0ms)
		ReleaseScriptingObjects (0ms)
		CreateAndSetChildDomain (53ms)
	RebuildCommonClasses (72ms)
	RebuildNativeTypeToScriptingClass (21ms)
	initialDomainReloadingComplete (92ms)
	LoadAllAssembliesAndSetupDomain (3400ms)
		LoadAssemblies (3642ms)
		RebuildTransferFunctionScriptingTraits (0ms)
		AnalyzeDomain (37ms)
			TypeCache.Refresh (12ms)
				TypeCache.ScanAssembly (1ms)
			ScanForSourceGeneratedMonoScriptInfo (12ms)
			ResolveRequiredComponents (10ms)
	FinalizeReload (11499ms)
		ReleaseScriptCaches (0ms)
		RebuildScriptCaches (0ms)
		SetupLoadedEditorAssemblies (926ms)
			LogAssemblyErrors (0ms)
			InitializePlatformSupportModulesInManaged (52ms)
			SetLoadedEditorAssemblies (6ms)
			RefreshPlugins (0ms)
			BeforeProcessingInitializeOnLoad (149ms)
			ProcessInitializeOnLoadAttributes (649ms)
			ProcessInitializeOnLoadMethodAttributes (25ms)
			AfterProcessingInitializeOnLoad (44ms)
			EditorAssembliesLoaded (0ms)
		ExecutionOrderSort2 (0ms)
		AwakeInstancesAfterBackupRestoration (9ms)
Refreshing native plugins compatible for Editor in 20.19 ms, found 3 plugins.
Preloading 0 native plugins for Editor in 0.00 ms.
Unloading 3535 Unused Serialized files (Serialized files now loaded: 0)
Unloading 14 unused Assets / (83.2 KB). Loaded Objects now: 4133.
Memory consumption went from 139.1 MB to 139.0 MB.
Total: 5.425200 ms (FindLiveObjects: 0.362600 ms CreateObjectMapping: 0.350600 ms MarkObjects: 4.575700 ms  DeleteObjects: 0.134900 ms)

Prepare: number of updated asset objects reloaded= 0
AssetImportParameters requested are different than current active one (requested -> active):
  custom:scripting/monoscript/fileName/JoystickEditor.cs: 31d892737481409a0ec21b3641383a31 -> 406670d2fe263f5d7c582f8389f2b844
  custom:scripting/monoscript/fileName/Main.cs: bcc0f9052176b2186a7114234ef44a73 -> c093076ba5753d7bec74a8a751ffb653
  custom:scripting/monoscript/fileName/SkewTextExample.cs: f96859e31fd6dde308d9dc2a2488dcff -> c142d02d70a129e0533975f7c2f96956
  custom:container-demuxer-ogg: 62fdf1f143b41e24485cea50d1cbac27 -> 
  custom:scripting/monoscript/fileName/JoystickPlayerExample.cs: b49ed73c06895c00887fd43b2fe13656 -> 2ec96b3abad264f4393a91b76b487cb7
  custom:scripting/monoscript/fileName/TMP_TextEventHandler.cs: d0f86a17d6fd3e9995db934eaaf34f18 -> f5cd9d5a43bfefc8f4fec80e6de896a4
  custom:scripting/monoscript/fileName/TextMeshProFloatingText.cs: 5a37842f75734e7729f89af9a8145a1a -> 92608fa4a6315cd0786d82205e77b697
  custom:scripting/monoscript/fileName/JoystickSetterExample.cs: 959f5a79520f07bdb5268f1ee0033001 -> 9ef810522df7cdd512f52a98ae7a04f9
  custom:scripting/monoscript/fileName/VertexZoom.cs: 2da4737d79388c0362c64482e9ee50d2 -> 650ab1e81d40126e3edcf737cce646e4
  custom:scripting/monoscript/fileName/VertexShakeA.cs: 16900906a98712c9660b9823af1f2500 -> 63ec564c588058369499638dd899e05b
  custom:scripting/monoscript/fileName/TMP_ExampleScript_01.cs: 59997facf165601d8c6263ace2a973a5 -> a9d4be556104ff54e7d240529b3e01dc
  custom:video-decoder-ogg-theora: a1e56fd34408186e4bbccfd4996cb3dc -> 
  custom:scripting/monoscript/fileName/TMP_TextEventCheck.cs: 7ee93fce990cec7a5b67b504d0259dce -> 13505d917eab5868c435e0c2986dadfa
  custom:scripting/monoscript/fileName/TMP_TextSelector_B.cs: c0db108de9ffc9b6f619f3d00162b1c2 -> ba2be21a7486d37b1011342977a2e49d
  custom:scripting/monoscript/fileName/Benchmark01.cs: 1fef48c763f4be76a973f061699dd041 -> 2d3e2cd961730ab95f139a49a673bace
  custom:framework-win-MediaFoundation: 216162199b28c13a410421893ffa2e32 -> 
  custom:scripting/monoscript/fileName/DynamicJoystickEditor.cs: 022b5797234952c5d7bc35d1bd14e1f1 -> f92673ca2cd03c2f140cf81ccfee7ccb
  custom:scripting/monoscript/fileName/DynamicJoystick.cs: 0ab293606d3fa5fd65cbd65e1d06c400 -> fa6fdbd0de9beec4a70bc764c26bb796
  custom:scripting/monoscript/fileName/Benchmark02.cs: 92dcd0c0a469d0c0690d8ca0bfe95e6f -> 5640963252ce70910e726415f869ced6
  custom:scripting/monoscript/fileName/PlayerController.cs: 807d658ab5c9f400331841a7af990d8e -> c6d6334dbee39969b7eddb0b08d8203e
  custom:scripting/monoscript/fileName/DropdownSample.cs: b4fe7efb027fdd4854f643ad764daa8c -> 0a92251794e5f10400149f96c3c59e5d
  custom:scripting/monoscript/fileName/WarpTextExample.cs: c5431dac938081648a3a3ac553c1029b -> 2663459c266363641981c7d17b698d7f
  custom:CustomObjectIndexerAttribute: 9a22284fe3817be447336de3de66b15e -> 
  custom:container-demuxer-webm: 4f35f7cbe854078d1ac9338744f61a02 -> 
  custom:scripting/monoscript/fileName/ChatController.cs: ff21b89493e3dffcbe018a2cc5a10bae -> 876d5ccae6e345dd5d9450eb0a748f16
  custom:scripting/monoscript/fileName/TextMeshSpawner.cs: c0f20e5855e88374db1098a5acc68df4 -> 76f28e2ddb031571e6ec62b018f65fa8
  custom:scripting/monoscript/fileName/TeleType.cs: c18e16db35615314900dbe198d0144e7 -> 31fa97821c4c70f157ec81d507aa6b62
  custom:scripting/monoscript/fileName/Benchmark04.cs: 86dfb70824307c4cf164687df2489226 -> 32220b148620e52aa81c13a114862bf4
  custom:scripting/monoscript/fileName/FloatingJoystick.cs: 5ad2d6fd170f0b909c85d006ae763629 -> 516035e2342d093d90fb2bd11ff41e68
  custom:container-muxer-webm: aa71ff27fc2769a1b78a27578f13a17b -> 
  custom:video-decoder-webm-vp8: 9c59270c3fd7afecdb556c50c9e8de78 -> 
  custom:scripting/monoscript/fileName/TMP_PhoneNumberValidator.cs: b4c1c54136dffeb4e2962027ebaa6b1f -> 7c3049f481e464c6a9a15dee56c3126f
  custom:SearchIndexIgnoredProperties: e643bd26f0fe6173181afceb89e7c659 -> 
  custom:scripting/monoscript/fileName/Gan.cs: 10b52e4432610f56cea187ac60513ec2 -> 
  custom:AudioImporter_EditorPlatform: d09bf68614088b80899f8185d706f6e7 -> 
  custom:scripting/monoscript/fileName/EnvMapAnimator.cs: 08e040d459cd881082c0dd5daba5f85c -> 1b4f61c17e4b7283c3ac351aacff9d26
  custom:scripting/monoscript/fileName/ShaderPropAnimator.cs: 88b70bc5bbc15375387323f48f0661cf -> 55ce425812446482e623ff2695c94cb2
  custom:scripting/monoscript/fileName/SimpleScript.cs: dcd92cf7399b0d08e25e4a66ab57e91e -> 454caab0c6c050f29b39d82e1d66d0fa
  custom:scripting/monoscript/fileName/VariableJoystickEditor.cs: 75e1b4b36e9f7518c61272653e1a297a -> fee5e077b31909c4bba3d7329fdefd90
  custom:scripting/monoscript/fileName/ObjectSpin.cs: b34dd4d17018731600f920d50ca840f7 -> 2b96bb2079dd7fa5108d981627a28e1e
  custom:scripting/monoscript/fileName/CameraController.cs: 8d43c2def3a67efed518259a2232b470 -> 34b6be4e23ce86dc89786916c5983296
  custom:scripting/monoscript/fileName/TMP_TextInfoDebugTool.cs: 7aad42023b6f5112c90650ae13bd6dd8 -> 3f1709cfb2cc628169113a35b5e9be3f
  custom:scripting/monoscript/fileName/Walk.cs: b813fe3de227fa89db06a9337fee964a -> 
  custom:scripting/monoscript/fileName/TMP_TextSelector_A.cs: 088357b4acdc1e6288d897936d29c8d3 -> 347309a09d56e367b188a6978f75b424
  custom:video-encoder-webm-vp8: eb34c28f22e8b96e1ab97ce403110664 -> 
  custom:audio-decoder-ogg-vorbis: bf7c407c2cedff20999df2af8eb42d56 -> 
  custom:scripting/monoscript/fileName/VertexJitter.cs: 6330f950b41eff6e5970f129864ecd6c -> d27eb5498e48714a66aece98da065133
  custom:scripting/monoscript/fileName/mune.cs: 854be57a593bde74a27cc6a4e94cf976 -> b21687ddb03d73bd9f0c1daecb9714de
  custom:scripting/monoscript/fileName/TextConsoleSimulator.cs: f2c8898b26c0cf2b0a1c7d12d99e6769 -> 33fc311abb20b5b0ed8f00e4d86b574e
  custom:scripting/monoscript/fileName/VertexColorCycler.cs: 135fb0ebdaf256193ccc08218c426c64 -> 5f984ca91cf3609293aecc6bc5641572
  custom:scripting/monoscript/fileName/TMP_FrameRateCounter.cs: 8afeb6f0251e063dcfff2bd827f92c62 -> 46f655df8cb483ac5958307137b1585a
  custom:scripting/monoscript/fileName/FloatingJoystickEditor.cs: 77573a9156cb44c5d5d617fe80c220c5 -> 20a94efd412f2009d4e6722fe16a3051
  custom:scripting/monoscript/fileName/VertexShakeB.cs: 587e5b2aecc39120c2c9ff69742ce897 -> a6f78c4fcda1a29a1a1c1baefedba9e7
  custom:scripting/monoscript/fileName/VariableJoystick.cs: 39f03dc32328afe11ebf2977b1593dda -> 6a21e483212ef280c767be5522709419
  custom:scripting/monoscript/fileName/TMP_UiFrameRateCounter.cs: 8fa3bcf761bb5076fd90d0361518d59c -> b01021aea19247f14a98ab338907956a
  custom:scripting/monoscript/fileName/FixedJoystick.cs: 475c6e1ca66c78aed6c49f6039c5734b -> ceaced0056a716bd82a85e0f3d488361
  custom:scripting/monoscript/fileName/Joystick.cs: efd34e62618f1aa62f745acbb935ce75 -> c13c665079b3ba178e3a8ef05c62070b
  custom:scripting/monoscript/fileName/TMPro_InstructionOverlay.cs: 194f3617683541355a9c6c8193e87b1c -> b626d2270e6ebd5c4311585c18b58d8d
  custom:scripting/monoscript/fileName/anim1.cs: 05e913852816f4c6fcc126bf7ffb4ba9 -> 10b52e4432610f56cea187ac60513ec2
  custom:scripting/monoscript/fileName/TMP_DigitValidator.cs: 4e5cde653ae28b90ab257e866c94dfce -> ac02af96215ae3951a3cce9e1a8c6085
  custom:audio-encoder-webm-vorbis: bf7c407c2cedff20999df2af8eb42d56 -> 
  custom:scripting/precompiled-assembly-types:Assembly-CSharp-Editor: e324ca911fd2e13b09c6e0773d0a7dd5 -> f7c7739fc303cafe5879da7512dd0656
  custom:scripting/monoscript/fileName/Benchmark01_UGUI.cs: 52a24b07fcdd062ef495404efdb65870 -> 6148cfe2627b7708298f301788144139
  custom:scripting/monoscript/fileName/Rotation.cs: 4761afa5daf9234473e31a02ede334c2 -> 1be1d08457a69d09528d40d7c8df2473
  custom:scripting/monoscript/fileName/Jump.cs: 5b090d859ab09be631dc3b0f203f9571 -> d93a52a180fbbe603a59e9aa6da73c83
  custom:scripting/precompiled-assembly-types:Assembly-CSharp: 8d7866d22f7b845d7ef75d4eb782f659 -> 3c8e6843d631723f8999220926f3c146
  custom:scripting/monoscript/fileName/Tigger.cs: ca771e08fd5c5c2e7d1ac379e6d4b2ec -> 387f4c79276ee1729c01db13ee9675a3
  custom:scripting/monoscript/fileName/Benchmark03.cs: 520976d641c2b7cf395e30b045f5a45d -> 17cc87e0529ac71d909a946afb47a274
========================================================================
Received Import Request.
  Time since last request: 211.090025 seconds.
  path: Assets/Materials/New Material 3.mat
  artifactKey: Guid(e15215a4350b7474284e1cdd03ec7f8d) Importer(815301076,1909f56bfc062723c751e8b465ee728b)
Start importing Assets/Materials/New Material 3.mat using Guid(e15215a4350b7474284e1cdd03ec7f8d) Importer(815301076,1909f56bfc062723c751e8b465ee728b) [PhysX] Initialized MultithreadedTaskDispatcher with 8 workers.
[PhysX] Initialized MultithreadedTaskDispatcher with 8 workers.
 -> (artifact id: '20a9e092c57de4f9a3581726760667ff') in 0.191457 seconds
Number of updated asset objects reloaded before import = 0
Number of asset objects unloaded after import = 1
========================================================================
Received Import Request.
  Time since last request: 276.683447 seconds.
  path: Assets/Scenes/model/Full main.prefab
  artifactKey: Guid(c3f2fd41040b311499f3ba12a33de4f7) Importer(815301076,1909f56bfc062723c751e8b465ee728b)
Start importing Assets/Scenes/model/Full main.prefab using Guid(c3f2fd41040b311499f3ba12a33de4f7) Importer(815301076,1909f56bfc062723c751e8b465ee728b) [PhysX] Initialized MultithreadedTaskDispatcher with 8 workers.
 -> (artifact id: '61f970aadec97755e06b7be0715cb676') in 0.049573 seconds
Number of updated asset objects reloaded before import = 0
Number of asset objects unloaded after import = 52
========================================================================
Received Import Request.
  Time since last request: 15.543858 seconds.
  path: Assets/Scenes/police.obj
  artifactKey: Guid(24d6101591b8a344a8c4cfdcfbc459f8) Importer(815301076,1909f56bfc062723c751e8b465ee728b)
Start importing Assets/Scenes/police.obj using Guid(24d6101591b8a344a8c4cfdcfbc459f8) Importer(815301076,1909f56bfc062723c751e8b465ee728b) [PhysX] Initialized MultithreadedTaskDispatcher with 8 workers.
[PhysX] Initialized MultithreadedTaskDispatcher with 8 workers.
[PhysX] Initialized MultithreadedTaskDispatcher with 8 workers.
[PhysX] Initialized MultithreadedTaskDispatcher with 8 workers.
[PhysX] Initialized MultithreadedTaskDispatcher with 8 workers.
 -> (artifact id: 'da0c95b76e7027f4e76e494a17e235bc') in 0.241818 seconds
Number of updated asset objects reloaded before import = 0
Number of asset objects unloaded after import = 10
========================================================================
Received Prepare
Caller must complete domain reload
Begin MonoManager ReloadAssembly
- Loaded All Assemblies, in  1.601 seconds
Native extension for WindowsStandalone target not found
Native extension for Android target not found
Native extension for WebGL target not found
Mono: successfully reloaded assembly
- Finished resetting the current domain, in 18.535 seconds
Domain Reload Profiling: 20113ms
	BeginReloadAssembly (353ms)
		ExecutionOrderSort (0ms)
		DisableScriptedObjects (7ms)
		BackupInstance (0ms)
		ReleaseScriptingObjects (0ms)
		CreateAndSetChildDomain (59ms)
	RebuildCommonClasses (69ms)
	RebuildNativeTypeToScriptingClass (23ms)
	initialDomainReloadingComplete (105ms)
	LoadAllAssembliesAndSetupDomain (1028ms)
		LoadAssemblies (1223ms)
		RebuildTransferFunctionScriptingTraits (0ms)
		AnalyzeDomain (25ms)
			TypeCache.Refresh (9ms)
				TypeCache.ScanAssembly (0ms)
			ScanForSourceGeneratedMonoScriptInfo (0ms)
			ResolveRequiredComponents (13ms)
	FinalizeReload (18536ms)
		ReleaseScriptCaches (0ms)
		RebuildScriptCaches (0ms)
		SetupLoadedEditorAssemblies (1471ms)
			LogAssemblyErrors (0ms)
			InitializePlatformSupportModulesInManaged (59ms)
			SetLoadedEditorAssemblies (8ms)
			RefreshPlugins (0ms)
			BeforeProcessingInitializeOnLoad (271ms)
			ProcessInitializeOnLoadAttributes (1047ms)
			ProcessInitializeOnLoadMethodAttributes (34ms)
			AfterProcessingInitializeOnLoad (52ms)
			EditorAssembliesLoaded (0ms)
		ExecutionOrderSort2 (0ms)
		AwakeInstancesAfterBackupRestoration (10ms)
Refreshing native plugins compatible for Editor in 20.65 ms, found 3 plugins.
Preloading 0 native plugins for Editor in 0.00 ms.
Unloading 3535 Unused Serialized files (Serialized files now loaded: 0)
Unloading 14 unused Assets / (83.3 KB). Loaded Objects now: 4139.
Memory consumption went from 139.2 MB to 139.1 MB.
Total: 7.737700 ms (FindLiveObjects: 0.780700 ms CreateObjectMapping: 0.278700 ms MarkObjects: 6.486800 ms  DeleteObjects: 0.189400 ms)

Prepare: number of updated asset objects reloaded= 0
AssetImportParameters requested are different than current active one (requested -> active):
  custom:scripting/monoscript/fileName/JoystickEditor.cs: 31d892737481409a0ec21b3641383a31 -> 406670d2fe263f5d7c582f8389f2b844
  custom:scripting/monoscript/fileName/Main.cs: bcc0f9052176b2186a7114234ef44a73 -> c093076ba5753d7bec74a8a751ffb653
  custom:scripting/monoscript/fileName/SkewTextExample.cs: f96859e31fd6dde308d9dc2a2488dcff -> c142d02d70a129e0533975f7c2f96956
  custom:container-demuxer-ogg: 62fdf1f143b41e24485cea50d1cbac27 -> 
  custom:scripting/monoscript/fileName/JoystickPlayerExample.cs: b49ed73c06895c00887fd43b2fe13656 -> 2ec96b3abad264f4393a91b76b487cb7
  custom:scripting/monoscript/fileName/TMP_TextEventHandler.cs: d0f86a17d6fd3e9995db934eaaf34f18 -> f5cd9d5a43bfefc8f4fec80e6de896a4
  custom:scripting/monoscript/fileName/TextMeshProFloatingText.cs: 5a37842f75734e7729f89af9a8145a1a -> 92608fa4a6315cd0786d82205e77b697
  custom:scripting/monoscript/fileName/JoystickSetterExample.cs: 959f5a79520f07bdb5268f1ee0033001 -> 9ef810522df7cdd512f52a98ae7a04f9
  custom:scripting/monoscript/fileName/VertexZoom.cs: 2da4737d79388c0362c64482e9ee50d2 -> 650ab1e81d40126e3edcf737cce646e4
  custom:scripting/monoscript/fileName/VertexShakeA.cs: 16900906a98712c9660b9823af1f2500 -> 63ec564c588058369499638dd899e05b
  custom:scripting/monoscript/fileName/TMP_ExampleScript_01.cs: 59997facf165601d8c6263ace2a973a5 -> a9d4be556104ff54e7d240529b3e01dc
  custom:video-decoder-ogg-theora: a1e56fd34408186e4bbccfd4996cb3dc -> 
  custom:scripting/monoscript/fileName/TMP_TextEventCheck.cs: 7ee93fce990cec7a5b67b504d0259dce -> 13505d917eab5868c435e0c2986dadfa
  custom:scripting/monoscript/fileName/TMP_TextSelector_B.cs: c0db108de9ffc9b6f619f3d00162b1c2 -> ba2be21a7486d37b1011342977a2e49d
  custom:scripting/monoscript/fileName/Benchmark01.cs: 1fef48c763f4be76a973f061699dd041 -> 2d3e2cd961730ab95f139a49a673bace
  custom:framework-win-MediaFoundation: 216162199b28c13a410421893ffa2e32 -> 
  custom:scripting/monoscript/fileName/DynamicJoystickEditor.cs: 022b5797234952c5d7bc35d1bd14e1f1 -> f92673ca2cd03c2f140cf81ccfee7ccb
  custom:scripting/monoscript/fileName/DynamicJoystick.cs: 0ab293606d3fa5fd65cbd65e1d06c400 -> fa6fdbd0de9beec4a70bc764c26bb796
  custom:scripting/monoscript/fileName/Benchmark02.cs: 92dcd0c0a469d0c0690d8ca0bfe95e6f -> 5640963252ce70910e726415f869ced6
  custom:scripting/monoscript/fileName/PlayerController.cs: 807d658ab5c9f400331841a7af990d8e -> c6d6334dbee39969b7eddb0b08d8203e
  custom:scripting/monoscript/fileName/DropdownSample.cs: b4fe7efb027fdd4854f643ad764daa8c -> 0a92251794e5f10400149f96c3c59e5d
  custom:scripting/monoscript/fileName/WarpTextExample.cs: c5431dac938081648a3a3ac553c1029b -> 2663459c266363641981c7d17b698d7f
  custom:CustomObjectIndexerAttribute: 9a22284fe3817be447336de3de66b15e -> 
  custom:container-demuxer-webm: 4f35f7cbe854078d1ac9338744f61a02 -> 
  custom:scripting/monoscript/fileName/ChatController.cs: ff21b89493e3dffcbe018a2cc5a10bae -> 876d5ccae6e345dd5d9450eb0a748f16
  custom:scripting/monoscript/fileName/TextMeshSpawner.cs: c0f20e5855e88374db1098a5acc68df4 -> 76f28e2ddb031571e6ec62b018f65fa8
  custom:scripting/monoscript/fileName/TeleType.cs: c18e16db35615314900dbe198d0144e7 -> 31fa97821c4c70f157ec81d507aa6b62
  custom:scripting/monoscript/fileName/Benchmark04.cs: 86dfb70824307c4cf164687df2489226 -> 32220b148620e52aa81c13a114862bf4
  custom:scripting/monoscript/fileName/FloatingJoystick.cs: 5ad2d6fd170f0b909c85d006ae763629 -> 516035e2342d093d90fb2bd11ff41e68
  custom:container-muxer-webm: aa71ff27fc2769a1b78a27578f13a17b -> 
  custom:video-decoder-webm-vp8: 9c59270c3fd7afecdb556c50c9e8de78 -> 
  custom:scripting/monoscript/fileName/TMP_PhoneNumberValidator.cs: b4c1c54136dffeb4e2962027ebaa6b1f -> 7c3049f481e464c6a9a15dee56c3126f
  custom:SearchIndexIgnoredProperties: e643bd26f0fe6173181afceb89e7c659 -> 
  custom:scripting/monoscript/fileName/Gan.cs: 10b52e4432610f56cea187ac60513ec2 -> 
  custom:AudioImporter_EditorPlatform: d09bf68614088b80899f8185d706f6e7 -> 
  custom:scripting/monoscript/fileName/EnvMapAnimator.cs: 08e040d459cd881082c0dd5daba5f85c -> 1b4f61c17e4b7283c3ac351aacff9d26
  custom:scripting/monoscript/fileName/ShaderPropAnimator.cs: 88b70bc5bbc15375387323f48f0661cf -> 55ce425812446482e623ff2695c94cb2
  custom:scripting/monoscript/fileName/SimpleScript.cs: dcd92cf7399b0d08e25e4a66ab57e91e -> 454caab0c6c050f29b39d82e1d66d0fa
  custom:scripting/monoscript/fileName/VariableJoystickEditor.cs: 75e1b4b36e9f7518c61272653e1a297a -> fee5e077b31909c4bba3d7329fdefd90
  custom:scripting/monoscript/fileName/ObjectSpin.cs: b34dd4d17018731600f920d50ca840f7 -> 2b96bb2079dd7fa5108d981627a28e1e
  custom:scripting/monoscript/fileName/CameraController.cs: 8d43c2def3a67efed518259a2232b470 -> 34b6be4e23ce86dc89786916c5983296
  custom:scripting/monoscript/fileName/TMP_TextInfoDebugTool.cs: 7aad42023b6f5112c90650ae13bd6dd8 -> 3f1709cfb2cc628169113a35b5e9be3f
  custom:scripting/monoscript/fileName/Walk.cs: b813fe3de227fa89db06a9337fee964a -> 
  custom:scripting/monoscript/fileName/TMP_TextSelector_A.cs: 088357b4acdc1e6288d897936d29c8d3 -> 347309a09d56e367b188a6978f75b424
  custom:video-encoder-webm-vp8: eb34c28f22e8b96e1ab97ce403110664 -> 
  custom:audio-decoder-ogg-vorbis: bf7c407c2cedff20999df2af8eb42d56 -> 
  custom:scripting/monoscript/fileName/VertexJitter.cs: 6330f950b41eff6e5970f129864ecd6c -> d27eb5498e48714a66aece98da065133
  custom:scripting/monoscript/fileName/mune.cs: 854be57a593bde74a27cc6a4e94cf976 -> b21687ddb03d73bd9f0c1daecb9714de
  custom:scripting/monoscript/fileName/TextConsoleSimulator.cs: f2c8898b26c0cf2b0a1c7d12d99e6769 -> 33fc311abb20b5b0ed8f00e4d86b574e
  custom:scripting/monoscript/fileName/VertexColorCycler.cs: 135fb0ebdaf256193ccc08218c426c64 -> 5f984ca91cf3609293aecc6bc5641572
  custom:scripting/monoscript/fileName/TMP_FrameRateCounter.cs: 8afeb6f0251e063dcfff2bd827f92c62 -> 46f655df8cb483ac5958307137b1585a
  custom:scripting/monoscript/fileName/FloatingJoystickEditor.cs: 77573a9156cb44c5d5d617fe80c220c5 -> 20a94efd412f2009d4e6722fe16a3051
  custom:scripting/monoscript/fileName/VertexShakeB.cs: 587e5b2aecc39120c2c9ff69742ce897 -> a6f78c4fcda1a29a1a1c1baefedba9e7
  custom:scripting/monoscript/fileName/VariableJoystick.cs: 39f03dc32328afe11ebf2977b1593dda -> 6a21e483212ef280c767be5522709419
  custom:scripting/monoscript/fileName/TMP_UiFrameRateCounter.cs: 8fa3bcf761bb5076fd90d0361518d59c -> b01021aea19247f14a98ab338907956a
  custom:scripting/monoscript/fileName/FixedJoystick.cs: 475c6e1ca66c78aed6c49f6039c5734b -> ceaced0056a716bd82a85e0f3d488361
  custom:scripting/monoscript/fileName/Joystick.cs: efd34e62618f1aa62f745acbb935ce75 -> c13c665079b3ba178e3a8ef05c62070b
  custom:scripting/monoscript/fileName/TMPro_InstructionOverlay.cs: 194f3617683541355a9c6c8193e87b1c -> b626d2270e6ebd5c4311585c18b58d8d
  custom:scripting/monoscript/fileName/anim1.cs: 05e913852816f4c6fcc126bf7ffb4ba9 -> 10b52e4432610f56cea187ac60513ec2
  custom:scripting/monoscript/fileName/TMP_DigitValidator.cs: 4e5cde653ae28b90ab257e866c94dfce -> ac02af96215ae3951a3cce9e1a8c6085
  custom:audio-encoder-webm-vorbis: bf7c407c2cedff20999df2af8eb42d56 -> 
  custom:scripting/precompiled-assembly-types:Assembly-CSharp-Editor: e324ca911fd2e13b09c6e0773d0a7dd5 -> f7c7739fc303cafe5879da7512dd0656
  custom:scripting/monoscript/fileName/Benchmark01_UGUI.cs: 52a24b07fcdd062ef495404efdb65870 -> 6148cfe2627b7708298f301788144139
  custom:scripting/monoscript/fileName/Rotation.cs: 4761afa5daf9234473e31a02ede334c2 -> 1be1d08457a69d09528d40d7c8df2473
  custom:scripting/monoscript/fileName/Jump.cs: 5b090d859ab09be631dc3b0f203f9571 -> d93a52a180fbbe603a59e9aa6da73c83
  custom:scripting/precompiled-assembly-types:Assembly-CSharp: 8d7866d22f7b845d7ef75d4eb782f659 -> 3c8e6843d631723f8999220926f3c146
  custom:scripting/monoscript/fileName/Tigger.cs: ca771e08fd5c5c2e7d1ac379e6d4b2ec -> 387f4c79276ee1729c01db13ee9675a3
  custom:scripting/monoscript/fileName/Benchmark03.cs: 520976d641c2b7cf395e30b045f5a45d -> 17cc87e0529ac71d909a946afb47a274
========================================================================
Received Import Request.
  Time since last request: 197.603917 seconds.
  path: Assets/mans/Prefabs/Man_02.prefab
  artifactKey: Guid(7ee9a881584999e498cd568894ff4b39) Importer(815301076,1909f56bfc062723c751e8b465ee728b)
Start importing Assets/mans/Prefabs/Man_02.prefab using Guid(7ee9a881584999e498cd568894ff4b39) Importer(815301076,1909f56bfc062723c751e8b465ee728b) [PhysX] Initialized MultithreadedTaskDispatcher with 8 workers.
[PhysX] Initialized MultithreadedTaskDispatcher with 8 workers.
 -> (artifact id: 'f3ee9f0859c4bbc95894ba81744acb59') in 6.516342 seconds
Number of updated asset objects reloaded before import = 0
Number of asset objects unloaded after import = 199
========================================================================
Received Import Request.
  Time since last request: 0.000070 seconds.
  path: Assets/mans/Prefabs/Man_04.prefab
  artifactKey: Guid(889d24f8fc349cf45b463fb9b13b0143) Importer(815301076,1909f56bfc062723c751e8b465ee728b)
Start importing Assets/mans/Prefabs/Man_04.prefab using Guid(889d24f8fc349cf45b463fb9b13b0143) Importer(815301076,1909f56bfc062723c751e8b465ee728b) [PhysX] Initialized MultithreadedTaskDispatcher with 8 workers.
[PhysX] Initialized MultithreadedTaskDispatcher with 8 workers.
 -> (artifact id: '8407f0505d49da7824317ca60a56c00e') in 6.909747 seconds
Number of updated asset objects reloaded before import = 0
Number of asset objects unloaded after import = 199
========================================================================
Received Import Request.
  Time since last request: 72.413891 seconds.
  path: Assets/Scenes/model/GAN.obj
  artifactKey: Guid(ce5e0f49878281f4491740d41d80ed2b) Importer(815301076,1909f56bfc062723c751e8b465ee728b)
Start importing Assets/Scenes/model/GAN.obj using Guid(ce5e0f49878281f4491740d41d80ed2b) Importer(815301076,1909f56bfc062723c751e8b465ee728b) [PhysX] Initialized MultithreadedTaskDispatcher with 8 workers.
[PhysX] Initialized MultithreadedTaskDispatcher with 8 workers.
[PhysX] Initialized MultithreadedTaskDispatcher with 8 workers.
[PhysX] Initialized MultithreadedTaskDispatcher with 8 workers.
[PhysX] Initialized MultithreadedTaskDispatcher with 8 workers.
 -> (artifact id: '80ccf0f3de9db2c277a3281c0d402dc6') in 0.101486 seconds
Number of updated asset objects reloaded before import = 0
Number of asset objects unloaded after import = 10
========================================================================
Received Import Request.
  Time since last request: 0.000033 seconds.
  path: Assets/Scenes/model/police.obj
  artifactKey: Guid(e61f0c3b94d7c224ab517ee054697266) Importer(815301076,1909f56bfc062723c751e8b465ee728b)
Start importing Assets/Scenes/model/police.obj using Guid(e61f0c3b94d7c224ab517ee054697266) Importer(815301076,1909f56bfc062723c751e8b465ee728b) [PhysX] Initialized MultithreadedTaskDispatcher with 8 workers.
[PhysX] Initialized MultithreadedTaskDispatcher with 8 workers.
[PhysX] Initialized MultithreadedTaskDispatcher with 8 workers.
[PhysX] Initialized MultithreadedTaskDispatcher with 8 workers.
[PhysX] Initialized MultithreadedTaskDispatcher with 8 workers.
 -> (artifact id: '720688c6c5f1b695547cd7d7e4c3055b') in 0.046791 seconds
Number of updated asset objects reloaded before import = 0
Number of asset objects unloaded after import = 10
========================================================================
Received Import Request.
  Time since last request: 24.854449 seconds.
  path: Assets/Scenes/model/Scenes/police.obj
  artifactKey: Guid(0f92d19e1923bb542a542479d6fe6ed4) Importer(815301076,1909f56bfc062723c751e8b465ee728b)
Start importing Assets/Scenes/model/Scenes/police.obj using Guid(0f92d19e1923bb542a542479d6fe6ed4) Importer(815301076,1909f56bfc062723c751e8b465ee728b) [PhysX] Initialized MultithreadedTaskDispatcher with 8 workers.
[PhysX] Initialized MultithreadedTaskDispatcher with 8 workers.
[PhysX] Initialized MultithreadedTaskDispatcher with 8 workers.
[PhysX] Initialized MultithreadedTaskDispatcher with 8 workers.
[PhysX] Initialized MultithreadedTaskDispatcher with 8 workers.
 -> (artifact id: '47975d2ba6a89c4d156e6fd417e49099') in 0.052919 seconds
Number of updated asset objects reloaded before import = 0
Number of asset objects unloaded after import = 10
========================================================================
Received Import Request.
  Time since last request: 1.110410 seconds.
  path: Assets/Scenes/model/Scenes/model/Full main.prefab
  artifactKey: Guid(71b694e2196c5f046a297bd884a940b8) Importer(815301076,1909f56bfc062723c751e8b465ee728b)
Start importing Assets/Scenes/model/Scenes/model/Full main.prefab using Guid(71b694e2196c5f046a297bd884a940b8) Importer(815301076,1909f56bfc062723c751e8b465ee728b) [PhysX] Initialized MultithreadedTaskDispatcher with 8 workers.
 -> (artifact id: '276826e7c03a073efcf45946ee8a8534') in 0.020692 seconds
Number of updated asset objects reloaded before import = 0
Number of asset objects unloaded after import = 52
========================================================================
Received Import Request.
  Time since last request: 1362.984960 seconds.
  path: Assets/Scenes/model/Full game .prefab
  artifactKey: Guid(3799ec646d6caa8408553064dc790a97) Importer(815301076,1909f56bfc062723c751e8b465ee728b)
Start importing Assets/Scenes/model/Full game .prefab using Guid(3799ec646d6caa8408553064dc790a97) Importer(815301076,1909f56bfc062723c751e8b465ee728b) [PhysX] Initialized MultithreadedTaskDispatcher with 8 workers.
[PhysX] Initialized MultithreadedTaskDispatcher with 8 workers.
 -> (artifact id: '25aa41994e1e9bfac07f43ac2bd8a9e5') in 6.120699 seconds
Number of updated asset objects reloaded before import = 0
Number of asset objects unloaded after import = 3096
========================================================================
Received Prepare
Caller must complete domain reload
Begin MonoManager ReloadAssembly
- Loaded All Assemblies, in  7.748 seconds
Native extension for WindowsStandalone target not found
Native extension for Android target not found
Native extension for WebGL target not found
Mono: successfully reloaded assembly
- Finished resetting the current domain, in 27.706 seconds
Domain Reload Profiling: 35482ms
	BeginReloadAssembly (2690ms)
		ExecutionOrderSort (0ms)
		DisableScriptedObjects (145ms)
		BackupInstance (0ms)
		ReleaseScriptingObjects (0ms)
		CreateAndSetChildDomain (1649ms)
	RebuildCommonClasses (61ms)
	RebuildNativeTypeToScriptingClass (16ms)
	initialDomainReloadingComplete (98ms)
	LoadAllAssembliesAndSetupDomain (4910ms)
		LoadAssemblies (5063ms)
		RebuildTransferFunctionScriptingTraits (0ms)
		AnalyzeDomain (237ms)
			TypeCache.Refresh (183ms)
				TypeCache.ScanAssembly (0ms)
			ScanForSourceGeneratedMonoScriptInfo (21ms)
			ResolveRequiredComponents (32ms)
	FinalizeReload (27706ms)
		ReleaseScriptCaches (0ms)
		RebuildScriptCaches (0ms)
		SetupLoadedEditorAssemblies (1693ms)
			LogAssemblyErrors (0ms)
			InitializePlatformSupportModulesInManaged (183ms)
			SetLoadedEditorAssemblies (7ms)
			RefreshPlugins (0ms)
			BeforeProcessingInitializeOnLoad (187ms)
			ProcessInitializeOnLoadAttributes (1216ms)
			ProcessInitializeOnLoadMethodAttributes (54ms)
			AfterProcessingInitializeOnLoad (47ms)
			EditorAssembliesLoaded (0ms)
		ExecutionOrderSort2 (0ms)
		AwakeInstancesAfterBackupRestoration (17ms)
Refreshing native plugins compatible for Editor in 14.82 ms, found 3 plugins.
Preloading 0 native plugins for Editor in 0.00 ms.
Unloading 3535 Unused Serialized files (Serialized files now loaded: 0)
Unloading 22 unused Assets / (86.8 KB). Loaded Objects now: 4142.
Memory consumption went from 139.4 MB to 139.3 MB.
Total: 85.200800 ms (FindLiveObjects: 0.364000 ms CreateObjectMapping: 0.253500 ms MarkObjects: 84.381900 ms  DeleteObjects: 0.200200 ms)

Prepare: number of updated asset objects reloaded= 0
AssetImportParameters requested are different than current active one (requested -> active):
  custom:scripting/monoscript/fileName/JoystickEditor.cs: 31d892737481409a0ec21b3641383a31 -> 406670d2fe263f5d7c582f8389f2b844
  custom:scripting/monoscript/fileName/Main.cs: bcc0f9052176b2186a7114234ef44a73 -> c093076ba5753d7bec74a8a751ffb653
  custom:scripting/monoscript/fileName/SkewTextExample.cs: f96859e31fd6dde308d9dc2a2488dcff -> c142d02d70a129e0533975f7c2f96956
  custom:container-demuxer-ogg: 62fdf1f143b41e24485cea50d1cbac27 -> 
  custom:scripting/monoscript/fileName/JoystickPlayerExample.cs: b49ed73c06895c00887fd43b2fe13656 -> 2ec96b3abad264f4393a91b76b487cb7
  custom:scripting/monoscript/fileName/TMP_TextEventHandler.cs: d0f86a17d6fd3e9995db934eaaf34f18 -> f5cd9d5a43bfefc8f4fec80e6de896a4
  custom:scripting/monoscript/fileName/TextMeshProFloatingText.cs: 5a37842f75734e7729f89af9a8145a1a -> 92608fa4a6315cd0786d82205e77b697
  custom:scripting/monoscript/fileName/JoystickSetterExample.cs: 959f5a79520f07bdb5268f1ee0033001 -> 9ef810522df7cdd512f52a98ae7a04f9
  custom:scripting/monoscript/fileName/VertexZoom.cs: 2da4737d79388c0362c64482e9ee50d2 -> 650ab1e81d40126e3edcf737cce646e4
  custom:scripting/monoscript/fileName/VertexShakeA.cs: 16900906a98712c9660b9823af1f2500 -> 63ec564c588058369499638dd899e05b
  custom:scripting/monoscript/fileName/TMP_ExampleScript_01.cs: 59997facf165601d8c6263ace2a973a5 -> a9d4be556104ff54e7d240529b3e01dc
  custom:video-decoder-ogg-theora: a1e56fd34408186e4bbccfd4996cb3dc -> 
  custom:scripting/monoscript/fileName/TMP_TextEventCheck.cs: 7ee93fce990cec7a5b67b504d0259dce -> 13505d917eab5868c435e0c2986dadfa
  custom:scripting/monoscript/fileName/TMP_TextSelector_B.cs: c0db108de9ffc9b6f619f3d00162b1c2 -> ba2be21a7486d37b1011342977a2e49d
  custom:scripting/monoscript/fileName/Benchmark01.cs: 1fef48c763f4be76a973f061699dd041 -> 2d3e2cd961730ab95f139a49a673bace
  custom:framework-win-MediaFoundation: 216162199b28c13a410421893ffa2e32 -> 
  custom:scripting/monoscript/fileName/DynamicJoystickEditor.cs: 022b5797234952c5d7bc35d1bd14e1f1 -> f92673ca2cd03c2f140cf81ccfee7ccb
  custom:scripting/monoscript/fileName/DynamicJoystick.cs: 0ab293606d3fa5fd65cbd65e1d06c400 -> fa6fdbd0de9beec4a70bc764c26bb796
  custom:scripting/monoscript/fileName/Benchmark02.cs: 92dcd0c0a469d0c0690d8ca0bfe95e6f -> 5640963252ce70910e726415f869ced6
  custom:scripting/monoscript/fileName/PlayerController.cs: 807d658ab5c9f400331841a7af990d8e -> c6d6334dbee39969b7eddb0b08d8203e
  custom:scripting/monoscript/fileName/DropdownSample.cs: b4fe7efb027fdd4854f643ad764daa8c -> 0a92251794e5f10400149f96c3c59e5d
  custom:scripting/monoscript/fileName/WarpTextExample.cs: c5431dac938081648a3a3ac553c1029b -> 2663459c266363641981c7d17b698d7f
  custom:CustomObjectIndexerAttribute: 9a22284fe3817be447336de3de66b15e -> 
  custom:container-demuxer-webm: 4f35f7cbe854078d1ac9338744f61a02 -> 
  custom:scripting/monoscript/fileName/ChatController.cs: ff21b89493e3dffcbe018a2cc5a10bae -> 876d5ccae6e345dd5d9450eb0a748f16
  custom:scripting/monoscript/fileName/TextMeshSpawner.cs: c0f20e5855e88374db1098a5acc68df4 -> 76f28e2ddb031571e6ec62b018f65fa8
  custom:scripting/monoscript/fileName/TeleType.cs: c18e16db35615314900dbe198d0144e7 -> 31fa97821c4c70f157ec81d507aa6b62
  custom:scripting/monoscript/fileName/Benchmark04.cs: 86dfb70824307c4cf164687df2489226 -> 32220b148620e52aa81c13a114862bf4
  custom:scripting/monoscript/fileName/FloatingJoystick.cs: 5ad2d6fd170f0b909c85d006ae763629 -> 516035e2342d093d90fb2bd11ff41e68
  custom:container-muxer-webm: aa71ff27fc2769a1b78a27578f13a17b -> 
  custom:video-decoder-webm-vp8: 9c59270c3fd7afecdb556c50c9e8de78 -> 
  custom:scripting/monoscript/fileName/TMP_PhoneNumberValidator.cs: b4c1c54136dffeb4e2962027ebaa6b1f -> 7c3049f481e464c6a9a15dee56c3126f
  custom:SearchIndexIgnoredProperties: e643bd26f0fe6173181afceb89e7c659 -> 
  custom:scripting/monoscript/fileName/Gan.cs: 10b52e4432610f56cea187ac60513ec2 -> 
  custom:AudioImporter_EditorPlatform: d09bf68614088b80899f8185d706f6e7 -> 
  custom:scripting/monoscript/fileName/EnvMapAnimator.cs: 08e040d459cd881082c0dd5daba5f85c -> 1b4f61c17e4b7283c3ac351aacff9d26
  custom:scripting/monoscript/fileName/ShaderPropAnimator.cs: 88b70bc5bbc15375387323f48f0661cf -> 55ce425812446482e623ff2695c94cb2
  custom:scripting/monoscript/fileName/SimpleScript.cs: dcd92cf7399b0d08e25e4a66ab57e91e -> 454caab0c6c050f29b39d82e1d66d0fa
  custom:scripting/monoscript/fileName/VariableJoystickEditor.cs: 75e1b4b36e9f7518c61272653e1a297a -> fee5e077b31909c4bba3d7329fdefd90
  custom:scripting/monoscript/fileName/ObjectSpin.cs: b34dd4d17018731600f920d50ca840f7 -> 2b96bb2079dd7fa5108d981627a28e1e
  custom:scripting/monoscript/fileName/CameraController.cs: 8d43c2def3a67efed518259a2232b470 -> 34b6be4e23ce86dc89786916c5983296
  custom:scripting/monoscript/fileName/TMP_TextInfoDebugTool.cs: 7aad42023b6f5112c90650ae13bd6dd8 -> 3f1709cfb2cc628169113a35b5e9be3f
  custom:scripting/monoscript/fileName/Walk.cs: b813fe3de227fa89db06a9337fee964a -> 
  custom:scripting/monoscript/fileName/TMP_TextSelector_A.cs: 088357b4acdc1e6288d897936d29c8d3 -> 347309a09d56e367b188a6978f75b424
  custom:video-encoder-webm-vp8: eb34c28f22e8b96e1ab97ce403110664 -> 
  custom:audio-decoder-ogg-vorbis: bf7c407c2cedff20999df2af8eb42d56 -> 
  custom:scripting/monoscript/fileName/VertexJitter.cs: 6330f950b41eff6e5970f129864ecd6c -> d27eb5498e48714a66aece98da065133
  custom:scripting/monoscript/fileName/mune.cs: 854be57a593bde74a27cc6a4e94cf976 -> b21687ddb03d73bd9f0c1daecb9714de
  custom:scripting/monoscript/fileName/TextConsoleSimulator.cs: f2c8898b26c0cf2b0a1c7d12d99e6769 -> 33fc311abb20b5b0ed8f00e4d86b574e
  custom:scripting/monoscript/fileName/VertexColorCycler.cs: 135fb0ebdaf256193ccc08218c426c64 -> 5f984ca91cf3609293aecc6bc5641572
  custom:scripting/monoscript/fileName/TMP_FrameRateCounter.cs: 8afeb6f0251e063dcfff2bd827f92c62 -> 46f655df8cb483ac5958307137b1585a
  custom:scripting/monoscript/fileName/FloatingJoystickEditor.cs: 77573a9156cb44c5d5d617fe80c220c5 -> 20a94efd412f2009d4e6722fe16a3051
  custom:scripting/monoscript/fileName/VertexShakeB.cs: 587e5b2aecc39120c2c9ff69742ce897 -> a6f78c4fcda1a29a1a1c1baefedba9e7
  custom:scripting/monoscript/fileName/VariableJoystick.cs: 39f03dc32328afe11ebf2977b1593dda -> 6a21e483212ef280c767be5522709419
  custom:scripting/monoscript/fileName/TMP_UiFrameRateCounter.cs: 8fa3bcf761bb5076fd90d0361518d59c -> b01021aea19247f14a98ab338907956a
  custom:scripting/monoscript/fileName/FixedJoystick.cs: 475c6e1ca66c78aed6c49f6039c5734b -> ceaced0056a716bd82a85e0f3d488361
  custom:scripting/monoscript/fileName/Joystick.cs: efd34e62618f1aa62f745acbb935ce75 -> c13c665079b3ba178e3a8ef05c62070b
  custom:scripting/monoscript/fileName/TMPro_InstructionOverlay.cs: 194f3617683541355a9c6c8193e87b1c -> b626d2270e6ebd5c4311585c18b58d8d
  custom:scripting/monoscript/fileName/anim1.cs: 05e913852816f4c6fcc126bf7ffb4ba9 -> 10b52e4432610f56cea187ac60513ec2
  custom:scripting/monoscript/fileName/TMP_DigitValidator.cs: 4e5cde653ae28b90ab257e866c94dfce -> ac02af96215ae3951a3cce9e1a8c6085
  custom:audio-encoder-webm-vorbis: bf7c407c2cedff20999df2af8eb42d56 -> 
  custom:scripting/precompiled-assembly-types:Assembly-CSharp-Editor: e324ca911fd2e13b09c6e0773d0a7dd5 -> f7c7739fc303cafe5879da7512dd0656
  custom:scripting/monoscript/fileName/Benchmark01_UGUI.cs: 52a24b07fcdd062ef495404efdb65870 -> 6148cfe2627b7708298f301788144139
  custom:scripting/monoscript/fileName/Rotation.cs: 4761afa5daf9234473e31a02ede334c2 -> 1be1d08457a69d09528d40d7c8df2473
  custom:scripting/monoscript/fileName/Jump.cs: 5b090d859ab09be631dc3b0f203f9571 -> d93a52a180fbbe603a59e9aa6da73c83
  custom:scripting/precompiled-assembly-types:Assembly-CSharp: 8d7866d22f7b845d7ef75d4eb782f659 -> 3c8e6843d631723f8999220926f3c146
  custom:scripting/monoscript/fileName/Tigger.cs: ca771e08fd5c5c2e7d1ac379e6d4b2ec -> 387f4c79276ee1729c01db13ee9675a3
  custom:scripting/monoscript/fileName/Benchmark03.cs: 520976d641c2b7cf395e30b045f5a45d -> 17cc87e0529ac71d909a946afb47a274
========================================================================
Received Prepare
Caller must complete domain reload
Begin MonoManager ReloadAssembly
- Loaded All Assemblies, in  1.335 seconds
Native extension for WindowsStandalone target not found
Native extension for Android target not found
Native extension for WebGL target not found
Mono: successfully reloaded assembly
- Finished resetting the current domain, in  2.940 seconds
Domain Reload Profiling: 4252ms
	BeginReloadAssembly (432ms)
		ExecutionOrderSort (0ms)
		DisableScriptedObjects (18ms)
		BackupInstance (0ms)
		ReleaseScriptingObjects (0ms)
		CreateAndSetChildDomain (106ms)
	RebuildCommonClasses (75ms)
	RebuildNativeTypeToScriptingClass (16ms)
	initialDomainReloadingComplete (119ms)
	LoadAllAssembliesAndSetupDomain (669ms)
		LoadAssemblies (894ms)
		RebuildTransferFunctionScriptingTraits (0ms)
		AnalyzeDomain (22ms)
			TypeCache.Refresh (8ms)
				TypeCache.ScanAssembly (0ms)
			ScanForSourceGeneratedMonoScriptInfo (0ms)
			ResolveRequiredComponents (11ms)
	FinalizeReload (2941ms)
		ReleaseScriptCaches (0ms)
		RebuildScriptCaches (0ms)
		SetupLoadedEditorAssemblies (1202ms)
			LogAssemblyErrors (0ms)
			InitializePlatformSupportModulesInManaged (57ms)
			SetLoadedEditorAssemblies (6ms)
			RefreshPlugins (0ms)
			BeforeProcessingInitializeOnLoad (203ms)
			ProcessInitializeOnLoadAttributes (847ms)
			ProcessInitializeOnLoadMethodAttributes (34ms)
			AfterProcessingInitializeOnLoad (55ms)
			EditorAssembliesLoaded (0ms)
		ExecutionOrderSort2 (0ms)
		AwakeInstancesAfterBackupRestoration (14ms)
Refreshing native plugins compatible for Editor in 22.06 ms, found 3 plugins.
Preloading 0 native plugins for Editor in 0.00 ms.
Unloading 3535 Unused Serialized files (Serialized files now loaded: 0)
Unloading 14 unused Assets / (91.7 KB). Loaded Objects now: 4145.
Memory consumption went from 139.4 MB to 139.3 MB.
Total: 12.843200 ms (FindLiveObjects: 0.635700 ms CreateObjectMapping: 0.238000 ms MarkObjects: 11.770100 ms  DeleteObjects: 0.197100 ms)

Prepare: number of updated asset objects reloaded= 0
AssetImportParameters requested are different than current active one (requested -> active):
  custom:scripting/monoscript/fileName/JoystickEditor.cs: 31d892737481409a0ec21b3641383a31 -> 406670d2fe263f5d7c582f8389f2b844
  custom:scripting/monoscript/fileName/Main.cs: bcc0f9052176b2186a7114234ef44a73 -> c093076ba5753d7bec74a8a751ffb653
  custom:scripting/monoscript/fileName/SkewTextExample.cs: f96859e31fd6dde308d9dc2a2488dcff -> c142d02d70a129e0533975f7c2f96956
  custom:container-demuxer-ogg: 62fdf1f143b41e24485cea50d1cbac27 -> 
  custom:scripting/monoscript/fileName/JoystickPlayerExample.cs: b49ed73c06895c00887fd43b2fe13656 -> 2ec96b3abad264f4393a91b76b487cb7
  custom:scripting/monoscript/fileName/TMP_TextEventHandler.cs: d0f86a17d6fd3e9995db934eaaf34f18 -> f5cd9d5a43bfefc8f4fec80e6de896a4
  custom:scripting/monoscript/fileName/TextMeshProFloatingText.cs: 5a37842f75734e7729f89af9a8145a1a -> 92608fa4a6315cd0786d82205e77b697
  custom:scripting/monoscript/fileName/JoystickSetterExample.cs: 959f5a79520f07bdb5268f1ee0033001 -> 9ef810522df7cdd512f52a98ae7a04f9
  custom:scripting/monoscript/fileName/VertexZoom.cs: 2da4737d79388c0362c64482e9ee50d2 -> 650ab1e81d40126e3edcf737cce646e4
  custom:scripting/monoscript/fileName/VertexShakeA.cs: 16900906a98712c9660b9823af1f2500 -> 63ec564c588058369499638dd899e05b
  custom:scripting/monoscript/fileName/TMP_ExampleScript_01.cs: 59997facf165601d8c6263ace2a973a5 -> a9d4be556104ff54e7d240529b3e01dc
  custom:video-decoder-ogg-theora: a1e56fd34408186e4bbccfd4996cb3dc -> 
  custom:scripting/monoscript/fileName/TMP_TextEventCheck.cs: 7ee93fce990cec7a5b67b504d0259dce -> 13505d917eab5868c435e0c2986dadfa
  custom:scripting/monoscript/fileName/TMP_TextSelector_B.cs: c0db108de9ffc9b6f619f3d00162b1c2 -> ba2be21a7486d37b1011342977a2e49d
  custom:scripting/monoscript/fileName/Benchmark01.cs: 1fef48c763f4be76a973f061699dd041 -> 2d3e2cd961730ab95f139a49a673bace
  custom:framework-win-MediaFoundation: 216162199b28c13a410421893ffa2e32 -> 
  custom:scripting/monoscript/fileName/DynamicJoystickEditor.cs: 022b5797234952c5d7bc35d1bd14e1f1 -> f92673ca2cd03c2f140cf81ccfee7ccb
  custom:scripting/monoscript/fileName/DynamicJoystick.cs: 0ab293606d3fa5fd65cbd65e1d06c400 -> fa6fdbd0de9beec4a70bc764c26bb796
  custom:scripting/monoscript/fileName/Benchmark02.cs: 92dcd0c0a469d0c0690d8ca0bfe95e6f -> 5640963252ce70910e726415f869ced6
  custom:scripting/monoscript/fileName/PlayerController.cs: 807d658ab5c9f400331841a7af990d8e -> c6d6334dbee39969b7eddb0b08d8203e
  custom:scripting/monoscript/fileName/DropdownSample.cs: b4fe7efb027fdd4854f643ad764daa8c -> 0a92251794e5f10400149f96c3c59e5d
  custom:scripting/monoscript/fileName/WarpTextExample.cs: c5431dac938081648a3a3ac553c1029b -> 2663459c266363641981c7d17b698d7f
  custom:CustomObjectIndexerAttribute: 9a22284fe3817be447336de3de66b15e -> 
  custom:container-demuxer-webm: 4f35f7cbe854078d1ac9338744f61a02 -> 
  custom:scripting/monoscript/fileName/ChatController.cs: ff21b89493e3dffcbe018a2cc5a10bae -> 876d5ccae6e345dd5d9450eb0a748f16
  custom:scripting/monoscript/fileName/TextMeshSpawner.cs: c0f20e5855e88374db1098a5acc68df4 -> 76f28e2ddb031571e6ec62b018f65fa8
  custom:scripting/monoscript/fileName/TeleType.cs: c18e16db35615314900dbe198d0144e7 -> 31fa97821c4c70f157ec81d507aa6b62
  custom:scripting/monoscript/fileName/Benchmark04.cs: 86dfb70824307c4cf164687df2489226 -> 32220b148620e52aa81c13a114862bf4
  custom:scripting/monoscript/fileName/FloatingJoystick.cs: 5ad2d6fd170f0b909c85d006ae763629 -> 516035e2342d093d90fb2bd11ff41e68
  custom:container-muxer-webm: aa71ff27fc2769a1b78a27578f13a17b -> 
  custom:video-decoder-webm-vp8: 9c59270c3fd7afecdb556c50c9e8de78 -> 
  custom:scripting/monoscript/fileName/TMP_PhoneNumberValidator.cs: b4c1c54136dffeb4e2962027ebaa6b1f -> 7c3049f481e464c6a9a15dee56c3126f
  custom:SearchIndexIgnoredProperties: e643bd26f0fe6173181afceb89e7c659 -> 
  custom:scripting/monoscript/fileName/Gan.cs: 10b52e4432610f56cea187ac60513ec2 -> 
  custom:AudioImporter_EditorPlatform: d09bf68614088b80899f8185d706f6e7 -> 
  custom:scripting/monoscript/fileName/EnvMapAnimator.cs: 08e040d459cd881082c0dd5daba5f85c -> 1b4f61c17e4b7283c3ac351aacff9d26
  custom:scripting/monoscript/fileName/ShaderPropAnimator.cs: 88b70bc5bbc15375387323f48f0661cf -> 55ce425812446482e623ff2695c94cb2
  custom:scripting/monoscript/fileName/SimpleScript.cs: dcd92cf7399b0d08e25e4a66ab57e91e -> 454caab0c6c050f29b39d82e1d66d0fa
  custom:scripting/monoscript/fileName/VariableJoystickEditor.cs: 75e1b4b36e9f7518c61272653e1a297a -> fee5e077b31909c4bba3d7329fdefd90
  custom:scripting/monoscript/fileName/ObjectSpin.cs: b34dd4d17018731600f920d50ca840f7 -> 2b96bb2079dd7fa5108d981627a28e1e
  custom:scripting/monoscript/fileName/CameraController.cs: 8d43c2def3a67efed518259a2232b470 -> 34b6be4e23ce86dc89786916c5983296
  custom:scripting/monoscript/fileName/TMP_TextInfoDebugTool.cs: 7aad42023b6f5112c90650ae13bd6dd8 -> 3f1709cfb2cc628169113a35b5e9be3f
  custom:scripting/monoscript/fileName/Walk.cs: b813fe3de227fa89db06a9337fee964a -> 
  custom:scripting/monoscript/fileName/TMP_TextSelector_A.cs: 088357b4acdc1e6288d897936d29c8d3 -> 347309a09d56e367b188a6978f75b424
  custom:video-encoder-webm-vp8: eb34c28f22e8b96e1ab97ce403110664 -> 
  custom:audio-decoder-ogg-vorbis: bf7c407c2cedff20999df2af8eb42d56 -> 
  custom:scripting/monoscript/fileName/VertexJitter.cs: 6330f950b41eff6e5970f129864ecd6c -> d27eb5498e48714a66aece98da065133
  custom:scripting/monoscript/fileName/mune.cs: 854be57a593bde74a27cc6a4e94cf976 -> b21687ddb03d73bd9f0c1daecb9714de
  custom:scripting/monoscript/fileName/TextConsoleSimulator.cs: f2c8898b26c0cf2b0a1c7d12d99e6769 -> 33fc311abb20b5b0ed8f00e4d86b574e
  custom:scripting/monoscript/fileName/VertexColorCycler.cs: 135fb0ebdaf256193ccc08218c426c64 -> 5f984ca91cf3609293aecc6bc5641572
  custom:scripting/monoscript/fileName/TMP_FrameRateCounter.cs: 8afeb6f0251e063dcfff2bd827f92c62 -> 46f655df8cb483ac5958307137b1585a
  custom:scripting/monoscript/fileName/FloatingJoystickEditor.cs: 77573a9156cb44c5d5d617fe80c220c5 -> 20a94efd412f2009d4e6722fe16a3051
  custom:scripting/monoscript/fileName/VertexShakeB.cs: 587e5b2aecc39120c2c9ff69742ce897 -> a6f78c4fcda1a29a1a1c1baefedba9e7
  custom:scripting/monoscript/fileName/VariableJoystick.cs: 39f03dc32328afe11ebf2977b1593dda -> 6a21e483212ef280c767be5522709419
  custom:scripting/monoscript/fileName/TMP_UiFrameRateCounter.cs: 8fa3bcf761bb5076fd90d0361518d59c -> b01021aea19247f14a98ab338907956a
  custom:scripting/monoscript/fileName/FixedJoystick.cs: 475c6e1ca66c78aed6c49f6039c5734b -> ceaced0056a716bd82a85e0f3d488361
  custom:scripting/monoscript/fileName/Joystick.cs: efd34e62618f1aa62f745acbb935ce75 -> c13c665079b3ba178e3a8ef05c62070b
  custom:scripting/monoscript/fileName/TMPro_InstructionOverlay.cs: 194f3617683541355a9c6c8193e87b1c -> b626d2270e6ebd5c4311585c18b58d8d
  custom:scripting/monoscript/fileName/anim1.cs: 05e913852816f4c6fcc126bf7ffb4ba9 -> 10b52e4432610f56cea187ac60513ec2
  custom:scripting/monoscript/fileName/TMP_DigitValidator.cs: 4e5cde653ae28b90ab257e866c94dfce -> ac02af96215ae3951a3cce9e1a8c6085
  custom:audio-encoder-webm-vorbis: bf7c407c2cedff20999df2af8eb42d56 -> 
  custom:scripting/precompiled-assembly-types:Assembly-CSharp-Editor: e324ca911fd2e13b09c6e0773d0a7dd5 -> f7c7739fc303cafe5879da7512dd0656
  custom:scripting/monoscript/fileName/Benchmark01_UGUI.cs: 52a24b07fcdd062ef495404efdb65870 -> 6148cfe2627b7708298f301788144139
  custom:scripting/monoscript/fileName/Rotation.cs: 4761afa5daf9234473e31a02ede334c2 -> 1be1d08457a69d09528d40d7c8df2473
  custom:scripting/monoscript/fileName/Jump.cs: 5b090d859ab09be631dc3b0f203f9571 -> d93a52a180fbbe603a59e9aa6da73c83
  custom:scripting/precompiled-assembly-types:Assembly-CSharp: 8d7866d22f7b845d7ef75d4eb782f659 -> 3c8e6843d631723f8999220926f3c146
  custom:scripting/monoscript/fileName/Tigger.cs: ca771e08fd5c5c2e7d1ac379e6d4b2ec -> 387f4c79276ee1729c01db13ee9675a3
  custom:scripting/monoscript/fileName/Benchmark03.cs: 520976d641c2b7cf395e30b045f5a45d -> 17cc87e0529ac71d909a946afb47a274
========================================================================
Received Prepare
Caller must complete domain reload
Begin MonoManager ReloadAssembly
- Loaded All Assemblies, in  1.722 seconds
Native extension for WindowsStandalone target not found
Native extension for Android target not found
Native extension for WebGL target not found
Mono: successfully reloaded assembly
- Finished resetting the current domain, in 16.841 seconds
Domain Reload Profiling: 18539ms
	BeginReloadAssembly (480ms)
		ExecutionOrderSort (13ms)
		DisableScriptedObjects (8ms)
		BackupInstance (0ms)
		ReleaseScriptingObjects (0ms)
		CreateAndSetChildDomain (87ms)
	RebuildCommonClasses (52ms)
	RebuildNativeTypeToScriptingClass (16ms)
	initialDomainReloadingComplete (85ms)
	LoadAllAssembliesAndSetupDomain (1064ms)
		LoadAssemblies (1252ms)
		RebuildTransferFunctionScriptingTraits (0ms)
		AnalyzeDomain (24ms)
			TypeCache.Refresh (9ms)
				TypeCache.ScanAssembly (0ms)
			ScanForSourceGeneratedMonoScriptInfo (0ms)
			ResolveRequiredComponents (14ms)
	FinalizeReload (16841ms)
		ReleaseScriptCaches (0ms)
		RebuildScriptCaches (0ms)
		SetupLoadedEditorAssemblies (1316ms)
			LogAssemblyErrors (0ms)
			InitializePlatformSupportModulesInManaged (59ms)
			SetLoadedEditorAssemblies (7ms)
			RefreshPlugins (0ms)
			BeforeProcessingInitializeOnLoad (204ms)
			ProcessInitializeOnLoadAttributes (943ms)
			ProcessInitializeOnLoadMethodAttributes (47ms)
			AfterProcessingInitializeOnLoad (56ms)
			EditorAssembliesLoaded (0ms)
		ExecutionOrderSort2 (0ms)
		AwakeInstancesAfterBackupRestoration (12ms)
Refreshing native plugins compatible for Editor in 21.89 ms, found 3 plugins.
Preloading 0 native plugins for Editor in 0.00 ms.
Unloading 3535 Unused Serialized files (Serialized files now loaded: 0)
Unloading 14 unused Assets / (91.6 KB). Loaded Objects now: 4148.
Memory consumption went from 139.4 MB to 139.3 MB.
Total: 7.673600 ms (FindLiveObjects: 0.639500 ms CreateObjectMapping: 0.278800 ms MarkObjects: 6.552500 ms  DeleteObjects: 0.200800 ms)

Prepare: number of updated asset objects reloaded= 0
AssetImportParameters requested are different than current active one (requested -> active):
  custom:scripting/monoscript/fileName/JoystickEditor.cs: 31d892737481409a0ec21b3641383a31 -> 406670d2fe263f5d7c582f8389f2b844
  custom:scripting/monoscript/fileName/Main.cs: bcc0f9052176b2186a7114234ef44a73 -> c093076ba5753d7bec74a8a751ffb653
  custom:scripting/monoscript/fileName/SkewTextExample.cs: f96859e31fd6dde308d9dc2a2488dcff -> c142d02d70a129e0533975f7c2f96956
  custom:container-demuxer-ogg: 62fdf1f143b41e24485cea50d1cbac27 -> 
  custom:scripting/monoscript/fileName/JoystickPlayerExample.cs: b49ed73c06895c00887fd43b2fe13656 -> 2ec96b3abad264f4393a91b76b487cb7
  custom:scripting/monoscript/fileName/TMP_TextEventHandler.cs: d0f86a17d6fd3e9995db934eaaf34f18 -> f5cd9d5a43bfefc8f4fec80e6de896a4
  custom:scripting/monoscript/fileName/TextMeshProFloatingText.cs: 5a37842f75734e7729f89af9a8145a1a -> 92608fa4a6315cd0786d82205e77b697
  custom:scripting/monoscript/fileName/JoystickSetterExample.cs: 959f5a79520f07bdb5268f1ee0033001 -> 9ef810522df7cdd512f52a98ae7a04f9
  custom:scripting/monoscript/fileName/VertexZoom.cs: 2da4737d79388c0362c64482e9ee50d2 -> 650ab1e81d40126e3edcf737cce646e4
  custom:scripting/monoscript/fileName/VertexShakeA.cs: 16900906a98712c9660b9823af1f2500 -> 63ec564c588058369499638dd899e05b
  custom:scripting/monoscript/fileName/TMP_ExampleScript_01.cs: 59997facf165601d8c6263ace2a973a5 -> a9d4be556104ff54e7d240529b3e01dc
  custom:video-decoder-ogg-theora: a1e56fd34408186e4bbccfd4996cb3dc -> 
  custom:scripting/monoscript/fileName/TMP_TextEventCheck.cs: 7ee93fce990cec7a5b67b504d0259dce -> 13505d917eab5868c435e0c2986dadfa
  custom:scripting/monoscript/fileName/TMP_TextSelector_B.cs: c0db108de9ffc9b6f619f3d00162b1c2 -> ba2be21a7486d37b1011342977a2e49d
  custom:scripting/monoscript/fileName/Benchmark01.cs: 1fef48c763f4be76a973f061699dd041 -> 2d3e2cd961730ab95f139a49a673bace
  custom:framework-win-MediaFoundation: 216162199b28c13a410421893ffa2e32 -> 
  custom:scripting/monoscript/fileName/DynamicJoystickEditor.cs: 022b5797234952c5d7bc35d1bd14e1f1 -> f92673ca2cd03c2f140cf81ccfee7ccb
  custom:scripting/monoscript/fileName/DynamicJoystick.cs: 0ab293606d3fa5fd65cbd65e1d06c400 -> fa6fdbd0de9beec4a70bc764c26bb796
  custom:scripting/monoscript/fileName/Benchmark02.cs: 92dcd0c0a469d0c0690d8ca0bfe95e6f -> 5640963252ce70910e726415f869ced6
  custom:scripting/monoscript/fileName/PlayerController.cs: 807d658ab5c9f400331841a7af990d8e -> c6d6334dbee39969b7eddb0b08d8203e
  custom:scripting/monoscript/fileName/DropdownSample.cs: b4fe7efb027fdd4854f643ad764daa8c -> 0a92251794e5f10400149f96c3c59e5d
  custom:scripting/monoscript/fileName/WarpTextExample.cs: c5431dac938081648a3a3ac553c1029b -> 2663459c266363641981c7d17b698d7f
  custom:CustomObjectIndexerAttribute: 9a22284fe3817be447336de3de66b15e -> 
  custom:container-demuxer-webm: 4f35f7cbe854078d1ac9338744f61a02 -> 
  custom:scripting/monoscript/fileName/ChatController.cs: ff21b89493e3dffcbe018a2cc5a10bae -> 876d5ccae6e345dd5d9450eb0a748f16
  custom:scripting/monoscript/fileName/TextMeshSpawner.cs: c0f20e5855e88374db1098a5acc68df4 -> 76f28e2ddb031571e6ec62b018f65fa8
  custom:scripting/monoscript/fileName/TeleType.cs: c18e16db35615314900dbe198d0144e7 -> 31fa97821c4c70f157ec81d507aa6b62
  custom:scripting/monoscript/fileName/Benchmark04.cs: 86dfb70824307c4cf164687df2489226 -> 32220b148620e52aa81c13a114862bf4
  custom:scripting/monoscript/fileName/FloatingJoystick.cs: 5ad2d6fd170f0b909c85d006ae763629 -> 516035e2342d093d90fb2bd11ff41e68
  custom:container-muxer-webm: aa71ff27fc2769a1b78a27578f13a17b -> 
  custom:video-decoder-webm-vp8: 9c59270c3fd7afecdb556c50c9e8de78 -> 
  custom:scripting/monoscript/fileName/TMP_PhoneNumberValidator.cs: b4c1c54136dffeb4e2962027ebaa6b1f -> 7c3049f481e464c6a9a15dee56c3126f
  custom:SearchIndexIgnoredProperties: e643bd26f0fe6173181afceb89e7c659 -> 
  custom:scripting/monoscript/fileName/Gan.cs: 10b52e4432610f56cea187ac60513ec2 -> 
  custom:AudioImporter_EditorPlatform: d09bf68614088b80899f8185d706f6e7 -> 
  custom:scripting/monoscript/fileName/EnvMapAnimator.cs: 08e040d459cd881082c0dd5daba5f85c -> 1b4f61c17e4b7283c3ac351aacff9d26
  custom:scripting/monoscript/fileName/ShaderPropAnimator.cs: 88b70bc5bbc15375387323f48f0661cf -> 55ce425812446482e623ff2695c94cb2
  custom:scripting/monoscript/fileName/SimpleScript.cs: dcd92cf7399b0d08e25e4a66ab57e91e -> 454caab0c6c050f29b39d82e1d66d0fa
  custom:scripting/monoscript/fileName/VariableJoystickEditor.cs: 75e1b4b36e9f7518c61272653e1a297a -> fee5e077b31909c4bba3d7329fdefd90
  custom:scripting/monoscript/fileName/ObjectSpin.cs: b34dd4d17018731600f920d50ca840f7 -> 2b96bb2079dd7fa5108d981627a28e1e
  custom:scripting/monoscript/fileName/CameraController.cs: 8d43c2def3a67efed518259a2232b470 -> 34b6be4e23ce86dc89786916c5983296
  custom:scripting/monoscript/fileName/TMP_TextInfoDebugTool.cs: 7aad42023b6f5112c90650ae13bd6dd8 -> 3f1709cfb2cc628169113a35b5e9be3f
  custom:scripting/monoscript/fileName/Walk.cs: b813fe3de227fa89db06a9337fee964a -> 
  custom:scripting/monoscript/fileName/TMP_TextSelector_A.cs: 088357b4acdc1e6288d897936d29c8d3 -> 347309a09d56e367b188a6978f75b424
  custom:video-encoder-webm-vp8: eb34c28f22e8b96e1ab97ce403110664 -> 
  custom:audio-decoder-ogg-vorbis: bf7c407c2cedff20999df2af8eb42d56 -> 
  custom:scripting/monoscript/fileName/VertexJitter.cs: 6330f950b41eff6e5970f129864ecd6c -> d27eb5498e48714a66aece98da065133
  custom:scripting/monoscript/fileName/mune.cs: 854be57a593bde74a27cc6a4e94cf976 -> b21687ddb03d73bd9f0c1daecb9714de
  custom:scripting/monoscript/fileName/TextConsoleSimulator.cs: f2c8898b26c0cf2b0a1c7d12d99e6769 -> 33fc311abb20b5b0ed8f00e4d86b574e
  custom:scripting/monoscript/fileName/VertexColorCycler.cs: 135fb0ebdaf256193ccc08218c426c64 -> 5f984ca91cf3609293aecc6bc5641572
  custom:scripting/monoscript/fileName/TMP_FrameRateCounter.cs: 8afeb6f0251e063dcfff2bd827f92c62 -> 46f655df8cb483ac5958307137b1585a
  custom:scripting/monoscript/fileName/FloatingJoystickEditor.cs: 77573a9156cb44c5d5d617fe80c220c5 -> 20a94efd412f2009d4e6722fe16a3051
  custom:scripting/monoscript/fileName/VertexShakeB.cs: 587e5b2aecc39120c2c9ff69742ce897 -> a6f78c4fcda1a29a1a1c1baefedba9e7
  custom:scripting/monoscript/fileName/VariableJoystick.cs: 39f03dc32328afe11ebf2977b1593dda -> 6a21e483212ef280c767be5522709419
  custom:scripting/monoscript/fileName/TMP_UiFrameRateCounter.cs: 8fa3bcf761bb5076fd90d0361518d59c -> b01021aea19247f14a98ab338907956a
  custom:scripting/monoscript/fileName/FixedJoystick.cs: 475c6e1ca66c78aed6c49f6039c5734b -> ceaced0056a716bd82a85e0f3d488361
  custom:scripting/monoscript/fileName/Joystick.cs: efd34e62618f1aa62f745acbb935ce75 -> c13c665079b3ba178e3a8ef05c62070b
  custom:scripting/monoscript/fileName/TMPro_InstructionOverlay.cs: 194f3617683541355a9c6c8193e87b1c -> b626d2270e6ebd5c4311585c18b58d8d
  custom:scripting/monoscript/fileName/anim1.cs: 05e913852816f4c6fcc126bf7ffb4ba9 -> 10b52e4432610f56cea187ac60513ec2
  custom:scripting/monoscript/fileName/TMP_DigitValidator.cs: 4e5cde653ae28b90ab257e866c94dfce -> ac02af96215ae3951a3cce9e1a8c6085
  custom:audio-encoder-webm-vorbis: bf7c407c2cedff20999df2af8eb42d56 -> 
  custom:scripting/precompiled-assembly-types:Assembly-CSharp-Editor: e324ca911fd2e13b09c6e0773d0a7dd5 -> f7c7739fc303cafe5879da7512dd0656
  custom:scripting/monoscript/fileName/Benchmark01_UGUI.cs: 52a24b07fcdd062ef495404efdb65870 -> 6148cfe2627b7708298f301788144139
  custom:scripting/monoscript/fileName/Rotation.cs: 4761afa5daf9234473e31a02ede334c2 -> 1be1d08457a69d09528d40d7c8df2473
  custom:scripting/monoscript/fileName/Jump.cs: 5b090d859ab09be631dc3b0f203f9571 -> d93a52a180fbbe603a59e9aa6da73c83
  custom:scripting/precompiled-assembly-types:Assembly-CSharp: 8d7866d22f7b845d7ef75d4eb782f659 -> 3c8e6843d631723f8999220926f3c146
  custom:scripting/monoscript/fileName/Tigger.cs: ca771e08fd5c5c2e7d1ac379e6d4b2ec -> 387f4c79276ee1729c01db13ee9675a3
  custom:scripting/monoscript/fileName/Benchmark03.cs: 520976d641c2b7cf395e30b045f5a45d -> 17cc87e0529ac71d909a946afb47a274
========================================================================
Received Prepare
Caller must complete domain reload
Begin MonoManager ReloadAssembly
- Loaded All Assemblies, in  1.268 seconds
Native extension for WindowsStandalone target not found
Native extension for Android target not found
Native extension for WebGL target not found
Mono: successfully reloaded assembly
- Finished resetting the current domain, in  3.000 seconds
Domain Reload Profiling: 4243ms
	BeginReloadAssembly (345ms)
		ExecutionOrderSort (7ms)
		DisableScriptedObjects (9ms)
		BackupInstance (0ms)
		ReleaseScriptingObjects (0ms)
		CreateAndSetChildDomain (38ms)
	RebuildCommonClasses (60ms)
	RebuildNativeTypeToScriptingClass (18ms)
	initialDomainReloadingComplete (89ms)
	LoadAllAssembliesAndSetupDomain (730ms)
		LoadAssemblies (929ms)
		RebuildTransferFunctionScriptingTraits (0ms)
		AnalyzeDomain (26ms)
			TypeCache.Refresh (9ms)
				TypeCache.ScanAssembly (0ms)
			ScanForSourceGeneratedMonoScriptInfo (0ms)
			ResolveRequiredComponents (15ms)
	FinalizeReload (3001ms)
		ReleaseScriptCaches (0ms)
		RebuildScriptCaches (0ms)
		SetupLoadedEditorAssemblies (1246ms)
			LogAssemblyErrors (0ms)
			InitializePlatformSupportModulesInManaged (59ms)
			SetLoadedEditorAssemblies (6ms)
			RefreshPlugins (0ms)
			BeforeProcessingInitializeOnLoad (189ms)
			ProcessInitializeOnLoadAttributes (899ms)
			ProcessInitializeOnLoadMethodAttributes (35ms)
			AfterProcessingInitializeOnLoad (57ms)
			EditorAssembliesLoaded (0ms)
		ExecutionOrderSort2 (0ms)
		AwakeInstancesAfterBackupRestoration (13ms)
Refreshing native plugins compatible for Editor in 22.48 ms, found 3 plugins.
Preloading 0 native plugins for Editor in 0.00 ms.
Unloading 3535 Unused Serialized files (Serialized files now loaded: 0)
Unloading 14 unused Assets / (75.7 KB). Loaded Objects now: 4151.
Memory consumption went from 139.4 MB to 139.3 MB.
Total: 17.276000 ms (FindLiveObjects: 0.651300 ms CreateObjectMapping: 0.283400 ms MarkObjects: 16.173600 ms  DeleteObjects: 0.165400 ms)

Prepare: number of updated asset objects reloaded= 0
AssetImportParameters requested are different than current active one (requested -> active):
  custom:scripting/monoscript/fileName/JoystickEditor.cs: 31d892737481409a0ec21b3641383a31 -> 406670d2fe263f5d7c582f8389f2b844
  custom:scripting/monoscript/fileName/Main.cs: bcc0f9052176b2186a7114234ef44a73 -> c093076ba5753d7bec74a8a751ffb653
  custom:scripting/monoscript/fileName/SkewTextExample.cs: f96859e31fd6dde308d9dc2a2488dcff -> c142d02d70a129e0533975f7c2f96956
  custom:container-demuxer-ogg: 62fdf1f143b41e24485cea50d1cbac27 -> 
  custom:scripting/monoscript/fileName/JoystickPlayerExample.cs: b49ed73c06895c00887fd43b2fe13656 -> 2ec96b3abad264f4393a91b76b487cb7
  custom:scripting/monoscript/fileName/TMP_TextEventHandler.cs: d0f86a17d6fd3e9995db934eaaf34f18 -> f5cd9d5a43bfefc8f4fec80e6de896a4
  custom:scripting/monoscript/fileName/TextMeshProFloatingText.cs: 5a37842f75734e7729f89af9a8145a1a -> 92608fa4a6315cd0786d82205e77b697
  custom:scripting/monoscript/fileName/JoystickSetterExample.cs: 959f5a79520f07bdb5268f1ee0033001 -> 9ef810522df7cdd512f52a98ae7a04f9
  custom:scripting/monoscript/fileName/VertexZoom.cs: 2da4737d79388c0362c64482e9ee50d2 -> 650ab1e81d40126e3edcf737cce646e4
  custom:scripting/monoscript/fileName/VertexShakeA.cs: 16900906a98712c9660b9823af1f2500 -> 63ec564c588058369499638dd899e05b
  custom:scripting/monoscript/fileName/TMP_ExampleScript_01.cs: 59997facf165601d8c6263ace2a973a5 -> a9d4be556104ff54e7d240529b3e01dc
  custom:video-decoder-ogg-theora: a1e56fd34408186e4bbccfd4996cb3dc -> 
  custom:scripting/monoscript/fileName/TMP_TextEventCheck.cs: 7ee93fce990cec7a5b67b504d0259dce -> 13505d917eab5868c435e0c2986dadfa
  custom:scripting/monoscript/fileName/TMP_TextSelector_B.cs: c0db108de9ffc9b6f619f3d00162b1c2 -> ba2be21a7486d37b1011342977a2e49d
  custom:scripting/monoscript/fileName/Benchmark01.cs: 1fef48c763f4be76a973f061699dd041 -> 2d3e2cd961730ab95f139a49a673bace
  custom:framework-win-MediaFoundation: 216162199b28c13a410421893ffa2e32 -> 
  custom:scripting/monoscript/fileName/DynamicJoystickEditor.cs: 022b5797234952c5d7bc35d1bd14e1f1 -> f92673ca2cd03c2f140cf81ccfee7ccb
  custom:scripting/monoscript/fileName/DynamicJoystick.cs: 0ab293606d3fa5fd65cbd65e1d06c400 -> fa6fdbd0de9beec4a70bc764c26bb796
  custom:scripting/monoscript/fileName/Benchmark02.cs: 92dcd0c0a469d0c0690d8ca0bfe95e6f -> 5640963252ce70910e726415f869ced6
  custom:scripting/monoscript/fileName/PlayerController.cs: 807d658ab5c9f400331841a7af990d8e -> c6d6334dbee39969b7eddb0b08d8203e
  custom:scripting/monoscript/fileName/DropdownSample.cs: b4fe7efb027fdd4854f643ad764daa8c -> 0a92251794e5f10400149f96c3c59e5d
  custom:scripting/monoscript/fileName/WarpTextExample.cs: c5431dac938081648a3a3ac553c1029b -> 2663459c266363641981c7d17b698d7f
  custom:CustomObjectIndexerAttribute: 9a22284fe3817be447336de3de66b15e -> 
  custom:container-demuxer-webm: 4f35f7cbe854078d1ac9338744f61a02 -> 
  custom:scripting/monoscript/fileName/ChatController.cs: ff21b89493e3dffcbe018a2cc5a10bae -> 876d5ccae6e345dd5d9450eb0a748f16
  custom:scripting/monoscript/fileName/TextMeshSpawner.cs: c0f20e5855e88374db1098a5acc68df4 -> 76f28e2ddb031571e6ec62b018f65fa8
  custom:scripting/monoscript/fileName/TeleType.cs: c18e16db35615314900dbe198d0144e7 -> 31fa97821c4c70f157ec81d507aa6b62
  custom:scripting/monoscript/fileName/Benchmark04.cs: 86dfb70824307c4cf164687df2489226 -> 32220b148620e52aa81c13a114862bf4
  custom:scripting/monoscript/fileName/FloatingJoystick.cs: 5ad2d6fd170f0b909c85d006ae763629 -> 516035e2342d093d90fb2bd11ff41e68
  custom:container-muxer-webm: aa71ff27fc2769a1b78a27578f13a17b -> 
  custom:video-decoder-webm-vp8: 9c59270c3fd7afecdb556c50c9e8de78 -> 
  custom:scripting/monoscript/fileName/TMP_PhoneNumberValidator.cs: b4c1c54136dffeb4e2962027ebaa6b1f -> 7c3049f481e464c6a9a15dee56c3126f
  custom:SearchIndexIgnoredProperties: e643bd26f0fe6173181afceb89e7c659 -> 
  custom:scripting/monoscript/fileName/Gan.cs: 10b52e4432610f56cea187ac60513ec2 -> 
  custom:AudioImporter_EditorPlatform: d09bf68614088b80899f8185d706f6e7 -> 
  custom:scripting/monoscript/fileName/EnvMapAnimator.cs: 08e040d459cd881082c0dd5daba5f85c -> 1b4f61c17e4b7283c3ac351aacff9d26
  custom:scripting/monoscript/fileName/ShaderPropAnimator.cs: 88b70bc5bbc15375387323f48f0661cf -> 55ce425812446482e623ff2695c94cb2
  custom:scripting/monoscript/fileName/SimpleScript.cs: dcd92cf7399b0d08e25e4a66ab57e91e -> 454caab0c6c050f29b39d82e1d66d0fa
  custom:scripting/monoscript/fileName/VariableJoystickEditor.cs: 75e1b4b36e9f7518c61272653e1a297a -> fee5e077b31909c4bba3d7329fdefd90
  custom:scripting/monoscript/fileName/ObjectSpin.cs: b34dd4d17018731600f920d50ca840f7 -> 2b96bb2079dd7fa5108d981627a28e1e
  custom:scripting/monoscript/fileName/CameraController.cs: 8d43c2def3a67efed518259a2232b470 -> 34b6be4e23ce86dc89786916c5983296
  custom:scripting/monoscript/fileName/TMP_TextInfoDebugTool.cs: 7aad42023b6f5112c90650ae13bd6dd8 -> 3f1709cfb2cc628169113a35b5e9be3f
  custom:scripting/monoscript/fileName/Walk.cs: b813fe3de227fa89db06a9337fee964a -> 
  custom:scripting/monoscript/fileName/TMP_TextSelector_A.cs: 088357b4acdc1e6288d897936d29c8d3 -> 347309a09d56e367b188a6978f75b424
  custom:video-encoder-webm-vp8: eb34c28f22e8b96e1ab97ce403110664 -> 
  custom:audio-decoder-ogg-vorbis: bf7c407c2cedff20999df2af8eb42d56 -> 
  custom:scripting/monoscript/fileName/VertexJitter.cs: 6330f950b41eff6e5970f129864ecd6c -> d27eb5498e48714a66aece98da065133
  custom:scripting/monoscript/fileName/mune.cs: 854be57a593bde74a27cc6a4e94cf976 -> b21687ddb03d73bd9f0c1daecb9714de
  custom:scripting/monoscript/fileName/TextConsoleSimulator.cs: f2c8898b26c0cf2b0a1c7d12d99e6769 -> 33fc311abb20b5b0ed8f00e4d86b574e
  custom:scripting/monoscript/fileName/VertexColorCycler.cs: 135fb0ebdaf256193ccc08218c426c64 -> 5f984ca91cf3609293aecc6bc5641572
  custom:scripting/monoscript/fileName/TMP_FrameRateCounter.cs: 8afeb6f0251e063dcfff2bd827f92c62 -> 46f655df8cb483ac5958307137b1585a
  custom:scripting/monoscript/fileName/FloatingJoystickEditor.cs: 77573a9156cb44c5d5d617fe80c220c5 -> 20a94efd412f2009d4e6722fe16a3051
  custom:scripting/monoscript/fileName/VertexShakeB.cs: 587e5b2aecc39120c2c9ff69742ce897 -> a6f78c4fcda1a29a1a1c1baefedba9e7
  custom:scripting/monoscript/fileName/VariableJoystick.cs: 39f03dc32328afe11ebf2977b1593dda -> 6a21e483212ef280c767be5522709419
  custom:scripting/monoscript/fileName/TMP_UiFrameRateCounter.cs: 8fa3bcf761bb5076fd90d0361518d59c -> b01021aea19247f14a98ab338907956a
  custom:scripting/monoscript/fileName/FixedJoystick.cs: 475c6e1ca66c78aed6c49f6039c5734b -> ceaced0056a716bd82a85e0f3d488361
  custom:scripting/monoscript/fileName/Joystick.cs: efd34e62618f1aa62f745acbb935ce75 -> c13c665079b3ba178e3a8ef05c62070b
  custom:scripting/monoscript/fileName/TMPro_InstructionOverlay.cs: 194f3617683541355a9c6c8193e87b1c -> b626d2270e6ebd5c4311585c18b58d8d
  custom:scripting/monoscript/fileName/anim1.cs: 05e913852816f4c6fcc126bf7ffb4ba9 -> 10b52e4432610f56cea187ac60513ec2
  custom:scripting/monoscript/fileName/TMP_DigitValidator.cs: 4e5cde653ae28b90ab257e866c94dfce -> ac02af96215ae3951a3cce9e1a8c6085
  custom:audio-encoder-webm-vorbis: bf7c407c2cedff20999df2af8eb42d56 -> 
  custom:scripting/precompiled-assembly-types:Assembly-CSharp-Editor: e324ca911fd2e13b09c6e0773d0a7dd5 -> f7c7739fc303cafe5879da7512dd0656
  custom:scripting/monoscript/fileName/Benchmark01_UGUI.cs: 52a24b07fcdd062ef495404efdb65870 -> 6148cfe2627b7708298f301788144139
  custom:scripting/monoscript/fileName/Rotation.cs: 4761afa5daf9234473e31a02ede334c2 -> 1be1d08457a69d09528d40d7c8df2473
  custom:scripting/monoscript/fileName/Jump.cs: 5b090d859ab09be631dc3b0f203f9571 -> d93a52a180fbbe603a59e9aa6da73c83
  custom:scripting/precompiled-assembly-types:Assembly-CSharp: 8d7866d22f7b845d7ef75d4eb782f659 -> 3c8e6843d631723f8999220926f3c146
  custom:scripting/monoscript/fileName/Tigger.cs: ca771e08fd5c5c2e7d1ac379e6d4b2ec -> 387f4c79276ee1729c01db13ee9675a3
  custom:scripting/monoscript/fileName/Benchmark03.cs: 520976d641c2b7cf395e30b045f5a45d -> 17cc87e0529ac71d909a946afb47a274
========================================================================
Received Prepare
Caller must complete domain reload
Begin MonoManager ReloadAssembly
- Loaded All Assemblies, in  1.324 seconds
Native extension for WindowsStandalone target not found
Native extension for Android target not found
Native extension for WebGL target not found
Mono: successfully reloaded assembly
- Finished resetting the current domain, in  2.880 seconds
Domain Reload Profiling: 4183ms
	BeginReloadAssembly (409ms)
		ExecutionOrderSort (0ms)
		DisableScriptedObjects (9ms)
		BackupInstance (0ms)
		ReleaseScriptingObjects (0ms)
		CreateAndSetChildDomain (122ms)
	RebuildCommonClasses (72ms)
	RebuildNativeTypeToScriptingClass (25ms)
	initialDomainReloadingComplete (99ms)
	LoadAllAssembliesAndSetupDomain (697ms)
		LoadAssemblies (887ms)
		RebuildTransferFunctionScriptingTraits (0ms)
		AnalyzeDomain (22ms)
			TypeCache.Refresh (8ms)
				TypeCache.ScanAssembly (0ms)
			ScanForSourceGeneratedMonoScriptInfo (0ms)
			ResolveRequiredComponents (11ms)
	FinalizeReload (2881ms)
		ReleaseScriptCaches (0ms)
		RebuildScriptCaches (0ms)
		SetupLoadedEditorAssemblies (1134ms)
			LogAssemblyErrors (0ms)
			InitializePlatformSupportModulesInManaged (57ms)
			SetLoadedEditorAssemblies (6ms)
			RefreshPlugins (0ms)
			BeforeProcessingInitializeOnLoad (178ms)
			ProcessInitializeOnLoadAttributes (799ms)
			ProcessInitializeOnLoadMethodAttributes (36ms)
			AfterProcessingInitializeOnLoad (56ms)
			EditorAssembliesLoaded (0ms)
		ExecutionOrderSort2 (0ms)
		AwakeInstancesAfterBackupRestoration (11ms)
Refreshing native plugins compatible for Editor in 21.72 ms, found 3 plugins.
Preloading 0 native plugins for Editor in 0.00 ms.
Unloading 3535 Unused Serialized files (Serialized files now loaded: 0)
Unloading 14 unused Assets / (91.8 KB). Loaded Objects now: 4154.
Memory consumption went from 139.4 MB to 139.3 MB.
Total: 24.052900 ms (FindLiveObjects: 0.857200 ms CreateObjectMapping: 0.366600 ms MarkObjects: 22.616900 ms  DeleteObjects: 0.210300 ms)

Prepare: number of updated asset objects reloaded= 0
AssetImportParameters requested are different than current active one (requested -> active):
  custom:scripting/monoscript/fileName/JoystickEditor.cs: 31d892737481409a0ec21b3641383a31 -> 406670d2fe263f5d7c582f8389f2b844
  custom:scripting/monoscript/fileName/Main.cs: bcc0f9052176b2186a7114234ef44a73 -> c093076ba5753d7bec74a8a751ffb653
  custom:scripting/monoscript/fileName/SkewTextExample.cs: f96859e31fd6dde308d9dc2a2488dcff -> c142d02d70a129e0533975f7c2f96956
  custom:container-demuxer-ogg: 62fdf1f143b41e24485cea50d1cbac27 -> 
  custom:scripting/monoscript/fileName/JoystickPlayerExample.cs: b49ed73c06895c00887fd43b2fe13656 -> 2ec96b3abad264f4393a91b76b487cb7
  custom:scripting/monoscript/fileName/TMP_TextEventHandler.cs: d0f86a17d6fd3e9995db934eaaf34f18 -> f5cd9d5a43bfefc8f4fec80e6de896a4
  custom:scripting/monoscript/fileName/TextMeshProFloatingText.cs: 5a37842f75734e7729f89af9a8145a1a -> 92608fa4a6315cd0786d82205e77b697
  custom:scripting/monoscript/fileName/JoystickSetterExample.cs: 959f5a79520f07bdb5268f1ee0033001 -> 9ef810522df7cdd512f52a98ae7a04f9
  custom:scripting/monoscript/fileName/VertexZoom.cs: 2da4737d79388c0362c64482e9ee50d2 -> 650ab1e81d40126e3edcf737cce646e4
  custom:scripting/monoscript/fileName/VertexShakeA.cs: 16900906a98712c9660b9823af1f2500 -> 63ec564c588058369499638dd899e05b
  custom:scripting/monoscript/fileName/TMP_ExampleScript_01.cs: 59997facf165601d8c6263ace2a973a5 -> a9d4be556104ff54e7d240529b3e01dc
  custom:video-decoder-ogg-theora: a1e56fd34408186e4bbccfd4996cb3dc -> 
  custom:scripting/monoscript/fileName/TMP_TextEventCheck.cs: 7ee93fce990cec7a5b67b504d0259dce -> 13505d917eab5868c435e0c2986dadfa
  custom:scripting/monoscript/fileName/TMP_TextSelector_B.cs: c0db108de9ffc9b6f619f3d00162b1c2 -> ba2be21a7486d37b1011342977a2e49d
  custom:scripting/monoscript/fileName/Benchmark01.cs: 1fef48c763f4be76a973f061699dd041 -> 2d3e2cd961730ab95f139a49a673bace
  custom:framework-win-MediaFoundation: 216162199b28c13a410421893ffa2e32 -> 
  custom:scripting/monoscript/fileName/DynamicJoystickEditor.cs: 022b5797234952c5d7bc35d1bd14e1f1 -> f92673ca2cd03c2f140cf81ccfee7ccb
  custom:scripting/monoscript/fileName/DynamicJoystick.cs: 0ab293606d3fa5fd65cbd65e1d06c400 -> fa6fdbd0de9beec4a70bc764c26bb796
  custom:scripting/monoscript/fileName/Benchmark02.cs: 92dcd0c0a469d0c0690d8ca0bfe95e6f -> 5640963252ce70910e726415f869ced6
  custom:scripting/monoscript/fileName/PlayerController.cs: 807d658ab5c9f400331841a7af990d8e -> c6d6334dbee39969b7eddb0b08d8203e
  custom:scripting/monoscript/fileName/DropdownSample.cs: b4fe7efb027fdd4854f643ad764daa8c -> 0a92251794e5f10400149f96c3c59e5d
  custom:scripting/monoscript/fileName/WarpTextExample.cs: c5431dac938081648a3a3ac553c1029b -> 2663459c266363641981c7d17b698d7f
  custom:CustomObjectIndexerAttribute: 9a22284fe3817be447336de3de66b15e -> 
  custom:container-demuxer-webm: 4f35f7cbe854078d1ac9338744f61a02 -> 
  custom:scripting/monoscript/fileName/ChatController.cs: ff21b89493e3dffcbe018a2cc5a10bae -> 876d5ccae6e345dd5d9450eb0a748f16
  custom:scripting/monoscript/fileName/TextMeshSpawner.cs: c0f20e5855e88374db1098a5acc68df4 -> 76f28e2ddb031571e6ec62b018f65fa8
  custom:scripting/monoscript/fileName/TeleType.cs: c18e16db35615314900dbe198d0144e7 -> 31fa97821c4c70f157ec81d507aa6b62
  custom:scripting/monoscript/fileName/Benchmark04.cs: 86dfb70824307c4cf164687df2489226 -> 32220b148620e52aa81c13a114862bf4
  custom:scripting/monoscript/fileName/FloatingJoystick.cs: 5ad2d6fd170f0b909c85d006ae763629 -> 516035e2342d093d90fb2bd11ff41e68
  custom:container-muxer-webm: aa71ff27fc2769a1b78a27578f13a17b -> 
  custom:video-decoder-webm-vp8: 9c59270c3fd7afecdb556c50c9e8de78 -> 
  custom:scripting/monoscript/fileName/TMP_PhoneNumberValidator.cs: b4c1c54136dffeb4e2962027ebaa6b1f -> 7c3049f481e464c6a9a15dee56c3126f
  custom:SearchIndexIgnoredProperties: e643bd26f0fe6173181afceb89e7c659 -> 
  custom:scripting/monoscript/fileName/Gan.cs: 10b52e4432610f56cea187ac60513ec2 -> 
  custom:AudioImporter_EditorPlatform: d09bf68614088b80899f8185d706f6e7 -> 
  custom:scripting/monoscript/fileName/EnvMapAnimator.cs: 08e040d459cd881082c0dd5daba5f85c -> 1b4f61c17e4b7283c3ac351aacff9d26
  custom:scripting/monoscript/fileName/ShaderPropAnimator.cs: 88b70bc5bbc15375387323f48f0661cf -> 55ce425812446482e623ff2695c94cb2
  custom:scripting/monoscript/fileName/SimpleScript.cs: dcd92cf7399b0d08e25e4a66ab57e91e -> 454caab0c6c050f29b39d82e1d66d0fa
  custom:scripting/monoscript/fileName/VariableJoystickEditor.cs: 75e1b4b36e9f7518c61272653e1a297a -> fee5e077b31909c4bba3d7329fdefd90
  custom:scripting/monoscript/fileName/ObjectSpin.cs: b34dd4d17018731600f920d50ca840f7 -> 2b96bb2079dd7fa5108d981627a28e1e
  custom:scripting/monoscript/fileName/CameraController.cs: 8d43c2def3a67efed518259a2232b470 -> 34b6be4e23ce86dc89786916c5983296
  custom:scripting/monoscript/fileName/TMP_TextInfoDebugTool.cs: 7aad42023b6f5112c90650ae13bd6dd8 -> 3f1709cfb2cc628169113a35b5e9be3f
  custom:scripting/monoscript/fileName/Walk.cs: b813fe3de227fa89db06a9337fee964a -> 
  custom:scripting/monoscript/fileName/TMP_TextSelector_A.cs: 088357b4acdc1e6288d897936d29c8d3 -> 347309a09d56e367b188a6978f75b424
  custom:video-encoder-webm-vp8: eb34c28f22e8b96e1ab97ce403110664 -> 
  custom:audio-decoder-ogg-vorbis: bf7c407c2cedff20999df2af8eb42d56 -> 
  custom:scripting/monoscript/fileName/VertexJitter.cs: 6330f950b41eff6e5970f129864ecd6c -> d27eb5498e48714a66aece98da065133
  custom:scripting/monoscript/fileName/mune.cs: 854be57a593bde74a27cc6a4e94cf976 -> b21687ddb03d73bd9f0c1daecb9714de
  custom:scripting/monoscript/fileName/TextConsoleSimulator.cs: f2c8898b26c0cf2b0a1c7d12d99e6769 -> 33fc311abb20b5b0ed8f00e4d86b574e
  custom:scripting/monoscript/fileName/VertexColorCycler.cs: 135fb0ebdaf256193ccc08218c426c64 -> 5f984ca91cf3609293aecc6bc5641572
  custom:scripting/monoscript/fileName/TMP_FrameRateCounter.cs: 8afeb6f0251e063dcfff2bd827f92c62 -> 46f655df8cb483ac5958307137b1585a
  custom:scripting/monoscript/fileName/FloatingJoystickEditor.cs: 77573a9156cb44c5d5d617fe80c220c5 -> 20a94efd412f2009d4e6722fe16a3051
  custom:scripting/monoscript/fileName/VertexShakeB.cs: 587e5b2aecc39120c2c9ff69742ce897 -> a6f78c4fcda1a29a1a1c1baefedba9e7
  custom:scripting/monoscript/fileName/VariableJoystick.cs: 39f03dc32328afe11ebf2977b1593dda -> 6a21e483212ef280c767be5522709419
  custom:scripting/monoscript/fileName/TMP_UiFrameRateCounter.cs: 8fa3bcf761bb5076fd90d0361518d59c -> b01021aea19247f14a98ab338907956a
  custom:scripting/monoscript/fileName/FixedJoystick.cs: 475c6e1ca66c78aed6c49f6039c5734b -> ceaced0056a716bd82a85e0f3d488361
  custom:scripting/monoscript/fileName/Joystick.cs: efd34e62618f1aa62f745acbb935ce75 -> c13c665079b3ba178e3a8ef05c62070b
  custom:scripting/monoscript/fileName/TMPro_InstructionOverlay.cs: 194f3617683541355a9c6c8193e87b1c -> b626d2270e6ebd5c4311585c18b58d8d
  custom:scripting/monoscript/fileName/anim1.cs: 05e913852816f4c6fcc126bf7ffb4ba9 -> 10b52e4432610f56cea187ac60513ec2
  custom:scripting/monoscript/fileName/TMP_DigitValidator.cs: 4e5cde653ae28b90ab257e866c94dfce -> ac02af96215ae3951a3cce9e1a8c6085
  custom:audio-encoder-webm-vorbis: bf7c407c2cedff20999df2af8eb42d56 -> 
  custom:scripting/precompiled-assembly-types:Assembly-CSharp-Editor: e324ca911fd2e13b09c6e0773d0a7dd5 -> f7c7739fc303cafe5879da7512dd0656
  custom:scripting/monoscript/fileName/Benchmark01_UGUI.cs: 52a24b07fcdd062ef495404efdb65870 -> 6148cfe2627b7708298f301788144139
  custom:scripting/monoscript/fileName/Rotation.cs: 4761afa5daf9234473e31a02ede334c2 -> 1be1d08457a69d09528d40d7c8df2473
  custom:scripting/monoscript/fileName/Jump.cs: 5b090d859ab09be631dc3b0f203f9571 -> d93a52a180fbbe603a59e9aa6da73c83
  custom:scripting/precompiled-assembly-types:Assembly-CSharp: 8d7866d22f7b845d7ef75d4eb782f659 -> 3c8e6843d631723f8999220926f3c146
  custom:scripting/monoscript/fileName/Tigger.cs: ca771e08fd5c5c2e7d1ac379e6d4b2ec -> 387f4c79276ee1729c01db13ee9675a3
  custom:scripting/monoscript/fileName/Benchmark03.cs: 520976d641c2b7cf395e30b045f5a45d -> 17cc87e0529ac71d909a946afb47a274
========================================================================
Received Prepare
Caller must complete domain reload
Begin MonoManager ReloadAssembly
- Loaded All Assemblies, in  1.453 seconds
Native extension for WindowsStandalone target not found
Native extension for Android target not found
Native extension for WebGL target not found
Mono: successfully reloaded assembly
- Finished resetting the current domain, in  2.942 seconds
Domain Reload Profiling: 4371ms
	BeginReloadAssembly (414ms)
		ExecutionOrderSort (0ms)
		DisableScriptedObjects (8ms)
		BackupInstance (0ms)
		ReleaseScriptingObjects (0ms)
		CreateAndSetChildDomain (39ms)
	RebuildCommonClasses (186ms)
	RebuildNativeTypeToScriptingClass (28ms)
	initialDomainReloadingComplete (100ms)
	LoadAllAssembliesAndSetupDomain (701ms)
		LoadAssemblies (968ms)
		RebuildTransferFunctionScriptingTraits (0ms)
		AnalyzeDomain (22ms)
			TypeCache.Refresh (8ms)
				TypeCache.ScanAssembly (0ms)
			ScanForSourceGeneratedMonoScriptInfo (0ms)
			ResolveRequiredComponents (12ms)
	FinalizeReload (2942ms)
		ReleaseScriptCaches (0ms)
		RebuildScriptCaches (0ms)
		SetupLoadedEditorAssemblies (1179ms)
			LogAssemblyErrors (0ms)
			InitializePlatformSupportModulesInManaged (58ms)
			SetLoadedEditorAssemblies (8ms)
			RefreshPlugins (0ms)
			BeforeProcessingInitializeOnLoad (192ms)
			ProcessInitializeOnLoadAttributes (829ms)
			ProcessInitializeOnLoadMethodAttributes (36ms)
			AfterProcessingInitializeOnLoad (55ms)
			EditorAssembliesLoaded (0ms)
		ExecutionOrderSort2 (0ms)
		AwakeInstancesAfterBackupRestoration (12ms)
Refreshing native plugins compatible for Editor in 21.39 ms, found 3 plugins.
Preloading 0 native plugins for Editor in 0.00 ms.
Unloading 3535 Unused Serialized files (Serialized files now loaded: 0)
Unloading 14 unused Assets / (75.7 KB). Loaded Objects now: 4157.
Memory consumption went from 139.4 MB to 139.3 MB.
Total: 7.828200 ms (FindLiveObjects: 0.626200 ms CreateObjectMapping: 0.207800 ms MarkObjects: 6.828600 ms  DeleteObjects: 0.163700 ms)

Prepare: number of updated asset objects reloaded= 0
AssetImportParameters requested are different than current active one (requested -> active):
  custom:scripting/monoscript/fileName/JoystickEditor.cs: 31d892737481409a0ec21b3641383a31 -> 406670d2fe263f5d7c582f8389f2b844
  custom:scripting/monoscript/fileName/Main.cs: bcc0f9052176b2186a7114234ef44a73 -> c093076ba5753d7bec74a8a751ffb653
  custom:scripting/monoscript/fileName/SkewTextExample.cs: f96859e31fd6dde308d9dc2a2488dcff -> c142d02d70a129e0533975f7c2f96956
  custom:container-demuxer-ogg: 62fdf1f143b41e24485cea50d1cbac27 -> 
  custom:scripting/monoscript/fileName/JoystickPlayerExample.cs: b49ed73c06895c00887fd43b2fe13656 -> 2ec96b3abad264f4393a91b76b487cb7
  custom:scripting/monoscript/fileName/TMP_TextEventHandler.cs: d0f86a17d6fd3e9995db934eaaf34f18 -> f5cd9d5a43bfefc8f4fec80e6de896a4
  custom:scripting/monoscript/fileName/TextMeshProFloatingText.cs: 5a37842f75734e7729f89af9a8145a1a -> 92608fa4a6315cd0786d82205e77b697
  custom:scripting/monoscript/fileName/JoystickSetterExample.cs: 959f5a79520f07bdb5268f1ee0033001 -> 9ef810522df7cdd512f52a98ae7a04f9
  custom:scripting/monoscript/fileName/VertexZoom.cs: 2da4737d79388c0362c64482e9ee50d2 -> 650ab1e81d40126e3edcf737cce646e4
  custom:scripting/monoscript/fileName/VertexShakeA.cs: 16900906a98712c9660b9823af1f2500 -> 63ec564c588058369499638dd899e05b
  custom:scripting/monoscript/fileName/TMP_ExampleScript_01.cs: 59997facf165601d8c6263ace2a973a5 -> a9d4be556104ff54e7d240529b3e01dc
  custom:video-decoder-ogg-theora: a1e56fd34408186e4bbccfd4996cb3dc -> 
  custom:scripting/monoscript/fileName/TMP_TextEventCheck.cs: 7ee93fce990cec7a5b67b504d0259dce -> 13505d917eab5868c435e0c2986dadfa
  custom:scripting/monoscript/fileName/TMP_TextSelector_B.cs: c0db108de9ffc9b6f619f3d00162b1c2 -> ba2be21a7486d37b1011342977a2e49d
  custom:scripting/monoscript/fileName/Benchmark01.cs: 1fef48c763f4be76a973f061699dd041 -> 2d3e2cd961730ab95f139a49a673bace
  custom:framework-win-MediaFoundation: 216162199b28c13a410421893ffa2e32 -> 
  custom:scripting/monoscript/fileName/DynamicJoystickEditor.cs: 022b5797234952c5d7bc35d1bd14e1f1 -> f92673ca2cd03c2f140cf81ccfee7ccb
  custom:scripting/monoscript/fileName/DynamicJoystick.cs: 0ab293606d3fa5fd65cbd65e1d06c400 -> fa6fdbd0de9beec4a70bc764c26bb796
  custom:scripting/monoscript/fileName/Benchmark02.cs: 92dcd0c0a469d0c0690d8ca0bfe95e6f -> 5640963252ce70910e726415f869ced6
  custom:scripting/monoscript/fileName/PlayerController.cs: 807d658ab5c9f400331841a7af990d8e -> c6d6334dbee39969b7eddb0b08d8203e
  custom:scripting/monoscript/fileName/DropdownSample.cs: b4fe7efb027fdd4854f643ad764daa8c -> 0a92251794e5f10400149f96c3c59e5d
  custom:scripting/monoscript/fileName/WarpTextExample.cs: c5431dac938081648a3a3ac553c1029b -> 2663459c266363641981c7d17b698d7f
  custom:CustomObjectIndexerAttribute: 9a22284fe3817be447336de3de66b15e -> 
  custom:container-demuxer-webm: 4f35f7cbe854078d1ac9338744f61a02 -> 
  custom:scripting/monoscript/fileName/ChatController.cs: ff21b89493e3dffcbe018a2cc5a10bae -> 876d5ccae6e345dd5d9450eb0a748f16
  custom:scripting/monoscript/fileName/TextMeshSpawner.cs: c0f20e5855e88374db1098a5acc68df4 -> 76f28e2ddb031571e6ec62b018f65fa8
  custom:scripting/monoscript/fileName/TeleType.cs: c18e16db35615314900dbe198d0144e7 -> 31fa97821c4c70f157ec81d507aa6b62
  custom:scripting/monoscript/fileName/Benchmark04.cs: 86dfb70824307c4cf164687df2489226 -> 32220b148620e52aa81c13a114862bf4
  custom:scripting/monoscript/fileName/FloatingJoystick.cs: 5ad2d6fd170f0b909c85d006ae763629 -> 516035e2342d093d90fb2bd11ff41e68
  custom:container-muxer-webm: aa71ff27fc2769a1b78a27578f13a17b -> 
  custom:video-decoder-webm-vp8: 9c59270c3fd7afecdb556c50c9e8de78 -> 
  custom:scripting/monoscript/fileName/TMP_PhoneNumberValidator.cs: b4c1c54136dffeb4e2962027ebaa6b1f -> 7c3049f481e464c6a9a15dee56c3126f
  custom:SearchIndexIgnoredProperties: e643bd26f0fe6173181afceb89e7c659 -> 
  custom:scripting/monoscript/fileName/Gan.cs: 10b52e4432610f56cea187ac60513ec2 -> 
  custom:AudioImporter_EditorPlatform: d09bf68614088b80899f8185d706f6e7 -> 
  custom:scripting/monoscript/fileName/EnvMapAnimator.cs: 08e040d459cd881082c0dd5daba5f85c -> 1b4f61c17e4b7283c3ac351aacff9d26
  custom:scripting/monoscript/fileName/ShaderPropAnimator.cs: 88b70bc5bbc15375387323f48f0661cf -> 55ce425812446482e623ff2695c94cb2
  custom:scripting/monoscript/fileName/SimpleScript.cs: dcd92cf7399b0d08e25e4a66ab57e91e -> 454caab0c6c050f29b39d82e1d66d0fa
  custom:scripting/monoscript/fileName/VariableJoystickEditor.cs: 75e1b4b36e9f7518c61272653e1a297a -> fee5e077b31909c4bba3d7329fdefd90
  custom:scripting/monoscript/fileName/ObjectSpin.cs: b34dd4d17018731600f920d50ca840f7 -> 2b96bb2079dd7fa5108d981627a28e1e
  custom:scripting/monoscript/fileName/CameraController.cs: 8d43c2def3a67efed518259a2232b470 -> 34b6be4e23ce86dc89786916c5983296
  custom:scripting/monoscript/fileName/TMP_TextInfoDebugTool.cs: 7aad42023b6f5112c90650ae13bd6dd8 -> 3f1709cfb2cc628169113a35b5e9be3f
  custom:scripting/monoscript/fileName/Walk.cs: b813fe3de227fa89db06a9337fee964a -> 
  custom:scripting/monoscript/fileName/TMP_TextSelector_A.cs: 088357b4acdc1e6288d897936d29c8d3 -> 347309a09d56e367b188a6978f75b424
  custom:video-encoder-webm-vp8: eb34c28f22e8b96e1ab97ce403110664 -> 
  custom:audio-decoder-ogg-vorbis: bf7c407c2cedff20999df2af8eb42d56 -> 
  custom:scripting/monoscript/fileName/VertexJitter.cs: 6330f950b41eff6e5970f129864ecd6c -> d27eb5498e48714a66aece98da065133
  custom:scripting/monoscript/fileName/mune.cs: 854be57a593bde74a27cc6a4e94cf976 -> b21687ddb03d73bd9f0c1daecb9714de
  custom:scripting/monoscript/fileName/TextConsoleSimulator.cs: f2c8898b26c0cf2b0a1c7d12d99e6769 -> 33fc311abb20b5b0ed8f00e4d86b574e
  custom:scripting/monoscript/fileName/VertexColorCycler.cs: 135fb0ebdaf256193ccc08218c426c64 -> 5f984ca91cf3609293aecc6bc5641572
  custom:scripting/monoscript/fileName/TMP_FrameRateCounter.cs: 8afeb6f0251e063dcfff2bd827f92c62 -> 46f655df8cb483ac5958307137b1585a
  custom:scripting/monoscript/fileName/FloatingJoystickEditor.cs: 77573a9156cb44c5d5d617fe80c220c5 -> 20a94efd412f2009d4e6722fe16a3051
  custom:scripting/monoscript/fileName/VertexShakeB.cs: 587e5b2aecc39120c2c9ff69742ce897 -> a6f78c4fcda1a29a1a1c1baefedba9e7
  custom:scripting/monoscript/fileName/VariableJoystick.cs: 39f03dc32328afe11ebf2977b1593dda -> 6a21e483212ef280c767be5522709419
  custom:scripting/monoscript/fileName/TMP_UiFrameRateCounter.cs: 8fa3bcf761bb5076fd90d0361518d59c -> b01021aea19247f14a98ab338907956a
  custom:scripting/monoscript/fileName/FixedJoystick.cs: 475c6e1ca66c78aed6c49f6039c5734b -> ceaced0056a716bd82a85e0f3d488361
  custom:scripting/monoscript/fileName/Joystick.cs: efd34e62618f1aa62f745acbb935ce75 -> c13c665079b3ba178e3a8ef05c62070b
  custom:scripting/monoscript/fileName/TMPro_InstructionOverlay.cs: 194f3617683541355a9c6c8193e87b1c -> b626d2270e6ebd5c4311585c18b58d8d
  custom:scripting/monoscript/fileName/anim1.cs: 05e913852816f4c6fcc126bf7ffb4ba9 -> 10b52e4432610f56cea187ac60513ec2
  custom:scripting/monoscript/fileName/TMP_DigitValidator.cs: 4e5cde653ae28b90ab257e866c94dfce -> ac02af96215ae3951a3cce9e1a8c6085
  custom:audio-encoder-webm-vorbis: bf7c407c2cedff20999df2af8eb42d56 -> 
  custom:scripting/precompiled-assembly-types:Assembly-CSharp-Editor: e324ca911fd2e13b09c6e0773d0a7dd5 -> f7c7739fc303cafe5879da7512dd0656
  custom:scripting/monoscript/fileName/Benchmark01_UGUI.cs: 52a24b07fcdd062ef495404efdb65870 -> 6148cfe2627b7708298f301788144139
  custom:scripting/monoscript/fileName/Rotation.cs: 4761afa5daf9234473e31a02ede334c2 -> 1be1d08457a69d09528d40d7c8df2473
  custom:scripting/monoscript/fileName/Jump.cs: 5b090d859ab09be631dc3b0f203f9571 -> d93a52a180fbbe603a59e9aa6da73c83
  custom:scripting/precompiled-assembly-types:Assembly-CSharp: 8d7866d22f7b845d7ef75d4eb782f659 -> 3c8e6843d631723f8999220926f3c146
  custom:scripting/monoscript/fileName/Tigger.cs: ca771e08fd5c5c2e7d1ac379e6d4b2ec -> 387f4c79276ee1729c01db13ee9675a3
  custom:scripting/monoscript/fileName/Benchmark03.cs: 520976d641c2b7cf395e30b045f5a45d -> 17cc87e0529ac71d909a946afb47a274
========================================================================
Received Prepare
Caller must complete domain reload
Begin MonoManager ReloadAssembly
- Loaded All Assemblies, in  1.638 seconds
Native extension for WindowsStandalone target not found
Native extension for Android target not found
Native extension for WebGL target not found
Mono: successfully reloaded assembly
- Finished resetting the current domain, in  3.205 seconds
Domain Reload Profiling: 4819ms
	BeginReloadAssembly (544ms)
		ExecutionOrderSort (0ms)
		DisableScriptedObjects (9ms)
		BackupInstance (0ms)
		ReleaseScriptingObjects (0ms)
		CreateAndSetChildDomain (87ms)
	RebuildCommonClasses (64ms)
	RebuildNativeTypeToScriptingClass (22ms)
	initialDomainReloadingComplete (156ms)
	LoadAllAssembliesAndSetupDomain (826ms)
		LoadAssemblies (1145ms)
		RebuildTransferFunctionScriptingTraits (0ms)
		AnalyzeDomain (25ms)
			TypeCache.Refresh (8ms)
				TypeCache.ScanAssembly (0ms)
			ScanForSourceGeneratedMonoScriptInfo (0ms)
			ResolveRequiredComponents (15ms)
	FinalizeReload (3206ms)
		ReleaseScriptCaches (0ms)
		RebuildScriptCaches (0ms)
		SetupLoadedEditorAssemblies (1238ms)
			LogAssemblyErrors (0ms)
			InitializePlatformSupportModulesInManaged (58ms)
			SetLoadedEditorAssemblies (7ms)
			RefreshPlugins (0ms)
			BeforeProcessingInitializeOnLoad (190ms)
			ProcessInitializeOnLoadAttributes (857ms)
			ProcessInitializeOnLoadMethodAttributes (70ms)
			AfterProcessingInitializeOnLoad (56ms)
			EditorAssembliesLoaded (0ms)
		ExecutionOrderSort2 (0ms)
		AwakeInstancesAfterBackupRestoration (12ms)
Refreshing native plugins compatible for Editor in 21.48 ms, found 3 plugins.
Preloading 0 native plugins for Editor in 0.00 ms.
Unloading 3535 Unused Serialized files (Serialized files now loaded: 0)
Unloading 14 unused Assets / (91.8 KB). Loaded Objects now: 4160.
Memory consumption went from 139.4 MB to 139.3 MB.
Total: 7.242200 ms (FindLiveObjects: 0.667300 ms CreateObjectMapping: 0.269200 ms MarkObjects: 6.144000 ms  DeleteObjects: 0.160100 ms)

Prepare: number of updated asset objects reloaded= 0
AssetImportParameters requested are different than current active one (requested -> active):
  custom:scripting/monoscript/fileName/JoystickEditor.cs: 31d892737481409a0ec21b3641383a31 -> 406670d2fe263f5d7c582f8389f2b844
  custom:scripting/monoscript/fileName/Main.cs: bcc0f9052176b2186a7114234ef44a73 -> c093076ba5753d7bec74a8a751ffb653
  custom:scripting/monoscript/fileName/SkewTextExample.cs: f96859e31fd6dde308d9dc2a2488dcff -> c142d02d70a129e0533975f7c2f96956
  custom:container-demuxer-ogg: 62fdf1f143b41e24485cea50d1cbac27 -> 
  custom:scripting/monoscript/fileName/JoystickPlayerExample.cs: b49ed73c06895c00887fd43b2fe13656 -> 2ec96b3abad264f4393a91b76b487cb7
  custom:scripting/monoscript/fileName/TMP_TextEventHandler.cs: d0f86a17d6fd3e9995db934eaaf34f18 -> f5cd9d5a43bfefc8f4fec80e6de896a4
  custom:scripting/monoscript/fileName/TextMeshProFloatingText.cs: 5a37842f75734e7729f89af9a8145a1a -> 92608fa4a6315cd0786d82205e77b697
  custom:scripting/monoscript/fileName/JoystickSetterExample.cs: 959f5a79520f07bdb5268f1ee0033001 -> 9ef810522df7cdd512f52a98ae7a04f9
  custom:scripting/monoscript/fileName/VertexZoom.cs: 2da4737d79388c0362c64482e9ee50d2 -> 650ab1e81d40126e3edcf737cce646e4
  custom:scripting/monoscript/fileName/VertexShakeA.cs: 16900906a98712c9660b9823af1f2500 -> 63ec564c588058369499638dd899e05b
  custom:scripting/monoscript/fileName/TMP_ExampleScript_01.cs: 59997facf165601d8c6263ace2a973a5 -> a9d4be556104ff54e7d240529b3e01dc
  custom:video-decoder-ogg-theora: a1e56fd34408186e4bbccfd4996cb3dc -> 
  custom:scripting/monoscript/fileName/TMP_TextEventCheck.cs: 7ee93fce990cec7a5b67b504d0259dce -> 13505d917eab5868c435e0c2986dadfa
  custom:scripting/monoscript/fileName/TMP_TextSelector_B.cs: c0db108de9ffc9b6f619f3d00162b1c2 -> ba2be21a7486d37b1011342977a2e49d
  custom:scripting/monoscript/fileName/Benchmark01.cs: 1fef48c763f4be76a973f061699dd041 -> 2d3e2cd961730ab95f139a49a673bace
  custom:framework-win-MediaFoundation: 216162199b28c13a410421893ffa2e32 -> 
  custom:scripting/monoscript/fileName/DynamicJoystickEditor.cs: 022b5797234952c5d7bc35d1bd14e1f1 -> f92673ca2cd03c2f140cf81ccfee7ccb
  custom:scripting/monoscript/fileName/DynamicJoystick.cs: 0ab293606d3fa5fd65cbd65e1d06c400 -> fa6fdbd0de9beec4a70bc764c26bb796
  custom:scripting/monoscript/fileName/Benchmark02.cs: 92dcd0c0a469d0c0690d8ca0bfe95e6f -> 5640963252ce70910e726415f869ced6
  custom:scripting/monoscript/fileName/PlayerController.cs: 807d658ab5c9f400331841a7af990d8e -> c6d6334dbee39969b7eddb0b08d8203e
  custom:scripting/monoscript/fileName/DropdownSample.cs: b4fe7efb027fdd4854f643ad764daa8c -> 0a92251794e5f10400149f96c3c59e5d
  custom:scripting/monoscript/fileName/WarpTextExample.cs: c5431dac938081648a3a3ac553c1029b -> 2663459c266363641981c7d17b698d7f
  custom:CustomObjectIndexerAttribute: 9a22284fe3817be447336de3de66b15e -> 
  custom:container-demuxer-webm: 4f35f7cbe854078d1ac9338744f61a02 -> 
  custom:scripting/monoscript/fileName/ChatController.cs: ff21b89493e3dffcbe018a2cc5a10bae -> 876d5ccae6e345dd5d9450eb0a748f16
  custom:scripting/monoscript/fileName/TextMeshSpawner.cs: c0f20e5855e88374db1098a5acc68df4 -> 76f28e2ddb031571e6ec62b018f65fa8
  custom:scripting/monoscript/fileName/TeleType.cs: c18e16db35615314900dbe198d0144e7 -> 31fa97821c4c70f157ec81d507aa6b62
  custom:scripting/monoscript/fileName/Benchmark04.cs: 86dfb70824307c4cf164687df2489226 -> 32220b148620e52aa81c13a114862bf4
  custom:scripting/monoscript/fileName/FloatingJoystick.cs: 5ad2d6fd170f0b909c85d006ae763629 -> 516035e2342d093d90fb2bd11ff41e68
  custom:container-muxer-webm: aa71ff27fc2769a1b78a27578f13a17b -> 
  custom:video-decoder-webm-vp8: 9c59270c3fd7afecdb556c50c9e8de78 -> 
  custom:scripting/monoscript/fileName/TMP_PhoneNumberValidator.cs: b4c1c54136dffeb4e2962027ebaa6b1f -> 7c3049f481e464c6a9a15dee56c3126f
  custom:SearchIndexIgnoredProperties: e643bd26f0fe6173181afceb89e7c659 -> 
  custom:scripting/monoscript/fileName/Gan.cs: 10b52e4432610f56cea187ac60513ec2 -> 
  custom:AudioImporter_EditorPlatform: d09bf68614088b80899f8185d706f6e7 -> 
  custom:scripting/monoscript/fileName/EnvMapAnimator.cs: 08e040d459cd881082c0dd5daba5f85c -> 1b4f61c17e4b7283c3ac351aacff9d26
  custom:scripting/monoscript/fileName/ShaderPropAnimator.cs: 88b70bc5bbc15375387323f48f0661cf -> 55ce425812446482e623ff2695c94cb2
  custom:scripting/monoscript/fileName/SimpleScript.cs: dcd92cf7399b0d08e25e4a66ab57e91e -> 454caab0c6c050f29b39d82e1d66d0fa
  custom:scripting/monoscript/fileName/VariableJoystickEditor.cs: 75e1b4b36e9f7518c61272653e1a297a -> fee5e077b31909c4bba3d7329fdefd90
  custom:scripting/monoscript/fileName/ObjectSpin.cs: b34dd4d17018731600f920d50ca840f7 -> 2b96bb2079dd7fa5108d981627a28e1e
  custom:scripting/monoscript/fileName/CameraController.cs: 8d43c2def3a67efed518259a2232b470 -> 34b6be4e23ce86dc89786916c5983296
  custom:scripting/monoscript/fileName/TMP_TextInfoDebugTool.cs: 7aad42023b6f5112c90650ae13bd6dd8 -> 3f1709cfb2cc628169113a35b5e9be3f
  custom:scripting/monoscript/fileName/Walk.cs: b813fe3de227fa89db06a9337fee964a -> 
  custom:scripting/monoscript/fileName/TMP_TextSelector_A.cs: 088357b4acdc1e6288d897936d29c8d3 -> 347309a09d56e367b188a6978f75b424
  custom:video-encoder-webm-vp8: eb34c28f22e8b96e1ab97ce403110664 -> 
  custom:audio-decoder-ogg-vorbis: bf7c407c2cedff20999df2af8eb42d56 -> 
  custom:scripting/monoscript/fileName/VertexJitter.cs: 6330f950b41eff6e5970f129864ecd6c -> d27eb5498e48714a66aece98da065133
  custom:scripting/monoscript/fileName/mune.cs: 854be57a593bde74a27cc6a4e94cf976 -> b21687ddb03d73bd9f0c1daecb9714de
  custom:scripting/monoscript/fileName/TextConsoleSimulator.cs: f2c8898b26c0cf2b0a1c7d12d99e6769 -> 33fc311abb20b5b0ed8f00e4d86b574e
  custom:scripting/monoscript/fileName/VertexColorCycler.cs: 135fb0ebdaf256193ccc08218c426c64 -> 5f984ca91cf3609293aecc6bc5641572
  custom:scripting/monoscript/fileName/TMP_FrameRateCounter.cs: 8afeb6f0251e063dcfff2bd827f92c62 -> 46f655df8cb483ac5958307137b1585a
  custom:scripting/monoscript/fileName/FloatingJoystickEditor.cs: 77573a9156cb44c5d5d617fe80c220c5 -> 20a94efd412f2009d4e6722fe16a3051
  custom:scripting/monoscript/fileName/VertexShakeB.cs: 587e5b2aecc39120c2c9ff69742ce897 -> a6f78c4fcda1a29a1a1c1baefedba9e7
  custom:scripting/monoscript/fileName/VariableJoystick.cs: 39f03dc32328afe11ebf2977b1593dda -> 6a21e483212ef280c767be5522709419
  custom:scripting/monoscript/fileName/TMP_UiFrameRateCounter.cs: 8fa3bcf761bb5076fd90d0361518d59c -> b01021aea19247f14a98ab338907956a
  custom:scripting/monoscript/fileName/FixedJoystick.cs: 475c6e1ca66c78aed6c49f6039c5734b -> ceaced0056a716bd82a85e0f3d488361
  custom:scripting/monoscript/fileName/Joystick.cs: efd34e62618f1aa62f745acbb935ce75 -> c13c665079b3ba178e3a8ef05c62070b
  custom:scripting/monoscript/fileName/TMPro_InstructionOverlay.cs: 194f3617683541355a9c6c8193e87b1c -> b626d2270e6ebd5c4311585c18b58d8d
  custom:scripting/monoscript/fileName/anim1.cs: 05e913852816f4c6fcc126bf7ffb4ba9 -> 10b52e4432610f56cea187ac60513ec2
  custom:scripting/monoscript/fileName/TMP_DigitValidator.cs: 4e5cde653ae28b90ab257e866c94dfce -> ac02af96215ae3951a3cce9e1a8c6085
  custom:audio-encoder-webm-vorbis: bf7c407c2cedff20999df2af8eb42d56 -> 
  custom:scripting/precompiled-assembly-types:Assembly-CSharp-Editor: e324ca911fd2e13b09c6e0773d0a7dd5 -> f7c7739fc303cafe5879da7512dd0656
  custom:scripting/monoscript/fileName/Benchmark01_UGUI.cs: 52a24b07fcdd062ef495404efdb65870 -> 6148cfe2627b7708298f301788144139
  custom:scripting/monoscript/fileName/Rotation.cs: 4761afa5daf9234473e31a02ede334c2 -> 1be1d08457a69d09528d40d7c8df2473
  custom:scripting/monoscript/fileName/Jump.cs: 5b090d859ab09be631dc3b0f203f9571 -> d93a52a180fbbe603a59e9aa6da73c83
  custom:scripting/precompiled-assembly-types:Assembly-CSharp: 8d7866d22f7b845d7ef75d4eb782f659 -> 3c8e6843d631723f8999220926f3c146
  custom:scripting/monoscript/fileName/Tigger.cs: ca771e08fd5c5c2e7d1ac379e6d4b2ec -> 387f4c79276ee1729c01db13ee9675a3
  custom:scripting/monoscript/fileName/Benchmark03.cs: 520976d641c2b7cf395e30b045f5a45d -> 17cc87e0529ac71d909a946afb47a274
========================================================================
Received Prepare
Caller must complete domain reload
Begin MonoManager ReloadAssembly
- Loaded All Assemblies, in  1.390 seconds
Native extension for WindowsStandalone target not found
Native extension for Android target not found
Native extension for WebGL target not found
Mono: successfully reloaded assembly
- Finished resetting the current domain, in  2.938 seconds
Domain Reload Profiling: 4307ms
	BeginReloadAssembly (388ms)
		ExecutionOrderSort (0ms)
		DisableScriptedObjects (10ms)
		BackupInstance (0ms)
		ReleaseScriptingObjects (0ms)
		CreateAndSetChildDomain (45ms)
	RebuildCommonClasses (65ms)
	RebuildNativeTypeToScriptingClass (16ms)
	initialDomainReloadingComplete (119ms)
	LoadAllAssembliesAndSetupDomain (781ms)
		LoadAssemblies (1025ms)
		RebuildTransferFunctionScriptingTraits (0ms)
		AnalyzeDomain (21ms)
			TypeCache.Refresh (8ms)
				TypeCache.ScanAssembly (0ms)
			ScanForSourceGeneratedMonoScriptInfo (0ms)
			ResolveRequiredComponents (10ms)
	FinalizeReload (2939ms)
		ReleaseScriptCaches (0ms)
		RebuildScriptCaches (0ms)
		SetupLoadedEditorAssemblies (1168ms)
			LogAssemblyErrors (0ms)
			InitializePlatformSupportModulesInManaged (59ms)
			SetLoadedEditorAssemblies (6ms)
			RefreshPlugins (0ms)
			BeforeProcessingInitializeOnLoad (186ms)
			ProcessInitializeOnLoadAttributes (824ms)
			ProcessInitializeOnLoadMethodAttributes (35ms)
			AfterProcessingInitializeOnLoad (56ms)
			EditorAssembliesLoaded (0ms)
		ExecutionOrderSort2 (0ms)
		AwakeInstancesAfterBackupRestoration (11ms)
Refreshing native plugins compatible for Editor in 22.71 ms, found 3 plugins.
Preloading 0 native plugins for Editor in 0.00 ms.
Unloading 3535 Unused Serialized files (Serialized files now loaded: 0)
Unloading 14 unused Assets / (75.5 KB). Loaded Objects now: 4163.
Memory consumption went from 139.4 MB to 139.3 MB.
Total: 8.395500 ms (FindLiveObjects: 0.645700 ms CreateObjectMapping: 0.237800 ms MarkObjects: 7.282000 ms  DeleteObjects: 0.227800 ms)

Prepare: number of updated asset objects reloaded= 0
AssetImportParameters requested are different than current active one (requested -> active):
  custom:scripting/monoscript/fileName/JoystickEditor.cs: 31d892737481409a0ec21b3641383a31 -> 406670d2fe263f5d7c582f8389f2b844
  custom:scripting/monoscript/fileName/Main.cs: bcc0f9052176b2186a7114234ef44a73 -> c093076ba5753d7bec74a8a751ffb653
  custom:scripting/monoscript/fileName/SkewTextExample.cs: f96859e31fd6dde308d9dc2a2488dcff -> c142d02d70a129e0533975f7c2f96956
  custom:container-demuxer-ogg: 62fdf1f143b41e24485cea50d1cbac27 -> 
  custom:scripting/monoscript/fileName/JoystickPlayerExample.cs: b49ed73c06895c00887fd43b2fe13656 -> 2ec96b3abad264f4393a91b76b487cb7
  custom:scripting/monoscript/fileName/TMP_TextEventHandler.cs: d0f86a17d6fd3e9995db934eaaf34f18 -> f5cd9d5a43bfefc8f4fec80e6de896a4
  custom:scripting/monoscript/fileName/TextMeshProFloatingText.cs: 5a37842f75734e7729f89af9a8145a1a -> 92608fa4a6315cd0786d82205e77b697
  custom:scripting/monoscript/fileName/JoystickSetterExample.cs: 959f5a79520f07bdb5268f1ee0033001 -> 9ef810522df7cdd512f52a98ae7a04f9
  custom:scripting/monoscript/fileName/VertexZoom.cs: 2da4737d79388c0362c64482e9ee50d2 -> 650ab1e81d40126e3edcf737cce646e4
  custom:scripting/monoscript/fileName/VertexShakeA.cs: 16900906a98712c9660b9823af1f2500 -> 63ec564c588058369499638dd899e05b
  custom:scripting/monoscript/fileName/TMP_ExampleScript_01.cs: 59997facf165601d8c6263ace2a973a5 -> a9d4be556104ff54e7d240529b3e01dc
  custom:video-decoder-ogg-theora: a1e56fd34408186e4bbccfd4996cb3dc -> 
  custom:scripting/monoscript/fileName/TMP_TextEventCheck.cs: 7ee93fce990cec7a5b67b504d0259dce -> 13505d917eab5868c435e0c2986dadfa
  custom:scripting/monoscript/fileName/TMP_TextSelector_B.cs: c0db108de9ffc9b6f619f3d00162b1c2 -> ba2be21a7486d37b1011342977a2e49d
  custom:scripting/monoscript/fileName/Benchmark01.cs: 1fef48c763f4be76a973f061699dd041 -> 2d3e2cd961730ab95f139a49a673bace
  custom:framework-win-MediaFoundation: 216162199b28c13a410421893ffa2e32 -> 
  custom:scripting/monoscript/fileName/DynamicJoystickEditor.cs: 022b5797234952c5d7bc35d1bd14e1f1 -> f92673ca2cd03c2f140cf81ccfee7ccb
  custom:scripting/monoscript/fileName/DynamicJoystick.cs: 0ab293606d3fa5fd65cbd65e1d06c400 -> fa6fdbd0de9beec4a70bc764c26bb796
  custom:scripting/monoscript/fileName/Benchmark02.cs: 92dcd0c0a469d0c0690d8ca0bfe95e6f -> 5640963252ce70910e726415f869ced6
  custom:scripting/monoscript/fileName/PlayerController.cs: 807d658ab5c9f400331841a7af990d8e -> c6d6334dbee39969b7eddb0b08d8203e
  custom:scripting/monoscript/fileName/DropdownSample.cs: b4fe7efb027fdd4854f643ad764daa8c -> 0a92251794e5f10400149f96c3c59e5d
  custom:scripting/monoscript/fileName/WarpTextExample.cs: c5431dac938081648a3a3ac553c1029b -> 2663459c266363641981c7d17b698d7f
  custom:CustomObjectIndexerAttribute: 9a22284fe3817be447336de3de66b15e -> 
  custom:container-demuxer-webm: 4f35f7cbe854078d1ac9338744f61a02 -> 
  custom:scripting/monoscript/fileName/ChatController.cs: ff21b89493e3dffcbe018a2cc5a10bae -> 876d5ccae6e345dd5d9450eb0a748f16
  custom:scripting/monoscript/fileName/TextMeshSpawner.cs: c0f20e5855e88374db1098a5acc68df4 -> 76f28e2ddb031571e6ec62b018f65fa8
  custom:scripting/monoscript/fileName/TeleType.cs: c18e16db35615314900dbe198d0144e7 -> 31fa97821c4c70f157ec81d507aa6b62
  custom:scripting/monoscript/fileName/Benchmark04.cs: 86dfb70824307c4cf164687df2489226 -> 32220b148620e52aa81c13a114862bf4
  custom:scripting/monoscript/fileName/FloatingJoystick.cs: 5ad2d6fd170f0b909c85d006ae763629 -> 516035e2342d093d90fb2bd11ff41e68
  custom:container-muxer-webm: aa71ff27fc2769a1b78a27578f13a17b -> 
  custom:video-decoder-webm-vp8: 9c59270c3fd7afecdb556c50c9e8de78 -> 
  custom:scripting/monoscript/fileName/TMP_PhoneNumberValidator.cs: b4c1c54136dffeb4e2962027ebaa6b1f -> 7c3049f481e464c6a9a15dee56c3126f
  custom:SearchIndexIgnoredProperties: e643bd26f0fe6173181afceb89e7c659 -> 
  custom:scripting/monoscript/fileName/Gan.cs: 10b52e4432610f56cea187ac60513ec2 -> 
  custom:AudioImporter_EditorPlatform: d09bf68614088b80899f8185d706f6e7 -> 
  custom:scripting/monoscript/fileName/EnvMapAnimator.cs: 08e040d459cd881082c0dd5daba5f85c -> 1b4f61c17e4b7283c3ac351aacff9d26
  custom:scripting/monoscript/fileName/ShaderPropAnimator.cs: 88b70bc5bbc15375387323f48f0661cf -> 55ce425812446482e623ff2695c94cb2
  custom:scripting/monoscript/fileName/SimpleScript.cs: dcd92cf7399b0d08e25e4a66ab57e91e -> 454caab0c6c050f29b39d82e1d66d0fa
  custom:scripting/monoscript/fileName/VariableJoystickEditor.cs: 75e1b4b36e9f7518c61272653e1a297a -> fee5e077b31909c4bba3d7329fdefd90
  custom:scripting/monoscript/fileName/ObjectSpin.cs: b34dd4d17018731600f920d50ca840f7 -> 2b96bb2079dd7fa5108d981627a28e1e
  custom:scripting/monoscript/fileName/CameraController.cs: 8d43c2def3a67efed518259a2232b470 -> 34b6be4e23ce86dc89786916c5983296
  custom:scripting/monoscript/fileName/TMP_TextInfoDebugTool.cs: 7aad42023b6f5112c90650ae13bd6dd8 -> 3f1709cfb2cc628169113a35b5e9be3f
  custom:scripting/monoscript/fileName/Walk.cs: b813fe3de227fa89db06a9337fee964a -> 
  custom:scripting/monoscript/fileName/TMP_TextSelector_A.cs: 088357b4acdc1e6288d897936d29c8d3 -> 347309a09d56e367b188a6978f75b424
  custom:video-encoder-webm-vp8: eb34c28f22e8b96e1ab97ce403110664 -> 
  custom:audio-decoder-ogg-vorbis: bf7c407c2cedff20999df2af8eb42d56 -> 
  custom:scripting/monoscript/fileName/VertexJitter.cs: 6330f950b41eff6e5970f129864ecd6c -> d27eb5498e48714a66aece98da065133
  custom:scripting/monoscript/fileName/mune.cs: 854be57a593bde74a27cc6a4e94cf976 -> b21687ddb03d73bd9f0c1daecb9714de
  custom:scripting/monoscript/fileName/TextConsoleSimulator.cs: f2c8898b26c0cf2b0a1c7d12d99e6769 -> 33fc311abb20b5b0ed8f00e4d86b574e
  custom:scripting/monoscript/fileName/VertexColorCycler.cs: 135fb0ebdaf256193ccc08218c426c64 -> 5f984ca91cf3609293aecc6bc5641572
  custom:scripting/monoscript/fileName/TMP_FrameRateCounter.cs: 8afeb6f0251e063dcfff2bd827f92c62 -> 46f655df8cb483ac5958307137b1585a
  custom:scripting/monoscript/fileName/FloatingJoystickEditor.cs: 77573a9156cb44c5d5d617fe80c220c5 -> 20a94efd412f2009d4e6722fe16a3051
  custom:scripting/monoscript/fileName/VertexShakeB.cs: 587e5b2aecc39120c2c9ff69742ce897 -> a6f78c4fcda1a29a1a1c1baefedba9e7
  custom:scripting/monoscript/fileName/VariableJoystick.cs: 39f03dc32328afe11ebf2977b1593dda -> 6a21e483212ef280c767be5522709419
  custom:scripting/monoscript/fileName/TMP_UiFrameRateCounter.cs: 8fa3bcf761bb5076fd90d0361518d59c -> b01021aea19247f14a98ab338907956a
  custom:scripting/monoscript/fileName/FixedJoystick.cs: 475c6e1ca66c78aed6c49f6039c5734b -> ceaced0056a716bd82a85e0f3d488361
  custom:scripting/monoscript/fileName/Joystick.cs: efd34e62618f1aa62f745acbb935ce75 -> c13c665079b3ba178e3a8ef05c62070b
  custom:scripting/monoscript/fileName/TMPro_InstructionOverlay.cs: 194f3617683541355a9c6c8193e87b1c -> b626d2270e6ebd5c4311585c18b58d8d
  custom:scripting/monoscript/fileName/anim1.cs: 05e913852816f4c6fcc126bf7ffb4ba9 -> 10b52e4432610f56cea187ac60513ec2
  custom:scripting/monoscript/fileName/TMP_DigitValidator.cs: 4e5cde653ae28b90ab257e866c94dfce -> ac02af96215ae3951a3cce9e1a8c6085
  custom:audio-encoder-webm-vorbis: bf7c407c2cedff20999df2af8eb42d56 -> 
  custom:scripting/precompiled-assembly-types:Assembly-CSharp-Editor: e324ca911fd2e13b09c6e0773d0a7dd5 -> f7c7739fc303cafe5879da7512dd0656
  custom:scripting/monoscript/fileName/Benchmark01_UGUI.cs: 52a24b07fcdd062ef495404efdb65870 -> 6148cfe2627b7708298f301788144139
  custom:scripting/monoscript/fileName/Rotation.cs: 4761afa5daf9234473e31a02ede334c2 -> 1be1d08457a69d09528d40d7c8df2473
  custom:scripting/monoscript/fileName/Jump.cs: 5b090d859ab09be631dc3b0f203f9571 -> d93a52a180fbbe603a59e9aa6da73c83
  custom:scripting/precompiled-assembly-types:Assembly-CSharp: 8d7866d22f7b845d7ef75d4eb782f659 -> 3c8e6843d631723f8999220926f3c146
  custom:scripting/monoscript/fileName/Tigger.cs: ca771e08fd5c5c2e7d1ac379e6d4b2ec -> 387f4c79276ee1729c01db13ee9675a3
  custom:scripting/monoscript/fileName/Benchmark03.cs: 520976d641c2b7cf395e30b045f5a45d -> 17cc87e0529ac71d909a946afb47a274
========================================================================
Received Prepare
Caller must complete domain reload
Begin MonoManager ReloadAssembly
- Loaded All Assemblies, in  1.178 seconds
Native extension for WindowsStandalone target not found
Native extension for Android target not found
Native extension for WebGL target not found
Mono: successfully reloaded assembly
- Finished resetting the current domain, in  2.887 seconds
Domain Reload Profiling: 4045ms
	BeginReloadAssembly (338ms)
		ExecutionOrderSort (0ms)
		DisableScriptedObjects (8ms)
		BackupInstance (0ms)
		ReleaseScriptingObjects (0ms)
		CreateAndSetChildDomain (59ms)
	RebuildCommonClasses (61ms)
	RebuildNativeTypeToScriptingClass (16ms)
	initialDomainReloadingComplete (83ms)
	LoadAllAssembliesAndSetupDomain (659ms)
		LoadAssemblies (840ms)
		RebuildTransferFunctionScriptingTraits (0ms)
		AnalyzeDomain (28ms)
			TypeCache.Refresh (11ms)
				TypeCache.ScanAssembly (0ms)
			ScanForSourceGeneratedMonoScriptInfo (0ms)
			ResolveRequiredComponents (14ms)
	FinalizeReload (2888ms)
		ReleaseScriptCaches (0ms)
		RebuildScriptCaches (0ms)
		SetupLoadedEditorAssemblies (1119ms)
			LogAssemblyErrors (0ms)
			InitializePlatformSupportModulesInManaged (58ms)
			SetLoadedEditorAssemblies (7ms)
			RefreshPlugins (0ms)
			BeforeProcessingInitializeOnLoad (179ms)
			ProcessInitializeOnLoadAttributes (787ms)
			ProcessInitializeOnLoadMethodAttributes (34ms)
			AfterProcessingInitializeOnLoad (52ms)
			EditorAssembliesLoaded (0ms)
		ExecutionOrderSort2 (0ms)
		AwakeInstancesAfterBackupRestoration (12ms)
Refreshing native plugins compatible for Editor in 22.76 ms, found 3 plugins.
Preloading 0 native plugins for Editor in 0.00 ms.
Unloading 3535 Unused Serialized files (Serialized files now loaded: 0)
Unloading 14 unused Assets / (91.8 KB). Loaded Objects now: 4166.
Memory consumption went from 139.4 MB to 139.4 MB.
Total: 19.807700 ms (FindLiveObjects: 0.710400 ms CreateObjectMapping: 0.220400 ms MarkObjects: 18.692000 ms  DeleteObjects: 0.182900 ms)

Prepare: number of updated asset objects reloaded= 0
AssetImportParameters requested are different than current active one (requested -> active):
  custom:scripting/monoscript/fileName/JoystickEditor.cs: 31d892737481409a0ec21b3641383a31 -> 406670d2fe263f5d7c582f8389f2b844
  custom:scripting/monoscript/fileName/Main.cs: bcc0f9052176b2186a7114234ef44a73 -> c093076ba5753d7bec74a8a751ffb653
  custom:scripting/monoscript/fileName/SkewTextExample.cs: f96859e31fd6dde308d9dc2a2488dcff -> c142d02d70a129e0533975f7c2f96956
  custom:container-demuxer-ogg: 62fdf1f143b41e24485cea50d1cbac27 -> 
  custom:scripting/monoscript/fileName/JoystickPlayerExample.cs: b49ed73c06895c00887fd43b2fe13656 -> 2ec96b3abad264f4393a91b76b487cb7
  custom:scripting/monoscript/fileName/TMP_TextEventHandler.cs: d0f86a17d6fd3e9995db934eaaf34f18 -> f5cd9d5a43bfefc8f4fec80e6de896a4
  custom:scripting/monoscript/fileName/TextMeshProFloatingText.cs: 5a37842f75734e7729f89af9a8145a1a -> 92608fa4a6315cd0786d82205e77b697
  custom:scripting/monoscript/fileName/JoystickSetterExample.cs: 959f5a79520f07bdb5268f1ee0033001 -> 9ef810522df7cdd512f52a98ae7a04f9
  custom:scripting/monoscript/fileName/VertexZoom.cs: 2da4737d79388c0362c64482e9ee50d2 -> 650ab1e81d40126e3edcf737cce646e4
  custom:scripting/monoscript/fileName/VertexShakeA.cs: 16900906a98712c9660b9823af1f2500 -> 63ec564c588058369499638dd899e05b
  custom:scripting/monoscript/fileName/TMP_ExampleScript_01.cs: 59997facf165601d8c6263ace2a973a5 -> a9d4be556104ff54e7d240529b3e01dc
  custom:video-decoder-ogg-theora: a1e56fd34408186e4bbccfd4996cb3dc -> 
  custom:scripting/monoscript/fileName/TMP_TextEventCheck.cs: 7ee93fce990cec7a5b67b504d0259dce -> 13505d917eab5868c435e0c2986dadfa
  custom:scripting/monoscript/fileName/TMP_TextSelector_B.cs: c0db108de9ffc9b6f619f3d00162b1c2 -> ba2be21a7486d37b1011342977a2e49d
  custom:scripting/monoscript/fileName/Benchmark01.cs: 1fef48c763f4be76a973f061699dd041 -> 2d3e2cd961730ab95f139a49a673bace
  custom:framework-win-MediaFoundation: 216162199b28c13a410421893ffa2e32 -> 
  custom:scripting/monoscript/fileName/DynamicJoystickEditor.cs: 022b5797234952c5d7bc35d1bd14e1f1 -> f92673ca2cd03c2f140cf81ccfee7ccb
  custom:scripting/monoscript/fileName/DynamicJoystick.cs: 0ab293606d3fa5fd65cbd65e1d06c400 -> fa6fdbd0de9beec4a70bc764c26bb796
  custom:scripting/monoscript/fileName/Benchmark02.cs: 92dcd0c0a469d0c0690d8ca0bfe95e6f -> 5640963252ce70910e726415f869ced6
  custom:scripting/monoscript/fileName/PlayerController.cs: 807d658ab5c9f400331841a7af990d8e -> c6d6334dbee39969b7eddb0b08d8203e
  custom:scripting/monoscript/fileName/DropdownSample.cs: b4fe7efb027fdd4854f643ad764daa8c -> 0a92251794e5f10400149f96c3c59e5d
  custom:scripting/monoscript/fileName/WarpTextExample.cs: c5431dac938081648a3a3ac553c1029b -> 2663459c266363641981c7d17b698d7f
  custom:CustomObjectIndexerAttribute: 9a22284fe3817be447336de3de66b15e -> 
  custom:container-demuxer-webm: 4f35f7cbe854078d1ac9338744f61a02 -> 
  custom:scripting/monoscript/fileName/ChatController.cs: ff21b89493e3dffcbe018a2cc5a10bae -> 876d5ccae6e345dd5d9450eb0a748f16
  custom:scripting/monoscript/fileName/TextMeshSpawner.cs: c0f20e5855e88374db1098a5acc68df4 -> 76f28e2ddb031571e6ec62b018f65fa8
  custom:scripting/monoscript/fileName/TeleType.cs: c18e16db35615314900dbe198d0144e7 -> 31fa97821c4c70f157ec81d507aa6b62
  custom:scripting/monoscript/fileName/Benchmark04.cs: 86dfb70824307c4cf164687df2489226 -> 32220b148620e52aa81c13a114862bf4
  custom:scripting/monoscript/fileName/FloatingJoystick.cs: 5ad2d6fd170f0b909c85d006ae763629 -> 516035e2342d093d90fb2bd11ff41e68
  custom:container-muxer-webm: aa71ff27fc2769a1b78a27578f13a17b -> 
  custom:video-decoder-webm-vp8: 9c59270c3fd7afecdb556c50c9e8de78 -> 
  custom:scripting/monoscript/fileName/TMP_PhoneNumberValidator.cs: b4c1c54136dffeb4e2962027ebaa6b1f -> 7c3049f481e464c6a9a15dee56c3126f
  custom:SearchIndexIgnoredProperties: e643bd26f0fe6173181afceb89e7c659 -> 
  custom:scripting/monoscript/fileName/Gan.cs: 10b52e4432610f56cea187ac60513ec2 -> 
  custom:AudioImporter_EditorPlatform: d09bf68614088b80899f8185d706f6e7 -> 
  custom:scripting/monoscript/fileName/EnvMapAnimator.cs: 08e040d459cd881082c0dd5daba5f85c -> 1b4f61c17e4b7283c3ac351aacff9d26
  custom:scripting/monoscript/fileName/ShaderPropAnimator.cs: 88b70bc5bbc15375387323f48f0661cf -> 55ce425812446482e623ff2695c94cb2
  custom:scripting/monoscript/fileName/SimpleScript.cs: dcd92cf7399b0d08e25e4a66ab57e91e -> 454caab0c6c050f29b39d82e1d66d0fa
  custom:scripting/monoscript/fileName/VariableJoystickEditor.cs: 75e1b4b36e9f7518c61272653e1a297a -> fee5e077b31909c4bba3d7329fdefd90
  custom:scripting/monoscript/fileName/ObjectSpin.cs: b34dd4d17018731600f920d50ca840f7 -> 2b96bb2079dd7fa5108d981627a28e1e
  custom:scripting/monoscript/fileName/CameraController.cs: 8d43c2def3a67efed518259a2232b470 -> 34b6be4e23ce86dc89786916c5983296
  custom:scripting/monoscript/fileName/TMP_TextInfoDebugTool.cs: 7aad42023b6f5112c90650ae13bd6dd8 -> 3f1709cfb2cc628169113a35b5e9be3f
  custom:scripting/monoscript/fileName/Walk.cs: b813fe3de227fa89db06a9337fee964a -> 
  custom:scripting/monoscript/fileName/TMP_TextSelector_A.cs: 088357b4acdc1e6288d897936d29c8d3 -> 347309a09d56e367b188a6978f75b424
  custom:video-encoder-webm-vp8: eb34c28f22e8b96e1ab97ce403110664 -> 
  custom:audio-decoder-ogg-vorbis: bf7c407c2cedff20999df2af8eb42d56 -> 
  custom:scripting/monoscript/fileName/VertexJitter.cs: 6330f950b41eff6e5970f129864ecd6c -> d27eb5498e48714a66aece98da065133
  custom:scripting/monoscript/fileName/mune.cs: 854be57a593bde74a27cc6a4e94cf976 -> b21687ddb03d73bd9f0c1daecb9714de
  custom:scripting/monoscript/fileName/TextConsoleSimulator.cs: f2c8898b26c0cf2b0a1c7d12d99e6769 -> 33fc311abb20b5b0ed8f00e4d86b574e
  custom:scripting/monoscript/fileName/VertexColorCycler.cs: 135fb0ebdaf256193ccc08218c426c64 -> 5f984ca91cf3609293aecc6bc5641572
  custom:scripting/monoscript/fileName/TMP_FrameRateCounter.cs: 8afeb6f0251e063dcfff2bd827f92c62 -> 46f655df8cb483ac5958307137b1585a
  custom:scripting/monoscript/fileName/FloatingJoystickEditor.cs: 77573a9156cb44c5d5d617fe80c220c5 -> 20a94efd412f2009d4e6722fe16a3051
  custom:scripting/monoscript/fileName/VertexShakeB.cs: 587e5b2aecc39120c2c9ff69742ce897 -> a6f78c4fcda1a29a1a1c1baefedba9e7
  custom:scripting/monoscript/fileName/VariableJoystick.cs: 39f03dc32328afe11ebf2977b1593dda -> 6a21e483212ef280c767be5522709419
  custom:scripting/monoscript/fileName/TMP_UiFrameRateCounter.cs: 8fa3bcf761bb5076fd90d0361518d59c -> b01021aea19247f14a98ab338907956a
  custom:scripting/monoscript/fileName/FixedJoystick.cs: 475c6e1ca66c78aed6c49f6039c5734b -> ceaced0056a716bd82a85e0f3d488361
  custom:scripting/monoscript/fileName/Joystick.cs: efd34e62618f1aa62f745acbb935ce75 -> c13c665079b3ba178e3a8ef05c62070b
  custom:scripting/monoscript/fileName/TMPro_InstructionOverlay.cs: 194f3617683541355a9c6c8193e87b1c -> b626d2270e6ebd5c4311585c18b58d8d
  custom:scripting/monoscript/fileName/anim1.cs: 05e913852816f4c6fcc126bf7ffb4ba9 -> 10b52e4432610f56cea187ac60513ec2
  custom:scripting/monoscript/fileName/TMP_DigitValidator.cs: 4e5cde653ae28b90ab257e866c94dfce -> ac02af96215ae3951a3cce9e1a8c6085
  custom:audio-encoder-webm-vorbis: bf7c407c2cedff20999df2af8eb42d56 -> 
  custom:scripting/precompiled-assembly-types:Assembly-CSharp-Editor: e324ca911fd2e13b09c6e0773d0a7dd5 -> f7c7739fc303cafe5879da7512dd0656
  custom:scripting/monoscript/fileName/Benchmark01_UGUI.cs: 52a24b07fcdd062ef495404efdb65870 -> 6148cfe2627b7708298f301788144139
  custom:scripting/monoscript/fileName/Rotation.cs: 4761afa5daf9234473e31a02ede334c2 -> 1be1d08457a69d09528d40d7c8df2473
  custom:scripting/monoscript/fileName/Jump.cs: 5b090d859ab09be631dc3b0f203f9571 -> d93a52a180fbbe603a59e9aa6da73c83
  custom:scripting/precompiled-assembly-types:Assembly-CSharp: 8d7866d22f7b845d7ef75d4eb782f659 -> 3c8e6843d631723f8999220926f3c146
  custom:scripting/monoscript/fileName/Tigger.cs: ca771e08fd5c5c2e7d1ac379e6d4b2ec -> 387f4c79276ee1729c01db13ee9675a3
  custom:scripting/monoscript/fileName/Benchmark03.cs: 520976d641c2b7cf395e30b045f5a45d -> 17cc87e0529ac71d909a946afb47a274
========================================================================
Received Prepare
Caller must complete domain reload
Begin MonoManager ReloadAssembly
- Loaded All Assemblies, in  1.298 seconds
Native extension for WindowsStandalone target not found
Native extension for Android target not found
Native extension for WebGL target not found
Mono: successfully reloaded assembly
- Finished resetting the current domain, in  3.028 seconds
Domain Reload Profiling: 4302ms
	BeginReloadAssembly (365ms)
		ExecutionOrderSort (0ms)
		DisableScriptedObjects (8ms)
		BackupInstance (0ms)
		ReleaseScriptingObjects (0ms)
		CreateAndSetChildDomain (57ms)
	RebuildCommonClasses (68ms)
	RebuildNativeTypeToScriptingClass (28ms)
	initialDomainReloadingComplete (90ms)
	LoadAllAssembliesAndSetupDomain (722ms)
		LoadAssemblies (920ms)
		RebuildTransferFunctionScriptingTraits (0ms)
		AnalyzeDomain (23ms)
			TypeCache.Refresh (8ms)
				TypeCache.ScanAssembly (0ms)
			ScanForSourceGeneratedMonoScriptInfo (0ms)
			ResolveRequiredComponents (13ms)
	FinalizeReload (3029ms)
		ReleaseScriptCaches (0ms)
		RebuildScriptCaches (0ms)
		SetupLoadedEditorAssemblies (1219ms)
			LogAssemblyErrors (0ms)
			InitializePlatformSupportModulesInManaged (84ms)
			SetLoadedEditorAssemblies (7ms)
			RefreshPlugins (0ms)
			BeforeProcessingInitializeOnLoad (195ms)
			ProcessInitializeOnLoadAttributes (840ms)
			ProcessInitializeOnLoadMethodAttributes (34ms)
			AfterProcessingInitializeOnLoad (57ms)
			EditorAssembliesLoaded (0ms)
		ExecutionOrderSort2 (0ms)
		AwakeInstancesAfterBackupRestoration (13ms)
Refreshing native plugins compatible for Editor in 20.25 ms, found 3 plugins.
Preloading 0 native plugins for Editor in 0.00 ms.
Unloading 3535 Unused Serialized files (Serialized files now loaded: 0)
Unloading 14 unused Assets / (75.6 KB). Loaded Objects now: 4169.
Memory consumption went from 139.4 MB to 139.4 MB.
Total: 7.127200 ms (FindLiveObjects: 0.619600 ms CreateObjectMapping: 0.189100 ms MarkObjects: 6.126800 ms  DeleteObjects: 0.189900 ms)

Prepare: number of updated asset objects reloaded= 0
AssetImportParameters requested are different than current active one (requested -> active):
  custom:scripting/monoscript/fileName/JoystickEditor.cs: 31d892737481409a0ec21b3641383a31 -> 406670d2fe263f5d7c582f8389f2b844
  custom:scripting/monoscript/fileName/Main.cs: bcc0f9052176b2186a7114234ef44a73 -> c093076ba5753d7bec74a8a751ffb653
  custom:scripting/monoscript/fileName/SkewTextExample.cs: f96859e31fd6dde308d9dc2a2488dcff -> c142d02d70a129e0533975f7c2f96956
  custom:container-demuxer-ogg: 62fdf1f143b41e24485cea50d1cbac27 -> 
  custom:scripting/monoscript/fileName/JoystickPlayerExample.cs: b49ed73c06895c00887fd43b2fe13656 -> 2ec96b3abad264f4393a91b76b487cb7
  custom:scripting/monoscript/fileName/TMP_TextEventHandler.cs: d0f86a17d6fd3e9995db934eaaf34f18 -> f5cd9d5a43bfefc8f4fec80e6de896a4
  custom:scripting/monoscript/fileName/TextMeshProFloatingText.cs: 5a37842f75734e7729f89af9a8145a1a -> 92608fa4a6315cd0786d82205e77b697
  custom:scripting/monoscript/fileName/JoystickSetterExample.cs: 959f5a79520f07bdb5268f1ee0033001 -> 9ef810522df7cdd512f52a98ae7a04f9
  custom:scripting/monoscript/fileName/VertexZoom.cs: 2da4737d79388c0362c64482e9ee50d2 -> 650ab1e81d40126e3edcf737cce646e4
  custom:scripting/monoscript/fileName/VertexShakeA.cs: 16900906a98712c9660b9823af1f2500 -> 63ec564c588058369499638dd899e05b
  custom:scripting/monoscript/fileName/TMP_ExampleScript_01.cs: 59997facf165601d8c6263ace2a973a5 -> a9d4be556104ff54e7d240529b3e01dc
  custom:video-decoder-ogg-theora: a1e56fd34408186e4bbccfd4996cb3dc -> 
  custom:scripting/monoscript/fileName/TMP_TextEventCheck.cs: 7ee93fce990cec7a5b67b504d0259dce -> 13505d917eab5868c435e0c2986dadfa
  custom:scripting/monoscript/fileName/TMP_TextSelector_B.cs: c0db108de9ffc9b6f619f3d00162b1c2 -> ba2be21a7486d37b1011342977a2e49d
  custom:scripting/monoscript/fileName/Benchmark01.cs: 1fef48c763f4be76a973f061699dd041 -> 2d3e2cd961730ab95f139a49a673bace
  custom:framework-win-MediaFoundation: 216162199b28c13a410421893ffa2e32 -> 
  custom:scripting/monoscript/fileName/DynamicJoystickEditor.cs: 022b5797234952c5d7bc35d1bd14e1f1 -> f92673ca2cd03c2f140cf81ccfee7ccb
  custom:scripting/monoscript/fileName/DynamicJoystick.cs: 0ab293606d3fa5fd65cbd65e1d06c400 -> fa6fdbd0de9beec4a70bc764c26bb796
  custom:scripting/monoscript/fileName/Benchmark02.cs: 92dcd0c0a469d0c0690d8ca0bfe95e6f -> 5640963252ce70910e726415f869ced6
  custom:scripting/monoscript/fileName/PlayerController.cs: 807d658ab5c9f400331841a7af990d8e -> c6d6334dbee39969b7eddb0b08d8203e
  custom:scripting/monoscript/fileName/DropdownSample.cs: b4fe7efb027fdd4854f643ad764daa8c -> 0a92251794e5f10400149f96c3c59e5d
  custom:scripting/monoscript/fileName/WarpTextExample.cs: c5431dac938081648a3a3ac553c1029b -> 2663459c266363641981c7d17b698d7f
  custom:CustomObjectIndexerAttribute: 9a22284fe3817be447336de3de66b15e -> 
  custom:container-demuxer-webm: 4f35f7cbe854078d1ac9338744f61a02 -> 
  custom:scripting/monoscript/fileName/ChatController.cs: ff21b89493e3dffcbe018a2cc5a10bae -> 876d5ccae6e345dd5d9450eb0a748f16
  custom:scripting/monoscript/fileName/TextMeshSpawner.cs: c0f20e5855e88374db1098a5acc68df4 -> 76f28e2ddb031571e6ec62b018f65fa8
  custom:scripting/monoscript/fileName/TeleType.cs: c18e16db35615314900dbe198d0144e7 -> 31fa97821c4c70f157ec81d507aa6b62
  custom:scripting/monoscript/fileName/Benchmark04.cs: 86dfb70824307c4cf164687df2489226 -> 32220b148620e52aa81c13a114862bf4
  custom:scripting/monoscript/fileName/FloatingJoystick.cs: 5ad2d6fd170f0b909c85d006ae763629 -> 516035e2342d093d90fb2bd11ff41e68
  custom:container-muxer-webm: aa71ff27fc2769a1b78a27578f13a17b -> 
  custom:video-decoder-webm-vp8: 9c59270c3fd7afecdb556c50c9e8de78 -> 
  custom:scripting/monoscript/fileName/TMP_PhoneNumberValidator.cs: b4c1c54136dffeb4e2962027ebaa6b1f -> 7c3049f481e464c6a9a15dee56c3126f
  custom:SearchIndexIgnoredProperties: e643bd26f0fe6173181afceb89e7c659 -> 
  custom:scripting/monoscript/fileName/Gan.cs: 10b52e4432610f56cea187ac60513ec2 -> 
  custom:AudioImporter_EditorPlatform: d09bf68614088b80899f8185d706f6e7 -> 
  custom:scripting/monoscript/fileName/EnvMapAnimator.cs: 08e040d459cd881082c0dd5daba5f85c -> 1b4f61c17e4b7283c3ac351aacff9d26
  custom:scripting/monoscript/fileName/ShaderPropAnimator.cs: 88b70bc5bbc15375387323f48f0661cf -> 55ce425812446482e623ff2695c94cb2
  custom:scripting/monoscript/fileName/SimpleScript.cs: dcd92cf7399b0d08e25e4a66ab57e91e -> 454caab0c6c050f29b39d82e1d66d0fa
  custom:scripting/monoscript/fileName/VariableJoystickEditor.cs: 75e1b4b36e9f7518c61272653e1a297a -> fee5e077b31909c4bba3d7329fdefd90
  custom:scripting/monoscript/fileName/ObjectSpin.cs: b34dd4d17018731600f920d50ca840f7 -> 2b96bb2079dd7fa5108d981627a28e1e
  custom:scripting/monoscript/fileName/CameraController.cs: 8d43c2def3a67efed518259a2232b470 -> 34b6be4e23ce86dc89786916c5983296
  custom:scripting/monoscript/fileName/TMP_TextInfoDebugTool.cs: 7aad42023b6f5112c90650ae13bd6dd8 -> 3f1709cfb2cc628169113a35b5e9be3f
  custom:scripting/monoscript/fileName/Walk.cs: b813fe3de227fa89db06a9337fee964a -> 
  custom:scripting/monoscript/fileName/TMP_TextSelector_A.cs: 088357b4acdc1e6288d897936d29c8d3 -> 347309a09d56e367b188a6978f75b424
  custom:video-encoder-webm-vp8: eb34c28f22e8b96e1ab97ce403110664 -> 
  custom:audio-decoder-ogg-vorbis: bf7c407c2cedff20999df2af8eb42d56 -> 
  custom:scripting/monoscript/fileName/VertexJitter.cs: 6330f950b41eff6e5970f129864ecd6c -> d27eb5498e48714a66aece98da065133
  custom:scripting/monoscript/fileName/mune.cs: 854be57a593bde74a27cc6a4e94cf976 -> b21687ddb03d73bd9f0c1daecb9714de
  custom:scripting/monoscript/fileName/TextConsoleSimulator.cs: f2c8898b26c0cf2b0a1c7d12d99e6769 -> 33fc311abb20b5b0ed8f00e4d86b574e
  custom:scripting/monoscript/fileName/VertexColorCycler.cs: 135fb0ebdaf256193ccc08218c426c64 -> 5f984ca91cf3609293aecc6bc5641572
  custom:scripting/monoscript/fileName/TMP_FrameRateCounter.cs: 8afeb6f0251e063dcfff2bd827f92c62 -> 46f655df8cb483ac5958307137b1585a
  custom:scripting/monoscript/fileName/FloatingJoystickEditor.cs: 77573a9156cb44c5d5d617fe80c220c5 -> 20a94efd412f2009d4e6722fe16a3051
  custom:scripting/monoscript/fileName/VertexShakeB.cs: 587e5b2aecc39120c2c9ff69742ce897 -> a6f78c4fcda1a29a1a1c1baefedba9e7
  custom:scripting/monoscript/fileName/VariableJoystick.cs: 39f03dc32328afe11ebf2977b1593dda -> 6a21e483212ef280c767be5522709419
  custom:scripting/monoscript/fileName/TMP_UiFrameRateCounter.cs: 8fa3bcf761bb5076fd90d0361518d59c -> b01021aea19247f14a98ab338907956a
  custom:scripting/monoscript/fileName/FixedJoystick.cs: 475c6e1ca66c78aed6c49f6039c5734b -> ceaced0056a716bd82a85e0f3d488361
  custom:scripting/monoscript/fileName/Joystick.cs: efd34e62618f1aa62f745acbb935ce75 -> c13c665079b3ba178e3a8ef05c62070b
  custom:scripting/monoscript/fileName/TMPro_InstructionOverlay.cs: 194f3617683541355a9c6c8193e87b1c -> b626d2270e6ebd5c4311585c18b58d8d
  custom:scripting/monoscript/fileName/anim1.cs: 05e913852816f4c6fcc126bf7ffb4ba9 -> 10b52e4432610f56cea187ac60513ec2
  custom:scripting/monoscript/fileName/TMP_DigitValidator.cs: 4e5cde653ae28b90ab257e866c94dfce -> ac02af96215ae3951a3cce9e1a8c6085
  custom:audio-encoder-webm-vorbis: bf7c407c2cedff20999df2af8eb42d56 -> 
  custom:scripting/precompiled-assembly-types:Assembly-CSharp-Editor: e324ca911fd2e13b09c6e0773d0a7dd5 -> f7c7739fc303cafe5879da7512dd0656
  custom:scripting/monoscript/fileName/Benchmark01_UGUI.cs: 52a24b07fcdd062ef495404efdb65870 -> 6148cfe2627b7708298f301788144139
  custom:scripting/monoscript/fileName/Rotation.cs: 4761afa5daf9234473e31a02ede334c2 -> 1be1d08457a69d09528d40d7c8df2473
  custom:scripting/monoscript/fileName/Jump.cs: 5b090d859ab09be631dc3b0f203f9571 -> d93a52a180fbbe603a59e9aa6da73c83
  custom:scripting/precompiled-assembly-types:Assembly-CSharp: 8d7866d22f7b845d7ef75d4eb782f659 -> 3c8e6843d631723f8999220926f3c146
  custom:scripting/monoscript/fileName/Tigger.cs: ca771e08fd5c5c2e7d1ac379e6d4b2ec -> 387f4c79276ee1729c01db13ee9675a3
  custom:scripting/monoscript/fileName/Benchmark03.cs: 520976d641c2b7cf395e30b045f5a45d -> 17cc87e0529ac71d909a946afb47a274
========================================================================
Received Prepare
Caller must complete domain reload
Begin MonoManager ReloadAssembly
- Loaded All Assemblies, in  1.185 seconds
Native extension for WindowsStandalone target not found
Native extension for Android target not found
Native extension for WebGL target not found
Mono: successfully reloaded assembly
- Finished resetting the current domain, in  2.936 seconds
Domain Reload Profiling: 4100ms
	BeginReloadAssembly (325ms)
		ExecutionOrderSort (0ms)
		DisableScriptedObjects (8ms)
		BackupInstance (0ms)
		ReleaseScriptingObjects (0ms)
		CreateAndSetChildDomain (40ms)
	RebuildCommonClasses (53ms)
	RebuildNativeTypeToScriptingClass (22ms)
	initialDomainReloadingComplete (98ms)
	LoadAllAssembliesAndSetupDomain (665ms)
		LoadAssemblies (854ms)
		RebuildTransferFunctionScriptingTraits (0ms)
		AnalyzeDomain (23ms)
			TypeCache.Refresh (8ms)
				TypeCache.ScanAssembly (0ms)
			ScanForSourceGeneratedMonoScriptInfo (0ms)
			ResolveRequiredComponents (12ms)
	FinalizeReload (2937ms)
		ReleaseScriptCaches (0ms)
		RebuildScriptCaches (0ms)
		SetupLoadedEditorAssemblies (1167ms)
			LogAssemblyErrors (0ms)
			InitializePlatformSupportModulesInManaged (55ms)
			SetLoadedEditorAssemblies (8ms)
			RefreshPlugins (0ms)
			BeforeProcessingInitializeOnLoad (191ms)
			ProcessInitializeOnLoadAttributes (820ms)
			ProcessInitializeOnLoadMethodAttributes (35ms)
			AfterProcessingInitializeOnLoad (58ms)
			EditorAssembliesLoaded (0ms)
		ExecutionOrderSort2 (0ms)
		AwakeInstancesAfterBackupRestoration (12ms)
Refreshing native plugins compatible for Editor in 23.81 ms, found 3 plugins.
Preloading 0 native plugins for Editor in 0.00 ms.
Unloading 3535 Unused Serialized files (Serialized files now loaded: 0)
Unloading 14 unused Assets / (75.6 KB). Loaded Objects now: 4172.
Memory consumption went from 139.4 MB to 139.4 MB.
Total: 8.217300 ms (FindLiveObjects: 0.683500 ms CreateObjectMapping: 0.294500 ms MarkObjects: 7.067700 ms  DeleteObjects: 0.170200 ms)

Prepare: number of updated asset objects reloaded= 0
AssetImportParameters requested are different than current active one (requested -> active):
  custom:scripting/monoscript/fileName/JoystickEditor.cs: 31d892737481409a0ec21b3641383a31 -> 406670d2fe263f5d7c582f8389f2b844
  custom:scripting/monoscript/fileName/Main.cs: bcc0f9052176b2186a7114234ef44a73 -> c093076ba5753d7bec74a8a751ffb653
  custom:scripting/monoscript/fileName/SkewTextExample.cs: f96859e31fd6dde308d9dc2a2488dcff -> c142d02d70a129e0533975f7c2f96956
  custom:container-demuxer-ogg: 62fdf1f143b41e24485cea50d1cbac27 -> 
  custom:scripting/monoscript/fileName/JoystickPlayerExample.cs: b49ed73c06895c00887fd43b2fe13656 -> 2ec96b3abad264f4393a91b76b487cb7
  custom:scripting/monoscript/fileName/TMP_TextEventHandler.cs: d0f86a17d6fd3e9995db934eaaf34f18 -> f5cd9d5a43bfefc8f4fec80e6de896a4
  custom:scripting/monoscript/fileName/TextMeshProFloatingText.cs: 5a37842f75734e7729f89af9a8145a1a -> 92608fa4a6315cd0786d82205e77b697
  custom:scripting/monoscript/fileName/JoystickSetterExample.cs: 959f5a79520f07bdb5268f1ee0033001 -> 9ef810522df7cdd512f52a98ae7a04f9
  custom:scripting/monoscript/fileName/VertexZoom.cs: 2da4737d79388c0362c64482e9ee50d2 -> 650ab1e81d40126e3edcf737cce646e4
  custom:scripting/monoscript/fileName/VertexShakeA.cs: 16900906a98712c9660b9823af1f2500 -> 63ec564c588058369499638dd899e05b
  custom:scripting/monoscript/fileName/TMP_ExampleScript_01.cs: 59997facf165601d8c6263ace2a973a5 -> a9d4be556104ff54e7d240529b3e01dc
  custom:video-decoder-ogg-theora: a1e56fd34408186e4bbccfd4996cb3dc -> 
  custom:scripting/monoscript/fileName/TMP_TextEventCheck.cs: 7ee93fce990cec7a5b67b504d0259dce -> 13505d917eab5868c435e0c2986dadfa
  custom:scripting/monoscript/fileName/TMP_TextSelector_B.cs: c0db108de9ffc9b6f619f3d00162b1c2 -> ba2be21a7486d37b1011342977a2e49d
  custom:scripting/monoscript/fileName/Benchmark01.cs: 1fef48c763f4be76a973f061699dd041 -> 2d3e2cd961730ab95f139a49a673bace
  custom:framework-win-MediaFoundation: 216162199b28c13a410421893ffa2e32 -> 
  custom:scripting/monoscript/fileName/DynamicJoystickEditor.cs: 022b5797234952c5d7bc35d1bd14e1f1 -> f92673ca2cd03c2f140cf81ccfee7ccb
  custom:scripting/monoscript/fileName/DynamicJoystick.cs: 0ab293606d3fa5fd65cbd65e1d06c400 -> fa6fdbd0de9beec4a70bc764c26bb796
  custom:scripting/monoscript/fileName/Benchmark02.cs: 92dcd0c0a469d0c0690d8ca0bfe95e6f -> 5640963252ce70910e726415f869ced6
  custom:scripting/monoscript/fileName/PlayerController.cs: 807d658ab5c9f400331841a7af990d8e -> c6d6334dbee39969b7eddb0b08d8203e
  custom:scripting/monoscript/fileName/DropdownSample.cs: b4fe7efb027fdd4854f643ad764daa8c -> 0a92251794e5f10400149f96c3c59e5d
  custom:scripting/monoscript/fileName/WarpTextExample.cs: c5431dac938081648a3a3ac553c1029b -> 2663459c266363641981c7d17b698d7f
  custom:CustomObjectIndexerAttribute: 9a22284fe3817be447336de3de66b15e -> 
  custom:container-demuxer-webm: 4f35f7cbe854078d1ac9338744f61a02 -> 
  custom:scripting/monoscript/fileName/ChatController.cs: ff21b89493e3dffcbe018a2cc5a10bae -> 876d5ccae6e345dd5d9450eb0a748f16
  custom:scripting/monoscript/fileName/TextMeshSpawner.cs: c0f20e5855e88374db1098a5acc68df4 -> 76f28e2ddb031571e6ec62b018f65fa8
  custom:scripting/monoscript/fileName/TeleType.cs: c18e16db35615314900dbe198d0144e7 -> 31fa97821c4c70f157ec81d507aa6b62
  custom:scripting/monoscript/fileName/Benchmark04.cs: 86dfb70824307c4cf164687df2489226 -> 32220b148620e52aa81c13a114862bf4
  custom:scripting/monoscript/fileName/FloatingJoystick.cs: 5ad2d6fd170f0b909c85d006ae763629 -> 516035e2342d093d90fb2bd11ff41e68
  custom:container-muxer-webm: aa71ff27fc2769a1b78a27578f13a17b -> 
  custom:video-decoder-webm-vp8: 9c59270c3fd7afecdb556c50c9e8de78 -> 
  custom:scripting/monoscript/fileName/TMP_PhoneNumberValidator.cs: b4c1c54136dffeb4e2962027ebaa6b1f -> 7c3049f481e464c6a9a15dee56c3126f
  custom:SearchIndexIgnoredProperties: e643bd26f0fe6173181afceb89e7c659 -> 
  custom:scripting/monoscript/fileName/Gan.cs: 10b52e4432610f56cea187ac60513ec2 -> 
  custom:AudioImporter_EditorPlatform: d09bf68614088b80899f8185d706f6e7 -> 
  custom:scripting/monoscript/fileName/EnvMapAnimator.cs: 08e040d459cd881082c0dd5daba5f85c -> 1b4f61c17e4b7283c3ac351aacff9d26
  custom:scripting/monoscript/fileName/ShaderPropAnimator.cs: 88b70bc5bbc15375387323f48f0661cf -> 55ce425812446482e623ff2695c94cb2
  custom:scripting/monoscript/fileName/SimpleScript.cs: dcd92cf7399b0d08e25e4a66ab57e91e -> 454caab0c6c050f29b39d82e1d66d0fa
  custom:scripting/monoscript/fileName/VariableJoystickEditor.cs: 75e1b4b36e9f7518c61272653e1a297a -> fee5e077b31909c4bba3d7329fdefd90
  custom:scripting/monoscript/fileName/ObjectSpin.cs: b34dd4d17018731600f920d50ca840f7 -> 2b96bb2079dd7fa5108d981627a28e1e
  custom:scripting/monoscript/fileName/CameraController.cs: 8d43c2def3a67efed518259a2232b470 -> 34b6be4e23ce86dc89786916c5983296
  custom:scripting/monoscript/fileName/TMP_TextInfoDebugTool.cs: 7aad42023b6f5112c90650ae13bd6dd8 -> 3f1709cfb2cc628169113a35b5e9be3f
  custom:scripting/monoscript/fileName/Walk.cs: b813fe3de227fa89db06a9337fee964a -> 
  custom:scripting/monoscript/fileName/TMP_TextSelector_A.cs: 088357b4acdc1e6288d897936d29c8d3 -> 347309a09d56e367b188a6978f75b424
  custom:video-encoder-webm-vp8: eb34c28f22e8b96e1ab97ce403110664 -> 
  custom:audio-decoder-ogg-vorbis: bf7c407c2cedff20999df2af8eb42d56 -> 
  custom:scripting/monoscript/fileName/VertexJitter.cs: 6330f950b41eff6e5970f129864ecd6c -> d27eb5498e48714a66aece98da065133
  custom:scripting/monoscript/fileName/mune.cs: 854be57a593bde74a27cc6a4e94cf976 -> b21687ddb03d73bd9f0c1daecb9714de
  custom:scripting/monoscript/fileName/TextConsoleSimulator.cs: f2c8898b26c0cf2b0a1c7d12d99e6769 -> 33fc311abb20b5b0ed8f00e4d86b574e
  custom:scripting/monoscript/fileName/VertexColorCycler.cs: 135fb0ebdaf256193ccc08218c426c64 -> 5f984ca91cf3609293aecc6bc5641572
  custom:scripting/monoscript/fileName/TMP_FrameRateCounter.cs: 8afeb6f0251e063dcfff2bd827f92c62 -> 46f655df8cb483ac5958307137b1585a
  custom:scripting/monoscript/fileName/FloatingJoystickEditor.cs: 77573a9156cb44c5d5d617fe80c220c5 -> 20a94efd412f2009d4e6722fe16a3051
  custom:scripting/monoscript/fileName/VertexShakeB.cs: 587e5b2aecc39120c2c9ff69742ce897 -> a6f78c4fcda1a29a1a1c1baefedba9e7
  custom:scripting/monoscript/fileName/VariableJoystick.cs: 39f03dc32328afe11ebf2977b1593dda -> 6a21e483212ef280c767be5522709419
  custom:scripting/monoscript/fileName/TMP_UiFrameRateCounter.cs: 8fa3bcf761bb5076fd90d0361518d59c -> b01021aea19247f14a98ab338907956a
  custom:scripting/monoscript/fileName/FixedJoystick.cs: 475c6e1ca66c78aed6c49f6039c5734b -> ceaced0056a716bd82a85e0f3d488361
  custom:scripting/monoscript/fileName/Joystick.cs: efd34e62618f1aa62f745acbb935ce75 -> c13c665079b3ba178e3a8ef05c62070b
  custom:scripting/monoscript/fileName/TMPro_InstructionOverlay.cs: 194f3617683541355a9c6c8193e87b1c -> b626d2270e6ebd5c4311585c18b58d8d
  custom:scripting/monoscript/fileName/anim1.cs: 05e913852816f4c6fcc126bf7ffb4ba9 -> 10b52e4432610f56cea187ac60513ec2
  custom:scripting/monoscript/fileName/TMP_DigitValidator.cs: 4e5cde653ae28b90ab257e866c94dfce -> ac02af96215ae3951a3cce9e1a8c6085
  custom:audio-encoder-webm-vorbis: bf7c407c2cedff20999df2af8eb42d56 -> 
  custom:scripting/precompiled-assembly-types:Assembly-CSharp-Editor: e324ca911fd2e13b09c6e0773d0a7dd5 -> f7c7739fc303cafe5879da7512dd0656
  custom:scripting/monoscript/fileName/Benchmark01_UGUI.cs: 52a24b07fcdd062ef495404efdb65870 -> 6148cfe2627b7708298f301788144139
  custom:scripting/monoscript/fileName/Rotation.cs: 4761afa5daf9234473e31a02ede334c2 -> 1be1d08457a69d09528d40d7c8df2473
  custom:scripting/monoscript/fileName/Jump.cs: 5b090d859ab09be631dc3b0f203f9571 -> d93a52a180fbbe603a59e9aa6da73c83
  custom:scripting/precompiled-assembly-types:Assembly-CSharp: 8d7866d22f7b845d7ef75d4eb782f659 -> 3c8e6843d631723f8999220926f3c146
  custom:scripting/monoscript/fileName/Tigger.cs: ca771e08fd5c5c2e7d1ac379e6d4b2ec -> 387f4c79276ee1729c01db13ee9675a3
  custom:scripting/monoscript/fileName/Benchmark03.cs: 520976d641c2b7cf395e30b045f5a45d -> 17cc87e0529ac71d909a946afb47a274
========================================================================
Received Prepare
Caller must complete domain reload
Begin MonoManager ReloadAssembly
- Loaded All Assemblies, in  1.195 seconds
Native extension for WindowsStandalone target not found
Native extension for Android target not found
Native extension for WebGL target not found
Mono: successfully reloaded assembly
- Finished resetting the current domain, in  2.837 seconds
Domain Reload Profiling: 4010ms
	BeginReloadAssembly (326ms)
		ExecutionOrderSort (0ms)
		DisableScriptedObjects (9ms)
		BackupInstance (0ms)
		ReleaseScriptingObjects (0ms)
		CreateAndSetChildDomain (42ms)
	RebuildCommonClasses (63ms)
	RebuildNativeTypeToScriptingClass (21ms)
	initialDomainReloadingComplete (90ms)
	LoadAllAssembliesAndSetupDomain (672ms)
		LoadAssemblies (861ms)
		RebuildTransferFunctionScriptingTraits (0ms)
		AnalyzeDomain (21ms)
			TypeCache.Refresh (8ms)
				TypeCache.ScanAssembly (0ms)
			ScanForSourceGeneratedMonoScriptInfo (0ms)
			ResolveRequiredComponents (12ms)
	FinalizeReload (2837ms)
		ReleaseScriptCaches (0ms)
		RebuildScriptCaches (0ms)
		SetupLoadedEditorAssemblies (1126ms)
			LogAssemblyErrors (0ms)
			InitializePlatformSupportModulesInManaged (56ms)
			SetLoadedEditorAssemblies (6ms)
			RefreshPlugins (0ms)
			BeforeProcessingInitializeOnLoad (170ms)
			ProcessInitializeOnLoadAttributes (806ms)
			ProcessInitializeOnLoadMethodAttributes (32ms)
			AfterProcessingInitializeOnLoad (56ms)
			EditorAssembliesLoaded (0ms)
		ExecutionOrderSort2 (0ms)
		AwakeInstancesAfterBackupRestoration (10ms)
Refreshing native plugins compatible for Editor in 16.87 ms, found 3 plugins.
Preloading 0 native plugins for Editor in 0.00 ms.
Unloading 3535 Unused Serialized files (Serialized files now loaded: 0)
Unloading 14 unused Assets / (75.7 KB). Loaded Objects now: 4175.
Memory consumption went from 139.4 MB to 139.4 MB.
Total: 5.215400 ms (FindLiveObjects: 0.405500 ms CreateObjectMapping: 0.155900 ms MarkObjects: 4.528500 ms  DeleteObjects: 0.124100 ms)

Prepare: number of updated asset objects reloaded= 0
AssetImportParameters requested are different than current active one (requested -> active):
  custom:scripting/monoscript/fileName/JoystickEditor.cs: 31d892737481409a0ec21b3641383a31 -> 406670d2fe263f5d7c582f8389f2b844
  custom:scripting/monoscript/fileName/Main.cs: bcc0f9052176b2186a7114234ef44a73 -> c093076ba5753d7bec74a8a751ffb653
  custom:scripting/monoscript/fileName/SkewTextExample.cs: f96859e31fd6dde308d9dc2a2488dcff -> c142d02d70a129e0533975f7c2f96956
  custom:container-demuxer-ogg: 62fdf1f143b41e24485cea50d1cbac27 -> 
  custom:scripting/monoscript/fileName/JoystickPlayerExample.cs: b49ed73c06895c00887fd43b2fe13656 -> 2ec96b3abad264f4393a91b76b487cb7
  custom:scripting/monoscript/fileName/TMP_TextEventHandler.cs: d0f86a17d6fd3e9995db934eaaf34f18 -> f5cd9d5a43bfefc8f4fec80e6de896a4
  custom:scripting/monoscript/fileName/TextMeshProFloatingText.cs: 5a37842f75734e7729f89af9a8145a1a -> 92608fa4a6315cd0786d82205e77b697
  custom:scripting/monoscript/fileName/JoystickSetterExample.cs: 959f5a79520f07bdb5268f1ee0033001 -> 9ef810522df7cdd512f52a98ae7a04f9
  custom:scripting/monoscript/fileName/VertexZoom.cs: 2da4737d79388c0362c64482e9ee50d2 -> 650ab1e81d40126e3edcf737cce646e4
  custom:scripting/monoscript/fileName/VertexShakeA.cs: 16900906a98712c9660b9823af1f2500 -> 63ec564c588058369499638dd899e05b
  custom:scripting/monoscript/fileName/TMP_ExampleScript_01.cs: 59997facf165601d8c6263ace2a973a5 -> a9d4be556104ff54e7d240529b3e01dc
  custom:video-decoder-ogg-theora: a1e56fd34408186e4bbccfd4996cb3dc -> 
  custom:scripting/monoscript/fileName/TMP_TextEventCheck.cs: 7ee93fce990cec7a5b67b504d0259dce -> 13505d917eab5868c435e0c2986dadfa
  custom:scripting/monoscript/fileName/TMP_TextSelector_B.cs: c0db108de9ffc9b6f619f3d00162b1c2 -> ba2be21a7486d37b1011342977a2e49d
  custom:scripting/monoscript/fileName/Benchmark01.cs: 1fef48c763f4be76a973f061699dd041 -> 2d3e2cd961730ab95f139a49a673bace
  custom:framework-win-MediaFoundation: 216162199b28c13a410421893ffa2e32 -> 
  custom:scripting/monoscript/fileName/DynamicJoystickEditor.cs: 022b5797234952c5d7bc35d1bd14e1f1 -> f92673ca2cd03c2f140cf81ccfee7ccb
  custom:scripting/monoscript/fileName/DynamicJoystick.cs: 0ab293606d3fa5fd65cbd65e1d06c400 -> fa6fdbd0de9beec4a70bc764c26bb796
  custom:scripting/monoscript/fileName/Benchmark02.cs: 92dcd0c0a469d0c0690d8ca0bfe95e6f -> 5640963252ce70910e726415f869ced6
  custom:scripting/monoscript/fileName/PlayerController.cs: 807d658ab5c9f400331841a7af990d8e -> c6d6334dbee39969b7eddb0b08d8203e
  custom:scripting/monoscript/fileName/DropdownSample.cs: b4fe7efb027fdd4854f643ad764daa8c -> 0a92251794e5f10400149f96c3c59e5d
  custom:scripting/monoscript/fileName/WarpTextExample.cs: c5431dac938081648a3a3ac553c1029b -> 2663459c266363641981c7d17b698d7f
  custom:CustomObjectIndexerAttribute: 9a22284fe3817be447336de3de66b15e -> 
  custom:container-demuxer-webm: 4f35f7cbe854078d1ac9338744f61a02 -> 
  custom:scripting/monoscript/fileName/ChatController.cs: ff21b89493e3dffcbe018a2cc5a10bae -> 876d5ccae6e345dd5d9450eb0a748f16
  custom:scripting/monoscript/fileName/TextMeshSpawner.cs: c0f20e5855e88374db1098a5acc68df4 -> 76f28e2ddb031571e6ec62b018f65fa8
  custom:scripting/monoscript/fileName/TeleType.cs: c18e16db35615314900dbe198d0144e7 -> 31fa97821c4c70f157ec81d507aa6b62
  custom:scripting/monoscript/fileName/Benchmark04.cs: 86dfb70824307c4cf164687df2489226 -> 32220b148620e52aa81c13a114862bf4
  custom:scripting/monoscript/fileName/FloatingJoystick.cs: 5ad2d6fd170f0b909c85d006ae763629 -> 516035e2342d093d90fb2bd11ff41e68
  custom:container-muxer-webm: aa71ff27fc2769a1b78a27578f13a17b -> 
  custom:video-decoder-webm-vp8: 9c59270c3fd7afecdb556c50c9e8de78 -> 
  custom:scripting/monoscript/fileName/TMP_PhoneNumberValidator.cs: b4c1c54136dffeb4e2962027ebaa6b1f -> 7c3049f481e464c6a9a15dee56c3126f
  custom:SearchIndexIgnoredProperties: e643bd26f0fe6173181afceb89e7c659 -> 
  custom:scripting/monoscript/fileName/Gan.cs: 10b52e4432610f56cea187ac60513ec2 -> 
  custom:AudioImporter_EditorPlatform: d09bf68614088b80899f8185d706f6e7 -> 
  custom:scripting/monoscript/fileName/EnvMapAnimator.cs: 08e040d459cd881082c0dd5daba5f85c -> 1b4f61c17e4b7283c3ac351aacff9d26
  custom:scripting/monoscript/fileName/ShaderPropAnimator.cs: 88b70bc5bbc15375387323f48f0661cf -> 55ce425812446482e623ff2695c94cb2
  custom:scripting/monoscript/fileName/SimpleScript.cs: dcd92cf7399b0d08e25e4a66ab57e91e -> 454caab0c6c050f29b39d82e1d66d0fa
  custom:scripting/monoscript/fileName/VariableJoystickEditor.cs: 75e1b4b36e9f7518c61272653e1a297a -> fee5e077b31909c4bba3d7329fdefd90
  custom:scripting/monoscript/fileName/ObjectSpin.cs: b34dd4d17018731600f920d50ca840f7 -> 2b96bb2079dd7fa5108d981627a28e1e
  custom:scripting/monoscript/fileName/CameraController.cs: 8d43c2def3a67efed518259a2232b470 -> 34b6be4e23ce86dc89786916c5983296
  custom:scripting/monoscript/fileName/TMP_TextInfoDebugTool.cs: 7aad42023b6f5112c90650ae13bd6dd8 -> 3f1709cfb2cc628169113a35b5e9be3f
  custom:scripting/monoscript/fileName/Walk.cs: b813fe3de227fa89db06a9337fee964a -> 
  custom:scripting/monoscript/fileName/TMP_TextSelector_A.cs: 088357b4acdc1e6288d897936d29c8d3 -> 347309a09d56e367b188a6978f75b424
  custom:video-encoder-webm-vp8: eb34c28f22e8b96e1ab97ce403110664 -> 
  custom:audio-decoder-ogg-vorbis: bf7c407c2cedff20999df2af8eb42d56 -> 
  custom:scripting/monoscript/fileName/VertexJitter.cs: 6330f950b41eff6e5970f129864ecd6c -> d27eb5498e48714a66aece98da065133
  custom:scripting/monoscript/fileName/mune.cs: 854be57a593bde74a27cc6a4e94cf976 -> b21687ddb03d73bd9f0c1daecb9714de
  custom:scripting/monoscript/fileName/TextConsoleSimulator.cs: f2c8898b26c0cf2b0a1c7d12d99e6769 -> 33fc311abb20b5b0ed8f00e4d86b574e
  custom:scripting/monoscript/fileName/VertexColorCycler.cs: 135fb0ebdaf256193ccc08218c426c64 -> 5f984ca91cf3609293aecc6bc5641572
  custom:scripting/monoscript/fileName/TMP_FrameRateCounter.cs: 8afeb6f0251e063dcfff2bd827f92c62 -> 46f655df8cb483ac5958307137b1585a
  custom:scripting/monoscript/fileName/FloatingJoystickEditor.cs: 77573a9156cb44c5d5d617fe80c220c5 -> 20a94efd412f2009d4e6722fe16a3051
  custom:scripting/monoscript/fileName/VertexShakeB.cs: 587e5b2aecc39120c2c9ff69742ce897 -> a6f78c4fcda1a29a1a1c1baefedba9e7
  custom:scripting/monoscript/fileName/VariableJoystick.cs: 39f03dc32328afe11ebf2977b1593dda -> 6a21e483212ef280c767be5522709419
  custom:scripting/monoscript/fileName/TMP_UiFrameRateCounter.cs: 8fa3bcf761bb5076fd90d0361518d59c -> b01021aea19247f14a98ab338907956a
  custom:scripting/monoscript/fileName/FixedJoystick.cs: 475c6e1ca66c78aed6c49f6039c5734b -> ceaced0056a716bd82a85e0f3d488361
  custom:scripting/monoscript/fileName/Joystick.cs: efd34e62618f1aa62f745acbb935ce75 -> c13c665079b3ba178e3a8ef05c62070b
  custom:scripting/monoscript/fileName/TMPro_InstructionOverlay.cs: 194f3617683541355a9c6c8193e87b1c -> b626d2270e6ebd5c4311585c18b58d8d
  custom:scripting/monoscript/fileName/anim1.cs: 05e913852816f4c6fcc126bf7ffb4ba9 -> 10b52e4432610f56cea187ac60513ec2
  custom:scripting/monoscript/fileName/TMP_DigitValidator.cs: 4e5cde653ae28b90ab257e866c94dfce -> ac02af96215ae3951a3cce9e1a8c6085
  custom:audio-encoder-webm-vorbis: bf7c407c2cedff20999df2af8eb42d56 -> 
  custom:scripting/precompiled-assembly-types:Assembly-CSharp-Editor: e324ca911fd2e13b09c6e0773d0a7dd5 -> f7c7739fc303cafe5879da7512dd0656
  custom:scripting/monoscript/fileName/Benchmark01_UGUI.cs: 52a24b07fcdd062ef495404efdb65870 -> 6148cfe2627b7708298f301788144139
  custom:scripting/monoscript/fileName/Rotation.cs: 4761afa5daf9234473e31a02ede334c2 -> 1be1d08457a69d09528d40d7c8df2473
  custom:scripting/monoscript/fileName/Jump.cs: 5b090d859ab09be631dc3b0f203f9571 -> d93a52a180fbbe603a59e9aa6da73c83
  custom:scripting/precompiled-assembly-types:Assembly-CSharp: 8d7866d22f7b845d7ef75d4eb782f659 -> 3c8e6843d631723f8999220926f3c146
  custom:scripting/monoscript/fileName/Tigger.cs: ca771e08fd5c5c2e7d1ac379e6d4b2ec -> 387f4c79276ee1729c01db13ee9675a3
  custom:scripting/monoscript/fileName/Benchmark03.cs: 520976d641c2b7cf395e30b045f5a45d -> 17cc87e0529ac71d909a946afb47a274
========================================================================
Received Prepare
Caller must complete domain reload
Begin MonoManager ReloadAssembly
- Loaded All Assemblies, in  1.166 seconds
Native extension for WindowsStandalone target not found
Native extension for Android target not found
Native extension for WebGL target not found
Mono: successfully reloaded assembly
- Finished resetting the current domain, in  2.797 seconds
Domain Reload Profiling: 3939ms
	BeginReloadAssembly (314ms)
		ExecutionOrderSort (0ms)
		DisableScriptedObjects (8ms)
		BackupInstance (0ms)
		ReleaseScriptingObjects (0ms)
		CreateAndSetChildDomain (40ms)
	RebuildCommonClasses (68ms)
	RebuildNativeTypeToScriptingClass (17ms)
	initialDomainReloadingComplete (85ms)
	LoadAllAssembliesAndSetupDomain (658ms)
		LoadAssemblies (838ms)
		RebuildTransferFunctionScriptingTraits (0ms)
		AnalyzeDomain (23ms)
			TypeCache.Refresh (8ms)
				TypeCache.ScanAssembly (0ms)
			ScanForSourceGeneratedMonoScriptInfo (0ms)
			ResolveRequiredComponents (13ms)
	FinalizeReload (2798ms)
		ReleaseScriptCaches (0ms)
		RebuildScriptCaches (0ms)
		SetupLoadedEditorAssemblies (1101ms)
			LogAssemblyErrors (0ms)
			InitializePlatformSupportModulesInManaged (54ms)
			SetLoadedEditorAssemblies (7ms)
			RefreshPlugins (0ms)
			BeforeProcessingInitializeOnLoad (176ms)
			ProcessInitializeOnLoadAttributes (776ms)
			ProcessInitializeOnLoadMethodAttributes (36ms)
			AfterProcessingInitializeOnLoad (52ms)
			EditorAssembliesLoaded (0ms)
		ExecutionOrderSort2 (0ms)
		AwakeInstancesAfterBackupRestoration (11ms)
Refreshing native plugins compatible for Editor in 21.73 ms, found 3 plugins.
Preloading 0 native plugins for Editor in 0.00 ms.
Unloading 3535 Unused Serialized files (Serialized files now loaded: 0)
Unloading 14 unused Assets / (91.7 KB). Loaded Objects now: 4178.
Memory consumption went from 139.5 MB to 139.4 MB.
Total: 8.417900 ms (FindLiveObjects: 0.699300 ms CreateObjectMapping: 0.250600 ms MarkObjects: 7.283300 ms  DeleteObjects: 0.183000 ms)

Prepare: number of updated asset objects reloaded= 0
AssetImportParameters requested are different than current active one (requested -> active):
  custom:scripting/monoscript/fileName/JoystickEditor.cs: 31d892737481409a0ec21b3641383a31 -> 406670d2fe263f5d7c582f8389f2b844
  custom:scripting/monoscript/fileName/Main.cs: bcc0f9052176b2186a7114234ef44a73 -> c093076ba5753d7bec74a8a751ffb653
  custom:scripting/monoscript/fileName/SkewTextExample.cs: f96859e31fd6dde308d9dc2a2488dcff -> c142d02d70a129e0533975f7c2f96956
  custom:container-demuxer-ogg: 62fdf1f143b41e24485cea50d1cbac27 -> 
  custom:scripting/monoscript/fileName/JoystickPlayerExample.cs: b49ed73c06895c00887fd43b2fe13656 -> 2ec96b3abad264f4393a91b76b487cb7
  custom:scripting/monoscript/fileName/TMP_TextEventHandler.cs: d0f86a17d6fd3e9995db934eaaf34f18 -> f5cd9d5a43bfefc8f4fec80e6de896a4
  custom:scripting/monoscript/fileName/TextMeshProFloatingText.cs: 5a37842f75734e7729f89af9a8145a1a -> 92608fa4a6315cd0786d82205e77b697
  custom:scripting/monoscript/fileName/JoystickSetterExample.cs: 959f5a79520f07bdb5268f1ee0033001 -> 9ef810522df7cdd512f52a98ae7a04f9
  custom:scripting/monoscript/fileName/VertexZoom.cs: 2da4737d79388c0362c64482e9ee50d2 -> 650ab1e81d40126e3edcf737cce646e4
  custom:scripting/monoscript/fileName/VertexShakeA.cs: 16900906a98712c9660b9823af1f2500 -> 63ec564c588058369499638dd899e05b
  custom:scripting/monoscript/fileName/TMP_ExampleScript_01.cs: 59997facf165601d8c6263ace2a973a5 -> a9d4be556104ff54e7d240529b3e01dc
  custom:video-decoder-ogg-theora: a1e56fd34408186e4bbccfd4996cb3dc -> 
  custom:scripting/monoscript/fileName/TMP_TextEventCheck.cs: 7ee93fce990cec7a5b67b504d0259dce -> 13505d917eab5868c435e0c2986dadfa
  custom:scripting/monoscript/fileName/TMP_TextSelector_B.cs: c0db108de9ffc9b6f619f3d00162b1c2 -> ba2be21a7486d37b1011342977a2e49d
  custom:scripting/monoscript/fileName/Benchmark01.cs: 1fef48c763f4be76a973f061699dd041 -> 2d3e2cd961730ab95f139a49a673bace
  custom:framework-win-MediaFoundation: 216162199b28c13a410421893ffa2e32 -> 
  custom:scripting/monoscript/fileName/DynamicJoystickEditor.cs: 022b5797234952c5d7bc35d1bd14e1f1 -> f92673ca2cd03c2f140cf81ccfee7ccb
  custom:scripting/monoscript/fileName/DynamicJoystick.cs: 0ab293606d3fa5fd65cbd65e1d06c400 -> fa6fdbd0de9beec4a70bc764c26bb796
  custom:scripting/monoscript/fileName/Benchmark02.cs: 92dcd0c0a469d0c0690d8ca0bfe95e6f -> 5640963252ce70910e726415f869ced6
  custom:scripting/monoscript/fileName/PlayerController.cs: 807d658ab5c9f400331841a7af990d8e -> c6d6334dbee39969b7eddb0b08d8203e
  custom:scripting/monoscript/fileName/DropdownSample.cs: b4fe7efb027fdd4854f643ad764daa8c -> 0a92251794e5f10400149f96c3c59e5d
  custom:scripting/monoscript/fileName/WarpTextExample.cs: c5431dac938081648a3a3ac553c1029b -> 2663459c266363641981c7d17b698d7f
  custom:CustomObjectIndexerAttribute: 9a22284fe3817be447336de3de66b15e -> 
  custom:container-demuxer-webm: 4f35f7cbe854078d1ac9338744f61a02 -> 
  custom:scripting/monoscript/fileName/ChatController.cs: ff21b89493e3dffcbe018a2cc5a10bae -> 876d5ccae6e345dd5d9450eb0a748f16
  custom:scripting/monoscript/fileName/TextMeshSpawner.cs: c0f20e5855e88374db1098a5acc68df4 -> 76f28e2ddb031571e6ec62b018f65fa8
  custom:scripting/monoscript/fileName/TeleType.cs: c18e16db35615314900dbe198d0144e7 -> 31fa97821c4c70f157ec81d507aa6b62
  custom:scripting/monoscript/fileName/Benchmark04.cs: 86dfb70824307c4cf164687df2489226 -> 32220b148620e52aa81c13a114862bf4
  custom:scripting/monoscript/fileName/FloatingJoystick.cs: 5ad2d6fd170f0b909c85d006ae763629 -> 516035e2342d093d90fb2bd11ff41e68
  custom:container-muxer-webm: aa71ff27fc2769a1b78a27578f13a17b -> 
  custom:video-decoder-webm-vp8: 9c59270c3fd7afecdb556c50c9e8de78 -> 
  custom:scripting/monoscript/fileName/TMP_PhoneNumberValidator.cs: b4c1c54136dffeb4e2962027ebaa6b1f -> 7c3049f481e464c6a9a15dee56c3126f
  custom:SearchIndexIgnoredProperties: e643bd26f0fe6173181afceb89e7c659 -> 
  custom:scripting/monoscript/fileName/Gan.cs: 10b52e4432610f56cea187ac60513ec2 -> 
  custom:AudioImporter_EditorPlatform: d09bf68614088b80899f8185d706f6e7 -> 
  custom:scripting/monoscript/fileName/EnvMapAnimator.cs: 08e040d459cd881082c0dd5daba5f85c -> 1b4f61c17e4b7283c3ac351aacff9d26
  custom:scripting/monoscript/fileName/ShaderPropAnimator.cs: 88b70bc5bbc15375387323f48f0661cf -> 55ce425812446482e623ff2695c94cb2
  custom:scripting/monoscript/fileName/SimpleScript.cs: dcd92cf7399b0d08e25e4a66ab57e91e -> 454caab0c6c050f29b39d82e1d66d0fa
  custom:scripting/monoscript/fileName/VariableJoystickEditor.cs: 75e1b4b36e9f7518c61272653e1a297a -> fee5e077b31909c4bba3d7329fdefd90
  custom:scripting/monoscript/fileName/ObjectSpin.cs: b34dd4d17018731600f920d50ca840f7 -> 2b96bb2079dd7fa5108d981627a28e1e
  custom:scripting/monoscript/fileName/CameraController.cs: 8d43c2def3a67efed518259a2232b470 -> 34b6be4e23ce86dc89786916c5983296
  custom:scripting/monoscript/fileName/TMP_TextInfoDebugTool.cs: 7aad42023b6f5112c90650ae13bd6dd8 -> 3f1709cfb2cc628169113a35b5e9be3f
  custom:scripting/monoscript/fileName/Walk.cs: b813fe3de227fa89db06a9337fee964a -> 
  custom:scripting/monoscript/fileName/TMP_TextSelector_A.cs: 088357b4acdc1e6288d897936d29c8d3 -> 347309a09d56e367b188a6978f75b424
  custom:video-encoder-webm-vp8: eb34c28f22e8b96e1ab97ce403110664 -> 
  custom:audio-decoder-ogg-vorbis: bf7c407c2cedff20999df2af8eb42d56 -> 
  custom:scripting/monoscript/fileName/VertexJitter.cs: 6330f950b41eff6e5970f129864ecd6c -> d27eb5498e48714a66aece98da065133
  custom:scripting/monoscript/fileName/mune.cs: 854be57a593bde74a27cc6a4e94cf976 -> b21687ddb03d73bd9f0c1daecb9714de
  custom:scripting/monoscript/fileName/TextConsoleSimulator.cs: f2c8898b26c0cf2b0a1c7d12d99e6769 -> 33fc311abb20b5b0ed8f00e4d86b574e
  custom:scripting/monoscript/fileName/VertexColorCycler.cs: 135fb0ebdaf256193ccc08218c426c64 -> 5f984ca91cf3609293aecc6bc5641572
  custom:scripting/monoscript/fileName/TMP_FrameRateCounter.cs: 8afeb6f0251e063dcfff2bd827f92c62 -> 46f655df8cb483ac5958307137b1585a
  custom:scripting/monoscript/fileName/FloatingJoystickEditor.cs: 77573a9156cb44c5d5d617fe80c220c5 -> 20a94efd412f2009d4e6722fe16a3051
  custom:scripting/monoscript/fileName/VertexShakeB.cs: 587e5b2aecc39120c2c9ff69742ce897 -> a6f78c4fcda1a29a1a1c1baefedba9e7
  custom:scripting/monoscript/fileName/VariableJoystick.cs: 39f03dc32328afe11ebf2977b1593dda -> 6a21e483212ef280c767be5522709419
  custom:scripting/monoscript/fileName/TMP_UiFrameRateCounter.cs: 8fa3bcf761bb5076fd90d0361518d59c -> b01021aea19247f14a98ab338907956a
  custom:scripting/monoscript/fileName/FixedJoystick.cs: 475c6e1ca66c78aed6c49f6039c5734b -> ceaced0056a716bd82a85e0f3d488361
  custom:scripting/monoscript/fileName/Joystick.cs: efd34e62618f1aa62f745acbb935ce75 -> c13c665079b3ba178e3a8ef05c62070b
  custom:scripting/monoscript/fileName/TMPro_InstructionOverlay.cs: 194f3617683541355a9c6c8193e87b1c -> b626d2270e6ebd5c4311585c18b58d8d
  custom:scripting/monoscript/fileName/anim1.cs: 05e913852816f4c6fcc126bf7ffb4ba9 -> 10b52e4432610f56cea187ac60513ec2
  custom:scripting/monoscript/fileName/TMP_DigitValidator.cs: 4e5cde653ae28b90ab257e866c94dfce -> ac02af96215ae3951a3cce9e1a8c6085
  custom:audio-encoder-webm-vorbis: bf7c407c2cedff20999df2af8eb42d56 -> 
  custom:scripting/precompiled-assembly-types:Assembly-CSharp-Editor: e324ca911fd2e13b09c6e0773d0a7dd5 -> f7c7739fc303cafe5879da7512dd0656
  custom:scripting/monoscript/fileName/Benchmark01_UGUI.cs: 52a24b07fcdd062ef495404efdb65870 -> 6148cfe2627b7708298f301788144139
  custom:scripting/monoscript/fileName/Rotation.cs: 4761afa5daf9234473e31a02ede334c2 -> 1be1d08457a69d09528d40d7c8df2473
  custom:scripting/monoscript/fileName/Jump.cs: 5b090d859ab09be631dc3b0f203f9571 -> d93a52a180fbbe603a59e9aa6da73c83
  custom:scripting/precompiled-assembly-types:Assembly-CSharp: 8d7866d22f7b845d7ef75d4eb782f659 -> 3c8e6843d631723f8999220926f3c146
  custom:scripting/monoscript/fileName/Tigger.cs: ca771e08fd5c5c2e7d1ac379e6d4b2ec -> 387f4c79276ee1729c01db13ee9675a3
  custom:scripting/monoscript/fileName/Benchmark03.cs: 520976d641c2b7cf395e30b045f5a45d -> 17cc87e0529ac71d909a946afb47a274
